lat,lon,loss_dB,best_sf(-1=unreachable)
30.22000,94.67000,212.20,-1
30.22000,94.67183,217.98,-1
30.22000,94.67367,215.97,-1
30.22000,94.67550,216.29,-1
30.22000,94.67733,212.64,-1
30.22000,94.67917,221.45,-1
30.22000,94.68100,221.32,-1
30.22000,94.68283,220.80,-1
30.22000,94.68467,221.11,-1
30.22000,94.68650,204.21,-1
30.22000,94.68833,202.80,-1
30.22000,94.69017,217.66,-1
30.22000,94.69200,204.96,-1
30.22000,94.69383,222.95,-1
30.22000,94.69567,223.66,-1
30.22000,94.69750,223.41,-1
30.22000,94.69933,223.95,-1
30.22000,94.70117,213.50,-1
30.22000,94.70300,215.96,-1
30.22000,94.70483,213.98,-1
30.22000,94.70667,209.14,-1
30.22000,94.70850,208.47,-1
30.22000,94.71033,202.15,-1
30.22000,94.71217,201.90,-1
30.22000,94.71400,194.31,-1
30.22000,94.71583,194.89,-1
30.22000,94.71767,194.43,-1
30.22000,94.71950,194.93,-1
30.22000,94.72133,194.85,-1
30.22000,94.72317,190.18,-1
30.22000,94.72500,192.94,-1
30.22000,94.72683,208.24,-1
30.22000,94.72867,211.96,-1
30.22000,94.73050,214.62,-1
30.22000,94.73233,215.34,-1
30.22000,94.73417,212.87,-1
30.22000,94.73600,214.36,-1
30.22000,94.73783,211.56,-1
30.22000,94.73967,208.98,-1
30.22000,94.74150,200.29,-1
30.22000,94.74333,205.98,-1
30.22000,94.74517,198.94,-1
30.22000,94.74700,210.16,-1
30.22000,94.74883,192.27,-1
30.22000,94.75067,208.62,-1
30.22000,94.75250,214.04,-1
30.22000,94.75433,212.66,-1
30.22000,94.75617,213.52,-1
30.22000,94.75800,211.75,-1
30.22000,94.75983,208.39,-1
30.22000,94.76167,206.52,-1
30.22000,94.76350,203.55,-1
30.22000,94.76533,217.88,-1
30.22000,94.76717,214.73,-1
30.22000,94.76900,197.05,-1
30.22000,94.77083,185.09,-1
30.22000,94.77267,207.13,-1
30.22000,94.77450,209.13,-1
30.22000,94.77633,209.41,-1
30.22000,94.77817,215.24,-1
30.22000,94.78000,212.52,-1
30.22000,94.78183,197.53,-1
30.22000,94.78367,191.43,-1
30.22000,94.78550,187.19,-1
30.22000,94.78733,178.66,-1
30.22000,94.78917,171.88,-1
30.22000,94.79100,164.57,-1
30.22000,94.79283,181.32,-1
30.22000,94.79467,151.48,11
30.22000,94.79650,154.41,-1
30.22000,94.79833,198.60,-1
30.22000,94.80017,192.04,-1
30.22000,94.80200,164.61,-1
30.22000,94.80383,113.15,7
30.22000,94.80567,113.17,7
30.22000,94.80750,113.20,7
30.22000,94.80933,113.22,7
30.22000,94.81117,113.25,7
30.22000,94.81300,113.28,7
30.22000,94.81483,113.31,7
30.22000,94.81667,113.34,7
30.22000,94.81850,113.38,7
30.22000,94.82033,113.41,7
30.22000,94.82217,113.45,7
30.22000,94.82400,182.05,-1
30.22000,94.82583,202.87,-1
30.22000,94.82767,207.01,-1
30.22000,94.82950,209.69,-1
30.22000,94.83133,209.51,-1
30.22000,94.83317,207.30,-1
30.22000,94.83500,210.34,-1
30.22000,94.83683,214.21,-1
30.22000,94.83867,209.51,-1
30.22000,94.84050,204.07,-1
30.22000,94.84233,209.54,-1
30.22000,94.84417,202.56,-1
30.22000,94.84600,191.20,-1
30.22000,94.84783,178.26,-1
30.22000,94.84967,114.17,7
30.22000,94.85150,171.30,-1
30.22000,94.85333,144.95,9
30.22000,94.85517,140.88,8
30.22000,94.85700,153.43,12
30.22000,94.85883,190.22,-1
30.22000,94.86067,191.81,-1
30.22000,94.86250,192.51,-1
30.22000,94.86433,204.49,-1
30.22000,94.86617,204.97,-1
30.22000,94.86800,206.27,-1
30.22000,94.86983,206.23,-1
30.22000,94.87167,209.63,-1
30.22000,94.87350,205.08,-1
30.22000,94.87533,198.63,-1
30.22000,94.87717,199.73,-1
30.22000,94.87900,200.98,-1
30.22000,94.88083,194.40,-1
30.22000,94.88267,204.49,-1
30.22000,94.88450,205.53,-1
30.22000,94.88633,206.49,-1
30.22000,94.88817,207.48,-1
30.22000,94.89000,207.98,-1
30.22183,94.67000,221.73,-1
30.22183,94.67183,205.85,-1
30.22183,94.67367,220.03,-1
30.22183,94.67550,218.67,-1
30.22183,94.67733,217.50,-1
30.22183,94.67917,210.98,-1
30.22183,94.68100,210.93,-1
30.22183,94.68283,220.54,-1
30.22183,94.68467,221.36,-1
30.22183,94.68650,220.41,-1
30.22183,94.68833,217.99,-1
30.22183,94.69017,217.76,-1
30.22183,94.69200,205.64,-1
30.22183,94.69383,219.03,-1
30.22183,94.69567,202.24,-1
30.22183,94.69750,198.96,-1
30.22183,94.69933,212.74,-1
30.22183,94.70117,220.16,-1
30.22183,94.70300,219.40,-1
30.22183,94.70483,212.54,-1
30.22183,94.70667,219.25,-1
30.22183,94.70850,203.01,-1
30.22183,94.71033,206.11,-1
30.22183,94.71217,194.85,-1
30.22183,94.71400,218.51,-1
30.22183,94.71583,218.51,-1
30.22183,94.71767,216.47,-1
30.22183,94.71950,215.48,-1
30.22183,94.72133,212.85,-1
30.22183,94.72317,211.52,-1
30.22183,94.72500,188.89,-1
30.22183,94.72683,206.36,-1
30.22183,94.72867,211.17,-1
30.22183,94.73050,214.34,-1
30.22183,94.73233,214.46,-1
30.22183,94.73417,211.77,-1
30.22183,94.73600,213.10,-1
30.22183,94.73783,210.83,-1
30.22183,94.73967,201.87,-1
30.22183,94.74150,191.53,-1
30.22183,94.74333,199.26,-1
30.22183,94.74517,200.47,-1
30.22183,94.74700,201.90,-1
30.22183,94.74883,208.81,-1
30.22183,94.75067,202.74,-1
30.22183,94.75250,200.23,-1
30.22183,94.75433,214.60,-1
30.22183,94.75617,213.90,-1
30.22183,94.75800,213.23,-1
30.22183,94.75983,190.19,-1
30.22183,94.76167,209.66,-1
30.22183,94.76350,206.69,-1
30.22183,94.76533,200.81,-1
30.22183,94.76717,195.69,-1
30.22183,94.76900,196.73,-1
30.22183,94.77083,189.69,-1
30.22183,94.77267,201.10,-1
30.22183,94.77450,197.32,-1
30.22183,94.77633,205.07,-1
30.22183,94.77817,209.88,-1
30.22183,94.78000,214.61,-1
30.22183,94.78183,200.73,-1
30.22183,94.78367,194.30,-1
30.22183,94.78550,188.06,-1
30.22183,94.78733,182.62,-1
30.22183,94.78917,175.23,-1
30.22183,94.79100,164.09,-1
30.22183,94.79283,193.16,-1
30.22183,94.79467,154.39,-1
30.22183,94.79650,112.93,7
30.22183,94.79833,178.05,-1
30.22183,94.80017,205.23,-1
30.22183,94.80200,192.34,-1
30.22183,94.80383,154.89,-1
30.22183,94.80567,113.04,7
30.22183,94.80750,113.06,7
30.22183,94.80933,113.08,7
30.22183,94.81117,113.11,7
30.22183,94.81300,175.41,-1
30.22183,94.81483,175.58,-1
30.22183,94.81667,113.21,7
30.22183,94.81850,113.24,7
30.22183,94.82033,113.28,7
30.22183,94.82217,113.32,7
30.22183,94.82400,169.14,-1
30.22183,94.82583,113.40,7
30.22183,94.82767,176.00,-1
30.22183,94.82950,199.17,-1
30.22183,94.83133,192.80,-1
30.22183,94.83317,197.13,-1
30.22183,94.83500,205.75,-1
30.22183,94.83683,209.13,-1
30.22183,94.83867,208.13,-1
30.22183,94.84050,213.78,-1
30.22183,94.84233,210.39,-1
30.22183,94.84417,202.82,-1
30.22183,94.84600,192.51,-1
30.22183,94.84783,180.65,-1
30.22183,94.84967,167.85,-1
30.22183,94.85150,156.55,-1
30.22183,94.85333,152.53,12
30.22183,94.85517,161.97,-1
30.22183,94.85700,151.21,11
30.22183,94.85883,198.57,-1
30.22183,94.86067,198.51,-1
30.22183,94.86250,194.80,-1
30.22183,94.86433,195.26,-1
30.22183,94.86617,195.11,-1
30.22183,94.86800,202.97,-1
30.22183,94.86983,204.39,-1
30.22183,94.87167,202.01,-1
30.22183,94.87350,209.61,-1
30.22183,94.87533,200.31,-1
30.22183,94.87717,188.99,-1
30.22183,94.87900,201.21,-1
30.22183,94.88083,204.39,-1
30.22183,94.88267,205.43,-1
30.22183,94.88450,206.38,-1
30.22183,94.88633,207.32,-1
30.22183,94.88817,207.89,-1
30.22183,94.89000,208.83,-1
30.22367,94.67000,223.16,-1
30.22367,94.67183,219.67,-1
30.22367,94.67367,219.75,-1
30.22367,94.67550,219.89,-1
30.22367,94.67733,221.35,-1
30.22367,94.67917,212.00,-1
30.22367,94.68100,204.94,-1
30.22367,94.68283,208.24,-1
30.22367,94.68467,219.37,-1
30.22367,94.68650,220.95,-1
30.22367,94.68833,220.19,-1
30.22367,94.69017,217.81,-1
30.22367,94.69200,217.46,-1
30.22367,94.69383,218.40,-1
30.22367,94.69567,219.82,-1
30.22367,94.69750,222.23,-1
30.22367,94.69933,211.08,-1
30.22367,94.70117,200.13,-1
30.22367,94.70300,201.28,-1
30.22367,94.70483,206.73,-1
30.22367,94.70667,208.69,-1
30.22367,94.70850,195.85,-1
30.22367,94.71033,197.96,-1
30.22367,94.71217,221.11,-1
30.22367,94.71400,220.59,-1
30.22367,94.71583,219.09,-1
30.22367,94.71767,218.20,-1
30.22367,94.71950,216.36,-1
30.22367,94.72133,213.72,-1
30.22367,94.72317,212.51,-1
30.22367,94.72500,210.23,-1
30.22367,94.72683,203.57,-1
30.22367,94.72867,210.41,-1
30.22367,94.73050,214.52,-1
30.22367,94.73233,215.67,-1
30.22367,94.73417,210.41,-1
30.22367,94.73600,210.07,-1
30.22367,94.73783,210.14,-1
30.22367,94.73967,204.13,-1
30.22367,94.74150,208.95,-1
30.22367,94.74333,208.75,-1
30.22367,94.74517,203.76,-1
30.22367,94.74700,203.72,-1
30.22367,94.74883,203.20,-1
30.22367,94.75067,204.84,-1
30.22367,94.75250,207.03,-1
30.22367,94.75433,199.68,-1
30.22367,94.75617,211.51,-1
30.22367,94.75800,214.26,-1
30.22367,94.75983,212.74,-1
30.22367,94.76167,212.15,-1
30.22367,94.76350,209.16,-1
30.22367,94.76533,206.08,-1
30.22367,94.76717,203.72,-1
30.22367,94.76900,215.69,-1
30.22367,94.77083,196.37,-1
30.22367,94.77267,194.48,-1
30.22367,94.77450,207.14,-1
30.22367,94.77633,209.61,-1
30.22367,94.77817,204.99,-1
30.22367,94.78000,215.63,-1
30.22367,94.78183,201.47,-1
30.22367,94.78367,197.36,-1
30.22367,94.78550,186.24,-1
30.22367,94.78733,184.33,-1
30.22367,94.78917,176.46,-1
30.22367,94.79100,166.08,-1
30.22367,94.79283,148.78,10
30.22367,94.79467,154.15,-1
30.22367,94.79650,112.78,7
30.22367,94.79833,112.80,7
30.22367,94.80017,198.96,-1
30.22367,94.80200,192.15,-1
30.22367,94.80383,195.39,-1
30.22367,94.80567,112.90,7
30.22367,94.80750,112.92,7
30.22367,94.80933,112.94,7
30.22367,94.81117,112.97,7
30.22367,94.81300,196.22,-1
30.22367,94.81483,113.04,7
30.22367,94.81667,113.07,7
30.22367,94.81850,113.11,7
30.22367,94.82033,113.15,7
30.22367,94.82217,113.18,7
30.22367,94.82400,113.22,7
30.22367,94.82583,170.62,-1
30.22367,94.82767,113.31,7
30.22367,94.82950,113.36,7
30.22367,94.83133,198.45,-1
30.22367,94.83317,206.20,-1
30.22367,94.83500,202.68,-1
30.22367,94.83683,213.97,-1
30.22367,94.83867,204.02,-1
30.22367,94.84050,214.96,-1
30.22367,94.84233,211.70,-1
30.22367,94.84417,206.66,-1
30.22367,94.84600,198.27,-1
30.22367,94.84783,193.92,-1
30.22367,94.84967,183.49,-1
30.22367,94.85150,180.79,-1
30.22367,94.85333,165.13,-1
30.22367,94.85517,161.67,-1
30.22367,94.85700,164.12,-1
30.22367,94.85883,166.26,-1
30.22367,94.86067,194.39,-1
30.22367,94.86250,201.61,-1
30.22367,94.86433,199.30,-1
30.22367,94.86617,195.04,-1
30.22367,94.86800,192.91,-1
30.22367,94.86983,198.41,-1
30.22367,94.87167,191.04,-1
30.22367,94.87350,196.09,-1
30.22367,94.87533,201.04,-1
30.22367,94.87717,201.40,-1
30.22367,94.87900,198.60,-1
30.22367,94.88083,205.22,-1
30.22367,94.88267,206.33,-1
30.22367,94.88450,207.27,-1
30.22367,94.88633,207.90,-1
30.22367,94.88817,208.85,-1
30.22367,94.89000,209.64,-1
30.22550,94.67000,215.92,-1
30.22550,94.67183,217.72,-1
30.22550,94.67367,220.64,-1
30.22550,94.67550,219.27,-1
30.22550,94.67733,217.02,-1
30.22550,94.67917,212.51,-1
30.22550,94.68100,208.68,-1
30.22550,94.68283,200.37,-1
30.22550,94.68467,205.34,-1
30.22550,94.68650,218.91,-1
30.22550,94.68833,220.74,-1
30.22550,94.69017,220.58,-1
30.22550,94.69200,200.79,-1
30.22550,94.69383,217.26,-1
30.22550,94.69567,217.23,-1
30.22550,94.69750,219.71,-1
30.22550,94.69933,221.71,-1
30.22550,94.70117,214.67,-1
30.22550,94.70300,205.23,-1
30.22550,94.70483,205.18,-1
30.22550,94.70667,223.25,-1
30.22550,94.70850,223.21,-1
30.22550,94.71033,194.70,-1
30.22550,94.71217,221.27,-1
30.22550,94.71400,220.82,-1
30.22550,94.71583,219.01,-1
30.22550,94.71767,218.98,-1
30.22550,94.71950,217.01,-1
30.22550,94.72133,216.30,-1
30.22550,94.72317,213.34,-1
30.22550,94.72500,212.07,-1
30.22550,94.72683,190.41,-1
30.22550,94.72867,208.98,-1
30.22550,94.73050,214.30,-1
30.22550,94.73233,208.94,-1
30.22550,94.73417,206.77,-1
30.22550,94.73600,207.43,-1
30.22550,94.73783,203.57,-1
30.22550,94.73967,208.54,-1
30.22550,94.74150,209.79,-1
30.22550,94.74333,201.74,-1
30.22550,94.74517,205.65,-1
30.22550,94.74700,199.46,-1
30.22550,94.74883,195.96,-1
30.22550,94.75067,208.19,-1
30.22550,94.75250,212.53,-1
30.22550,94.75433,207.85,-1
30.22550,94.75617,212.26,-1
30.22550,94.75800,212.11,-1
30.22550,94.75983,213.60,-1
30.22550,94.76167,213.68,-1
30.22550,94.76350,212.55,-1
30.22550,94.76533,209.67,-1
30.22550,94.76717,205.97,-1
30.22550,94.76900,202.55,-1
30.22550,94.77083,197.83,-1
30.22550,94.77267,195.99,-1
30.22550,94.77450,192.73,-1
30.22550,94.77633,186.98,-1
30.22550,94.77817,201.72,-1
30.22550,94.78000,219.00,-1
30.22550,94.78183,195.68,-1
30.22550,94.78367,198.85,-1
30.22550,94.78550,192.83,-1
30.22550,94.78733,184.86,-1
30.22550,94.78917,175.18,-1
30.22550,94.79100,169.85,-1
30.22550,94.79283,149.94,11
30.22550,94.79467,139.28,7
30.22550,94.79650,112.63,7
30.22550,94.79833,112.65,7
30.22550,94.80017,112.67,7
30.22550,94.80200,112.70,7
30.22550,94.80383,199.96,-1
30.22550,94.80567,173.64,-1
30.22550,94.80750,112.78,7
30.22550,94.80933,112.80,7
30.22550,94.81117,112.83,7
30.22550,94.81300,112.86,7
30.22550,94.81483,181.00,-1
30.22550,94.81667,165.37,-1
30.22550,94.81850,112.98,7
30.22550,94.82033,113.01,7
30.22550,94.82217,113.05,7
30.22550,94.82400,113.09,7
30.22550,94.82583,113.14,7
30.22550,94.82767,113.19,7
30.22550,94.82950,113.23,7
30.22550,94.83133,113.28,7
30.22550,94.83317,113.33,7
30.22550,94.83500,181.99,-1
30.22550,94.83683,210.70,-1
30.22550,94.83867,205.77,-1
30.22550,94.84050,210.72,-1
30.22550,94.84233,209.52,-1
30.22550,94.84417,203.74,-1
30.22550,94.84600,205.54,-1
30.22550,94.84783,200.67,-1
30.22550,94.84967,192.57,-1
30.22550,94.85150,167.97,-1
30.22550,94.85333,173.04,-1
30.22550,94.85517,171.37,-1
30.22550,94.85700,170.08,-1
30.22550,94.85883,170.59,-1
30.22550,94.86067,197.39,-1
30.22550,94.86250,205.04,-1
30.22550,94.86433,195.13,-1
30.22550,94.86617,198.23,-1
30.22550,94.86800,197.43,-1
30.22550,94.86983,190.16,-1
30.22550,94.87167,197.38,-1
30.22550,94.87350,208.23,-1
30.22550,94.87533,202.97,-1
30.22550,94.87717,198.77,-1
30.22550,94.87900,205.11,-1
30.22550,94.88083,206.25,-1
30.22550,94.88267,207.18,-1
30.22550,94.88450,207.88,-1
30.22550,94.88633,208.85,-1
30.22550,94.88817,209.83,-1
30.22550,94.89000,210.47,-1
30.22733,94.67000,216.89,-1
30.22733,94.67183,217.34,-1
30.22733,94.67367,217.83,-1
30.22733,94.67550,215.11,-1
30.22733,94.67733,216.52,-1
30.22733,94.67917,213.72,-1
30.22733,94.68100,209.32,-1
30.22733,94.68283,201.76,-1
30.22733,94.68467,208.91,-1
30.22733,94.68650,210.76,-1
30.22733,94.68833,202.25,-1
30.22733,94.69017,220.74,-1
30.22733,94.69200,219.97,-1
30.22733,94.69383,217.39,-1
30.22733,94.69567,217.06,-1
30.22733,94.69750,217.57,-1
30.22733,94.69933,221.15,-1
30.22733,94.70117,210.03,-1
30.22733,94.70300,224.01,-1
30.22733,94.70483,198.76,-1
30.22733,94.70667,195.66,-1
30.22733,94.70850,223.36,-1
30.22733,94.71033,196.12,-1
30.22733,94.71217,221.59,-1
30.22733,94.71400,221.04,-1
30.22733,94.71583,220.80,-1
30.22733,94.71767,218.77,-1
30.22733,94.71950,218.82,-1
30.22733,94.72133,216.74,-1
30.22733,94.72317,215.82,-1
30.22733,94.72500,187.26,-1
30.22733,94.72683,190.25,-1
30.22733,94.72867,204.16,-1
30.22733,94.73050,210.76,-1
30.22733,94.73233,205.80,-1
30.22733,94.73417,211.74,-1
30.22733,94.73600,205.41,-1
30.22733,94.73783,204.48,-1
30.22733,94.73967,214.88,-1
30.22733,94.74150,208.58,-1
30.22733,94.74333,205.51,-1
30.22733,94.74517,198.70,-1
30.22733,94.74700,207.82,-1
30.22733,94.74883,204.74,-1
30.22733,94.75067,201.50,-1
30.22733,94.75250,208.35,-1
30.22733,94.75433,205.49,-1
30.22733,94.75617,199.64,-1
30.22733,94.75800,210.39,-1
30.22733,94.75983,211.69,-1
30.22733,94.76167,213.09,-1
30.22733,94.76350,213.82,-1
30.22733,94.76533,211.73,-1
30.22733,94.76717,207.93,-1
30.22733,94.76900,187.54,-1
30.22733,94.77083,198.16,-1
30.22733,94.77267,194.40,-1
30.22733,94.77450,193.68,-1
30.22733,94.77633,190.88,-1
30.22733,94.77817,182.31,-1
30.22733,94.78000,191.19,-1
30.22733,94.78183,202.08,-1
30.22733,94.78367,201.26,-1
30.22733,94.78550,196.10,-1
30.22733,94.78733,186.02,-1
30.22733,94.78917,190.91,-1
30.22733,94.79100,169.13,-1
30.22733,94.79283,158.08,-1
30.22733,94.79467,129.11,7
30.22733,94.79650,112.49,7
30.22733,94.79833,112.51,7
30.22733,94.80017,112.53,7
30.22733,94.80200,112.55,7
30.22733,94.80383,185.66,-1
30.22733,94.80567,179.51,-1
30.22733,94.80750,112.64,7
30.22733,94.80933,112.66,7
30.22733,94.81117,112.69,7
30.22733,94.81300,177.45,-1
30.22733,94.81483,206.01,-1
30.22733,94.81667,172.47,-1
30.22733,94.81850,112.84,7
30.22733,94.82033,112.88,7
30.22733,94.82217,112.92,7
30.22733,94.82400,112.96,7
30.22733,94.82583,113.01,7
30.22733,94.82767,184.13,-1
30.22733,94.82950,113.10,7
30.22733,94.83133,113.15,7
30.22733,94.83317,113.20,7
30.22733,94.83500,113.25,7
30.22733,94.83683,193.34,-1
30.22733,94.83867,204.01,-1
30.22733,94.84050,204.40,-1
30.22733,94.84233,210.89,-1
30.22733,94.84417,207.42,-1
30.22733,94.84600,211.68,-1
30.22733,94.84783,204.96,-1
30.22733,94.84967,218.52,-1
30.22733,94.85150,172.66,-1
30.22733,94.85333,164.56,-1
30.22733,94.85517,187.62,-1
30.22733,94.85700,172.50,-1
30.22733,94.85883,172.95,-1
30.22733,94.86067,192.26,-1
30.22733,94.86250,193.56,-1
30.22733,94.86433,201.20,-1
30.22733,94.86617,196.77,-1
30.22733,94.86800,190.60,-1
30.22733,94.86983,195.86,-1
30.22733,94.87167,197.12,-1
30.22733,94.87350,201.95,-1
30.22733,94.87533,199.28,-1
30.22733,94.87717,203.68,-1
30.22733,94.87900,206.12,-1
30.22733,94.88083,207.13,-1
30.22733,94.88267,207.84,-1
30.22733,94.88450,208.87,-1
30.22733,94.88633,209.67,-1
30.22733,94.88817,210.40,-1
30.22733,94.89000,211.15,-1
30.22917,94.67000,215.72,-1
30.22917,94.67183,213.15,-1
30.22917,94.67367,214.94,-1
30.22917,94.67550,220.12,-1
30.22917,94.67733,208.31,-1
30.22917,94.67917,213.68,-1
30.22917,94.68100,206.19,-1
30.22917,94.68283,211.27,-1
30.22917,94.68467,213.33,-1
30.22917,94.68650,209.30,-1
30.22917,94.68833,201.62,-1
30.22917,94.69017,203.14,-1
30.22917,94.69200,197.91,-1
30.22917,94.69383,219.48,-1
30.22917,94.69567,219.24,-1
30.22917,94.69750,216.85,-1
30.22917,94.69933,216.97,-1
30.22917,94.70117,220.66,-1
30.22917,94.70300,223.12,-1
30.22917,94.70483,202.21,-1
30.22917,94.70667,224.94,-1
30.22917,94.70850,223.18,-1
30.22917,94.71033,193.52,-1
30.22917,94.71217,221.90,-1
30.22917,94.71400,221.52,-1
30.22917,94.71583,221.20,-1
30.22917,94.71767,220.64,-1
30.22917,94.71950,219.30,-1
30.22917,94.72133,217.43,-1
30.22917,94.72317,216.45,-1
30.22917,94.72500,213.77,-1
30.22917,94.72683,213.10,-1
30.22917,94.72867,190.85,-1
30.22917,94.73050,205.53,-1
30.22917,94.73233,210.44,-1
30.22917,94.73417,209.79,-1
30.22917,94.73600,202.08,-1
30.22917,94.73783,201.08,-1
30.22917,94.73967,198.82,-1
30.22917,94.74150,207.02,-1
30.22917,94.74333,208.60,-1
30.22917,94.74517,208.58,-1
30.22917,94.74700,203.81,-1
30.22917,94.74883,206.06,-1
30.22917,94.75067,208.11,-1
30.22917,94.75250,207.58,-1
30.22917,94.75433,210.95,-1
30.22917,94.75617,212.38,-1
30.22917,94.75800,207.97,-1
30.22917,94.75983,211.61,-1
30.22917,94.76167,214.72,-1
30.22917,94.76350,214.74,-1
30.22917,94.76533,213.02,-1
30.22917,94.76717,210.29,-1
30.22917,94.76900,207.40,-1
30.22917,94.77083,202.99,-1
30.22917,94.77267,199.41,-1
30.22917,94.77450,195.19,-1
30.22917,94.77633,190.78,-1
30.22917,94.77817,193.88,-1
30.22917,94.78000,190.31,-1
30.22917,94.78183,204.33,-1
30.22917,94.78367,202.00,-1
30.22917,94.78550,198.60,-1
30.22917,94.78733,186.00,-1
30.22917,94.78917,182.57,-1
30.22917,94.79100,175.50,-1
30.22917,94.79283,148.38,10
30.22917,94.79467,138.69,7
30.22917,94.79650,112.34,7
30.22917,94.79833,135.45,7
30.22917,94.80017,112.38,7
30.22917,94.80200,112.40,7
30.22917,94.80383,112.43,7
30.22917,94.80567,112.46,7
30.22917,94.80750,180.42,-1
30.22917,94.80933,112.52,7
30.22917,94.81117,112.54,7
30.22917,94.81300,112.58,7
30.22917,94.81483,179.25,-1
30.22917,94.81667,216.09,-1
30.22917,94.81850,175.49,-1
30.22917,94.82033,112.74,7
30.22917,94.82217,112.78,7
30.22917,94.82400,112.83,7
30.22917,94.82583,112.88,7
30.22917,94.82767,112.92,7
30.22917,94.82950,112.98,7
30.22917,94.83133,113.03,7
30.22917,94.83317,113.08,7
30.22917,94.83500,113.13,7
30.22917,94.83683,113.18,7
30.22917,94.83867,113.24,7
30.22917,94.84050,216.85,-1
30.22917,94.84233,212.08,-1
30.22917,94.84417,210.92,-1
30.22917,94.84600,213.43,-1
30.22917,94.84783,212.81,-1
30.22917,94.84967,202.29,-1
30.22917,94.85150,175.00,-1
30.22917,94.85333,169.36,-1
30.22917,94.85517,169.85,-1
30.22917,94.85700,172.53,-1
30.22917,94.85883,175.78,-1
30.22917,94.86067,193.19,-1
30.22917,94.86250,185.78,-1
30.22917,94.86433,201.84,-1
30.22917,94.86617,192.31,-1
30.22917,94.86800,197.55,-1
30.22917,94.86983,207.73,-1
30.22917,94.87167,201.30,-1
30.22917,94.87350,199.89,-1
30.22917,94.87533,203.49,-1
30.22917,94.87717,206.04,-1
30.22917,94.87900,207.07,-1
30.22917,94.88083,207.72,-1
30.22917,94.88267,208.82,-1
30.22917,94.88450,209.77,-1
30.22917,94.88633,210.39,-1
30.22917,94.88817,211.25,-1
30.22917,94.89000,212.53,-1
30.23100,94.67000,216.87,-1
30.23100,94.67183,214.89,-1
30.23100,94.67367,216.79,-1
30.23100,94.67550,213.29,-1
30.23100,94.67733,209.12,-1
30.23100,94.67917,210.18,-1
30.23100,94.68100,217.78,-1
30.23100,94.68283,218.87,-1
30.23100,94.68467,212.98,-1
30.23100,94.68650,210.86,-1
30.23100,94.68833,217.12,-1
30.23100,94.69017,215.77,-1
30.23100,94.69200,217.29,-1
30.23100,94.69383,219.49,-1
30.23100,94.69567,219.31,-1
30.23100,94.69750,218.80,-1
30.23100,94.69933,199.48,-1
30.23100,94.70117,210.36,-1
30.23100,94.70300,207.47,-1
30.23100,94.70483,212.61,-1
30.23100,94.70667,206.61,-1
30.23100,94.70850,223.24,-1
30.23100,94.71033,203.58,-1
30.23100,94.71217,223.25,-1
30.23100,94.71400,195.35,-1
30.23100,94.71583,194.49,-1
30.23100,94.71767,221.22,-1
30.23100,94.71950,193.29,-1
30.23100,94.72133,214.28,-1
30.23100,94.72317,205.27,-1
30.23100,94.72500,216.04,-1
30.23100,94.72683,213.59,-1
30.23100,94.72867,212.80,-1
30.23100,94.73050,212.02,-1
30.23100,94.73233,210.00,-1
30.23100,94.73417,193.94,-1
30.23100,94.73600,200.34,-1
30.23100,94.73783,195.23,-1
30.23100,94.73967,194.01,-1
30.23100,94.74150,206.17,-1
30.23100,94.74333,197.58,-1
30.23100,94.74517,194.17,-1
30.23100,94.74700,208.61,-1
30.23100,94.74883,203.06,-1
30.23100,94.75067,210.29,-1
30.23100,94.75250,207.24,-1
30.23100,94.75433,208.02,-1
30.23100,94.75617,207.93,-1
30.23100,94.75800,204.30,-1
30.23100,94.75983,212.04,-1
30.23100,94.76167,211.66,-1
30.23100,94.76350,212.99,-1
30.23100,94.76533,213.82,-1
30.23100,94.76717,213.04,-1
30.23100,94.76900,211.24,-1
30.23100,94.77083,207.84,-1
30.23100,94.77267,203.12,-1
30.23100,94.77450,194.31,-1
30.23100,94.77633,191.65,-1
30.23100,94.77817,191.33,-1
30.23100,94.78000,203.09,-1
30.23100,94.78183,206.69,-1
30.23100,94.78367,201.94,-1
30.23100,94.78550,199.95,-1
30.23100,94.78733,193.00,-1
30.23100,94.78917,184.58,-1
30.23100,94.79100,178.74,-1
30.23100,94.79283,175.16,-1
30.23100,94.79467,150.03,11
30.23100,94.79650,144.76,9
30.23100,94.79833,152.17,12
30.23100,94.80017,131.45,7
30.23100,94.80200,112.25,7
30.23100,94.80383,112.28,7
30.23100,94.80567,112.31,7
30.23100,94.80750,112.35,7
30.23100,94.80933,112.37,7
30.23100,94.81117,112.40,7
30.23100,94.81300,112.43,7
30.23100,94.81483,112.47,7
30.23100,94.81667,112.51,7
30.23100,94.81850,190.66,-1
30.23100,94.82033,112.61,7
30.23100,94.82217,112.65,7
30.23100,94.82400,112.69,7
30.23100,94.82583,112.75,7
30.23100,94.82767,112.79,7
30.23100,94.82950,187.05,-1
30.23100,94.83133,112.91,7
30.23100,94.83317,112.96,7
30.23100,94.83500,113.01,7
30.23100,94.83683,113.07,7
30.23100,94.83867,113.12,7
30.23100,94.84050,113.18,7
30.23100,94.84233,184.14,-1
30.23100,94.84417,206.06,-1
30.23100,94.84600,220.32,-1
30.23100,94.84783,212.49,-1
30.23100,94.84967,201.03,-1
30.23100,94.85150,176.43,-1
30.23100,94.85333,177.08,-1
30.23100,94.85517,177.32,-1
30.23100,94.85700,178.15,-1
30.23100,94.85883,181.45,-1
30.23100,94.86067,184.33,-1
30.23100,94.86250,215.45,-1
30.23100,94.86433,203.46,-1
30.23100,94.86617,187.35,-1
30.23100,94.86800,201.45,-1
30.23100,94.86983,201.96,-1
30.23100,94.87167,200.96,-1
30.23100,94.87350,203.52,-1
30.23100,94.87533,205.97,-1
30.23100,94.87717,206.99,-1
30.23100,94.87900,207.76,-1
30.23100,94.88083,208.63,-1
30.23100,94.88267,209.72,-1
30.23100,94.88450,210.35,-1
30.23100,94.88633,211.22,-1
30.23100,94.88817,212.33,-1
30.23100,94.89000,214.02,-1
30.23283,94.67000,216.30,-1
30.23283,94.67183,215.11,-1
30.23283,94.67367,205.99,-1
30.23283,94.67550,204.90,-1
30.23283,94.67733,207.30,-1
30.23283,94.67917,204.76,-1
30.23283,94.68100,217.46,-1
30.23283,94.68283,207.63,-1
30.23283,94.68467,212.05,-1
30.23283,94.68650,203.98,-1
30.23283,94.68833,222.94,-1
30.23283,94.69017,221.52,-1
30.23283,94.69200,201.00,-1
30.23283,94.69383,217.44,-1
30.23283,94.69567,219.51,-1
30.23283,94.69750,218.96,-1
30.23283,94.69933,218.51,-1
30.23283,94.70117,208.15,-1
30.23283,94.70300,207.94,-1
30.23283,94.70483,200.53,-1
30.23283,94.70667,223.32,-1
30.23283,94.70850,224.69,-1
30.23283,94.71033,223.29,-1
30.23283,94.71217,223.17,-1
30.23283,94.71400,222.10,-1
30.23283,94.71583,221.96,-1
30.23283,94.71767,221.58,-1
30.23283,94.71950,207.84,-1
30.23283,94.72133,204.89,-1
30.23283,94.72317,217.69,-1
30.23283,94.72500,216.64,-1
30.23283,94.72683,214.04,-1
30.23283,94.72867,213.35,-1
30.23283,94.73050,212.60,-1
30.23283,94.73233,188.40,-1
30.23283,94.73417,198.80,-1
30.23283,94.73600,198.56,-1
30.23283,94.73783,195.87,-1
30.23283,94.73967,197.12,-1
30.23283,94.74150,206.13,-1
30.23283,94.74333,209.64,-1
30.23283,94.74517,193.23,-1
30.23283,94.74700,207.69,-1
30.23283,94.74883,207.02,-1
30.23283,94.75067,210.88,-1
30.23283,94.75250,210.22,-1
30.23283,94.75433,202.86,-1
30.23283,94.75617,207.49,-1
30.23283,94.75800,205.24,-1
30.23283,94.75983,209.51,-1
30.23283,94.76167,210.63,-1
30.23283,94.76350,214.28,-1
30.23283,94.76533,211.25,-1
30.23283,94.76717,213.67,-1
30.23283,94.76900,195.51,-1
30.23283,94.77083,210.61,-1
30.23283,94.77267,205.45,-1
30.23283,94.77450,197.88,-1
30.23283,94.77633,193.38,-1
30.23283,94.77817,192.69,-1
30.23283,94.78000,205.98,-1
30.23283,94.78183,201.97,-1
30.23283,94.78367,196.93,-1
30.23283,94.78550,201.72,-1
30.23283,94.78733,197.56,-1
30.23283,94.78917,187.48,-1
30.23283,94.79100,181.19,-1
30.23283,94.79283,165.72,-1
30.23283,94.79467,150.97,11
30.23283,94.79650,154.38,-1
30.23283,94.79833,158.84,-1
30.23283,94.80017,152.03,12
30.23283,94.80200,112.10,7
30.23283,94.80383,112.13,7
30.23283,94.80567,112.17,7
30.23283,94.80750,112.20,7
30.23283,94.80933,112.23,7
30.23283,94.81117,112.25,7
30.23283,94.81300,112.29,7
30.23283,94.81483,112.33,7
30.23283,94.81667,112.37,7
30.23283,94.81850,190.00,-1
30.23283,94.82033,112.47,7
30.23283,94.82217,112.51,7
30.23283,94.82400,112.56,7
30.23283,94.82583,112.62,7
30.23283,94.82767,112.66,7
30.23283,94.82950,112.72,7
30.23283,94.83133,112.78,7
30.23283,94.83317,112.84,7
30.23283,94.83500,112.89,7
30.23283,94.83683,112.95,7
30.23283,94.83867,113.01,7
30.23283,94.84050,113.07,7
30.23283,94.84233,113.12,7
30.23283,94.84417,164.56,-1
30.23283,94.84600,209.52,-1
30.23283,94.84783,209.98,-1
30.23283,94.84967,204.98,-1
30.23283,94.85150,180.73,-1
30.23283,94.85333,195.13,-1
30.23283,94.85517,180.72,-1
30.23283,94.85700,183.46,-1
30.23283,94.85883,185.39,-1
30.23283,94.86067,187.47,-1
30.23283,94.86250,189.91,-1
30.23283,94.86433,196.00,-1
30.23283,94.86617,199.60,-1
30.23283,94.86800,200.38,-1
30.23283,94.86983,200.68,-1
30.23283,94.87167,195.03,-1
30.23283,94.87350,204.13,-1
30.23283,94.87533,206.82,-1
30.23283,94.87717,207.66,-1
30.23283,94.87900,208.75,-1
30.23283,94.88083,209.73,-1
30.23283,94.88267,210.39,-1
30.23283,94.88450,211.53,-1
30.23283,94.88633,212.32,-1
30.23283,94.88817,214.00,-1
30.23283,94.89000,214.85,-1
30.23467,94.67000,218.57,-1
30.23467,94.67183,212.91,-1
30.23467,94.67367,206.32,-1
30.23467,94.67550,209.38,-1
30.23467,94.67733,208.13,-1
30.23467,94.67917,202.21,-1
30.23467,94.68100,201.76,-1
30.23467,94.68283,216.02,-1
30.23467,94.68467,220.34,-1
30.23467,94.68650,222.18,-1
30.23467,94.68833,217.09,-1
30.23467,94.69017,214.69,-1
30.23467,94.69200,201.28,-1
30.23467,94.69383,214.05,-1
30.23467,94.69567,216.61,-1
30.23467,94.69750,218.96,-1
30.23467,94.69933,219.21,-1
30.23467,94.70117,206.19,-1
30.23467,94.70300,203.84,-1
30.23467,94.70483,220.70,-1
30.23467,94.70667,221.60,-1
30.23467,94.70850,205.75,-1
30.23467,94.71033,224.19,-1
30.23467,94.71217,204.76,-1
30.23467,94.71400,223.37,-1
30.23467,94.71583,222.33,-1
30.23467,94.71767,221.90,-1
30.23467,94.71950,197.28,-1
30.23467,94.72133,220.39,-1
30.23467,94.72317,219.27,-1
30.23467,94.72500,217.37,-1
30.23467,94.72683,216.25,-1
30.23467,94.72867,213.78,-1
30.23467,94.73050,213.14,-1
30.23467,94.73233,193.50,-1
30.23467,94.73417,199.55,-1
30.23467,94.73600,207.96,-1
30.23467,94.73783,186.34,-1
30.23467,94.73967,195.43,-1
30.23467,94.74150,199.81,-1
30.23467,94.74333,208.84,-1
30.23467,94.74517,210.15,-1
30.23467,94.74700,208.08,-1
30.23467,94.74883,206.88,-1
30.23467,94.75067,212.45,-1
30.23467,94.75250,202.31,-1
30.23467,94.75433,202.44,-1
30.23467,94.75617,193.19,-1
30.23467,94.75800,198.82,-1
30.23467,94.75983,210.23,-1
30.23467,94.76167,197.77,-1
30.23467,94.76350,213.26,-1
30.23467,94.76533,212.10,-1
30.23467,94.76717,213.36,-1
30.23467,94.76900,214.47,-1
30.23467,94.77083,213.39,-1
30.23467,94.77267,211.25,-1
30.23467,94.77450,207.68,-1
30.23467,94.77633,197.36,-1
30.23467,94.77817,194.30,-1
30.23467,94.78000,192.37,-1
30.23467,94.78183,197.35,-1
30.23467,94.78367,201.17,-1
30.23467,94.78550,200.94,-1
30.23467,94.78733,200.28,-1
30.23467,94.78917,192.75,-1
30.23467,94.79100,181.70,-1
30.23467,94.79283,168.95,-1
30.23467,94.79467,164.63,-1
30.23467,94.79650,166.08,-1
30.23467,94.79833,165.30,-1
30.23467,94.80017,161.87,-1
30.23467,94.80200,144.53,9
30.23467,94.80383,132.71,7
30.23467,94.80567,133.24,7
30.23467,94.80750,164.40,-1
30.23467,94.80933,112.07,7
30.23467,94.81117,112.11,7
30.23467,94.81300,112.15,7
30.23467,94.81483,112.19,7
30.23467,94.81667,112.23,7
30.23467,94.81850,177.84,-1
30.23467,94.82033,112.33,7
30.23467,94.82217,112.37,7
30.23467,94.82400,112.42,7
30.23467,94.82583,112.49,7
30.23467,94.82767,112.54,7
30.23467,94.82950,112.60,7
30.23467,94.83133,112.66,7
30.23467,94.83317,112.72,7
30.23467,94.83500,112.79,7
30.23467,94.83683,112.85,7
30.23467,94.83867,112.92,7
30.23467,94.84050,141.99,8
30.23467,94.84233,155.10,-1
30.23467,94.84417,158.48,-1
30.23467,94.84600,169.52,-1
30.23467,94.84783,197.65,-1
30.23467,94.84967,202.98,-1
30.23467,94.85150,196.39,-1
30.23467,94.85333,185.70,-1
30.23467,94.85517,187.24,-1
30.23467,94.85700,189.17,-1
30.23467,94.85883,190.60,-1
30.23467,94.86067,191.80,-1
30.23467,94.86250,194.68,-1
30.23467,94.86433,192.71,-1
30.23467,94.86617,196.69,-1
30.23467,94.86800,197.06,-1
30.23467,94.86983,198.40,-1
30.23467,94.87167,204.25,-1
30.23467,94.87350,206.70,-1
30.23467,94.87533,207.61,-1
30.23467,94.87717,208.69,-1
30.23467,94.87900,209.70,-1
30.23467,94.88083,210.31,-1
30.23467,94.88267,211.49,-1
30.23467,94.88450,212.87,-1
30.23467,94.88633,214.02,-1
30.23467,94.88817,214.81,-1
30.23467,94.89000,215.68,-1
30.23650,94.67000,218.42,-1
30.23650,94.67183,219.68,-1
30.23650,94.67367,215.68,-1
30.23650,94.67550,208.20,-1
30.23650,94.67733,208.07,-1
30.23650,94.67917,206.32,-1
30.23650,94.68100,200.39,-1
30.23650,94.68283,211.11,-1
30.23650,94.68467,218.38,-1
30.23650,94.68650,224.10,-1
30.23650,94.68833,214.39,-1
30.23650,94.69017,206.12,-1
30.23650,94.69200,201.48,-1
30.23650,94.69383,198.59,-1
30.23650,94.69567,205.69,-1
30.23650,94.69750,202.70,-1
30.23650,94.69933,218.55,-1
30.23650,94.70117,219.18,-1
30.23650,94.70300,219.36,-1
30.23650,94.70483,219.31,-1
30.23650,94.70667,221.38,-1
30.23650,94.70850,221.75,-1
30.23650,94.71033,223.07,-1
30.23650,94.71217,224.21,-1
30.23650,94.71400,223.21,-1
30.23650,94.71583,223.77,-1
30.23650,94.71767,222.20,-1
30.23650,94.71950,221.57,-1
30.23650,94.72133,220.96,-1
30.23650,94.72317,219.04,-1
30.23650,94.72500,219.19,-1
30.23650,94.72683,216.91,-1
30.23650,94.72867,214.26,-1
30.23650,94.73050,213.58,-1
30.23650,94.73233,213.04,-1
30.23650,94.73417,210.94,-1
30.23650,94.73600,208.44,-1
30.23650,94.73783,208.32,-1
30.23650,94.73967,207.70,-1
30.23650,94.74150,193.49,-1
30.23650,94.74333,208.46,-1
30.23650,94.74517,209.49,-1
30.23650,94.74700,206.09,-1
30.23650,94.74883,206.91,-1
30.23650,94.75067,211.68,-1
30.23650,94.75250,198.60,-1
30.23650,94.75433,193.99,-1
30.23650,94.75617,207.35,-1
30.23650,94.75800,209.01,-1
30.23650,94.75983,211.70,-1
30.23650,94.76167,195.20,-1
30.23650,94.76350,211.67,-1
30.23650,94.76533,212.03,-1
30.23650,94.76717,208.86,-1
30.23650,94.76900,214.67,-1
30.23650,94.77083,214.40,-1
30.23650,94.77267,213.20,-1
30.23650,94.77450,210.47,-1
30.23650,94.77633,202.52,-1
30.23650,94.77817,192.05,-1
30.23650,94.78000,180.10,-1
30.23650,94.78183,195.29,-1
30.23650,94.78367,203.19,-1
30.23650,94.78550,200.51,-1
30.23650,94.78733,201.24,-1
30.23650,94.78917,194.80,-1
30.23650,94.79100,184.40,-1
30.23650,94.79283,163.80,-1
30.23650,94.79467,170.81,-1
30.23650,94.79650,172.73,-1
30.23650,94.79833,171.26,-1
30.23650,94.80017,164.37,-1
30.23650,94.80200,158.11,-1
30.23650,94.80383,146.89,10
30.23650,94.80567,148.26,10
30.23650,94.80750,147.15,10
30.23650,94.80933,111.93,7
30.23650,94.81117,111.97,7
30.23650,94.81300,112.00,7
30.23650,94.81483,112.05,7
30.23650,94.81667,112.09,7
30.23650,94.81850,112.14,7
30.23650,94.82033,112.19,7
30.23650,94.82217,112.24,7
30.23650,94.82400,112.29,7
30.23650,94.82583,112.36,7
30.23650,94.82767,112.43,7
30.23650,94.82950,112.49,7
30.23650,94.83133,112.55,7
30.23650,94.83317,112.61,7
30.23650,94.83500,112.69,7
30.23650,94.83683,122.51,7
30.23650,94.83867,135.33,7
30.23650,94.84050,156.73,-1
30.23650,94.84233,164.92,-1
30.23650,94.84417,173.29,-1
30.23650,94.84600,174.81,-1
30.23650,94.84783,179.18,-1
30.23650,94.84967,208.64,-1
30.23650,94.85150,196.82,-1
30.23650,94.85333,189.45,-1
30.23650,94.85517,190.58,-1
30.23650,94.85700,191.62,-1
30.23650,94.85883,194.23,-1
30.23650,94.86067,194.28,-1
30.23650,94.86250,186.68,-1
30.23650,94.86433,198.99,-1
30.23650,94.86617,200.53,-1
30.23650,94.86800,200.41,-1
30.23650,94.86983,188.67,-1
30.23650,94.87167,206.65,-1
30.23650,94.87350,207.51,-1
30.23650,94.87533,208.64,-1
30.23650,94.87717,209.69,-1
30.23650,94.87900,210.34,-1
30.23650,94.88083,211.46,-1
30.23650,94.88267,212.35,-1
30.23650,94.88450,214.33,-1
30.23650,94.88633,215.05,-1
30.23650,94.88817,216.22,-1
30.23650,94.89000,217.29,-1
30.23833,94.67000,217.34,-1
30.23833,94.67183,218.85,-1
30.23833,94.67367,215.34,-1
30.23833,94.67550,202.86,-1
30.23833,94.67733,202.55,-1
30.23833,94.67917,202.54,-1
30.23833,94.68100,201.74,-1
30.23833,94.68283,198.14,-1
30.23833,94.68467,207.56,-1
30.23833,94.68650,206.94,-1
30.23833,94.68833,217.59,-1
30.23833,94.69017,217.02,-1
30.23833,94.69200,217.50,-1
30.23833,94.69383,216.93,-1
30.23833,94.69567,202.53,-1
30.23833,94.69750,213.72,-1
30.23833,94.69933,199.15,-1
30.23833,94.70117,218.88,-1
30.23833,94.70300,219.45,-1
30.23833,94.70483,219.63,-1
30.23833,94.70667,218.32,-1
30.23833,94.70850,220.67,-1
30.23833,94.71033,221.34,-1
30.23833,94.71217,222.37,-1
30.23833,94.71400,222.45,-1
30.23833,94.71583,223.40,-1
30.23833,94.71767,223.42,-1
30.23833,94.71950,221.95,-1
30.23833,94.72133,221.48,-1
30.23833,94.72317,221.02,-1
30.23833,94.72500,219.80,-1
30.23833,94.72683,217.74,-1
30.23833,94.72867,216.43,-1
30.23833,94.73050,213.72,-1
30.23833,94.73233,213.13,-1
30.23833,94.73417,212.18,-1
30.23833,94.73600,210.44,-1
30.23833,94.73783,208.10,-1
30.23833,94.73967,208.44,-1
30.23833,94.74150,184.83,-1
30.23833,94.74333,202.04,-1
30.23833,94.74517,207.65,-1
30.23833,94.74700,203.83,-1
30.23833,94.74883,201.06,-1
30.23833,94.75067,202.82,-1
30.23833,94.75250,205.39,-1
30.23833,94.75433,194.71,-1
30.23833,94.75617,207.58,-1
30.23833,94.75800,210.23,-1
30.23833,94.75983,209.86,-1
30.23833,94.76167,211.93,-1
30.23833,94.76350,211.30,-1
30.23833,94.76533,209.09,-1
30.23833,94.76717,209.61,-1
30.23833,94.76900,213.04,-1
30.23833,94.77083,215.21,-1
30.23833,94.77267,214.27,-1
30.23833,94.77450,213.09,-1
30.23833,94.77633,208.64,-1
30.23833,94.77817,201.32,-1
30.23833,94.78000,195.30,-1
30.23833,94.78183,190.20,-1
30.23833,94.78367,188.53,-1
30.23833,94.78550,186.50,-1
30.23833,94.78733,206.45,-1
30.23833,94.78917,198.24,-1
30.23833,94.79100,180.69,-1
30.23833,94.79283,179.70,-1
30.23833,94.79467,177.28,-1
30.23833,94.79650,176.54,-1
30.23833,94.79833,174.52,-1
30.23833,94.80017,166.77,-1
30.23833,94.80200,161.22,-1
30.23833,94.80383,190.31,-1
30.23833,94.80567,187.35,-1
30.23833,94.80750,189.77,-1
30.23833,94.80933,146.24,10
30.23833,94.81117,111.83,7
30.23833,94.81300,111.86,7
30.23833,94.81483,111.91,7
30.23833,94.81667,111.96,7
30.23833,94.81850,112.01,7
30.23833,94.82033,112.06,7
30.23833,94.82217,112.11,7
30.23833,94.82400,112.18,7
30.23833,94.82583,112.26,7
30.23833,94.82767,112.34,7
30.23833,94.82950,112.41,7
30.23833,94.83133,112.46,7
30.23833,94.83317,112.53,7
30.23833,94.83500,126.96,7
30.23833,94.83683,144.11,9
30.23833,94.83867,160.80,-1
30.23833,94.84050,168.92,-1
30.23833,94.84233,173.74,-1
30.23833,94.84417,181.22,-1
30.23833,94.84600,183.45,-1
30.23833,94.84783,186.02,-1
30.23833,94.84967,186.96,-1
30.23833,94.85150,188.61,-1
30.23833,94.85333,193.44,-1
30.23833,94.85517,192.62,-1
30.23833,94.85700,196.15,-1
30.23833,94.85883,197.94,-1
30.23833,94.86067,198.66,-1
30.23833,94.86250,199.07,-1
30.23833,94.86433,202.74,-1
30.23833,94.86617,193.24,-1
30.23833,94.86800,204.27,-1
30.23833,94.86983,206.65,-1
30.23833,94.87167,207.49,-1
30.23833,94.87350,208.58,-1
30.23833,94.87533,209.63,-1
30.23833,94.87717,210.29,-1
30.23833,94.87900,211.51,-1
30.23833,94.88083,212.86,-1
30.23833,94.88267,214.28,-1
30.23833,94.88450,215.00,-1
30.23833,94.88633,216.22,-1
30.23833,94.88817,217.26,-1
30.23833,94.89000,217.64,-1
30.24017,94.67000,215.65,-1
30.24017,94.67183,215.42,-1
30.24017,94.67367,204.62,-1
30.24017,94.67550,202.61,-1
30.24017,94.67733,202.32,-1
30.24017,94.67917,199.91,-1
30.24017,94.68100,196.26,-1
30.24017,94.68283,216.96,-1
30.24017,94.68467,202.07,-1
30.24017,94.68650,193.94,-1
30.24017,94.68833,217.43,-1
30.24017,94.69017,211.45,-1
30.24017,94.69200,211.00,-1
30.24017,94.69383,217.81,-1
30.24017,94.69567,217.42,-1
30.24017,94.69750,215.07,-1
30.24017,94.69933,212.79,-1
30.24017,94.70117,217.87,-1
30.24017,94.70300,218.91,-1
30.24017,94.70483,219.45,-1
30.24017,94.70667,198.88,-1
30.24017,94.70850,218.95,-1
30.24017,94.71033,217.74,-1
30.24017,94.71217,220.63,-1
30.24017,94.71400,199.14,-1
30.24017,94.71583,212.79,-1
30.24017,94.71767,223.44,-1
30.24017,94.71950,222.16,-1
30.24017,94.72133,221.85,-1
30.24017,94.72317,221.24,-1
30.24017,94.72500,194.67,-1
30.24017,94.72683,218.37,-1
30.24017,94.72867,199.18,-1
30.24017,94.73050,213.88,-1
30.24017,94.73233,211.96,-1
30.24017,94.73417,211.70,-1
30.24017,94.73600,209.90,-1
30.24017,94.73783,206.57,-1
30.24017,94.73967,207.78,-1
30.24017,94.74150,195.12,-1
30.24017,94.74333,207.05,-1
30.24017,94.74517,204.45,-1
30.24017,94.74700,186.89,-1
30.24017,94.74883,197.01,-1
30.24017,94.75067,203.27,-1
30.24017,94.75250,201.91,-1
30.24017,94.75433,200.52,-1
30.24017,94.75617,203.04,-1
30.24017,94.75800,208.08,-1
30.24017,94.75983,209.49,-1
30.24017,94.76167,208.94,-1
30.24017,94.76350,210.53,-1
30.24017,94.76533,208.83,-1
30.24017,94.76717,213.42,-1
30.24017,94.76900,199.72,-1
30.24017,94.77083,215.46,-1
30.24017,94.77267,212.64,-1
30.24017,94.77450,214.30,-1
30.24017,94.77633,212.25,-1
30.24017,94.77817,207.45,-1
30.24017,94.78000,197.97,-1
30.24017,94.78183,192.50,-1
30.24017,94.78367,190.72,-1
30.24017,94.78550,185.56,-1
30.24017,94.78733,180.86,-1
30.24017,94.78917,206.18,-1
30.24017,94.79100,196.28,-1
30.24017,94.79283,179.23,-1
30.24017,94.79467,180.35,-1
30.24017,94.79650,177.45,-1
30.24017,94.79833,175.73,-1
30.24017,94.80017,168.62,-1
30.24017,94.80200,160.65,-1
30.24017,94.80383,156.26,-1
30.24017,94.80567,147.51,10
30.24017,94.80750,194.39,-1
30.24017,94.80933,196.27,-1
30.24017,94.81117,111.71,7
30.24017,94.81300,111.73,7
30.24017,94.81483,111.77,7
30.24017,94.81667,111.84,7
30.24017,94.81850,111.91,7
30.24017,94.82033,111.97,7
30.24017,94.82217,112.02,7
30.24017,94.82400,112.14,7
30.24017,94.82583,128.94,7
30.24017,94.82767,129.95,7
30.24017,94.82950,113.92,7
30.24017,94.83133,112.92,7
30.24017,94.83317,131.37,7
30.24017,94.83500,140.68,8
30.24017,94.83683,161.85,-1
30.24017,94.83867,172.58,-1
30.24017,94.84050,178.93,-1
30.24017,94.84233,182.95,-1
30.24017,94.84417,185.46,-1
30.24017,94.84600,187.54,-1
30.24017,94.84783,189.59,-1
30.24017,94.84967,191.03,-1
30.24017,94.85150,193.74,-1
30.24017,94.85333,194.84,-1
30.24017,94.85517,182.74,-1
30.24017,94.85700,196.95,-1
30.24017,94.85883,198.38,-1
30.24017,94.86067,200.36,-1
30.24017,94.86250,202.29,-1
30.24017,94.86433,203.36,-1
30.24017,94.86617,203.80,-1
30.24017,94.86800,204.53,-1
30.24017,94.86983,207.43,-1
30.24017,94.87167,208.51,-1
30.24017,94.87350,209.59,-1
30.24017,94.87533,210.52,-1
30.24017,94.87717,212.01,-1
30.24017,94.87900,213.10,-1
30.24017,94.88083,214.25,-1
30.24017,94.88267,214.95,-1
30.24017,94.88450,216.21,-1
30.24017,94.88633,217.25,-1
30.24017,94.88817,217.72,-1
30.24017,94.89000,218.07,-1
30.24200,94.67000,209.25,-1
30.24200,94.67183,208.15,-1
30.24200,94.67367,207.22,-1
30.24200,94.67550,207.52,-1
30.24200,94.67733,198.28,-1
30.24200,94.67917,198.17,-1
30.24200,94.68100,198.26,-1
30.24200,94.68283,202.43,-1
30.24200,94.68467,217.49,-1
30.24200,94.68650,209.33,-1
30.24200,94.68833,208.81,-1
30.24200,94.69017,205.40,-1
30.24200,94.69200,201.08,-1
30.24200,94.69383,200.84,-1
30.24200,94.69567,219.04,-1
30.24200,94.69750,204.34,-1
30.24200,94.69933,214.44,-1
30.24200,94.70117,213.71,-1
30.24200,94.70300,213.17,-1
30.24200,94.70483,218.80,-1
30.24200,94.70667,219.71,-1
30.24200,94.70850,219.70,-1
30.24200,94.71033,219.05,-1
30.24200,94.71217,217.84,-1
30.24200,94.71400,221.07,-1
30.24200,94.71583,222.78,-1
30.24200,94.71767,223.07,-1
30.24200,94.71950,223.27,-1
30.24200,94.72133,222.17,-1
30.24200,94.72317,221.35,-1
30.24200,94.72500,220.54,-1
30.24200,94.72683,218.85,-1
30.24200,94.72867,216.42,-1
30.24200,94.73050,214.81,-1
30.24200,94.73233,210.72,-1
30.24200,94.73417,209.88,-1
30.24200,94.73600,209.78,-1
30.24200,94.73783,207.69,-1
30.24200,94.73967,206.45,-1
30.24200,94.74150,208.45,-1
30.24200,94.74333,207.46,-1
30.24200,94.74517,207.05,-1
30.24200,94.74700,204.30,-1
30.24200,94.74883,196.22,-1
30.24200,94.75067,202.43,-1
30.24200,94.75250,203.22,-1
30.24200,94.75433,200.08,-1
30.24200,94.75617,201.02,-1
30.24200,94.75800,206.48,-1
30.24200,94.75983,206.97,-1
30.24200,94.76167,209.22,-1
30.24200,94.76350,199.99,-1
30.24200,94.76533,207.88,-1
30.24200,94.76717,199.68,-1
30.24200,94.76900,212.21,-1
30.24200,94.77083,215.71,-1
30.24200,94.77267,212.99,-1
30.24200,94.77450,214.04,-1
30.24200,94.77633,213.39,-1
30.24200,94.77817,210.91,-1
30.24200,94.78000,203.93,-1
30.24200,94.78183,193.96,-1
30.24200,94.78367,193.04,-1
30.24200,94.78550,187.84,-1
30.24200,94.78733,185.92,-1
30.24200,94.78917,189.96,-1
30.24200,94.79100,208.17,-1
30.24200,94.79283,192.37,-1
30.24200,94.79467,184.19,-1
30.24200,94.79650,180.44,-1
30.24200,94.79833,176.24,-1
30.24200,94.80017,170.33,-1
30.24200,94.80200,162.77,-1
30.24200,94.80383,161.63,-1
30.24200,94.80567,160.12,-1
30.24200,94.80750,155.09,-1
30.24200,94.80933,154.26,-1
30.24200,94.81117,111.55,7
30.24200,94.81300,111.61,7
30.24200,94.81483,111.68,7
30.24200,94.81667,111.88,7
30.24200,94.81850,111.79,7
30.24200,94.82033,111.84,7
30.24200,94.82217,159.90,-1
30.24200,94.82400,154.28,-1
30.24200,94.82583,140.51,8
30.24200,94.82767,141.16,8
30.24200,94.82950,118.34,7
30.24200,94.83133,133.47,7
30.24200,94.83317,141.57,8
30.24200,94.83500,153.90,12
30.24200,94.83683,169.51,-1
30.24200,94.83867,177.28,-1
30.24200,94.84050,182.19,-1
30.24200,94.84233,184.49,-1
30.24200,94.84417,186.91,-1
30.24200,94.84600,189.15,-1
30.24200,94.84783,190.90,-1
30.24200,94.84967,193.61,-1
30.24200,94.85150,195.12,-1
30.24200,94.85333,195.69,-1
30.24200,94.85517,196.41,-1
30.24200,94.85700,198.23,-1
30.24200,94.85883,200.22,-1
30.24200,94.86067,202.00,-1
30.24200,94.86250,203.40,-1
30.24200,94.86433,203.82,-1
30.24200,94.86617,204.70,-1
30.24200,94.86800,207.34,-1
30.24200,94.86983,208.47,-1
30.24200,94.87167,209.54,-1
30.24200,94.87350,210.43,-1
30.24200,94.87533,212.12,-1
30.24200,94.87717,213.10,-1
30.24200,94.87900,214.33,-1
30.24200,94.88083,215.37,-1
30.24200,94.88267,216.07,-1
30.24200,94.88450,217.23,-1
30.24200,94.88633,217.45,-1
30.24200,94.88817,218.03,-1
30.24200,94.89000,218.73,-1
30.24383,94.67000,209.61,-1
30.24383,94.67183,207.53,-1
30.24383,94.67367,214.75,-1
30.24383,94.67550,204.57,-1
30.24383,94.67733,196.38,-1
30.24383,94.67917,197.96,-1
30.24383,94.68100,197.18,-1
30.24383,94.68283,191.41,-1
30.24383,94.68467,205.63,-1
30.24383,94.68650,211.61,-1
30.24383,94.68833,206.03,-1
30.24383,94.69017,200.73,-1
30.24383,94.69200,198.85,-1
30.24383,94.69383,215.82,-1
30.24383,94.69567,218.01,-1
30.24383,94.69750,217.95,-1
30.24383,94.69933,215.57,-1
30.24383,94.70117,214.48,-1
30.24383,94.70300,213.84,-1
30.24383,94.70483,213.52,-1
30.24383,94.70667,218.95,-1
30.24383,94.70850,220.05,-1
30.24383,94.71033,219.31,-1
30.24383,94.71217,219.03,-1
30.24383,94.71400,218.40,-1
30.24383,94.71583,217.53,-1
30.24383,94.71767,222.76,-1
30.24383,94.71950,222.84,-1
30.24383,94.72133,222.12,-1
30.24383,94.72317,221.38,-1
30.24383,94.72500,220.88,-1
30.24383,94.72683,220.05,-1
30.24383,94.72867,208.19,-1
30.24383,94.73050,214.24,-1
30.24383,94.73233,211.41,-1
30.24383,94.73417,208.25,-1
30.24383,94.73600,207.55,-1
30.24383,94.73783,205.43,-1
30.24383,94.73967,203.65,-1
30.24383,94.74150,205.67,-1
30.24383,94.74333,197.09,-1
30.24383,94.74517,200.89,-1
30.24383,94.74700,191.68,-1
30.24383,94.74883,193.91,-1
30.24383,94.75067,194.61,-1
30.24383,94.75250,201.69,-1
30.24383,94.75433,195.77,-1
30.24383,94.75617,194.12,-1
30.24383,94.75800,196.27,-1
30.24383,94.75983,201.35,-1
30.24383,94.76167,204.28,-1
30.24383,94.76350,201.29,-1
30.24383,94.76533,205.72,-1
30.24383,94.76717,209.34,-1
30.24383,94.76900,208.30,-1
30.24383,94.77083,216.41,-1
30.24383,94.77267,214.92,-1
30.24383,94.77450,211.58,-1
30.24383,94.77633,213.15,-1
30.24383,94.77817,211.55,-1
30.24383,94.78000,209.63,-1
30.24383,94.78183,203.99,-1
30.24383,94.78367,198.19,-1
30.24383,94.78550,190.73,-1
30.24383,94.78733,188.84,-1
30.24383,94.78917,187.33,-1
30.24383,94.79100,172.09,-1
30.24383,94.79283,192.77,-1
30.24383,94.79467,175.72,-1
30.24383,94.79650,183.01,-1
30.24383,94.79833,180.76,-1
30.24383,94.80017,177.59,-1
30.24383,94.80200,172.11,-1
30.24383,94.80383,170.09,-1
30.24383,94.80567,169.77,-1
30.24383,94.80750,166.95,-1
30.24383,94.80933,133.26,7
30.24383,94.81117,111.40,7
30.24383,94.81300,111.46,7
30.24383,94.81483,111.85,7
30.24383,94.81667,131.19,7
30.24383,94.81850,112.06,7
30.24383,94.82033,112.24,7
30.24383,94.82217,112.28,7
30.24383,94.82400,142.58,8
30.24383,94.82583,141.82,8
30.24383,94.82767,118.13,7
30.24383,94.82950,137.70,7
30.24383,94.83133,140.45,8
30.24383,94.83317,150.43,11
30.24383,94.83500,162.91,-1
30.24383,94.83683,175.25,-1
30.24383,94.83867,179.83,-1
30.24383,94.84050,184.19,-1
30.24383,94.84233,186.16,-1
30.24383,94.84417,188.59,-1
30.24383,94.84600,190.59,-1
30.24383,94.84783,192.77,-1
30.24383,94.84967,192.81,-1
30.24383,94.85150,195.97,-1
30.24383,94.85333,196.56,-1
30.24383,94.85517,197.53,-1
30.24383,94.85700,199.19,-1
30.24383,94.85883,201.94,-1
30.24383,94.86067,203.22,-1
30.24383,94.86250,203.79,-1
30.24383,94.86433,204.55,-1
30.24383,94.86617,207.30,-1
30.24383,94.86800,208.28,-1
30.24383,94.86983,209.45,-1
30.24383,94.87167,210.41,-1
30.24383,94.87350,212.09,-1
30.24383,94.87533,213.20,-1
30.24383,94.87717,214.48,-1
30.24383,94.87900,215.33,-1
30.24383,94.88083,216.03,-1
30.24383,94.88267,217.13,-1
30.24383,94.88450,217.40,-1
30.24383,94.88633,218.07,-1
30.24383,94.88817,218.52,-1
30.24383,94.89000,219.13,-1
30.24567,94.67000,210.15,-1
30.24567,94.67183,210.65,-1
30.24567,94.67367,203.65,-1
30.24567,94.67550,200.87,-1
30.24567,94.67733,198.35,-1
30.24567,94.67917,194.25,-1
30.24567,94.68100,214.55,-1
30.24567,94.68283,215.62,-1
30.24567,94.68467,196.58,-1
30.24567,94.68650,202.19,-1
30.24567,94.68833,200.51,-1
30.24567,94.69017,199.13,-1
30.24567,94.69200,216.30,-1
30.24567,94.69383,217.55,-1
30.24567,94.69567,216.06,-1
30.24567,94.69750,216.84,-1
30.24567,94.69933,215.83,-1
30.24567,94.70117,208.43,-1
30.24567,94.70300,213.21,-1
30.24567,94.70483,211.82,-1
30.24567,94.70667,213.95,-1
30.24567,94.70850,197.64,-1
30.24567,94.71033,219.87,-1
30.24567,94.71217,218.74,-1
30.24567,94.71400,218.27,-1
30.24567,94.71583,218.48,-1
30.24567,94.71767,216.48,-1
30.24567,94.71950,220.71,-1
30.24567,94.72133,222.16,-1
30.24567,94.72317,221.31,-1
30.24567,94.72500,220.71,-1
30.24567,94.72683,219.91,-1
30.24567,94.72867,214.75,-1
30.24567,94.73050,214.91,-1
30.24567,94.73233,193.34,-1
30.24567,94.73417,207.92,-1
30.24567,94.73600,191.62,-1
30.24567,94.73783,206.77,-1
30.24567,94.73967,203.47,-1
30.24567,94.74150,203.33,-1
30.24567,94.74333,202.78,-1
30.24567,94.74517,205.30,-1
30.24567,94.74700,207.65,-1
30.24567,94.74883,203.23,-1
30.24567,94.75067,190.36,-1
30.24567,94.75250,194.46,-1
30.24567,94.75433,197.10,-1
30.24567,94.75617,189.31,-1
30.24567,94.75800,201.57,-1
30.24567,94.75983,197.67,-1
30.24567,94.76167,197.06,-1
30.24567,94.76350,193.01,-1
30.24567,94.76533,197.05,-1
30.24567,94.76717,198.53,-1
30.24567,94.76900,201.37,-1
30.24567,94.77083,220.18,-1
30.24567,94.77267,213.91,-1
30.24567,94.77450,210.42,-1
30.24567,94.77633,209.59,-1
30.24567,94.77817,210.83,-1
30.24567,94.78000,210.65,-1
30.24567,94.78183,209.37,-1
30.24567,94.78367,206.09,-1
30.24567,94.78550,201.17,-1
30.24567,94.78733,190.93,-1
30.24567,94.78917,189.28,-1
30.24567,94.79100,184.79,-1
30.24567,94.79283,181.83,-1
30.24567,94.79467,172.59,-1
30.24567,94.79650,183.61,-1
30.24567,94.79833,179.20,-1
30.24567,94.80017,177.83,-1
30.24567,94.80200,174.71,-1
30.24567,94.80383,173.49,-1
30.24567,94.80567,170.66,-1
30.24567,94.80750,164.60,-1
30.24567,94.80933,140.66,8
30.24567,94.81117,126.65,7
30.24567,94.81300,111.78,7
30.24567,94.81483,112.65,7
30.24567,94.81667,131.63,7
30.24567,94.81850,135.76,7
30.24567,94.82033,115.23,7
30.24567,94.82217,130.94,7
30.24567,94.82400,137.68,7
30.24567,94.82583,136.43,7
30.24567,94.82767,118.36,7
30.24567,94.82950,137.24,7
30.24567,94.83133,145.58,9
30.24567,94.83317,155.30,-1
30.24567,94.83500,172.16,-1
30.24567,94.83683,178.47,-1
30.24567,94.83867,183.36,-1
30.24567,94.84050,184.92,-1
30.24567,94.84233,188.06,-1
30.24567,94.84417,190.12,-1
30.24567,94.84600,192.53,-1
30.24567,94.84783,192.48,-1
30.24567,94.84967,195.31,-1
30.24567,94.85150,196.76,-1
30.24567,94.85333,197.59,-1
30.24567,94.85517,199.19,-1
30.24567,94.85700,202.04,-1
30.24567,94.85883,203.21,-1
30.24567,94.86067,203.85,-1
30.24567,94.86250,204.54,-1
30.24567,94.86433,207.21,-1
30.24567,94.86617,208.52,-1
30.24567,94.86800,209.38,-1
30.24567,94.86983,210.38,-1
30.24567,94.87167,212.07,-1
30.24567,94.87350,213.59,-1
30.24567,94.87533,214.45,-1
30.24567,94.87717,215.31,-1
30.24567,94.87900,216.70,-1
30.24567,94.88083,217.23,-1
30.24567,94.88267,217.41,-1
30.24567,94.88450,218.03,-1
30.24567,94.88633,218.61,-1
30.24567,94.88817,219.49,-1
30.24567,94.89000,219.99,-1
30.24750,94.67000,208.87,-1
30.24750,94.67183,213.98,-1
30.24750,94.67367,207.72,-1
30.24750,94.67550,204.95,-1
30.24750,94.67733,195.09,-1
30.24750,94.67917,213.21,-1
30.24750,94.68100,189.76,-1
30.24750,94.68283,200.18,-1
30.24750,94.68467,201.27,-1
30.24750,94.68650,198.12,-1
30.24750,94.68833,193.96,-1
30.24750,94.69017,201.90,-1
30.24750,94.69200,218.24,-1
30.24750,94.69383,216.91,-1
30.24750,94.69567,213.10,-1
30.24750,94.69750,214.33,-1
30.24750,94.69933,206.89,-1
30.24750,94.70117,208.04,-1
30.24750,94.70300,206.12,-1
30.24750,94.70483,214.30,-1
30.24750,94.70667,211.88,-1
30.24750,94.70850,214.32,-1
30.24750,94.71033,208.42,-1
30.24750,94.71217,219.32,-1
30.24750,94.71400,219.48,-1
30.24750,94.71583,218.58,-1
30.24750,94.71767,218.37,-1
30.24750,94.71950,216.30,-1
30.24750,94.72133,219.80,-1
30.24750,94.72317,221.03,-1
30.24750,94.72500,220.72,-1
30.24750,94.72683,219.40,-1
30.24750,94.72867,218.18,-1
30.24750,94.73050,214.21,-1
30.24750,94.73233,210.96,-1
30.24750,94.73417,199.49,-1
30.24750,94.73600,203.87,-1
30.24750,94.73783,206.04,-1
30.24750,94.73967,207.97,-1
30.24750,94.74150,210.54,-1
30.24750,94.74333,207.66,-1
30.24750,94.74517,205.11,-1
30.24750,94.74700,206.65,-1
30.24750,94.74883,183.96,-1
30.24750,94.75067,203.26,-1
30.24750,94.75250,201.59,-1
30.24750,94.75433,201.12,-1
30.24750,94.75617,187.34,-1
30.24750,94.75800,189.08,-1
30.24750,94.75983,190.65,-1
30.24750,94.76167,200.71,-1
30.24750,94.76350,197.60,-1
30.24750,94.76533,198.75,-1
30.24750,94.76717,201.33,-1
30.24750,94.76900,206.67,-1
30.24750,94.77083,216.53,-1
30.24750,94.77267,211.31,-1
30.24750,94.77450,208.79,-1
30.24750,94.77633,206.01,-1
30.24750,94.77817,210.60,-1
30.24750,94.78000,209.47,-1
30.24750,94.78183,201.23,-1
30.24750,94.78367,208.70,-1
30.24750,94.78550,205.32,-1
30.24750,94.78733,197.04,-1
30.24750,94.78917,190.68,-1
30.24750,94.79100,187.59,-1
30.24750,94.79283,184.28,-1
30.24750,94.79467,185.92,-1
30.24750,94.79650,183.66,-1
30.24750,94.79833,179.40,-1
30.24750,94.80017,177.11,-1
30.24750,94.80200,174.98,-1
30.24750,94.80383,173.06,-1
30.24750,94.80567,169.63,-1
30.24750,94.80750,164.70,-1
30.24750,94.80933,144.83,9
30.24750,94.81117,111.56,7
30.24750,94.81300,112.07,7
30.24750,94.81483,135.12,7
30.24750,94.81667,130.87,7
30.24750,94.81850,134.32,7
30.24750,94.82033,129.05,7
30.24750,94.82217,138.88,7
30.24750,94.82400,142.71,8
30.24750,94.82583,117.87,7
30.24750,94.82767,130.63,7
30.24750,94.82950,139.46,7
30.24750,94.83133,149.65,11
30.24750,94.83317,168.66,-1
30.24750,94.83500,177.38,-1
30.24750,94.83683,182.39,-1
30.24750,94.83867,184.33,-1
30.24750,94.84050,187.19,-1
30.24750,94.84233,189.37,-1
30.24750,94.84417,192.13,-1
30.24750,94.84600,192.14,-1
30.24750,94.84783,195.04,-1
30.24750,94.84967,196.95,-1
30.24750,94.85150,197.84,-1
30.24750,94.85333,199.10,-1
30.24750,94.85517,202.14,-1
30.24750,94.85700,203.22,-1
30.24750,94.85883,203.78,-1
30.24750,94.86067,204.55,-1
30.24750,94.86250,205.23,-1
30.24750,94.86433,208.31,-1
30.24750,94.86617,209.49,-1
30.24750,94.86800,210.60,-1
30.24750,94.86983,212.16,-1
30.24750,94.87167,213.57,-1
30.24750,94.87350,214.42,-1
30.24750,94.87533,215.60,-1
30.24750,94.87717,216.60,-1
30.24750,94.87900,216.54,-1
30.24750,94.88083,217.20,-1
30.24750,94.88267,218.07,-1
30.24750,94.88450,218.57,-1
30.24750,94.88633,219.48,-1
30.24750,94.88817,219.89,-1
30.24750,94.89000,220.26,-1
30.24933,94.67000,218.97,-1
30.24933,94.67183,220.31,-1
30.24933,94.67367,212.68,-1
30.24933,94.67550,209.29,-1
30.24933,94.67733,195.94,-1
30.24933,94.67917,212.68,-1
30.24933,94.68100,189.82,-1
30.24933,94.68283,195.84,-1
30.24933,94.68467,193.41,-1
30.24933,94.68650,196.49,-1
30.24933,94.68833,197.05,-1
30.24933,94.69017,197.35,-1
30.24933,94.69200,196.31,-1
30.24933,94.69383,218.63,-1
30.24933,94.69567,207.99,-1
30.24933,94.69750,214.55,-1
30.24933,94.69933,212.13,-1
30.24933,94.70117,208.65,-1
30.24933,94.70300,208.13,-1
30.24933,94.70483,208.06,-1
30.24933,94.70667,213.88,-1
30.24933,94.70850,215.32,-1
30.24933,94.71033,217.87,-1
30.24933,94.71217,209.37,-1
30.24933,94.71400,218.61,-1
30.24933,94.71583,218.20,-1
30.24933,94.71767,217.90,-1
30.24933,94.71950,216.91,-1
30.24933,94.72133,213.07,-1
30.24933,94.72317,196.65,-1
30.24933,94.72500,221.49,-1
30.24933,94.72683,219.98,-1
30.24933,94.72867,218.20,-1
30.24933,94.73050,214.54,-1
30.24933,94.73233,194.62,-1
30.24933,94.73417,209.07,-1
30.24933,94.73600,208.07,-1
30.24933,94.73783,210.99,-1
30.24933,94.73967,208.59,-1
30.24933,94.74150,205.63,-1
30.24933,94.74333,187.48,-1
30.24933,94.74517,188.88,-1
30.24933,94.74700,182.93,-1
30.24933,94.74883,204.68,-1
30.24933,94.75067,204.80,-1
30.24933,94.75250,203.93,-1
30.24933,94.75433,202.27,-1
30.24933,94.75617,200.82,-1
30.24933,94.75800,189.69,-1
30.24933,94.75983,181.25,-1
30.24933,94.76167,184.88,-1
30.24933,94.76350,195.04,-1
30.24933,94.76533,189.50,-1
30.24933,94.76717,193.47,-1
30.24933,94.76900,204.40,-1
30.24933,94.77083,196.24,-1
30.24933,94.77267,207.01,-1
30.24933,94.77450,208.25,-1
30.24933,94.77633,208.84,-1
30.24933,94.77817,206.98,-1
30.24933,94.78000,204.60,-1
30.24933,94.78183,207.61,-1
30.24933,94.78367,207.97,-1
30.24933,94.78550,204.20,-1
30.24933,94.78733,196.08,-1
30.24933,94.78917,178.42,-1
30.24933,94.79100,188.18,-1
30.24933,94.79283,185.86,-1
30.24933,94.79467,185.88,-1
30.24933,94.79650,184.08,-1
30.24933,94.79833,180.31,-1
30.24933,94.80017,177.58,-1
30.24933,94.80200,174.36,-1
30.24933,94.80383,173.19,-1
30.24933,94.80567,166.17,-1
30.24933,94.80750,150.12,11
30.24933,94.80933,146.16,10
30.24933,94.81117,112.41,7
30.24933,94.81300,132.55,7
30.24933,94.81483,138.77,7
30.24933,94.81667,141.09,8
30.24933,94.81850,117.51,7
30.24933,94.82033,138.46,7
30.24933,94.82217,141.69,8
30.24933,94.82400,141.50,8
30.24933,94.82583,128.38,7
30.24933,94.82767,136.74,7
30.24933,94.82950,146.49,10
30.24933,94.83133,162.26,-1
30.24933,94.83317,175.81,-1
30.24933,94.83500,179.14,-1
30.24933,94.83683,183.50,-1
30.24933,94.83867,186.24,-1
30.24933,94.84050,189.27,-1
30.24933,94.84233,191.32,-1
30.24933,94.84417,191.48,-1
30.24933,94.84600,194.68,-1
30.24933,94.84783,197.20,-1
30.24933,94.84967,197.97,-1
30.24933,94.85150,199.18,-1
30.24933,94.85333,201.83,-1
30.24933,94.85517,202.73,-1
30.24933,94.85700,203.84,-1
30.24933,94.85883,204.52,-1
30.24933,94.86067,205.16,-1
30.24933,94.86250,208.03,-1
30.24933,94.86433,209.40,-1
30.24933,94.86617,210.55,-1
30.24933,94.86800,211.77,-1
30.24933,94.86983,213.55,-1
30.24933,94.87167,214.65,-1
30.24933,94.87350,215.72,-1
30.24933,94.87533,216.70,-1
30.24933,94.87717,216.54,-1
30.24933,94.87900,217.56,-1
30.24933,94.88083,218.30,-1
30.24933,94.88267,218.82,-1
30.24933,94.88450,219.34,-1
30.24933,94.88633,219.78,-1
30.24933,94.88817,219.81,-1
30.24933,94.89000,219.71,-1
30.25117,94.67000,213.32,-1
30.25117,94.67183,224.14,-1
30.25117,94.67367,223.59,-1
30.25117,94.67550,198.40,-1
30.25117,94.67733,192.75,-1
30.25117,94.67917,211.78,-1
30.25117,94.68100,212.87,-1
30.25117,94.68283,213.24,-1
30.25117,94.68467,214.00,-1
30.25117,94.68650,215.25,-1
30.25117,94.68833,194.44,-1
30.25117,94.69017,195.62,-1
30.25117,94.69200,217.75,-1
30.25117,94.69383,201.23,-1
30.25117,94.69567,204.34,-1
30.25117,94.69750,210.47,-1
30.25117,94.69933,210.74,-1
30.25117,94.70117,206.12,-1
30.25117,94.70300,200.27,-1
30.25117,94.70483,217.54,-1
30.25117,94.70667,211.96,-1
30.25117,94.70850,201.49,-1
30.25117,94.71033,214.59,-1
30.25117,94.71217,204.64,-1
30.25117,94.71400,214.08,-1
30.25117,94.71583,212.26,-1
30.25117,94.71767,213.67,-1
30.25117,94.71950,213.10,-1
30.25117,94.72133,214.15,-1
30.25117,94.72317,211.10,-1
30.25117,94.72500,220.78,-1
30.25117,94.72683,220.19,-1
30.25117,94.72867,219.03,-1
30.25117,94.73050,216.96,-1
30.25117,94.73233,211.77,-1
30.25117,94.73417,198.18,-1
30.25117,94.73600,210.76,-1
30.25117,94.73783,194.18,-1
30.25117,94.73967,205.77,-1
30.25117,94.74150,198.54,-1
30.25117,94.74333,199.53,-1
30.25117,94.74517,199.11,-1
30.25117,94.74700,189.64,-1
30.25117,94.74883,207.79,-1
30.25117,94.75067,205.28,-1
30.25117,94.75250,204.84,-1
30.25117,94.75433,203.13,-1
30.25117,94.75617,202.36,-1
30.25117,94.75800,196.13,-1
30.25117,94.75983,191.68,-1
30.25117,94.76167,191.39,-1
30.25117,94.76350,189.62,-1
30.25117,94.76533,180.59,-1
30.25117,94.76717,193.94,-1
30.25117,94.76900,189.19,-1
30.25117,94.77083,190.40,-1
30.25117,94.77267,201.61,-1
30.25117,94.77450,204.62,-1
30.25117,94.77633,207.90,-1
30.25117,94.77817,207.89,-1
30.25117,94.78000,204.67,-1
30.25117,94.78183,198.24,-1
30.25117,94.78367,195.22,-1
30.25117,94.78550,197.45,-1
30.25117,94.78733,186.10,-1
30.25117,94.78917,190.45,-1
30.25117,94.79100,188.57,-1
30.25117,94.79283,187.68,-1
30.25117,94.79467,186.27,-1
30.25117,94.79650,184.59,-1
30.25117,94.79833,180.82,-1
30.25117,94.80017,177.77,-1
30.25117,94.80200,174.20,-1
30.25117,94.80383,173.38,-1
30.25117,94.80567,165.59,-1
30.25117,94.80750,144.79,9
30.25117,94.80933,139.08,7
30.25117,94.81117,114.46,7
30.25117,94.81300,137.89,7
30.25117,94.81483,133.52,7
30.25117,94.81667,138.48,7
30.25117,94.81850,133.94,7
30.25117,94.82033,143.44,9
30.25117,94.82217,143.04,9
30.25117,94.82400,119.64,7
30.25117,94.82583,151.67,12
30.25117,94.82767,143.28,9
30.25117,94.82950,155.90,-1
30.25117,94.83133,170.65,-1
30.25117,94.83317,178.48,-1
30.25117,94.83500,182.89,-1
30.25117,94.83683,185.53,-1
30.25117,94.83867,188.66,-1
30.25117,94.84050,190.56,-1
30.25117,94.84233,191.22,-1
30.25117,94.84417,194.20,-1
30.25117,94.84600,197.43,-1
30.25117,94.84783,197.85,-1
30.25117,94.84967,198.26,-1
30.25117,94.85150,201.42,-1
30.25117,94.85333,202.82,-1
30.25117,94.85517,203.81,-1
30.25117,94.85700,204.62,-1
30.25117,94.85883,205.07,-1
30.25117,94.86067,205.99,-1
30.25117,94.86250,209.33,-1
30.25117,94.86433,210.35,-1
30.25117,94.86617,211.63,-1
30.25117,94.86800,213.81,-1
30.25117,94.86983,214.53,-1
30.25117,94.87167,212.53,-1
30.25117,94.87350,212.98,-1
30.25117,94.87533,216.74,-1
30.25117,94.87717,217.52,-1
30.25117,94.87900,217.97,-1
30.25117,94.88083,219.02,-1
30.25117,94.88267,219.56,-1
30.25117,94.88450,219.58,-1
30.25117,94.88633,219.06,-1
30.25117,94.88817,220.02,-1
30.25117,94.89000,196.29,-1
30.25300,94.67000,205.37,-1
30.25300,94.67183,215.79,-1
30.25300,94.67367,215.89,-1
30.25300,94.67550,207.91,-1
30.25300,94.67733,218.34,-1
30.25300,94.67917,194.03,-1
30.25300,94.68100,188.86,-1
30.25300,94.68283,212.83,-1
30.25300,94.68467,213.41,-1
30.25300,94.68650,214.10,-1
30.25300,94.68833,215.38,-1
30.25300,94.69017,216.43,-1
30.25300,94.69200,217.50,-1
30.25300,94.69383,217.92,-1
30.25300,94.69567,193.58,-1
30.25300,94.69750,199.71,-1
30.25300,94.69933,202.00,-1
30.25300,94.70117,196.64,-1
30.25300,94.70300,217.99,-1
30.25300,94.70483,218.31,-1
30.25300,94.70667,216.92,-1
30.25300,94.70850,197.13,-1
30.25300,94.71033,214.23,-1
30.25300,94.71217,209.59,-1
30.25300,94.71400,216.09,-1
30.25300,94.71583,203.27,-1
30.25300,94.71767,206.16,-1
30.25300,94.71950,203.18,-1
30.25300,94.72133,210.68,-1
30.25300,94.72317,203.60,-1
30.25300,94.72500,204.26,-1
30.25300,94.72683,194.59,-1
30.25300,94.72867,219.79,-1
30.25300,94.73050,217.65,-1
30.25300,94.73233,213.93,-1
30.25300,94.73417,208.89,-1
30.25300,94.73600,208.37,-1
30.25300,94.73783,195.66,-1
30.25300,94.73967,200.99,-1
30.25300,94.74150,201.71,-1
30.25300,94.74333,202.43,-1
30.25300,94.74517,201.66,-1
30.25300,94.74700,198.22,-1
30.25300,94.74883,182.31,-1
30.25300,94.75067,206.16,-1
30.25300,94.75250,205.94,-1
30.25300,94.75433,204.11,-1
30.25300,94.75617,203.36,-1
30.25300,94.75800,197.52,-1
30.25300,94.75983,184.16,-1
30.25300,94.76167,184.01,-1
30.25300,94.76350,191.10,-1
30.25300,94.76533,191.77,-1
30.25300,94.76717,193.98,-1
30.25300,94.76900,194.03,-1
30.25300,94.77083,179.20,-1
30.25300,94.77267,186.11,-1
30.25300,94.77450,191.77,-1
30.25300,94.77633,200.82,-1
30.25300,94.77817,179.73,-1
30.25300,94.78000,185.01,-1
30.25300,94.78183,192.68,-1
30.25300,94.78367,190.50,-1
30.25300,94.78550,188.53,-1
30.25300,94.78733,190.88,-1
30.25300,94.78917,190.78,-1
30.25300,94.79100,188.51,-1
30.25300,94.79283,188.30,-1
30.25300,94.79467,186.62,-1
30.25300,94.79650,183.06,-1
30.25300,94.79833,181.14,-1
30.25300,94.80017,178.25,-1
30.25300,94.80200,174.31,-1
30.25300,94.80383,172.80,-1
30.25300,94.80567,165.27,-1
30.25300,94.80750,147.37,10
30.25300,94.80933,139.62,7
30.25300,94.81117,133.77,7
30.25300,94.81300,143.72,9
30.25300,94.81483,143.89,9
30.25300,94.81667,140.47,8
30.25300,94.81850,140.83,8
30.25300,94.82033,146.31,10
30.25300,94.82217,132.34,7
30.25300,94.82400,133.03,7
30.25300,94.82583,141.01,8
30.25300,94.82767,148.55,10
30.25300,94.82950,169.16,-1
30.25300,94.83133,177.22,-1
30.25300,94.83317,181.70,-1
30.25300,94.83500,184.71,-1
30.25300,94.83683,187.73,-1
30.25300,94.83867,190.26,-1
30.25300,94.84050,190.14,-1
30.25300,94.84233,193.80,-1
30.25300,94.84417,197.54,-1
30.25300,94.84600,197.70,-1
30.25300,94.84783,198.34,-1
30.25300,94.84967,201.42,-1
30.25300,94.85150,202.83,-1
30.25300,94.85333,203.88,-1
30.25300,94.85517,204.50,-1
30.25300,94.85700,204.88,-1
30.25300,94.85883,206.45,-1
30.25300,94.86067,207.43,-1
30.25300,94.86250,210.20,-1
30.25300,94.86433,211.33,-1
30.25300,94.86617,213.68,-1
30.25300,94.86800,211.45,-1
30.25300,94.86983,212.39,-1
30.25300,94.87167,213.07,-1
30.25300,94.87350,215.41,-1
30.25300,94.87533,216.04,-1
30.25300,94.87717,216.16,-1
30.25300,94.87900,218.95,-1
30.25300,94.88083,219.46,-1
30.25300,94.88267,219.33,-1
30.25300,94.88450,219.18,-1
30.25300,94.88633,220.19,-1
30.25300,94.88817,220.76,-1
30.25300,94.89000,220.93,-1
30.25483,94.67000,213.86,-1
30.25483,94.67183,215.07,-1
30.25483,94.67367,213.12,-1
30.25483,94.67550,208.73,-1
30.25483,94.67733,207.19,-1
30.25483,94.67917,207.41,-1
30.25483,94.68100,211.81,-1
30.25483,94.68283,211.81,-1
30.25483,94.68467,211.93,-1
30.25483,94.68650,213.50,-1
30.25483,94.68833,214.11,-1
30.25483,94.69017,215.46,-1
30.25483,94.69200,216.54,-1
30.25483,94.69383,217.21,-1
30.25483,94.69567,217.93,-1
30.25483,94.69750,218.17,-1
30.25483,94.69933,219.05,-1
30.25483,94.70117,218.53,-1
30.25483,94.70300,219.34,-1
30.25483,94.70483,218.11,-1
30.25483,94.70667,198.00,-1
30.25483,94.70850,208.88,-1
30.25483,94.71033,210.13,-1
30.25483,94.71217,207.13,-1
30.25483,94.71400,214.44,-1
30.25483,94.71583,216.30,-1
30.25483,94.71767,207.86,-1
30.25483,94.71950,206.98,-1
30.25483,94.72133,205.20,-1
30.25483,94.72317,208.51,-1
30.25483,94.72500,210.98,-1
30.25483,94.72683,203.08,-1
30.25483,94.72867,220.36,-1
30.25483,94.73050,218.70,-1
30.25483,94.73233,215.63,-1
30.25483,94.73417,213.22,-1
30.25483,94.73600,208.90,-1
30.25483,94.73783,203.04,-1
30.25483,94.73967,200.00,-1
30.25483,94.74150,205.50,-1
30.25483,94.74333,210.00,-1
30.25483,94.74517,209.15,-1
30.25483,94.74700,209.24,-1
30.25483,94.74883,209.30,-1
30.25483,94.75067,208.86,-1
30.25483,94.75250,206.62,-1
30.25483,94.75433,205.99,-1
30.25483,94.75617,182.47,-1
30.25483,94.75800,202.71,-1
30.25483,94.75983,192.32,-1
30.25483,94.76167,193.38,-1
30.25483,94.76350,175.38,-1
30.25483,94.76533,192.35,-1
30.25483,94.76717,194.18,-1
30.25483,94.76900,195.42,-1
30.25483,94.77083,194.82,-1
30.25483,94.77267,195.00,-1
30.25483,94.77450,195.35,-1
30.25483,94.77633,192.73,-1
30.25483,94.77817,193.16,-1
30.25483,94.78000,194.55,-1
30.25483,94.78183,193.59,-1
30.25483,94.78367,192.50,-1
30.25483,94.78550,191.72,-1
30.25483,94.78733,193.39,-1
30.25483,94.78917,191.03,-1
30.25483,94.79100,189.01,-1
30.25483,94.79283,188.85,-1
30.25483,94.79467,186.90,-1
30.25483,94.79650,183.26,-1
30.25483,94.79833,180.72,-1
30.25483,94.80017,178.60,-1
30.25483,94.80200,175.82,-1
30.25483,94.80383,168.39,-1
30.25483,94.80567,147.15,10
30.25483,94.80750,143.58,9
30.25483,94.80933,115.37,7
30.25483,94.81117,145.55,9
30.25483,94.81300,142.35,8
30.25483,94.81483,143.37,9
30.25483,94.81667,137.89,7
30.25483,94.81850,146.07,10
30.25483,94.82033,151.18,11
30.25483,94.82217,129.38,7
30.25483,94.82400,137.52,7
30.25483,94.82583,144.35,9
30.25483,94.82767,162.27,-1
30.25483,94.82950,176.34,-1
30.25483,94.83133,179.06,-1
30.25483,94.83317,183.58,-1
30.25483,94.83500,186.63,-1
30.25483,94.83683,189.73,-1
30.25483,94.83867,189.15,-1
30.25483,94.84050,193.71,-1
30.25483,94.84233,197.87,-1
30.25483,94.84417,198.22,-1
30.25483,94.84600,198.57,-1
30.25483,94.84783,200.00,-1
30.25483,94.84967,202.83,-1
30.25483,94.85150,203.92,-1
30.25483,94.85333,204.53,-1
30.25483,94.85517,204.77,-1
30.25483,94.85700,206.44,-1
30.25483,94.85883,207.51,-1
30.25483,94.86067,209.96,-1
30.25483,94.86250,211.28,-1
30.25483,94.86433,209.60,-1
30.25483,94.86617,210.93,-1
30.25483,94.86800,213.03,-1
30.25483,94.86983,213.48,-1
30.25483,94.87167,215.74,-1
30.25483,94.87350,216.42,-1
30.25483,94.87533,216.45,-1
30.25483,94.87717,216.87,-1
30.25483,94.87900,217.65,-1
30.25483,94.88083,218.50,-1
30.25483,94.88267,219.76,-1
30.25483,94.88450,220.18,-1
30.25483,94.88633,220.73,-1
30.25483,94.88817,199.52,-1
30.25483,94.89000,202.44,-1
30.25667,94.67000,210.78,-1
30.25667,94.67183,211.42,-1
30.25667,94.67367,205.77,-1
30.25667,94.67550,213.40,-1
30.25667,94.67733,202.47,-1
30.25667,94.67917,207.10,-1
30.25667,94.68100,199.53,-1
30.25667,94.68283,212.45,-1
30.25667,94.68467,211.78,-1
30.25667,94.68650,211.66,-1
30.25667,94.68833,213.43,-1
30.25667,94.69017,214.02,-1
30.25667,94.69200,214.87,-1
30.25667,94.69383,216.02,-1
30.25667,94.69567,217.04,-1
30.25667,94.69750,218.12,-1
30.25667,94.69933,218.35,-1
30.25667,94.70117,219.67,-1
30.25667,94.70300,218.57,-1
30.25667,94.70483,219.32,-1
30.25667,94.70667,218.48,-1
30.25667,94.70850,206.52,-1
30.25667,94.71033,203.38,-1
30.25667,94.71217,210.37,-1
30.25667,94.71400,208.19,-1
30.25667,94.71583,208.30,-1
30.25667,94.71767,207.70,-1
30.25667,94.71950,203.87,-1
30.25667,94.72133,203.79,-1
30.25667,94.72317,207.29,-1
30.25667,94.72500,204.30,-1
30.25667,94.72683,198.87,-1
30.25667,94.72867,207.13,-1
30.25667,94.73050,194.47,-1
30.25667,94.73233,216.47,-1
30.25667,94.73417,213.97,-1
30.25667,94.73600,212.00,-1
30.25667,94.73783,210.09,-1
30.25667,94.73967,194.26,-1
30.25667,94.74150,204.70,-1
30.25667,94.74333,205.28,-1
30.25667,94.74517,210.92,-1
30.25667,94.74700,209.52,-1
30.25667,94.74883,210.35,-1
30.25667,94.75067,209.83,-1
30.25667,94.75250,207.97,-1
30.25667,94.75433,207.08,-1
30.25667,94.75617,183.22,-1
30.25667,94.75800,204.09,-1
30.25667,94.75983,194.45,-1
30.25667,94.76167,194.65,-1
30.25667,94.76350,176.21,-1
30.25667,94.76533,194.06,-1
30.25667,94.76717,196.87,-1
30.25667,94.76900,198.08,-1
30.25667,94.77083,198.30,-1
30.25667,94.77267,198.76,-1
30.25667,94.77450,197.92,-1
30.25667,94.77633,196.96,-1
30.25667,94.77817,195.05,-1
30.25667,94.78000,196.81,-1
30.25667,94.78183,196.01,-1
30.25667,94.78367,194.59,-1
30.25667,94.78550,193.81,-1
30.25667,94.78733,194.69,-1
30.25667,94.78917,191.49,-1
30.25667,94.79100,188.65,-1
30.25667,94.79283,189.52,-1
30.25667,94.79467,187.91,-1
30.25667,94.79650,184.17,-1
30.25667,94.79833,182.05,-1
30.25667,94.80017,178.93,-1
30.25667,94.80200,176.96,-1
30.25667,94.80383,167.65,-1
30.25667,94.80567,148.37,10
30.25667,94.80750,140.68,8
30.25667,94.80933,135.70,7
30.25667,94.81117,152.90,12
30.25667,94.81300,139.91,7
30.25667,94.81483,140.94,8
30.25667,94.81667,142.81,8
30.25667,94.81850,145.82,9
30.25667,94.82033,134.04,7
30.25667,94.82217,132.41,7
30.25667,94.82400,139.82,7
30.25667,94.82583,151.65,12
30.25667,94.82767,172.06,-1
30.25667,94.82950,178.55,-1
30.25667,94.83133,182.99,-1
30.25667,94.83317,186.03,-1
30.25667,94.83500,189.24,-1
30.25667,94.83683,189.18,-1
30.25667,94.83867,193.25,-1
30.25667,94.84050,197.76,-1
30.25667,94.84233,199.35,-1
30.25667,94.84417,199.18,-1
30.25667,94.84600,200.51,-1
30.25667,94.84783,203.02,-1
30.25667,94.84967,203.48,-1
30.25667,94.85150,204.54,-1
30.25667,94.85333,204.77,-1
30.25667,94.85517,206.09,-1
30.25667,94.85700,207.43,-1
30.25667,94.85883,210.05,-1
30.25667,94.86067,208.52,-1
30.25667,94.86250,210.48,-1
30.25667,94.86433,211.41,-1
30.25667,94.86617,213.71,-1
30.25667,94.86800,213.99,-1
30.25667,94.86983,216.08,-1
30.25667,94.87167,216.62,-1
30.25667,94.87350,216.83,-1
30.25667,94.87533,217.28,-1
30.25667,94.87717,217.92,-1
30.25667,94.87900,218.35,-1
30.25667,94.88083,219.48,-1
30.25667,94.88267,220.52,-1
30.25667,94.88450,220.44,-1
30.25667,94.88633,220.77,-1
30.25667,94.88817,220.48,-1
30.25667,94.89000,221.10,-1
30.25850,94.67000,216.17,-1
30.25850,94.67183,207.11,-1
30.25850,94.67367,216.36,-1
30.25850,94.67550,217.46,-1
30.25850,94.67733,218.70,-1
30.25850,94.67917,214.00,-1
30.25850,94.68100,216.41,-1
30.25850,94.68283,198.29,-1
30.25850,94.68467,216.84,-1
30.25850,94.68650,211.23,-1
30.25850,94.68833,211.41,-1
30.25850,94.69017,212.98,-1
30.25850,94.69200,186.73,-1
30.25850,94.69383,198.62,-1
30.25850,94.69567,187.16,-1
30.25850,94.69750,217.26,-1
30.25850,94.69933,218.30,-1
30.25850,94.70117,218.55,-1
30.25850,94.70300,219.97,-1
30.25850,94.70483,218.61,-1
30.25850,94.70667,194.26,-1
30.25850,94.70850,218.89,-1
30.25850,94.71033,196.79,-1
30.25850,94.71217,204.50,-1
30.25850,94.71400,207.81,-1
30.25850,94.71583,207.81,-1
30.25850,94.71767,203.64,-1
30.25850,94.71950,209.02,-1
30.25850,94.72133,205.70,-1
30.25850,94.72317,208.14,-1
30.25850,94.72500,198.85,-1
30.25850,94.72683,224.15,-1
30.25850,94.72867,222.81,-1
30.25850,94.73050,221.80,-1
30.25850,94.73233,217.42,-1
30.25850,94.73417,211.65,-1
30.25850,94.73600,213.41,-1
30.25850,94.73783,215.06,-1
30.25850,94.73967,212.36,-1
30.25850,94.74150,207.60,-1
30.25850,94.74333,210.17,-1
30.25850,94.74517,201.94,-1
30.25850,94.74700,210.07,-1
30.25850,94.74883,211.42,-1
30.25850,94.75067,210.77,-1
30.25850,94.75250,209.24,-1
30.25850,94.75433,208.05,-1
30.25850,94.75617,206.53,-1
30.25850,94.75800,205.41,-1
30.25850,94.75983,200.34,-1
30.25850,94.76167,198.03,-1
30.25850,94.76350,195.19,-1
30.25850,94.76533,171.99,-1
30.25850,94.76717,183.77,-1
30.25850,94.76900,200.36,-1
30.25850,94.77083,200.23,-1
30.25850,94.77267,200.75,-1
30.25850,94.77450,200.39,-1
30.25850,94.77633,198.46,-1
30.25850,94.77817,197.47,-1
30.25850,94.78000,198.56,-1
30.25850,94.78183,198.34,-1
30.25850,94.78367,196.39,-1
30.25850,94.78550,195.55,-1
30.25850,94.78733,194.89,-1
30.25850,94.78917,191.45,-1
30.25850,94.79100,189.14,-1
30.25850,94.79283,189.78,-1
30.25850,94.79467,188.35,-1
30.25850,94.79650,185.60,-1
30.25850,94.79833,183.47,-1
30.25850,94.80017,179.31,-1
30.25850,94.80200,177.82,-1
30.25850,94.80383,167.29,-1
30.25850,94.80567,150.36,11
30.25850,94.80750,137.17,7
30.25850,94.80933,140.16,8
30.25850,94.81117,142.77,8
30.25850,94.81300,149.03,11
30.25850,94.81483,136.39,7
30.25850,94.81667,152.11,12
30.25850,94.81850,146.57,10
30.25850,94.82033,133.34,7
30.25850,94.82217,141.29,8
30.25850,94.82400,150.88,11
30.25850,94.82583,164.30,-1
30.25850,94.82767,177.70,-1
30.25850,94.82950,181.72,-1
30.25850,94.83133,185.26,-1
30.25850,94.83317,188.65,-1
30.25850,94.83500,187.80,-1
30.25850,94.83683,192.88,-1
30.25850,94.83867,197.48,-1
30.25850,94.84050,199.64,-1
30.25850,94.84233,199.90,-1
30.25850,94.84417,200.85,-1
30.25850,94.84600,200.75,-1
30.25850,94.84783,203.38,-1
30.25850,94.84967,204.02,-1
30.25850,94.85150,204.68,-1
30.25850,94.85333,206.19,-1
30.25850,94.85517,207.15,-1
30.25850,94.85700,209.65,-1
30.25850,94.85883,209.77,-1
30.25850,94.86067,211.15,-1
30.25850,94.86250,212.83,-1
30.25850,94.86433,213.87,-1
30.25850,94.86617,214.43,-1
30.25850,94.86800,215.46,-1
30.25850,94.86983,215.99,-1
30.25850,94.87167,217.25,-1
30.25850,94.87350,217.92,-1
30.25850,94.87533,217.69,-1
30.25850,94.87717,218.88,-1
30.25850,94.87900,219.47,-1
30.25850,94.88083,220.62,-1
30.25850,94.88267,219.82,-1
30.25850,94.88450,216.89,-1
30.25850,94.88633,213.44,-1
30.25850,94.88817,220.20,-1
30.25850,94.89000,220.30,-1
30.26033,94.67000,218.63,-1
30.26033,94.67183,217.38,-1
30.26033,94.67367,219.22,-1
30.26033,94.67550,216.19,-1
30.26033,94.67733,214.37,-1
30.26033,94.67917,201.73,-1
30.26033,94.68100,216.62,-1
30.26033,94.68283,216.72,-1
30.26033,94.68467,201.90,-1
30.26033,94.68650,217.05,-1
30.26033,94.68833,212.50,-1
30.26033,94.69017,199.85,-1
30.26033,94.69200,212.69,-1
30.26033,94.69383,200.19,-1
30.26033,94.69567,195.74,-1
30.26033,94.69750,216.39,-1
30.26033,94.69933,217.51,-1
30.26033,94.70117,218.55,-1
30.26033,94.70300,218.72,-1
30.26033,94.70483,220.11,-1
30.26033,94.70667,218.75,-1
30.26033,94.70850,219.71,-1
30.26033,94.71033,219.22,-1
30.26033,94.71217,220.13,-1
30.26033,94.71400,219.93,-1
30.26033,94.71583,203.88,-1
30.26033,94.71767,199.19,-1
30.26033,94.71950,207.01,-1
30.26033,94.72133,207.57,-1
30.26033,94.72317,222.50,-1
30.26033,94.72500,222.44,-1
30.26033,94.72683,223.59,-1
30.26033,94.72867,224.15,-1
30.26033,94.73050,221.79,-1
30.26033,94.73233,219.49,-1
30.26033,94.73417,210.00,-1
30.26033,94.73600,212.86,-1
30.26033,94.73783,211.18,-1
30.26033,94.73967,216.24,-1
30.26033,94.74150,202.68,-1
30.26033,94.74333,199.39,-1
30.26033,94.74517,213.25,-1
30.26033,94.74700,211.69,-1
30.26033,94.74883,211.12,-1
30.26033,94.75067,211.91,-1
30.26033,94.75250,211.46,-1
30.26033,94.75433,209.18,-1
30.26033,94.75617,208.11,-1
30.26033,94.75800,206.26,-1
30.26033,94.75983,201.86,-1
30.26033,94.76167,200.29,-1
30.26033,94.76350,199.11,-1
30.26033,94.76533,194.43,-1
30.26033,94.76717,196.00,-1
30.26033,94.76900,200.18,-1
30.26033,94.77083,188.22,-1
30.26033,94.77267,202.95,-1
30.26033,94.77450,202.82,-1
30.26033,94.77633,201.38,-1
30.26033,94.77817,201.18,-1
30.26033,94.78000,201.43,-1
30.26033,94.78183,199.51,-1
30.26033,94.78367,198.09,-1
30.26033,94.78550,196.54,-1
30.26033,94.78733,195.05,-1
30.26033,94.78917,191.98,-1
30.26033,94.79100,189.53,-1
30.26033,94.79283,190.22,-1
30.26033,94.79467,188.63,-1
30.26033,94.79650,186.32,-1
30.26033,94.79833,184.22,-1
30.26033,94.80017,180.02,-1
30.26033,94.80200,176.20,-1
30.26033,94.80383,153.22,12
30.26033,94.80567,161.69,-1
30.26033,94.80750,135.56,7
30.26033,94.80933,151.87,12
30.26033,94.81117,164.70,-1
30.26033,94.81300,140.18,8
30.26033,94.81483,142.58,8
30.26033,94.81667,152.22,12
30.26033,94.81850,137.36,7
30.26033,94.82033,138.25,7
30.26033,94.82217,144.42,9
30.26033,94.82400,158.83,-1
30.26033,94.82583,176.74,-1
30.26033,94.82767,181.64,-1
30.26033,94.82950,183.64,-1
30.26033,94.83133,186.92,-1
30.26033,94.83317,187.41,-1
30.26033,94.83500,192.96,-1
30.26033,94.83683,197.80,-1
30.26033,94.83867,200.36,-1
30.26033,94.84050,200.49,-1
30.26033,94.84233,200.03,-1
30.26033,94.84417,200.97,-1
30.26033,94.84600,203.23,-1
30.26033,94.84783,203.47,-1
30.26033,94.84967,204.41,-1
30.26033,94.85150,205.93,-1
30.26033,94.85333,207.00,-1
30.26033,94.85517,204.87,-1
30.26033,94.85700,209.47,-1
30.26033,94.85883,211.84,-1
30.26033,94.86067,213.59,-1
30.26033,94.86250,214.25,-1
30.26033,94.86433,214.24,-1
30.26033,94.86617,215.25,-1
30.26033,94.86800,216.12,-1
30.26033,94.86983,217.45,-1
30.26033,94.87167,218.07,-1
30.26033,94.87350,218.02,-1
30.26033,94.87533,218.75,-1
30.26033,94.87717,219.23,-1
30.26033,94.87900,217.87,-1
30.26033,94.88083,197.60,-1
30.26033,94.88267,211.50,-1
30.26033,94.88450,215.62,-1
30.26033,94.88633,217.39,-1
30.26033,94.88817,219.18,-1
30.26033,94.89000,221.07,-1
30.26217,94.67000,216.19,-1
30.26217,94.67183,209.10,-1
30.26217,94.67367,214.66,-1
30.26217,94.67550,202.98,-1
30.26217,94.67733,206.44,-1
30.26217,94.67917,195.63,-1
30.26217,94.68100,215.94,-1
30.26217,94.68283,216.12,-1
30.26217,94.68467,216.78,-1
30.26217,94.68650,217.01,-1
30.26217,94.68833,217.29,-1
30.26217,94.69017,212.72,-1
30.26217,94.69200,198.86,-1
30.26217,94.69383,212.70,-1
30.26217,94.69567,214.42,-1
30.26217,94.69750,215.08,-1
30.26217,94.69933,195.84,-1
30.26217,94.70117,194.43,-1
30.26217,94.70300,218.72,-1
30.26217,94.70483,219.09,-1
30.26217,94.70667,220.36,-1
30.26217,94.70850,218.92,-1
30.26217,94.71033,219.93,-1
30.26217,94.71217,219.37,-1
30.26217,94.71400,220.26,-1
30.26217,94.71583,220.36,-1
30.26217,94.71767,220.88,-1
30.26217,94.71950,200.21,-1
30.26217,94.72133,204.88,-1
30.26217,94.72317,222.77,-1
30.26217,94.72500,222.75,-1
30.26217,94.72683,223.03,-1
30.26217,94.72867,223.84,-1
30.26217,94.73050,198.37,-1
30.26217,94.73233,220.37,-1
30.26217,94.73417,216.52,-1
30.26217,94.73600,211.14,-1
30.26217,94.73783,204.73,-1
30.26217,94.73967,213.32,-1
30.26217,94.74150,217.72,-1
30.26217,94.74333,213.42,-1
30.26217,94.74517,213.56,-1
30.26217,94.74700,212.20,-1
30.26217,94.74883,211.68,-1
30.26217,94.75067,212.63,-1
30.26217,94.75250,212.33,-1
30.26217,94.75433,210.57,-1
30.26217,94.75617,209.14,-1
30.26217,94.75800,207.46,-1
30.26217,94.75983,206.73,-1
30.26217,94.76167,199.96,-1
30.26217,94.76350,201.42,-1
30.26217,94.76533,197.47,-1
30.26217,94.76717,197.73,-1
30.26217,94.76900,201.43,-1
30.26217,94.77083,202.52,-1
30.26217,94.77267,203.94,-1
30.26217,94.77450,205.16,-1
30.26217,94.77633,204.33,-1
30.26217,94.77817,203.51,-1
30.26217,94.78000,203.55,-1
30.26217,94.78183,201.44,-1
30.26217,94.78367,199.92,-1
30.26217,94.78550,197.59,-1
30.26217,94.78733,194.38,-1
30.26217,94.78917,192.57,-1
30.26217,94.79100,192.13,-1
30.26217,94.79283,190.67,-1
30.26217,94.79467,188.01,-1
30.26217,94.79650,186.37,-1
30.26217,94.79833,183.32,-1
30.26217,94.80017,181.50,-1
30.26217,94.80200,175.40,-1
30.26217,94.80383,157.05,-1
30.26217,94.80567,150.22,11
30.26217,94.80750,145.41,9
30.26217,94.80933,154.90,-1
30.26217,94.81117,144.54,9
30.26217,94.81300,144.25,9
30.26217,94.81483,144.03,9
30.26217,94.81667,150.43,11
30.26217,94.81850,140.99,8
30.26217,94.82033,145.77,9
30.26217,94.82217,151.10,11
30.26217,94.82400,171.38,-1
30.26217,94.82583,178.32,-1
30.26217,94.82767,183.28,-1
30.26217,94.82950,176.93,-1
30.26217,94.83133,185.22,-1
30.26217,94.83317,192.48,-1
30.26217,94.83500,197.51,-1
30.26217,94.83683,201.22,-1
30.26217,94.83867,201.83,-1
30.26217,94.84050,200.68,-1
30.26217,94.84233,201.81,-1
30.26217,94.84417,200.48,-1
30.26217,94.84600,203.60,-1
30.26217,94.84783,204.32,-1
30.26217,94.84967,205.57,-1
30.26217,94.85150,205.40,-1
30.26217,94.85333,206.28,-1
30.26217,94.85517,210.29,-1
30.26217,94.85700,212.91,-1
30.26217,94.85883,214.53,-1
30.26217,94.86067,215.04,-1
30.26217,94.86250,214.88,-1
30.26217,94.86433,215.09,-1
30.26217,94.86617,216.14,-1
30.26217,94.86800,217.23,-1
30.26217,94.86983,216.60,-1
30.26217,94.87167,217.84,-1
30.26217,94.87350,217.82,-1
30.26217,94.87533,210.34,-1
30.26217,94.87717,210.03,-1
30.26217,94.87900,216.20,-1
30.26217,94.88083,216.26,-1
30.26217,94.88267,221.69,-1
30.26217,94.88450,220.23,-1
30.26217,94.88633,219.78,-1
30.26217,94.88817,221.52,-1
30.26217,94.89000,219.70,-1
30.26400,94.67000,211.97,-1
30.26400,94.67183,214.21,-1
30.26400,94.67367,216.66,-1
30.26400,94.67550,213.41,-1
30.26400,94.67733,208.41,-1
30.26400,94.67917,217.91,-1
30.26400,94.68100,216.54,-1
30.26400,94.68283,215.78,-1
30.26400,94.68467,215.52,-1
30.26400,94.68650,216.95,-1
30.26400,94.68833,202.59,-1
30.26400,94.69017,217.50,-1
30.26400,94.69200,196.06,-1
30.26400,94.69383,199.56,-1
30.26400,94.69567,197.00,-1
30.26400,94.69750,195.64,-1
30.26400,94.69933,197.35,-1
30.26400,94.70117,216.71,-1
30.26400,94.70300,217.83,-1
30.26400,94.70483,195.78,-1
30.26400,94.70667,219.41,-1
30.26400,94.70850,220.52,-1
30.26400,94.71033,219.16,-1
30.26400,94.71217,220.12,-1
30.26400,94.71400,205.06,-1
30.26400,94.71583,220.63,-1
30.26400,94.71767,220.58,-1
30.26400,94.71950,192.30,-1
30.26400,94.72133,221.87,-1
30.26400,94.72317,223.49,-1
30.26400,94.72500,223.19,-1
30.26400,94.72683,223.28,-1
30.26400,94.72867,223.15,-1
30.26400,94.73050,223.29,-1
30.26400,94.73233,214.92,-1
30.26400,94.73417,211.73,-1
30.26400,94.73600,216.82,-1
30.26400,94.73783,203.47,-1
30.26400,94.73967,202.26,-1
30.26400,94.74150,200.84,-1
30.26400,94.74333,198.63,-1
30.26400,94.74517,213.77,-1
30.26400,94.74700,214.87,-1
30.26400,94.74883,213.40,-1
30.26400,94.75067,213.22,-1
30.26400,94.75250,212.93,-1
30.26400,94.75433,212.57,-1
30.26400,94.75617,210.41,-1
30.26400,94.75800,208.64,-1
30.26400,94.75983,208.11,-1
30.26400,94.76167,201.69,-1
30.26400,94.76350,203.21,-1
30.26400,94.76533,199.65,-1
30.26400,94.76717,199.00,-1
30.26400,94.76900,202.16,-1
30.26400,94.77083,204.53,-1
30.26400,94.77267,205.07,-1
30.26400,94.77450,206.45,-1
30.26400,94.77633,206.21,-1
30.26400,94.77817,205.12,-1
30.26400,94.78000,204.97,-1
30.26400,94.78183,202.78,-1
30.26400,94.78367,200.09,-1
30.26400,94.78550,198.21,-1
30.26400,94.78733,194.80,-1
30.26400,94.78917,192.89,-1
30.26400,94.79100,193.06,-1
30.26400,94.79283,191.28,-1
30.26400,94.79467,188.72,-1
30.26400,94.79650,185.85,-1
30.26400,94.79833,184.19,-1
30.26400,94.80017,183.15,-1
30.26400,94.80200,175.58,-1
30.26400,94.80383,160.91,-1
30.26400,94.80567,145.57,9
30.26400,94.80750,154.54,-1
30.26400,94.80933,151.90,12
30.26400,94.81117,148.51,10
30.26400,94.81300,150.45,11
30.26400,94.81483,148.12,10
30.26400,94.81667,140.44,8
30.26400,94.81850,138.99,7
30.26400,94.82033,145.14,9
30.26400,94.82217,166.62,-1
30.26400,94.82400,178.62,-1
30.26400,94.82583,182.37,-1
30.26400,94.82767,185.72,-1
30.26400,94.82950,182.84,-1
30.26400,94.83133,194.83,-1
30.26400,94.83317,199.53,-1
30.26400,94.83500,203.01,-1
30.26400,94.83683,203.88,-1
30.26400,94.83867,202.76,-1
30.26400,94.84050,202.13,-1
30.26400,94.84233,201.12,-1
30.26400,94.84417,202.75,-1
30.26400,94.84600,203.85,-1
30.26400,94.84783,205.18,-1
30.26400,94.84967,204.30,-1
30.26400,94.85150,208.92,-1
30.26400,94.85333,213.58,-1
30.26400,94.85517,214.81,-1
30.26400,94.85700,215.65,-1
30.26400,94.85883,215.78,-1
30.26400,94.86067,213.88,-1
30.26400,94.86250,209.94,-1
30.26400,94.86433,213.38,-1
30.26400,94.86617,212.54,-1
30.26400,94.86800,208.49,-1
30.26400,94.86983,201.56,-1
30.26400,94.87167,216.64,-1
30.26400,94.87350,212.96,-1
30.26400,94.87533,211.71,-1
30.26400,94.87717,213.66,-1
30.26400,94.87900,205.52,-1
30.26400,94.88083,204.84,-1
30.26400,94.88267,216.25,-1
30.26400,94.88450,213.56,-1
30.26400,94.88633,222.11,-1
30.26400,94.88817,223.83,-1
30.26400,94.89000,220.84,-1
30.26583,94.67000,221.28,-1
30.26583,94.67183,218.48,-1
30.26583,94.67367,217.19,-1
30.26583,94.67550,209.51,-1
30.26583,94.67733,208.38,-1
30.26583,94.67917,218.73,-1
30.26583,94.68100,217.83,-1
30.26583,94.68283,216.63,-1
30.26583,94.68467,201.73,-1
30.26583,94.68650,215.79,-1
30.26583,94.68833,215.85,-1
30.26583,94.69017,217.33,-1
30.26583,94.69200,217.46,-1
30.26583,94.69383,217.87,-1
30.26583,94.69567,188.92,-1
30.26583,94.69750,191.87,-1
30.26583,94.69933,214.82,-1
30.26583,94.70117,215.62,-1
30.26583,94.70300,216.34,-1
30.26583,94.70483,217.53,-1
30.26583,94.70667,219.28,-1
30.26583,94.70850,190.29,-1
30.26583,94.71033,220.74,-1
30.26583,94.71217,219.45,-1
30.26583,94.71400,220.50,-1
30.26583,94.71583,220.04,-1
30.26583,94.71767,201.14,-1
30.26583,94.71950,220.98,-1
30.26583,94.72133,221.39,-1
30.26583,94.72317,222.66,-1
30.26583,94.72500,223.33,-1
30.26583,94.72683,223.34,-1
30.26583,94.72867,223.65,-1
30.26583,94.73050,222.49,-1
30.26583,94.73233,211.63,-1
30.26583,94.73417,222.65,-1
30.26583,94.73600,209.50,-1
30.26583,94.73783,210.65,-1
30.26583,94.73967,194.75,-1
30.26583,94.74150,218.68,-1
30.26583,94.74333,193.60,-1
30.26583,94.74517,214.64,-1
30.26583,94.74700,214.90,-1
30.26583,94.74883,214.05,-1
30.26583,94.75067,213.84,-1
30.26583,94.75250,213.34,-1
30.26583,94.75433,213.58,-1
30.26583,94.75617,211.53,-1
30.26583,94.75800,210.68,-1
30.26583,94.75983,209.26,-1
30.26583,94.76167,205.79,-1
30.26583,94.76350,205.70,-1
30.26583,94.76533,201.85,-1
30.26583,94.76717,200.40,-1
30.26583,94.76900,203.67,-1
30.26583,94.77083,183.04,-1
30.26583,94.77267,207.07,-1
30.26583,94.77450,208.58,-1
30.26583,94.77633,208.40,-1
30.26583,94.77817,206.44,-1
30.26583,94.78000,205.84,-1
30.26583,94.78183,203.36,-1
30.26583,94.78367,200.19,-1
30.26583,94.78550,199.11,-1
30.26583,94.78733,195.60,-1
30.26583,94.78917,193.32,-1
30.26583,94.79100,193.86,-1
30.26583,94.79283,192.02,-1
30.26583,94.79467,188.47,-1
30.26583,94.79650,187.44,-1
30.26583,94.79833,187.72,-1
30.26583,94.80017,181.98,-1
30.26583,94.80200,161.02,-1
30.26583,94.80383,160.18,-1
30.26583,94.80567,147.72,10
30.26583,94.80750,151.03,11
30.26583,94.80933,145.05,9
30.26583,94.81117,147.87,10
30.26583,94.81300,150.76,11
30.26583,94.81483,145.27,9
30.26583,94.81667,148.45,10
30.26583,94.81850,149.95,11
30.26583,94.82033,157.84,-1
30.26583,94.82217,176.75,-1
30.26583,94.82400,181.21,-1
30.26583,94.82583,184.87,-1
30.26583,94.82767,188.29,-1
30.26583,94.82950,185.82,-1
30.26583,94.83133,194.82,-1
30.26583,94.83317,198.19,-1
30.26583,94.83500,204.29,-1
30.26583,94.83683,204.74,-1
30.26583,94.83867,202.85,-1
30.26583,94.84050,202.26,-1
30.26583,94.84233,202.45,-1
30.26583,94.84417,203.99,-1
30.26583,94.84600,202.81,-1
30.26583,94.84783,202.34,-1
30.26583,94.84967,210.84,-1
30.26583,94.85150,214.69,-1
30.26583,94.85333,215.69,-1
30.26583,94.85517,215.90,-1
30.26583,94.85700,211.52,-1
30.26583,94.85883,206.00,-1
30.26583,94.86067,210.68,-1
30.26583,94.86250,213.49,-1
30.26583,94.86433,214.79,-1
30.26583,94.86617,215.52,-1
30.26583,94.86800,204.40,-1
30.26583,94.86983,207.50,-1
30.26583,94.87167,199.43,-1
30.26583,94.87350,206.96,-1
30.26583,94.87533,214.00,-1
30.26583,94.87717,216.34,-1
30.26583,94.87900,217.23,-1
30.26583,94.88083,202.70,-1
30.26583,94.88267,214.28,-1
30.26583,94.88450,208.47,-1
30.26583,94.88633,214.10,-1
30.26583,94.88817,224.84,-1
30.26583,94.89000,221.96,-1
30.26767,94.67000,225.05,-1
30.26767,94.67183,213.54,-1
30.26767,94.67367,209.86,-1
30.26767,94.67550,207.80,-1
30.26767,94.67733,199.73,-1
30.26767,94.67917,219.20,-1
30.26767,94.68100,218.89,-1
30.26767,94.68283,218.03,-1
30.26767,94.68467,202.89,-1
30.26767,94.68650,203.04,-1
30.26767,94.68833,194.48,-1
30.26767,94.69017,215.93,-1
30.26767,94.69200,217.66,-1
30.26767,94.69383,217.82,-1
30.26767,94.69567,218.24,-1
30.26767,94.69750,185.42,-1
30.26767,94.69933,213.85,-1
30.26767,94.70117,215.01,-1
30.26767,94.70300,215.97,-1
30.26767,94.70483,216.69,-1
30.26767,94.70667,218.13,-1
30.26767,94.70850,219.38,-1
30.26767,94.71033,219.79,-1
30.26767,94.71217,194.42,-1
30.26767,94.71400,219.76,-1
30.26767,94.71583,196.79,-1
30.26767,94.71767,220.32,-1
30.26767,94.71950,198.43,-1
30.26767,94.72133,221.72,-1
30.26767,94.72317,221.71,-1
30.26767,94.72500,223.57,-1
30.26767,94.72683,223.27,-1
30.26767,94.72867,223.43,-1
30.26767,94.73050,223.12,-1
30.26767,94.73233,223.37,-1
30.26767,94.73417,221.51,-1
30.26767,94.73600,219.25,-1
30.26767,94.73783,200.84,-1
30.26767,94.73967,205.85,-1
30.26767,94.74150,209.80,-1
30.26767,94.74333,218.50,-1
30.26767,94.74517,217.07,-1
30.26767,94.74700,215.45,-1
30.26767,94.74883,216.22,-1
30.26767,94.75067,214.20,-1
30.26767,94.75250,214.80,-1
30.26767,94.75433,214.06,-1
30.26767,94.75617,212.60,-1
30.26767,94.75800,211.29,-1
30.26767,94.75983,210.08,-1
30.26767,94.76167,209.34,-1
30.26767,94.76350,207.67,-1
30.26767,94.76533,205.81,-1
30.26767,94.76717,202.99,-1
30.26767,94.76900,203.63,-1
30.26767,94.77083,207.00,-1
30.26767,94.77267,209.14,-1
30.26767,94.77450,209.40,-1
30.26767,94.77633,209.35,-1
30.26767,94.77817,207.45,-1
30.26767,94.78000,206.47,-1
30.26767,94.78183,203.86,-1
30.26767,94.78367,201.52,-1
30.26767,94.78550,197.84,-1
30.26767,94.78733,196.31,-1
30.26767,94.78917,193.95,-1
30.26767,94.79100,194.79,-1
30.26767,94.79283,191.12,-1
30.26767,94.79467,188.46,-1
30.26767,94.79650,181.38,-1
30.26767,94.79833,192.93,-1
30.26767,94.80017,183.29,-1
30.26767,94.80200,163.87,-1
30.26767,94.80383,145.30,9
30.26767,94.80567,150.11,11
30.26767,94.80750,151.98,12
30.26767,94.80933,151.33,11
30.26767,94.81117,152.57,12
30.26767,94.81300,150.82,11
30.26767,94.81483,131.37,7
30.26767,94.81667,140.57,8
30.26767,94.81850,150.77,11
30.26767,94.82033,173.54,-1
30.26767,94.82217,179.19,-1
30.26767,94.82400,184.07,-1
30.26767,94.82583,187.49,-1
30.26767,94.82767,187.72,-1
30.26767,94.82950,189.09,-1
30.26767,94.83133,192.65,-1
30.26767,94.83317,190.44,-1
30.26767,94.83500,201.36,-1
30.26767,94.83683,202.81,-1
30.26767,94.83867,204.83,-1
30.26767,94.84050,197.90,-1
30.26767,94.84233,203.90,-1
30.26767,94.84417,192.44,-1
30.26767,94.84600,199.57,-1
30.26767,94.84783,206.56,-1
30.26767,94.84967,211.19,-1
30.26767,94.85150,212.71,-1
30.26767,94.85333,213.20,-1
30.26767,94.85517,211.97,-1
30.26767,94.85700,212.16,-1
30.26767,94.85883,212.03,-1
30.26767,94.86067,205.82,-1
30.26767,94.86250,214.46,-1
30.26767,94.86433,212.95,-1
30.26767,94.86617,217.29,-1
30.26767,94.86800,202.83,-1
30.26767,94.86983,206.10,-1
30.26767,94.87167,209.22,-1
30.26767,94.87350,205.76,-1
30.26767,94.87533,214.10,-1
30.26767,94.87717,217.33,-1
30.26767,94.87900,217.54,-1
30.26767,94.88083,216.32,-1
30.26767,94.88267,215.75,-1
30.26767,94.88450,219.32,-1
30.26767,94.88633,219.95,-1
30.26767,94.88817,221.91,-1
30.26767,94.89000,225.84,-1
30.26950,94.67000,208.24,-1
30.26950,94.67183,197.11,-1
30.26950,94.67367,217.96,-1
30.26950,94.67550,199.33,-1
30.26950,94.67733,219.57,-1
30.26950,94.67917,219.84,-1
30.26950,94.68100,219.41,-1
30.26950,94.68283,219.19,-1
30.26950,94.68467,203.41,-1
30.26950,94.68650,204.57,-1
30.26950,94.68833,217.50,-1
30.26950,94.69017,215.88,-1
30.26950,94.69200,202.82,-1
30.26950,94.69383,217.53,-1
30.26950,94.69567,217.92,-1
30.26950,94.69750,218.53,-1
30.26950,94.69933,213.61,-1
30.26950,94.70117,214.15,-1
30.26950,94.70300,214.69,-1
30.26950,94.70483,199.72,-1
30.26950,94.70667,197.93,-1
30.26950,94.70850,218.36,-1
30.26950,94.71033,193.46,-1
30.26950,94.71217,219.96,-1
30.26950,94.71400,219.64,-1
30.26950,94.71583,220.01,-1
30.26950,94.71767,219.70,-1
30.26950,94.71950,220.70,-1
30.26950,94.72133,221.73,-1
30.26950,94.72317,221.80,-1
30.26950,94.72500,222.20,-1
30.26950,94.72683,223.42,-1
30.26950,94.72867,223.14,-1
30.26950,94.73050,222.93,-1
30.26950,94.73233,212.37,-1
30.26950,94.73417,221.88,-1
30.26950,94.73600,209.66,-1
30.26950,94.73783,202.91,-1
30.26950,94.73967,202.41,-1
30.26950,94.74150,205.26,-1
30.26950,94.74333,201.29,-1
30.26950,94.74517,218.75,-1
30.26950,94.74700,216.26,-1
30.26950,94.74883,216.42,-1
30.26950,94.75067,215.68,-1
30.26950,94.75250,215.05,-1
30.26950,94.75433,214.42,-1
30.26950,94.75617,214.05,-1
30.26950,94.75800,211.97,-1
30.26950,94.75983,210.70,-1
30.26950,94.76167,210.43,-1
30.26950,94.76350,205.41,-1
30.26950,94.76533,207.94,-1
30.26950,94.76717,204.89,-1
30.26950,94.76900,206.65,-1
30.26950,94.77083,208.94,-1
30.26950,94.77267,210.51,-1
30.26950,94.77450,210.42,-1
30.26950,94.77633,209.93,-1
30.26950,94.77817,207.74,-1
30.26950,94.78000,206.91,-1
30.26950,94.78183,204.42,-1
30.26950,94.78367,201.95,-1
30.26950,94.78550,198.76,-1
30.26950,94.78733,196.62,-1
30.26950,94.78917,194.07,-1
30.26950,94.79100,195.22,-1
30.26950,94.79283,191.77,-1
30.26950,94.79467,188.41,-1
30.26950,94.79650,185.97,-1
30.26950,94.79833,183.85,-1
30.26950,94.80017,187.29,-1
30.26950,94.80200,166.71,-1
30.26950,94.80383,145.90,9
30.26950,94.80567,156.92,-1
30.26950,94.80750,148.81,10
30.26950,94.80933,148.65,10
30.26950,94.81117,154.96,-1
30.26950,94.81300,151.07,11
30.26950,94.81483,135.23,7
30.26950,94.81667,144.95,9
30.26950,94.81850,166.62,-1
30.26950,94.82033,178.69,-1
30.26950,94.82217,183.34,-1
30.26950,94.82400,186.89,-1
30.26950,94.82583,189.70,-1
30.26950,94.82767,189.80,-1
30.26950,94.82950,185.45,-1
30.26950,94.83133,189.80,-1
30.26950,94.83317,184.82,-1
30.26950,94.83500,190.14,-1
30.26950,94.83683,201.03,-1
30.26950,94.83867,206.91,-1
30.26950,94.84050,203.64,-1
30.26950,94.84233,190.79,-1
30.26950,94.84417,200.35,-1
30.26950,94.84600,194.81,-1
30.26950,94.84783,205.68,-1
30.26950,94.84967,206.26,-1
30.26950,94.85150,200.85,-1
30.26950,94.85333,207.13,-1
30.26950,94.85517,206.71,-1
30.26950,94.85700,204.16,-1
30.26950,94.85883,207.06,-1
30.26950,94.86067,202.56,-1
30.26950,94.86250,219.43,-1
30.26950,94.86433,218.43,-1
30.26950,94.86617,219.04,-1
30.26950,94.86800,197.31,-1
30.26950,94.86983,202.93,-1
30.26950,94.87167,207.97,-1
30.26950,94.87350,206.76,-1
30.26950,94.87533,216.48,-1
30.26950,94.87717,219.59,-1
30.26950,94.87900,218.12,-1
30.26950,94.88083,218.27,-1
30.26950,94.88267,215.05,-1
30.26950,94.88450,214.97,-1
30.26950,94.88633,218.11,-1
30.26950,94.88817,215.59,-1
30.26950,94.89000,225.79,-1
30.27133,94.67000,205.67,-1
30.27133,94.67183,203.05,-1
30.27133,94.67367,192.75,-1
30.27133,94.67550,202.70,-1
30.27133,94.67733,218.52,-1
30.27133,94.67917,199.67,-1
30.27133,94.68100,219.81,-1
30.27133,94.68283,219.83,-1
30.27133,94.68467,207.54,-1
30.27133,94.68650,202.51,-1
30.27133,94.68833,218.82,-1
30.27133,94.69017,217.19,-1
30.27133,94.69200,196.53,-1
30.27133,94.69383,216.29,-1
30.27133,94.69567,205.84,-1
30.27133,94.69750,206.78,-1
30.27133,94.69933,218.45,-1
30.27133,94.70117,219.20,-1
30.27133,94.70300,215.22,-1
30.27133,94.70483,201.02,-1
30.27133,94.70667,216.40,-1
30.27133,94.70850,217.29,-1
30.27133,94.71033,218.59,-1
30.27133,94.71217,219.82,-1
30.27133,94.71400,219.87,-1
30.27133,94.71583,219.83,-1
30.27133,94.71767,220.37,-1
30.27133,94.71950,220.03,-1
30.27133,94.72133,221.13,-1
30.27133,94.72317,222.17,-1
30.27133,94.72500,222.62,-1
30.27133,94.72683,223.00,-1
30.27133,94.72867,224.09,-1
30.27133,94.73050,223.95,-1
30.27133,94.73233,223.69,-1
30.27133,94.73417,221.73,-1
30.27133,94.73600,208.96,-1
30.27133,94.73783,207.16,-1
30.27133,94.73967,221.86,-1
30.27133,94.74150,206.17,-1
30.27133,94.74333,221.82,-1
30.27133,94.74517,220.68,-1
30.27133,94.74700,219.08,-1
30.27133,94.74883,216.98,-1
30.27133,94.75067,217.25,-1
30.27133,94.75250,215.48,-1
30.27133,94.75433,215.02,-1
30.27133,94.75617,214.76,-1
30.27133,94.75800,212.68,-1
30.27133,94.75983,212.17,-1
30.27133,94.76167,211.06,-1
30.27133,94.76350,207.71,-1
30.27133,94.76533,209.34,-1
30.27133,94.76717,208.65,-1
30.27133,94.76900,207.96,-1
30.27133,94.77083,211.39,-1
30.27133,94.77267,211.92,-1
30.27133,94.77450,211.41,-1
30.27133,94.77633,210.69,-1
30.27133,94.77817,208.84,-1
30.27133,94.78000,207.83,-1
30.27133,94.78183,205.25,-1
30.27133,94.78367,201.43,-1
30.27133,94.78550,200.21,-1
30.27133,94.78733,197.38,-1
30.27133,94.78917,194.40,-1
30.27133,94.79100,194.41,-1
30.27133,94.79283,189.87,-1
30.27133,94.79467,189.88,-1
30.27133,94.79650,180.70,-1
30.27133,94.79833,188.96,-1
30.27133,94.80017,171.22,-1
30.27133,94.80200,181.72,-1
30.27133,94.80383,167.21,-1
30.27133,94.80567,167.19,-1
30.27133,94.80750,159.52,-1
30.27133,94.80933,158.04,-1
30.27133,94.81117,156.07,-1
30.27133,94.81300,134.57,7
30.27133,94.81483,145.80,9
30.27133,94.81667,152.21,12
30.27133,94.81850,175.73,-1
30.27133,94.82033,181.45,-1
30.27133,94.82217,184.68,-1
30.27133,94.82400,190.38,-1
30.27133,94.82583,191.01,-1
30.27133,94.82767,191.13,-1
30.27133,94.82950,186.43,-1
30.27133,94.83133,191.43,-1
30.27133,94.83317,190.96,-1
30.27133,94.83500,195.81,-1
30.27133,94.83683,202.96,-1
30.27133,94.83867,202.84,-1
30.27133,94.84050,204.37,-1
30.27133,94.84233,193.33,-1
30.27133,94.84417,194.86,-1
30.27133,94.84600,208.30,-1
30.27133,94.84783,194.35,-1
30.27133,94.84967,206.97,-1
30.27133,94.85150,205.64,-1
30.27133,94.85333,207.83,-1
30.27133,94.85517,208.69,-1
30.27133,94.85700,202.56,-1
30.27133,94.85883,207.36,-1
30.27133,94.86067,209.90,-1
30.27133,94.86250,216.05,-1
30.27133,94.86433,220.88,-1
30.27133,94.86617,220.30,-1
30.27133,94.86800,218.67,-1
30.27133,94.86983,200.38,-1
30.27133,94.87167,207.41,-1
30.27133,94.87350,216.25,-1
30.27133,94.87533,210.18,-1
30.27133,94.87717,220.23,-1
30.27133,94.87900,219.52,-1
30.27133,94.88083,218.15,-1
30.27133,94.88267,210.22,-1
30.27133,94.88450,211.56,-1
30.27133,94.88633,221.90,-1
30.27133,94.88817,224.27,-1
30.27133,94.89000,226.25,-1
30.27317,94.67000,209.09,-1
30.27317,94.67183,204.78,-1
30.27317,94.67367,201.17,-1
30.27317,94.67550,198.45,-1
30.27317,94.67733,217.82,-1
30.27317,94.67917,218.90,-1
30.27317,94.68100,219.61,-1
30.27317,94.68283,220.13,-1
30.27317,94.68467,204.37,-1
30.27317,94.68650,198.74,-1
30.27317,94.68833,220.13,-1
30.27317,94.69017,218.40,-1
30.27317,94.69200,217.34,-1
30.27317,94.69383,216.62,-1
30.27317,94.69567,209.90,-1
30.27317,94.69750,210.40,-1
30.27317,94.69933,205.08,-1
30.27317,94.70117,218.68,-1
30.27317,94.70300,219.57,-1
30.27317,94.70483,215.37,-1
30.27317,94.70667,215.30,-1
30.27317,94.70850,216.50,-1
30.27317,94.71033,217.38,-1
30.27317,94.71217,217.97,-1
30.27317,94.71400,220.09,-1
30.27317,94.71583,219.86,-1
30.27317,94.71767,220.04,-1
30.27317,94.71950,221.54,-1
30.27317,94.72133,221.79,-1
30.27317,94.72317,199.99,-1
30.27317,94.72500,222.92,-1
30.27317,94.72683,223.52,-1
30.27317,94.72867,223.63,-1
30.27317,94.73050,225.08,-1
30.27317,94.73233,224.22,-1
30.27317,94.73417,222.59,-1
30.27317,94.73600,220.25,-1
30.27317,94.73783,206.90,-1
30.27317,94.73967,222.10,-1
30.27317,94.74150,208.23,-1
30.27317,94.74333,222.43,-1
30.27317,94.74517,221.42,-1
30.27317,94.74700,220.46,-1
30.27317,94.74883,217.72,-1
30.27317,94.75067,217.27,-1
30.27317,94.75250,216.58,-1
30.27317,94.75433,215.69,-1
30.27317,94.75617,214.80,-1
30.27317,94.75800,213.71,-1
30.27317,94.75983,212.66,-1
30.27317,94.76167,211.62,-1
30.27317,94.76350,209.02,-1
30.27317,94.76533,210.65,-1
30.27317,94.76717,208.90,-1
30.27317,94.76900,209.44,-1
30.27317,94.77083,212.46,-1
30.27317,94.77267,212.32,-1
30.27317,94.77450,211.92,-1
30.27317,94.77633,211.27,-1
30.27317,94.77817,209.73,-1
30.27317,94.78000,206.75,-1
30.27317,94.78183,206.19,-1
30.27317,94.78367,201.56,-1
30.27317,94.78550,200.00,-1
30.27317,94.78733,197.83,-1
30.27317,94.78917,195.20,-1
30.27317,94.79100,191.13,-1
30.27317,94.79283,204.71,-1
30.27317,94.79467,180.69,-1
30.27317,94.79650,184.82,-1
30.27317,94.79833,181.87,-1
30.27317,94.80017,107.69,7
30.27317,94.80200,152.87,12
30.27317,94.80383,109.92,7
30.27317,94.80567,164.10,-1
30.27317,94.80750,153.35,12
30.27317,94.80933,176.60,-1
30.27317,94.81117,150.03,11
30.27317,94.81300,143.52,9
30.27317,94.81483,145.64,9
30.27317,94.81667,170.10,-1
30.27317,94.81850,179.18,-1
30.27317,94.82033,182.08,-1
30.27317,94.82217,188.15,-1
30.27317,94.82400,191.10,-1
30.27317,94.82583,191.88,-1
30.27317,94.82767,191.66,-1
30.27317,94.82950,174.22,-1
30.27317,94.83133,189.59,-1
30.27317,94.83317,197.65,-1
30.27317,94.83500,202.85,-1
30.27317,94.83683,192.34,-1
30.27317,94.83867,199.90,-1
30.27317,94.84050,204.28,-1
30.27317,94.84233,190.38,-1
30.27317,94.84417,191.40,-1
30.27317,94.84600,191.18,-1
30.27317,94.84783,207.64,-1
30.27317,94.84967,196.15,-1
30.27317,94.85150,208.42,-1
30.27317,94.85333,201.06,-1
30.27317,94.85517,198.60,-1
30.27317,94.85700,201.26,-1
30.27317,94.85883,211.59,-1
30.27317,94.86067,216.37,-1
30.27317,94.86250,217.61,-1
30.27317,94.86433,223.41,-1
30.27317,94.86617,220.70,-1
30.27317,94.86800,219.36,-1
30.27317,94.86983,217.62,-1
30.27317,94.87167,217.68,-1
30.27317,94.87350,212.62,-1
30.27317,94.87533,210.66,-1
30.27317,94.87717,220.54,-1
30.27317,94.87900,208.50,-1
30.27317,94.88083,206.69,-1
30.27317,94.88267,204.43,-1
30.27317,94.88450,204.00,-1
30.27317,94.88633,224.48,-1
30.27317,94.88817,226.69,-1
30.27317,94.89000,226.11,-1
30.27500,94.67000,206.31,-1
30.27500,94.67183,203.53,-1
30.27500,94.67367,204.52,-1
30.27500,94.67550,207.02,-1
30.27500,94.67733,204.87,-1
30.27500,94.67917,218.29,-1
30.27500,94.68100,218.42,-1
30.27500,94.68283,219.21,-1
30.27500,94.68467,198.57,-1
30.27500,94.68650,220.71,-1
30.27500,94.68833,220.98,-1
30.27500,94.69017,220.21,-1
30.27500,94.69200,219.44,-1
30.27500,94.69383,211.94,-1
30.27500,94.69567,212.06,-1
30.27500,94.69750,211.69,-1
30.27500,94.69933,206.78,-1
30.27500,94.70117,217.45,-1
30.27500,94.70300,219.02,-1
30.27500,94.70483,219.61,-1
30.27500,94.70667,195.41,-1
30.27500,94.70850,197.51,-1
30.27500,94.71033,216.71,-1
30.27500,94.71217,187.75,-1
30.27500,94.71400,218.03,-1
30.27500,94.71583,220.30,-1
30.27500,94.71767,189.79,-1
30.27500,94.71950,196.72,-1
30.27500,94.72133,195.08,-1
30.27500,94.72317,221.25,-1
30.27500,94.72500,222.39,-1
30.27500,94.72683,223.57,-1
30.27500,94.72867,224.30,-1
30.27500,94.73050,223.94,-1
30.27500,94.73233,224.56,-1
30.27500,94.73417,223.37,-1
30.27500,94.73600,220.21,-1
30.27500,94.73783,206.04,-1
30.27500,94.73967,202.37,-1
30.27500,94.74150,196.68,-1
30.27500,94.74333,223.29,-1
30.27500,94.74517,222.85,-1
30.27500,94.74700,221.52,-1
30.27500,94.74883,219.55,-1
30.27500,94.75067,217.30,-1
30.27500,94.75250,216.66,-1
30.27500,94.75433,215.65,-1
30.27500,94.75617,215.01,-1
30.27500,94.75800,214.40,-1
30.27500,94.75983,212.91,-1
30.27500,94.76167,211.22,-1
30.27500,94.76350,211.39,-1
30.27500,94.76533,207.51,-1
30.27500,94.76717,211.18,-1
30.27500,94.76900,210.42,-1
30.27500,94.77083,212.90,-1
30.27500,94.77267,213.35,-1
30.27500,94.77450,212.82,-1
30.27500,94.77633,212.16,-1
30.27500,94.77817,210.33,-1
30.27500,94.78000,207.46,-1
30.27500,94.78183,206.63,-1
30.27500,94.78367,202.97,-1
30.27500,94.78550,200.57,-1
30.27500,94.78733,198.55,-1
30.27500,94.78917,196.70,-1
30.27500,94.79100,191.64,-1
30.27500,94.79283,184.69,-1
30.27500,94.79467,174.30,-1
30.27500,94.79650,163.77,-1
30.27500,94.79833,198.03,-1
30.27500,94.80017,131.08,7
30.27500,94.80200,124.35,7
30.27500,94.80383,126.83,7
30.27500,94.80567,122.38,7
30.27500,94.80750,124.38,7
30.27500,94.80933,109.93,7
30.27500,94.81117,134.78,7
30.27500,94.81300,145.29,9
30.27500,94.81483,159.67,-1
30.27500,94.81667,177.42,-1
30.27500,94.81850,183.21,-1
30.27500,94.82033,185.31,-1
30.27500,94.82217,189.40,-1
30.27500,94.82400,190.31,-1
30.27500,94.82583,192.10,-1
30.27500,94.82767,192.30,-1
30.27500,94.82950,176.46,-1
30.27500,94.83133,185.48,-1
30.27500,94.83317,198.32,-1
30.27500,94.83500,204.19,-1
30.27500,94.83683,198.10,-1
30.27500,94.83867,207.48,-1
30.27500,94.84050,210.57,-1
30.27500,94.84233,206.14,-1
30.27500,94.84417,203.91,-1
30.27500,94.84600,193.36,-1
30.27500,94.84783,192.31,-1
30.27500,94.84967,209.21,-1
30.27500,94.85150,209.25,-1
30.27500,94.85333,193.06,-1
30.27500,94.85517,202.33,-1
30.27500,94.85700,210.64,-1
30.27500,94.85883,209.13,-1
30.27500,94.86067,209.69,-1
30.27500,94.86250,221.38,-1
30.27500,94.86433,223.31,-1
30.27500,94.86617,222.20,-1
30.27500,94.86800,220.29,-1
30.27500,94.86983,218.98,-1
30.27500,94.87167,195.70,-1
30.27500,94.87350,213.25,-1
30.27500,94.87533,215.42,-1
30.27500,94.87717,219.34,-1
30.27500,94.87900,215.80,-1
30.27500,94.88083,209.22,-1
30.27500,94.88267,204.27,-1
30.27500,94.88450,208.73,-1
30.27500,94.88633,220.71,-1
30.27500,94.88817,224.55,-1
30.27500,94.89000,224.87,-1
30.27683,94.67000,206.18,-1
30.27683,94.67183,211.38,-1
30.27683,94.67367,200.56,-1
30.27683,94.67550,200.13,-1
30.27683,94.67733,191.85,-1
30.27683,94.67917,218.94,-1
30.27683,94.68100,218.97,-1
30.27683,94.68283,212.03,-1
30.27683,94.68467,211.48,-1
30.27683,94.68650,202.70,-1
30.27683,94.68833,220.83,-1
30.27683,94.69017,221.34,-1
30.27683,94.69200,220.34,-1
30.27683,94.69383,211.70,-1
30.27683,94.69567,212.80,-1
30.27683,94.69750,207.23,-1
30.27683,94.69933,203.87,-1
30.27683,94.70117,217.52,-1
30.27683,94.70300,217.71,-1
30.27683,94.70483,198.27,-1
30.27683,94.70667,219.85,-1
30.27683,94.70850,220.58,-1
30.27683,94.71033,215.76,-1
30.27683,94.71217,216.37,-1
30.27683,94.71400,217.77,-1
30.27683,94.71583,218.09,-1
30.27683,94.71767,219.39,-1
30.27683,94.71950,194.23,-1
30.27683,94.72133,196.06,-1
30.27683,94.72317,222.70,-1
30.27683,94.72500,221.88,-1
30.27683,94.72683,223.10,-1
30.27683,94.72867,224.41,-1
30.27683,94.73050,224.99,-1
30.27683,94.73233,223.37,-1
30.27683,94.73417,223.25,-1
30.27683,94.73600,221.33,-1
30.27683,94.73783,207.58,-1
30.27683,94.73967,201.21,-1
30.27683,94.74150,200.36,-1
30.27683,94.74333,224.20,-1
30.27683,94.74517,223.08,-1
30.27683,94.74700,222.74,-1
30.27683,94.74883,219.95,-1
30.27683,94.75067,217.27,-1
30.27683,94.75250,216.40,-1
30.27683,94.75433,215.36,-1
30.27683,94.75617,214.97,-1
30.27683,94.75800,214.04,-1
30.27683,94.75983,212.42,-1
30.27683,94.76167,211.60,-1
30.27683,94.76350,211.43,-1
30.27683,94.76533,208.94,-1
30.27683,94.76717,212.82,-1
30.27683,94.76900,211.33,-1
30.27683,94.77083,213.61,-1
30.27683,94.77267,213.86,-1
30.27683,94.77450,213.45,-1
30.27683,94.77633,212.64,-1
30.27683,94.77817,209.69,-1
30.27683,94.78000,208.09,-1
30.27683,94.78183,205.74,-1
30.27683,94.78367,202.93,-1
30.27683,94.78550,201.16,-1
30.27683,94.78733,198.13,-1
30.27683,94.78917,196.87,-1
30.27683,94.79100,194.25,-1
30.27683,94.79283,171.54,-1
30.27683,94.79467,126.94,7
30.27683,94.79650,107.00,7
30.27683,94.79833,149.46,11
30.27683,94.80017,132.39,7
30.27683,94.80200,138.08,7
30.27683,94.80383,129.72,7
30.27683,94.80567,131.01,7
30.27683,94.80750,132.12,7
30.27683,94.80933,130.07,7
30.27683,94.81117,143.40,9
30.27683,94.81300,151.34,11
30.27683,94.81483,175.09,-1
30.27683,94.81667,183.78,-1
30.27683,94.81850,186.69,-1
30.27683,94.82033,185.59,-1
30.27683,94.82217,189.17,-1
30.27683,94.82400,191.89,-1
30.27683,94.82583,187.04,-1
30.27683,94.82767,190.75,-1
30.27683,94.82950,180.00,-1
30.27683,94.83133,184.59,-1
30.27683,94.83317,201.63,-1
30.27683,94.83500,204.83,-1
30.27683,94.83683,199.74,-1
30.27683,94.83867,198.04,-1
30.27683,94.84050,205.16,-1
30.27683,94.84233,211.02,-1
30.27683,94.84417,205.73,-1
30.27683,94.84600,209.56,-1
30.27683,94.84783,209.99,-1
30.27683,94.84967,210.06,-1
30.27683,94.85150,196.31,-1
30.27683,94.85333,203.70,-1
30.27683,94.85517,204.46,-1
30.27683,94.85700,213.52,-1
30.27683,94.85883,216.67,-1
30.27683,94.86067,204.46,-1
30.27683,94.86250,210.91,-1
30.27683,94.86433,224.47,-1
30.27683,94.86617,224.23,-1
30.27683,94.86800,221.73,-1
30.27683,94.86983,220.57,-1
30.27683,94.87167,220.26,-1
30.27683,94.87350,201.20,-1
30.27683,94.87533,214.17,-1
30.27683,94.87717,214.31,-1
30.27683,94.87900,219.36,-1
30.27683,94.88083,217.81,-1
30.27683,94.88267,214.28,-1
30.27683,94.88450,212.78,-1
30.27683,94.88633,218.32,-1
30.27683,94.88817,220.52,-1
30.27683,94.89000,222.27,-1
30.27867,94.67000,217.72,-1
30.27867,94.67183,216.39,-1
30.27867,94.67367,211.07,-1
30.27867,94.67550,207.92,-1
30.27867,94.67733,201.99,-1
30.27867,94.67917,218.48,-1
30.27867,94.68100,209.28,-1
30.27867,94.68283,201.91,-1
30.27867,94.68467,207.97,-1
30.27867,94.68650,195.81,-1
30.27867,94.68833,219.44,-1
30.27867,94.69017,220.17,-1
30.27867,94.69200,220.86,-1
30.27867,94.69383,212.06,-1
30.27867,94.69567,212.87,-1
30.27867,94.69750,212.23,-1
30.27867,94.69933,211.25,-1
30.27867,94.70117,204.95,-1
30.27867,94.70300,218.33,-1
30.27867,94.70483,193.67,-1
30.27867,94.70667,219.12,-1
30.27867,94.70850,219.99,-1
30.27867,94.71033,220.82,-1
30.27867,94.71217,216.72,-1
30.27867,94.71400,216.57,-1
30.27867,94.71583,217.79,-1
30.27867,94.71767,218.42,-1
30.27867,94.71950,219.85,-1
30.27867,94.72133,220.64,-1
30.27867,94.72317,221.42,-1
30.27867,94.72500,223.35,-1
30.27867,94.72683,222.53,-1
30.27867,94.72867,223.74,-1
30.27867,94.73050,224.57,-1
30.27867,94.73233,224.96,-1
30.27867,94.73417,222.28,-1
30.27867,94.73600,221.69,-1
30.27867,94.73783,194.88,-1
30.27867,94.73967,209.37,-1
30.27867,94.74150,224.27,-1
30.27867,94.74333,224.18,-1
30.27867,94.74517,223.26,-1
30.27867,94.74700,222.19,-1
30.27867,94.74883,220.30,-1
30.27867,94.75067,218.28,-1
30.27867,94.75250,215.22,-1
30.27867,94.75433,214.16,-1
30.27867,94.75617,213.30,-1
30.27867,94.75800,212.60,-1
30.27867,94.75983,191.31,-1
30.27867,94.76167,211.43,-1
30.27867,94.76350,190.26,-1
30.27867,94.76533,209.39,-1
30.27867,94.76717,213.08,-1
30.27867,94.76900,213.15,-1
30.27867,94.77083,212.91,-1
30.27867,94.77267,215.03,-1
30.27867,94.77450,213.71,-1
30.27867,94.77633,212.72,-1
30.27867,94.77817,209.50,-1
30.27867,94.78000,208.03,-1
30.27867,94.78183,206.58,-1
30.27867,94.78367,201.88,-1
30.27867,94.78550,200.60,-1
30.27867,94.78733,199.15,-1
30.27867,94.78917,197.79,-1
30.27867,94.79100,197.03,-1
30.27867,94.79283,166.69,-1
30.27867,94.79467,106.64,7
30.27867,94.79650,110.15,7
30.27867,94.79833,127.58,7
30.27867,94.80017,121.06,7
30.27867,94.80200,133.25,7
30.27867,94.80383,132.08,7
30.27867,94.80567,129.43,7
30.27867,94.80750,133.52,7
30.27867,94.80933,138.75,7
30.27867,94.81117,144.81,9
30.27867,94.81300,170.91,-1
30.27867,94.81483,183.95,-1
30.27867,94.81667,188.99,-1
30.27867,94.81850,186.77,-1
30.27867,94.82033,193.65,-1
30.27867,94.82217,198.27,-1
30.27867,94.82400,198.09,-1
30.27867,94.82583,186.25,-1
30.27867,94.82767,192.09,-1
30.27867,94.82950,193.88,-1
30.27867,94.83133,180.08,-1
30.27867,94.83317,203.19,-1
30.27867,94.83500,205.88,-1
30.27867,94.83683,200.94,-1
30.27867,94.83867,188.93,-1
30.27867,94.84050,207.23,-1
30.27867,94.84233,208.67,-1
30.27867,94.84417,213.50,-1
30.27867,94.84600,209.86,-1
30.27867,94.84783,209.31,-1
30.27867,94.84967,207.57,-1
30.27867,94.85150,194.72,-1
30.27867,94.85333,201.37,-1
30.27867,94.85517,208.60,-1
30.27867,94.85700,211.79,-1
30.27867,94.85883,212.48,-1
30.27867,94.86067,215.24,-1
30.27867,94.86250,219.21,-1
30.27867,94.86433,220.42,-1
30.27867,94.86617,211.84,-1
30.27867,94.86800,224.82,-1
30.27867,94.86983,223.90,-1
30.27867,94.87167,221.07,-1
30.27867,94.87350,219.69,-1
30.27867,94.87533,213.99,-1
30.27867,94.87717,211.41,-1
30.27867,94.87900,216.21,-1
30.27867,94.88083,202.94,-1
30.27867,94.88267,217.52,-1
30.27867,94.88450,219.11,-1
30.27867,94.88633,221.14,-1
30.27867,94.88817,217.72,-1
30.27867,94.89000,213.74,-1
30.28050,94.67000,217.92,-1
30.28050,94.67183,216.78,-1
30.28050,94.67367,217.19,-1
30.28050,94.67550,209.33,-1
30.28050,94.67733,208.08,-1
30.28050,94.67917,215.43,-1
30.28050,94.68100,215.06,-1
30.28050,94.68283,218.85,-1
30.28050,94.68467,205.72,-1
30.28050,94.68650,196.70,-1
30.28050,94.68833,220.38,-1
30.28050,94.69017,219.44,-1
30.28050,94.69200,213.13,-1
30.28050,94.69383,212.17,-1
30.28050,94.69567,211.70,-1
30.28050,94.69750,211.45,-1
30.28050,94.69933,199.21,-1
30.28050,94.70117,192.78,-1
30.28050,94.70300,220.08,-1
30.28050,94.70483,219.53,-1
30.28050,94.70667,218.59,-1
30.28050,94.70850,218.85,-1
30.28050,94.71033,220.52,-1
30.28050,94.71217,221.25,-1
30.28050,94.71400,222.26,-1
30.28050,94.71583,216.73,-1
30.28050,94.71767,213.92,-1
30.28050,94.71950,213.33,-1
30.28050,94.72133,214.91,-1
30.28050,94.72317,217.83,-1
30.28050,94.72500,218.40,-1
30.28050,94.72683,221.59,-1
30.28050,94.72867,219.88,-1
30.28050,94.73050,220.48,-1
30.28050,94.73233,223.87,-1
30.28050,94.73417,223.71,-1
30.28050,94.73600,222.09,-1
30.28050,94.73783,222.21,-1
30.28050,94.73967,222.03,-1
30.28050,94.74150,222.84,-1
30.28050,94.74333,223.40,-1
30.28050,94.74517,223.04,-1
30.28050,94.74700,222.24,-1
30.28050,94.74883,220.49,-1
30.28050,94.75067,217.25,-1
30.28050,94.75250,192.60,-1
30.28050,94.75433,214.00,-1
30.28050,94.75617,193.76,-1
30.28050,94.75800,213.14,-1
30.28050,94.75983,212.10,-1
30.28050,94.76167,212.23,-1
30.28050,94.76350,210.76,-1
30.28050,94.76533,210.50,-1
30.28050,94.76717,213.05,-1
30.28050,94.76900,211.77,-1
30.28050,94.77083,212.26,-1
30.28050,94.77267,214.63,-1
30.28050,94.77450,213.20,-1
30.28050,94.77633,211.85,-1
30.28050,94.77817,208.49,-1
30.28050,94.78000,207.14,-1
30.28050,94.78183,205.48,-1
30.28050,94.78367,200.76,-1
30.28050,94.78550,201.10,-1
30.28050,94.78733,198.31,-1
30.28050,94.78917,190.09,-1
30.28050,94.79100,151.59,12
30.28050,94.79283,127.93,7
30.28050,94.79467,151.94,12
30.28050,94.79650,139.03,7
30.28050,94.79833,126.66,7
30.28050,94.80017,125.01,7
30.28050,94.80200,133.26,7
30.28050,94.80383,135.28,7
30.28050,94.80567,141.45,8
30.28050,94.80750,140.31,8
30.28050,94.80933,139.63,7
30.28050,94.81117,156.76,-1
30.28050,94.81300,176.49,-1
30.28050,94.81483,180.92,-1
30.28050,94.81667,175.08,-1
30.28050,94.81850,186.71,-1
30.28050,94.82033,188.97,-1
30.28050,94.82217,187.61,-1
30.28050,94.82400,193.79,-1
30.28050,94.82583,198.25,-1
30.28050,94.82767,191.60,-1
30.28050,94.82950,196.15,-1
30.28050,94.83133,198.11,-1
30.28050,94.83317,194.63,-1
30.28050,94.83500,205.55,-1
30.28050,94.83683,204.99,-1
30.28050,94.83867,206.43,-1
30.28050,94.84050,195.79,-1
30.28050,94.84233,212.83,-1
30.28050,94.84417,216.32,-1
30.28050,94.84600,214.81,-1
30.28050,94.84783,210.89,-1
30.28050,94.84967,212.19,-1
30.28050,94.85150,212.01,-1
30.28050,94.85333,205.26,-1
30.28050,94.85517,210.99,-1
30.28050,94.85700,214.05,-1
30.28050,94.85883,215.50,-1
30.28050,94.86067,215.31,-1
30.28050,94.86250,216.67,-1
30.28050,94.86433,217.41,-1
30.28050,94.86617,227.41,-1
30.28050,94.86800,227.60,-1
30.28050,94.86983,225.47,-1
30.28050,94.87167,223.65,-1
30.28050,94.87350,221.11,-1
30.28050,94.87533,218.91,-1
30.28050,94.87717,205.45,-1
30.28050,94.87900,215.64,-1
30.28050,94.88083,218.50,-1
30.28050,94.88267,220.99,-1
30.28050,94.88450,221.36,-1
30.28050,94.88633,205.41,-1
30.28050,94.88817,223.87,-1
30.28050,94.89000,218.68,-1
30.28233,94.67000,218.46,-1
30.28233,94.67183,219.76,-1
30.28233,94.67367,217.15,-1
30.28233,94.67550,207.41,-1
30.28233,94.67733,215.21,-1
30.28233,94.67917,220.15,-1
30.28233,94.68100,226.59,-1
30.28233,94.68283,217.58,-1
30.28233,94.68467,215.94,-1
30.28233,94.68650,203.40,-1
30.28233,94.68833,219.56,-1
30.28233,94.69017,220.33,-1
30.28233,94.69200,213.70,-1
30.28233,94.69383,209.48,-1
30.28233,94.69567,210.18,-1
30.28233,94.69750,207.92,-1
30.28233,94.69933,204.46,-1
30.28233,94.70117,196.88,-1
30.28233,94.70300,221.53,-1
30.28233,94.70483,221.27,-1
30.28233,94.70667,220.72,-1
30.28233,94.70850,219.96,-1
30.28233,94.71033,219.95,-1
30.28233,94.71217,220.73,-1
30.28233,94.71400,221.51,-1
30.28233,94.71583,222.51,-1
30.28233,94.71767,217.39,-1
30.28233,94.71950,217.91,-1
30.28233,94.72133,194.83,-1
30.28233,94.72317,216.57,-1
30.28233,94.72500,218.66,-1
30.28233,94.72683,218.06,-1
30.28233,94.72867,222.25,-1
30.28233,94.73050,220.26,-1
30.28233,94.73233,220.11,-1
30.28233,94.73417,220.59,-1
30.28233,94.73600,223.49,-1
30.28233,94.73783,221.93,-1
30.28233,94.73967,222.45,-1
30.28233,94.74150,222.60,-1
30.28233,94.74333,222.17,-1
30.28233,94.74517,222.24,-1
30.28233,94.74700,221.36,-1
30.28233,94.74883,218.14,-1
30.28233,94.75067,216.01,-1
30.28233,94.75250,216.88,-1
30.28233,94.75433,213.66,-1
30.28233,94.75617,213.33,-1
30.28233,94.75800,212.82,-1
30.28233,94.75983,212.61,-1
30.28233,94.76167,211.85,-1
30.28233,94.76350,209.84,-1
30.28233,94.76533,210.19,-1
30.28233,94.76717,207.88,-1
30.28233,94.76900,211.66,-1
30.28233,94.77083,210.88,-1
30.28233,94.77267,213.71,-1
30.28233,94.77450,211.95,-1
30.28233,94.77633,210.20,-1
30.28233,94.77817,207.12,-1
30.28233,94.78000,205.18,-1
30.28233,94.78183,203.94,-1
30.28233,94.78367,201.42,-1
30.28233,94.78550,199.27,-1
30.28233,94.78733,195.70,-1
30.28233,94.78917,182.73,-1
30.28233,94.79100,168.96,-1
30.28233,94.79283,180.72,-1
30.28233,94.79467,106.06,7
30.28233,94.79650,125.35,7
30.28233,94.79833,126.44,7
30.28233,94.80017,124.59,7
30.28233,94.80200,130.12,7
30.28233,94.80383,130.82,7
30.28233,94.80567,128.03,7
30.28233,94.80750,142.41,8
30.28233,94.80933,152.90,12
30.28233,94.81117,176.07,-1
30.28233,94.81300,196.71,-1
30.28233,94.81483,181.42,-1
30.28233,94.81667,186.71,-1
30.28233,94.81850,187.88,-1
30.28233,94.82033,184.31,-1
30.28233,94.82217,180.58,-1
30.28233,94.82400,181.09,-1
30.28233,94.82583,199.88,-1
30.28233,94.82767,191.60,-1
30.28233,94.82950,198.12,-1
30.28233,94.83133,181.29,-1
30.28233,94.83317,204.68,-1
30.28233,94.83500,206.22,-1
30.28233,94.83683,208.13,-1
30.28233,94.83867,195.63,-1
30.28233,94.84050,192.73,-1
30.28233,94.84233,207.63,-1
30.28233,94.84417,213.01,-1
30.28233,94.84600,216.17,-1
30.28233,94.84783,212.73,-1
30.28233,94.84967,211.16,-1
30.28233,94.85150,213.42,-1
30.28233,94.85333,213.30,-1
30.28233,94.85517,207.18,-1
30.28233,94.85700,210.79,-1
30.28233,94.85883,217.59,-1
30.28233,94.86067,208.16,-1
30.28233,94.86250,218.93,-1
30.28233,94.86433,220.30,-1
30.28233,94.86617,226.51,-1
30.28233,94.86800,229.20,-1
30.28233,94.86983,228.32,-1
30.28233,94.87167,223.76,-1
30.28233,94.87350,220.01,-1
30.28233,94.87533,219.70,-1
30.28233,94.87717,218.47,-1
30.28233,94.87900,213.63,-1
30.28233,94.88083,206.41,-1
30.28233,94.88267,219.00,-1
30.28233,94.88450,218.96,-1
30.28233,94.88633,206.90,-1
30.28233,94.88817,216.88,-1
30.28233,94.89000,220.01,-1
30.28417,94.67000,212.47,-1
30.28417,94.67183,208.34,-1
30.28417,94.67367,202.87,-1
30.28417,94.67550,203.92,-1
30.28417,94.67733,206.15,-1
30.28417,94.67917,210.60,-1
30.28417,94.68100,225.80,-1
30.28417,94.68283,200.56,-1
30.28417,94.68467,217.82,-1
30.28417,94.68650,223.49,-1
30.28417,94.68833,221.15,-1
30.28417,94.69017,222.59,-1
30.28417,94.69200,219.71,-1
30.28417,94.69383,216.91,-1
30.28417,94.69567,212.25,-1
30.28417,94.69750,210.11,-1
30.28417,94.69933,202.21,-1
30.28417,94.70117,222.12,-1
30.28417,94.70300,222.70,-1
30.28417,94.70483,222.67,-1
30.28417,94.70667,222.39,-1
30.28417,94.70850,221.98,-1
30.28417,94.71033,221.53,-1
30.28417,94.71217,220.54,-1
30.28417,94.71400,220.27,-1
30.28417,94.71583,221.63,-1
30.28417,94.71767,222.46,-1
30.28417,94.71950,217.54,-1
30.28417,94.72133,218.02,-1
30.28417,94.72317,216.73,-1
30.28417,94.72500,217.09,-1
30.28417,94.72683,194.62,-1
30.28417,94.72867,219.44,-1
30.28417,94.73050,221.81,-1
30.28417,94.73233,218.91,-1
30.28417,94.73417,220.24,-1
30.28417,94.73600,220.50,-1
30.28417,94.73783,217.51,-1
30.28417,94.73967,222.62,-1
30.28417,94.74150,222.50,-1
30.28417,94.74333,221.31,-1
30.28417,94.74517,220.02,-1
30.28417,94.74700,214.10,-1
30.28417,94.74883,212.26,-1
30.28417,94.75067,195.18,-1
30.28417,94.75250,215.39,-1
30.28417,94.75433,215.25,-1
30.28417,94.75617,213.38,-1
30.28417,94.75800,213.38,-1
30.28417,94.75983,212.04,-1
30.28417,94.76167,211.98,-1
30.28417,94.76350,209.44,-1
30.28417,94.76533,207.72,-1
30.28417,94.76717,207.19,-1
30.28417,94.76900,210.65,-1
30.28417,94.77083,209.38,-1
30.28417,94.77267,211.78,-1
30.28417,94.77450,210.41,-1
30.28417,94.77633,206.59,-1
30.28417,94.77817,204.99,-1
30.28417,94.78000,203.73,-1
30.28417,94.78183,190.23,-1
30.28417,94.78367,198.48,-1
30.28417,94.78550,196.05,-1
30.28417,94.78733,192.77,-1
30.28417,94.78917,190.52,-1
30.28417,94.79100,191.25,-1
30.28417,94.79283,132.95,7
30.28417,94.79467,138.66,7
30.28417,94.79650,126.97,7
30.28417,94.79833,126.43,7
30.28417,94.80017,124.32,7
30.28417,94.80200,124.54,7
30.28417,94.80383,143.11,9
30.28417,94.80567,129.55,7
30.28417,94.80750,141.52,8
30.28417,94.80933,165.00,-1
30.28417,94.81117,168.16,-1
30.28417,94.81300,178.86,-1
30.28417,94.81483,183.42,-1
30.28417,94.81667,182.64,-1
30.28417,94.81850,192.41,-1
30.28417,94.82033,184.91,-1
30.28417,94.82217,190.53,-1
30.28417,94.82400,182.42,-1
30.28417,94.82583,194.03,-1
30.28417,94.82767,197.53,-1
30.28417,94.82950,197.79,-1
30.28417,94.83133,188.20,-1
30.28417,94.83317,201.41,-1
30.28417,94.83500,209.65,-1
30.28417,94.83683,210.27,-1
30.28417,94.83867,208.17,-1
30.28417,94.84050,192.07,-1
30.28417,94.84233,194.13,-1
30.28417,94.84417,206.48,-1
30.28417,94.84600,212.99,-1
30.28417,94.84783,217.73,-1
30.28417,94.84967,214.75,-1
30.28417,94.85150,212.27,-1
30.28417,94.85333,200.45,-1
30.28417,94.85517,202.66,-1
30.28417,94.85700,207.57,-1
30.28417,94.85883,211.18,-1
30.28417,94.86067,219.46,-1
30.28417,94.86250,217.31,-1
30.28417,94.86433,217.44,-1
30.28417,94.86617,211.33,-1
30.28417,94.86800,211.16,-1
30.28417,94.86983,228.67,-1
30.28417,94.87167,227.00,-1
30.28417,94.87350,225.03,-1
30.28417,94.87533,222.92,-1
30.28417,94.87717,221.68,-1
30.28417,94.87900,220.20,-1
30.28417,94.88083,197.43,-1
30.28417,94.88267,221.34,-1
30.28417,94.88450,221.08,-1
30.28417,94.88633,219.56,-1
30.28417,94.88817,218.22,-1
30.28417,94.89000,219.49,-1
30.28600,94.67000,213.85,-1
30.28600,94.67183,209.69,-1
30.28600,94.67367,210.82,-1
30.28600,94.67550,211.20,-1
30.28600,94.67733,203.31,-1
30.28600,94.67917,220.10,-1
30.28600,94.68100,213.94,-1
30.28600,94.68283,219.00,-1
30.28600,94.68467,208.87,-1
30.28600,94.68650,213.16,-1
30.28600,94.68833,210.83,-1
30.28600,94.69017,218.77,-1
30.28600,94.69200,219.72,-1
30.28600,94.69383,215.33,-1
30.28600,94.69567,213.55,-1
30.28600,94.69750,221.23,-1
30.28600,94.69933,202.68,-1
30.28600,94.70117,220.85,-1
30.28600,94.70300,221.71,-1
30.28600,94.70483,223.67,-1
30.28600,94.70667,195.11,-1
30.28600,94.70850,223.58,-1
30.28600,94.71033,223.46,-1
30.28600,94.71217,222.55,-1
30.28600,94.71400,198.47,-1
30.28600,94.71583,220.08,-1
30.28600,94.71767,221.78,-1
30.28600,94.71950,222.37,-1
30.28600,94.72133,223.47,-1
30.28600,94.72317,213.99,-1
30.28600,94.72500,217.78,-1
30.28600,94.72683,218.10,-1
30.28600,94.72867,220.79,-1
30.28600,94.73050,217.66,-1
30.28600,94.73233,218.32,-1
30.28600,94.73417,214.93,-1
30.28600,94.73600,218.92,-1
30.28600,94.73783,219.90,-1
30.28600,94.73967,220.21,-1
30.28600,94.74150,220.06,-1
30.28600,94.74333,221.51,-1
30.28600,94.74517,218.10,-1
30.28600,94.74700,216.23,-1
30.28600,94.74883,213.53,-1
30.28600,94.75067,210.43,-1
30.28600,94.75250,206.67,-1
30.28600,94.75433,213.53,-1
30.28600,94.75617,212.38,-1
30.28600,94.75800,212.42,-1
30.28600,94.75983,210.98,-1
30.28600,94.76167,206.44,-1
30.28600,94.76350,207.50,-1
30.28600,94.76533,208.08,-1
30.28600,94.76717,205.69,-1
30.28600,94.76900,209.41,-1
30.28600,94.77083,209.49,-1
30.28600,94.77267,208.89,-1
30.28600,94.77450,207.29,-1
30.28600,94.77633,204.84,-1
30.28600,94.77817,203.46,-1
30.28600,94.78000,201.77,-1
30.28600,94.78183,201.24,-1
30.28600,94.78367,192.31,-1
30.28600,94.78550,180.55,-1
30.28600,94.78733,105.11,7
30.28600,94.78917,105.16,7
30.28600,94.79100,105.22,7
30.28600,94.79283,174.21,-1
30.28600,94.79467,128.52,7
30.28600,94.79650,129.10,7
30.28600,94.79833,135.27,7
30.28600,94.80017,129.57,7
30.28600,94.80200,127.32,7
30.28600,94.80383,123.10,7
30.28600,94.80567,135.06,7
30.28600,94.80750,154.22,-1
30.28600,94.80933,173.80,-1
30.28600,94.81117,173.01,-1
30.28600,94.81300,175.63,-1
30.28600,94.81483,180.39,-1
30.28600,94.81667,181.49,-1
30.28600,94.81850,195.78,-1
30.28600,94.82033,191.13,-1
30.28600,94.82217,182.00,-1
30.28600,94.82400,192.17,-1
30.28600,94.82583,196.32,-1
30.28600,94.82767,198.80,-1
30.28600,94.82950,201.67,-1
30.28600,94.83133,198.79,-1
30.28600,94.83317,208.14,-1
30.28600,94.83500,214.00,-1
30.28600,94.83683,213.34,-1
30.28600,94.83867,209.69,-1
30.28600,94.84050,207.53,-1
30.28600,94.84233,210.89,-1
30.28600,94.84417,217.05,-1
30.28600,94.84600,219.26,-1
30.28600,94.84783,220.13,-1
30.28600,94.84967,216.15,-1
30.28600,94.85150,214.38,-1
30.28600,94.85333,213.69,-1
30.28600,94.85517,214.21,-1
30.28600,94.85700,197.86,-1
30.28600,94.85883,218.14,-1
30.28600,94.86067,220.88,-1
30.28600,94.86250,220.11,-1
30.28600,94.86433,226.21,-1
30.28600,94.86617,225.04,-1
30.28600,94.86800,220.46,-1
30.28600,94.86983,224.09,-1
30.28600,94.87167,229.30,-1
30.28600,94.87350,228.06,-1
30.28600,94.87533,226.05,-1
30.28600,94.87717,223.47,-1
30.28600,94.87900,223.74,-1
30.28600,94.88083,224.26,-1
30.28600,94.88267,222.63,-1
30.28600,94.88450,220.35,-1
30.28600,94.88633,219.07,-1
30.28600,94.88817,211.33,-1
30.28600,94.89000,218.07,-1
30.28783,94.67000,206.70,-1
30.28783,94.67183,208.72,-1
30.28783,94.67367,213.16,-1
30.28783,94.67550,217.80,-1
30.28783,94.67733,217.76,-1
30.28783,94.67917,218.65,-1
30.28783,94.68100,204.54,-1
30.28783,94.68283,205.84,-1
30.28783,94.68467,220.77,-1
30.28783,94.68650,220.98,-1
30.28783,94.68833,221.33,-1
30.28783,94.69017,221.70,-1
30.28783,94.69200,220.87,-1
30.28783,94.69383,215.46,-1
30.28783,94.69567,200.46,-1
30.28783,94.69750,207.11,-1
30.28783,94.69933,205.93,-1
30.28783,94.70117,192.09,-1
30.28783,94.70300,221.85,-1
30.28783,94.70483,222.43,-1
30.28783,94.70667,223.51,-1
30.28783,94.70850,224.62,-1
30.28783,94.71033,224.92,-1
30.28783,94.71217,224.56,-1
30.28783,94.71400,223.15,-1
30.28783,94.71583,221.75,-1
30.28783,94.71767,220.72,-1
30.28783,94.71950,221.19,-1
30.28783,94.72133,222.21,-1
30.28783,94.72317,207.58,-1
30.28783,94.72500,199.20,-1
30.28783,94.72683,219.32,-1
30.28783,94.72867,219.00,-1
30.28783,94.73050,212.98,-1
30.28783,94.73233,203.19,-1
30.28783,94.73417,210.67,-1
30.28783,94.73600,204.81,-1
30.28783,94.73783,205.78,-1
30.28783,94.73967,220.69,-1
30.28783,94.74150,216.90,-1
30.28783,94.74333,219.53,-1
30.28783,94.74517,215.56,-1
30.28783,94.74700,211.60,-1
30.28783,94.74883,207.72,-1
30.28783,94.75067,207.39,-1
30.28783,94.75250,199.91,-1
30.28783,94.75433,214.07,-1
30.28783,94.75617,204.97,-1
30.28783,94.75800,210.48,-1
30.28783,94.75983,202.51,-1
30.28783,94.76167,207.52,-1
30.28783,94.76350,206.06,-1
30.28783,94.76533,205.22,-1
30.28783,94.76717,204.70,-1
30.28783,94.76900,203.94,-1
30.28783,94.77083,205.03,-1
30.28783,94.77267,195.10,-1
30.28783,94.77450,205.61,-1
30.28783,94.77633,201.41,-1
30.28783,94.77817,200.81,-1
30.28783,94.78000,192.39,-1
30.28783,94.78183,198.19,-1
30.28783,94.78367,181.97,-1
30.28783,94.78550,165.87,-1
30.28783,94.78733,162.45,-1
30.28783,94.78917,104.81,7
30.28783,94.79100,131.57,7
30.28783,94.79283,140.39,8
30.28783,94.79467,137.59,7
30.28783,94.79650,132.73,7
30.28783,94.79833,128.28,7
30.28783,94.80017,130.82,7
30.28783,94.80200,124.62,7
30.28783,94.80383,130.08,7
30.28783,94.80567,145.46,9
30.28783,94.80750,175.38,-1
30.28783,94.80933,168.87,-1
30.28783,94.81117,179.61,-1
30.28783,94.81300,171.28,-1
30.28783,94.81483,186.72,-1
30.28783,94.81667,180.97,-1
30.28783,94.81850,190.19,-1
30.28783,94.82033,195.09,-1
30.28783,94.82217,182.27,-1
30.28783,94.82400,194.01,-1
30.28783,94.82583,183.16,-1
30.28783,94.82767,198.52,-1
30.28783,94.82950,194.63,-1
30.28783,94.83133,203.33,-1
30.28783,94.83317,210.08,-1
30.28783,94.83500,215.12,-1
30.28783,94.83683,213.39,-1
30.28783,94.83867,211.28,-1
30.28783,94.84050,197.08,-1
30.28783,94.84233,202.28,-1
30.28783,94.84417,216.58,-1
30.28783,94.84600,214.52,-1
30.28783,94.84783,220.60,-1
30.28783,94.84967,215.82,-1
30.28783,94.85150,213.61,-1
30.28783,94.85333,216.71,-1
30.28783,94.85517,214.68,-1
30.28783,94.85700,192.73,-1
30.28783,94.85883,215.29,-1
30.28783,94.86067,225.10,-1
30.28783,94.86250,225.93,-1
30.28783,94.86433,223.21,-1
30.28783,94.86617,221.60,-1
30.28783,94.86800,210.19,-1
30.28783,94.86983,216.53,-1
30.28783,94.87167,226.38,-1
30.28783,94.87350,228.55,-1
30.28783,94.87533,227.46,-1
30.28783,94.87717,227.57,-1
30.28783,94.87900,226.98,-1
30.28783,94.88083,224.33,-1
30.28783,94.88267,199.37,-1
30.28783,94.88450,221.03,-1
30.28783,94.88633,221.14,-1
30.28783,94.88817,220.55,-1
30.28783,94.89000,208.33,-1
30.28967,94.67000,218.49,-1
30.28967,94.67183,218.41,-1
30.28967,94.67367,206.95,-1
30.28967,94.67550,210.66,-1
30.28967,94.67733,200.58,-1
30.28967,94.67917,218.23,-1
30.28967,94.68100,218.59,-1
30.28967,94.68283,203.52,-1
30.28967,94.68467,219.53,-1
30.28967,94.68650,220.84,-1
30.28967,94.68833,221.83,-1
30.28967,94.69017,221.59,-1
30.28967,94.69200,221.56,-1
30.28967,94.69383,207.01,-1
30.28967,94.69567,204.26,-1
30.28967,94.69750,206.05,-1
30.28967,94.69933,199.10,-1
30.28967,94.70117,196.43,-1
30.28967,94.70300,221.73,-1
30.28967,94.70483,223.19,-1
30.28967,94.70667,223.23,-1
30.28967,94.70850,223.27,-1
30.28967,94.71033,225.20,-1
30.28967,94.71217,226.02,-1
30.28967,94.71400,225.17,-1
30.28967,94.71583,224.08,-1
30.28967,94.71767,222.30,-1
30.28967,94.71950,196.18,-1
30.28967,94.72133,220.96,-1
30.28967,94.72317,206.86,-1
30.28967,94.72500,203.58,-1
30.28967,94.72683,219.13,-1
30.28967,94.72867,215.88,-1
30.28967,94.73050,208.42,-1
30.28967,94.73233,207.17,-1
30.28967,94.73417,205.19,-1
30.28967,94.73600,201.88,-1
30.28967,94.73783,217.74,-1
30.28967,94.73967,217.32,-1
30.28967,94.74150,216.65,-1
30.28967,94.74333,215.13,-1
30.28967,94.74517,216.87,-1
30.28967,94.74700,204.45,-1
30.28967,94.74883,199.06,-1
30.28967,94.75067,216.19,-1
30.28967,94.75250,214.57,-1
30.28967,94.75433,214.52,-1
30.28967,94.75617,213.17,-1
30.28967,94.75800,209.56,-1
30.28967,94.75983,208.11,-1
30.28967,94.76167,203.02,-1
30.28967,94.76350,202.76,-1
30.28967,94.76533,194.19,-1
30.28967,94.76717,197.04,-1
30.28967,94.76900,192.45,-1
30.28967,94.77083,198.64,-1
30.28967,94.77267,199.32,-1
30.28967,94.77450,201.64,-1
30.28967,94.77633,201.02,-1
30.28967,94.77817,191.52,-1
30.28967,94.78000,182.42,-1
30.28967,94.78183,186.35,-1
30.28967,94.78367,184.01,-1
30.28967,94.78550,183.00,-1
30.28967,94.78733,182.20,-1
30.28967,94.78917,104.44,7
30.28967,94.79100,167.37,-1
30.28967,94.79283,137.04,7
30.28967,94.79467,133.03,7
30.28967,94.79650,120.40,7
30.28967,94.79833,131.33,7
30.28967,94.80017,131.62,7
30.28967,94.80200,130.09,7
30.28967,94.80383,139.79,7
30.28967,94.80567,166.19,-1
30.28967,94.80750,175.27,-1
30.28967,94.80933,177.11,-1
30.28967,94.81117,161.07,-1
30.28967,94.81300,179.21,-1
30.28967,94.81483,171.63,-1
30.28967,94.81667,176.66,-1
30.28967,94.81850,193.97,-1
30.28967,94.82033,189.73,-1
30.28967,94.82217,181.80,-1
30.28967,94.82400,189.82,-1
30.28967,94.82583,197.48,-1
30.28967,94.82767,200.92,-1
30.28967,94.82950,201.46,-1
30.28967,94.83133,200.97,-1
30.28967,94.83317,209.76,-1
30.28967,94.83500,214.50,-1
30.28967,94.83683,215.90,-1
30.28967,94.83867,212.75,-1
30.28967,94.84050,211.23,-1
30.28967,94.84233,195.31,-1
30.28967,94.84417,213.77,-1
30.28967,94.84600,216.70,-1
30.28967,94.84783,219.33,-1
30.28967,94.84967,220.87,-1
30.28967,94.85150,214.59,-1
30.28967,94.85333,215.60,-1
30.28967,94.85517,214.90,-1
30.28967,94.85700,197.78,-1
30.28967,94.85883,216.01,-1
30.28967,94.86067,207.47,-1
30.28967,94.86250,207.99,-1
30.28967,94.86433,213.09,-1
30.28967,94.86617,209.13,-1
30.28967,94.86800,217.45,-1
30.28967,94.86983,211.98,-1
30.28967,94.87167,212.04,-1
30.28967,94.87350,227.54,-1
30.28967,94.87533,230.34,-1
30.28967,94.87717,229.43,-1
30.28967,94.87900,226.67,-1
30.28967,94.88083,223.26,-1
30.28967,94.88267,218.45,-1
30.28967,94.88450,220.99,-1
30.28967,94.88633,220.77,-1
30.28967,94.88817,220.15,-1
30.28967,94.89000,204.25,-1
30.29150,94.67000,218.92,-1
30.29150,94.67183,218.80,-1
30.29150,94.67367,218.79,-1
30.29150,94.67550,198.98,-1
30.29150,94.67733,218.58,-1
30.29150,94.67917,218.44,-1
30.29150,94.68100,218.62,-1
30.29150,94.68283,199.23,-1
30.29150,94.68467,218.50,-1
30.29150,94.68650,218.92,-1
30.29150,94.68833,220.50,-1
30.29150,94.69017,220.98,-1
30.29150,94.69200,221.93,-1
30.29150,94.69383,209.33,-1
30.29150,94.69567,208.90,-1
30.29150,94.69750,221.70,-1
30.29150,94.69933,222.05,-1
30.29150,94.70117,221.54,-1
30.29150,94.70300,221.49,-1
30.29150,94.70483,222.35,-1
30.29150,94.70667,223.56,-1
30.29150,94.70850,224.16,-1
30.29150,94.71033,223.86,-1
30.29150,94.71217,225.04,-1
30.29150,94.71400,225.89,-1
30.29150,94.71583,226.25,-1
30.29150,94.71767,224.38,-1
30.29150,94.71950,223.70,-1
30.29150,94.72133,223.22,-1
30.29150,94.72317,200.92,-1
30.29150,94.72500,202.72,-1
30.29150,94.72683,223.43,-1
30.29150,94.72867,222.27,-1
30.29150,94.73050,209.77,-1
30.29150,94.73233,211.34,-1
30.29150,94.73417,201.94,-1
30.29150,94.73600,200.81,-1
30.29150,94.73783,218.32,-1
30.29150,94.73967,215.98,-1
30.29150,94.74150,216.02,-1
30.29150,94.74333,209.01,-1
30.29150,94.74517,214.47,-1
30.29150,94.74700,213.63,-1
30.29150,94.74883,197.69,-1
30.29150,94.75067,214.19,-1
30.29150,94.75250,215.08,-1
30.29150,94.75433,196.92,-1
30.29150,94.75617,198.36,-1
30.29150,94.75800,210.08,-1
30.29150,94.75983,199.17,-1
30.29150,94.76167,196.96,-1
30.29150,94.76350,199.06,-1
30.29150,94.76533,200.22,-1
30.29150,94.76717,198.94,-1
30.29150,94.76900,193.49,-1
30.29150,94.77083,198.78,-1
30.29150,94.77267,196.02,-1
30.29150,94.77450,201.02,-1
30.29150,94.77633,200.10,-1
30.29150,94.77817,190.66,-1
30.29150,94.78000,187.20,-1
30.29150,94.78183,159.35,-1
30.29150,94.78367,103.88,7
30.29150,94.78550,148.61,10
30.29150,94.78733,103.97,7
30.29150,94.78917,104.06,7
30.29150,94.79100,139.57,7
30.29150,94.79283,123.37,7
30.29150,94.79467,128.08,7
30.29150,94.79650,131.30,7
30.29150,94.79833,120.30,7
30.29150,94.80017,127.25,7
30.29150,94.80200,130.98,7
30.29150,94.80383,154.28,-1
30.29150,94.80567,179.15,-1
30.29150,94.80750,182.82,-1
30.29150,94.80933,181.12,-1
30.29150,94.81117,163.11,-1
30.29150,94.81300,181.14,-1
30.29150,94.81483,174.63,-1
30.29150,94.81667,176.27,-1
30.29150,94.81850,183.93,-1
30.29150,94.82033,193.23,-1
30.29150,94.82217,186.02,-1
30.29150,94.82400,192.36,-1
30.29150,94.82583,189.05,-1
30.29150,94.82767,201.17,-1
30.29150,94.82950,200.43,-1
30.29150,94.83133,203.04,-1
30.29150,94.83317,213.40,-1
30.29150,94.83500,208.31,-1
30.29150,94.83683,216.88,-1
30.29150,94.83867,216.14,-1
30.29150,94.84050,213.46,-1
30.29150,94.84233,212.15,-1
30.29150,94.84417,202.48,-1
30.29150,94.84600,217.12,-1
30.29150,94.84783,219.08,-1
30.29150,94.84967,218.74,-1
30.29150,94.85150,217.13,-1
30.29150,94.85333,217.57,-1
30.29150,94.85517,217.40,-1
30.29150,94.85700,217.09,-1
30.29150,94.85883,194.53,-1
30.29150,94.86067,217.83,-1
30.29150,94.86250,217.59,-1
30.29150,94.86433,213.27,-1
30.29150,94.86617,221.25,-1
30.29150,94.86800,223.11,-1
30.29150,94.86983,218.31,-1
30.29150,94.87167,211.59,-1
30.29150,94.87350,216.18,-1
30.29150,94.87533,228.65,-1
30.29150,94.87717,227.43,-1
30.29150,94.87900,225.05,-1
30.29150,94.88083,223.45,-1
30.29150,94.88267,221.57,-1
30.29150,94.88450,220.51,-1
30.29150,94.88633,220.08,-1
30.29150,94.88817,218.81,-1
30.29150,94.89000,220.20,-1
30.29333,94.67000,218.07,-1
30.29333,94.67183,218.70,-1
30.29333,94.67367,218.60,-1
30.29333,94.67550,218.78,-1
30.29333,94.67733,218.83,-1
30.29333,94.67917,193.86,-1
30.29333,94.68100,218.76,-1
30.29333,94.68283,205.16,-1
30.29333,94.68467,218.70,-1
30.29333,94.68650,219.13,-1
30.29333,94.68833,219.37,-1
30.29333,94.69017,219.64,-1
30.29333,94.69200,219.60,-1
30.29333,94.69383,219.85,-1
30.29333,94.69567,194.33,-1
30.29333,94.69750,193.68,-1
30.29333,94.69933,201.06,-1
30.29333,94.70117,222.24,-1
30.29333,94.70300,222.82,-1
30.29333,94.70483,222.54,-1
30.29333,94.70667,222.46,-1
30.29333,94.70850,223.22,-1
30.29333,94.71033,223.83,-1
30.29333,94.71217,223.31,-1
30.29333,94.71400,222.74,-1
30.29333,94.71583,222.62,-1
30.29333,94.71767,213.46,-1
30.29333,94.71950,211.47,-1
30.29333,94.72133,204.36,-1
30.29333,94.72317,224.64,-1
30.29333,94.72500,223.89,-1
30.29333,94.72683,222.99,-1
30.29333,94.72867,221.51,-1
30.29333,94.73050,212.78,-1
30.29333,94.73233,203.96,-1
30.29333,94.73417,213.27,-1
30.29333,94.73600,212.16,-1
30.29333,94.73783,215.45,-1
30.29333,94.73967,209.29,-1
30.29333,94.74150,213.76,-1
30.29333,94.74333,216.87,-1
30.29333,94.74517,215.22,-1
30.29333,94.74700,213.64,-1
30.29333,94.74883,202.57,-1
30.29333,94.75067,213.15,-1
30.29333,94.75250,201.09,-1
30.29333,94.75433,215.05,-1
30.29333,94.75617,212.98,-1
30.29333,94.75800,197.77,-1
30.29333,94.75983,198.24,-1
30.29333,94.76167,200.81,-1
30.29333,94.76350,200.09,-1
30.29333,94.76533,193.20,-1
30.29333,94.76717,190.74,-1
30.29333,94.76900,190.69,-1
30.29333,94.77083,202.72,-1
30.29333,94.77267,185.55,-1
30.29333,94.77450,199.37,-1
30.29333,94.77633,147.51,10
30.29333,94.77817,103.43,7
30.29333,94.78000,160.91,-1
30.29333,94.78183,175.04,-1
30.29333,94.78367,103.46,7
30.29333,94.78550,103.50,7
30.29333,94.78733,133.04,7
30.29333,94.78917,126.14,7
30.29333,94.79100,139.35,7
30.29333,94.79283,117.05,7
30.29333,94.79467,132.40,7
30.29333,94.79650,116.76,7
30.29333,94.79833,116.02,7
30.29333,94.80017,124.08,7
30.29333,94.80200,146.07,10
30.29333,94.80383,176.58,-1
30.29333,94.80567,183.40,-1
30.29333,94.80750,185.97,-1
30.29333,94.80933,186.88,-1
30.29333,94.81117,176.78,-1
30.29333,94.81300,184.02,-1
30.29333,94.81483,184.63,-1
30.29333,94.81667,182.28,-1
30.29333,94.81850,188.16,-1
30.29333,94.82033,198.68,-1
30.29333,94.82217,201.24,-1
30.29333,94.82400,186.96,-1
30.29333,94.82583,187.64,-1
30.29333,94.82767,198.45,-1
30.29333,94.82950,197.16,-1
30.29333,94.83133,203.81,-1
30.29333,94.83317,212.22,-1
30.29333,94.83500,213.80,-1
30.29333,94.83683,217.68,-1
30.29333,94.83867,216.22,-1
30.29333,94.84050,216.25,-1
30.29333,94.84233,215.63,-1
30.29333,94.84417,206.37,-1
30.29333,94.84600,212.65,-1
30.29333,94.84783,219.10,-1
30.29333,94.84967,220.80,-1
30.29333,94.85150,219.94,-1
30.29333,94.85333,216.85,-1
30.29333,94.85517,217.86,-1
30.29333,94.85700,217.93,-1
30.29333,94.85883,216.48,-1
30.29333,94.86067,213.40,-1
30.29333,94.86250,217.96,-1
30.29333,94.86433,215.99,-1
30.29333,94.86617,217.17,-1
30.29333,94.86800,223.83,-1
30.29333,94.86983,224.45,-1
30.29333,94.87167,216.63,-1
30.29333,94.87350,221.62,-1
30.29333,94.87533,217.13,-1
30.29333,94.87717,219.78,-1
30.29333,94.87900,227.00,-1
30.29333,94.88083,225.12,-1
30.29333,94.88267,224.70,-1
30.29333,94.88450,223.27,-1
30.29333,94.88633,220.98,-1
30.29333,94.88817,219.00,-1
30.29333,94.89000,219.66,-1
30.29517,94.67000,216.34,-1
30.29517,94.67183,217.55,-1
30.29517,94.67367,217.73,-1
30.29517,94.67550,218.02,-1
30.29517,94.67733,218.46,-1
30.29517,94.67917,218.31,-1
30.29517,94.68100,199.17,-1
30.29517,94.68283,218.84,-1
30.29517,94.68467,197.27,-1
30.29517,94.68650,219.18,-1
30.29517,94.68833,219.25,-1
30.29517,94.69017,219.42,-1
30.29517,94.69200,219.44,-1
30.29517,94.69383,219.53,-1
30.29517,94.69567,219.30,-1
30.29517,94.69750,200.25,-1
30.29517,94.69933,199.25,-1
30.29517,94.70117,222.18,-1
30.29517,94.70300,222.39,-1
30.29517,94.70483,222.44,-1
30.29517,94.70667,222.19,-1
30.29517,94.70850,221.52,-1
30.29517,94.71033,220.01,-1
30.29517,94.71217,217.46,-1
30.29517,94.71400,216.79,-1
30.29517,94.71583,211.23,-1
30.29517,94.71767,210.66,-1
30.29517,94.71950,214.85,-1
30.29517,94.72133,221.12,-1
30.29517,94.72317,204.32,-1
30.29517,94.72500,224.41,-1
30.29517,94.72683,223.37,-1
30.29517,94.72867,220.10,-1
30.29517,94.73050,200.83,-1
30.29517,94.73233,216.47,-1
30.29517,94.73417,210.93,-1
30.29517,94.73600,213.06,-1
30.29517,94.73783,211.63,-1
30.29517,94.73967,211.19,-1
30.29517,94.74150,205.37,-1
30.29517,94.74333,207.80,-1
30.29517,94.74517,203.92,-1
30.29517,94.74700,196.12,-1
30.29517,94.74883,211.79,-1
30.29517,94.75067,213.01,-1
30.29517,94.75250,212.20,-1
30.29517,94.75433,211.95,-1
30.29517,94.75617,210.09,-1
30.29517,94.75800,209.21,-1
30.29517,94.75983,205.58,-1
30.29517,94.76167,201.69,-1
30.29517,94.76350,188.65,-1
30.29517,94.76533,198.25,-1
30.29517,94.76717,191.40,-1
30.29517,94.76900,173.10,-1
30.29517,94.77083,154.36,-1
30.29517,94.77267,139.15,7
30.29517,94.77450,149.86,11
30.29517,94.77633,103.02,7
30.29517,94.77817,102.99,7
30.29517,94.78000,102.98,7
30.29517,94.78183,156.42,-1
30.29517,94.78367,103.02,7
30.29517,94.78550,103.07,7
30.29517,94.78733,121.04,7
30.29517,94.78917,133.20,7
30.29517,94.79100,122.19,7
30.29517,94.79283,114.28,7
30.29517,94.79467,119.67,7
30.29517,94.79650,118.32,7
30.29517,94.79833,125.44,7
30.29517,94.80017,130.84,7
30.29517,94.80200,163.34,-1
30.29517,94.80383,180.08,-1
30.29517,94.80567,186.23,-1
30.29517,94.80750,188.14,-1
30.29517,94.80933,187.90,-1
30.29517,94.81117,186.31,-1
30.29517,94.81300,180.52,-1
30.29517,94.81483,189.02,-1
30.29517,94.81667,189.27,-1
30.29517,94.81850,187.25,-1
30.29517,94.82033,195.95,-1
30.29517,94.82217,200.11,-1
30.29517,94.82400,199.45,-1
30.29517,94.82583,198.66,-1
30.29517,94.82767,195.97,-1
30.29517,94.82950,194.46,-1
30.29517,94.83133,201.08,-1
30.29517,94.83317,209.24,-1
30.29517,94.83500,221.30,-1
30.29517,94.83683,218.11,-1
30.29517,94.83867,214.19,-1
30.29517,94.84050,217.63,-1
30.29517,94.84233,215.62,-1
30.29517,94.84417,213.90,-1
30.29517,94.84600,215.69,-1
30.29517,94.84783,215.00,-1
30.29517,94.84967,217.49,-1
30.29517,94.85150,219.95,-1
30.29517,94.85333,215.57,-1
30.29517,94.85517,218.67,-1
30.29517,94.85700,218.50,-1
30.29517,94.85883,217.52,-1
30.29517,94.86067,216.72,-1
30.29517,94.86250,220.75,-1
30.29517,94.86433,224.82,-1
30.29517,94.86617,223.29,-1
30.29517,94.86800,222.00,-1
30.29517,94.86983,221.08,-1
30.29517,94.87167,217.23,-1
30.29517,94.87350,221.25,-1
30.29517,94.87533,214.89,-1
30.29517,94.87717,220.55,-1
30.29517,94.87900,226.74,-1
30.29517,94.88083,225.40,-1
30.29517,94.88267,224.05,-1
30.29517,94.88450,223.05,-1
30.29517,94.88633,221.00,-1
30.29517,94.88817,219.30,-1
30.29517,94.89000,217.74,-1
30.29700,94.67000,215.50,-1
30.29700,94.67183,216.59,-1
30.29700,94.67367,217.19,-1
30.29700,94.67550,217.03,-1
30.29700,94.67733,216.81,-1
30.29700,94.67917,217.67,-1
30.29700,94.68100,217.96,-1
30.29700,94.68283,218.46,-1
30.29700,94.68467,218.40,-1
30.29700,94.68650,218.81,-1
30.29700,94.68833,218.84,-1
30.29700,94.69017,218.74,-1
30.29700,94.69200,219.02,-1
30.29700,94.69383,219.04,-1
30.29700,94.69567,218.72,-1
30.29700,94.69750,218.87,-1
30.29700,94.69933,219.45,-1
30.29700,94.70117,219.76,-1
30.29700,94.70300,219.99,-1
30.29700,94.70483,220.83,-1
30.29700,94.70667,219.77,-1
30.29700,94.70850,218.22,-1
30.29700,94.71033,215.96,-1
30.29700,94.71217,207.57,-1
30.29700,94.71400,204.70,-1
30.29700,94.71583,207.89,-1
30.29700,94.71767,206.05,-1
30.29700,94.71950,220.21,-1
30.29700,94.72133,222.51,-1
30.29700,94.72317,223.49,-1
30.29700,94.72500,216.74,-1
30.29700,94.72683,202.23,-1
30.29700,94.72867,199.73,-1
30.29700,94.73050,218.67,-1
30.29700,94.73233,214.86,-1
30.29700,94.73417,215.81,-1
30.29700,94.73600,215.82,-1
30.29700,94.73783,209.40,-1
30.29700,94.73967,211.16,-1
30.29700,94.74150,210.03,-1
30.29700,94.74333,206.05,-1
30.29700,94.74517,204.00,-1
30.29700,94.74700,207.23,-1
30.29700,94.74883,210.05,-1
30.29700,94.75067,210.99,-1
30.29700,94.75250,211.55,-1
30.29700,94.75433,211.53,-1
30.29700,94.75617,203.09,-1
30.29700,94.75800,210.42,-1
30.29700,94.75983,197.64,-1
30.29700,94.76167,199.28,-1
30.29700,94.76350,197.58,-1
30.29700,94.76533,192.72,-1
30.29700,94.76717,167.72,-1
30.29700,94.76900,169.70,-1
30.29700,94.77083,158.00,-1
30.29700,94.77267,177.20,-1
30.29700,94.77450,175.58,-1
30.29700,94.77633,174.27,-1
30.29700,94.77817,173.24,-1
30.29700,94.78000,156.36,-1
30.29700,94.78183,102.52,7
30.29700,94.78367,102.56,7
30.29700,94.78550,139.19,7
30.29700,94.78733,152.29,12
30.29700,94.78917,142.75,8
30.29700,94.79100,120.85,7
30.29700,94.79283,124.75,7
30.29700,94.79467,116.23,7
30.29700,94.79650,117.92,7
30.29700,94.79833,128.60,7
30.29700,94.80017,153.78,12
30.29700,94.80200,179.74,-1
30.29700,94.80383,185.55,-1
30.29700,94.80567,178.84,-1
30.29700,94.80750,188.12,-1
30.29700,94.80933,187.77,-1
30.29700,94.81117,175.92,-1
30.29700,94.81300,182.60,-1
30.29700,94.81483,187.52,-1
30.29700,94.81667,198.43,-1
30.29700,94.81850,191.59,-1
30.29700,94.82033,191.34,-1
30.29700,94.82217,200.03,-1
30.29700,94.82400,190.74,-1
30.29700,94.82583,197.52,-1
30.29700,94.82767,192.87,-1
30.29700,94.82950,203.13,-1
30.29700,94.83133,204.93,-1
30.29700,94.83317,211.76,-1
30.29700,94.83500,200.22,-1
30.29700,94.83683,215.47,-1
30.29700,94.83867,219.01,-1
30.29700,94.84050,217.88,-1
30.29700,94.84233,217.24,-1
30.29700,94.84417,195.46,-1
30.29700,94.84600,204.94,-1
30.29700,94.84783,209.32,-1
30.29700,94.84967,217.50,-1
30.29700,94.85150,221.37,-1
30.29700,94.85333,219.27,-1
30.29700,94.85517,216.07,-1
30.29700,94.85700,219.14,-1
30.29700,94.85883,217.93,-1
30.29700,94.86067,217.37,-1
30.29700,94.86250,228.51,-1
30.29700,94.86433,219.54,-1
30.29700,94.86617,218.45,-1
30.29700,94.86800,213.45,-1
30.29700,94.86983,217.45,-1
30.29700,94.87167,224.20,-1
30.29700,94.87350,224.52,-1
30.29700,94.87533,215.37,-1
30.29700,94.87717,212.90,-1
30.29700,94.87900,223.43,-1
30.29700,94.88083,225.70,-1
30.29700,94.88267,223.83,-1
30.29700,94.88450,221.82,-1
30.29700,94.88633,219.60,-1
30.29700,94.88817,217.82,-1
30.29700,94.89000,216.74,-1
30.29883,94.67000,215.76,-1
30.29883,94.67183,216.38,-1
30.29883,94.67367,214.57,-1
30.29883,94.67550,193.70,-1
30.29883,94.67733,213.38,-1
30.29883,94.67917,216.64,-1
30.29883,94.68100,216.75,-1
30.29883,94.68283,216.34,-1
30.29883,94.68467,217.13,-1
30.29883,94.68650,217.50,-1
30.29883,94.68833,216.57,-1
30.29883,94.69017,216.22,-1
30.29883,94.69200,198.96,-1
30.29883,94.69383,216.87,-1
30.29883,94.69567,217.21,-1
30.29883,94.69750,217.09,-1
30.29883,94.69933,212.30,-1
30.29883,94.70117,214.23,-1
30.29883,94.70300,213.98,-1
30.29883,94.70483,213.05,-1
30.29883,94.70667,212.68,-1
30.29883,94.70850,212.88,-1
30.29883,94.71033,210.16,-1
30.29883,94.71217,209.57,-1
30.29883,94.71400,205.59,-1
30.29883,94.71583,198.33,-1
30.29883,94.71767,216.31,-1
30.29883,94.71950,217.90,-1
30.29883,94.72133,220.35,-1
30.29883,94.72317,219.70,-1
30.29883,94.72500,211.48,-1
30.29883,94.72683,204.03,-1
30.29883,94.72867,219.04,-1
30.29883,94.73050,219.33,-1
30.29883,94.73233,218.82,-1
30.29883,94.73417,216.92,-1
30.29883,94.73600,213.81,-1
30.29883,94.73783,213.38,-1
30.29883,94.73967,205.55,-1
30.29883,94.74150,211.93,-1
30.29883,94.74333,203.14,-1
30.29883,94.74517,188.58,-1
30.29883,94.74700,205.09,-1
30.29883,94.74883,207.01,-1
30.29883,94.75067,197.61,-1
30.29883,94.75250,210.62,-1
30.29883,94.75433,210.13,-1
30.29883,94.75617,198.53,-1
30.29883,94.75800,198.84,-1
30.29883,94.75983,207.70,-1
30.29883,94.76167,202.97,-1
30.29883,94.76350,192.48,-1
30.29883,94.76533,164.18,-1
30.29883,94.76717,183.49,-1
30.29883,94.76900,170.44,-1
30.29883,94.77083,175.63,-1
30.29883,94.77267,171.76,-1
30.29883,94.77450,178.93,-1
30.29883,94.77633,184.17,-1
30.29883,94.77817,183.34,-1
30.29883,94.78000,182.24,-1
30.29883,94.78183,149.15,11
30.29883,94.78367,124.44,7
30.29883,94.78550,154.47,-1
30.29883,94.78733,145.62,9
30.29883,94.78917,148.02,10
30.29883,94.79100,126.87,7
30.29883,94.79283,127.04,7
30.29883,94.79467,119.98,7
30.29883,94.79650,118.26,7
30.29883,94.79833,131.20,7
30.29883,94.80017,174.98,-1
30.29883,94.80200,185.41,-1
30.29883,94.80383,186.42,-1
30.29883,94.80567,178.32,-1
30.29883,94.80750,190.25,-1
30.29883,94.80933,185.91,-1
30.29883,94.81117,184.42,-1
30.29883,94.81300,184.38,-1
30.29883,94.81483,172.54,-1
30.29883,94.81667,174.62,-1
30.29883,94.81850,191.90,-1
30.29883,94.82033,199.84,-1
30.29883,94.82217,201.47,-1
30.29883,94.82400,197.25,-1
30.29883,94.82583,193.41,-1
30.29883,94.82767,190.22,-1
30.29883,94.82950,200.40,-1
30.29883,94.83133,203.31,-1
30.29883,94.83317,211.30,-1
30.29883,94.83500,216.00,-1
30.29883,94.83683,218.58,-1
30.29883,94.83867,219.43,-1
30.29883,94.84050,217.69,-1
30.29883,94.84233,216.83,-1
30.29883,94.84417,195.42,-1
30.29883,94.84600,214.51,-1
30.29883,94.84783,210.70,-1
30.29883,94.84967,216.69,-1
30.29883,94.85150,216.35,-1
30.29883,94.85333,219.89,-1
30.29883,94.85517,217.03,-1
30.29883,94.85700,214.83,-1
30.29883,94.85883,218.12,-1
30.29883,94.86067,216.89,-1
30.29883,94.86250,210.98,-1
30.29883,94.86433,217.73,-1
30.29883,94.86617,211.31,-1
30.29883,94.86800,212.00,-1
30.29883,94.86983,214.03,-1
30.29883,94.87167,223.56,-1
30.29883,94.87350,215.29,-1
30.29883,94.87533,216.41,-1
30.29883,94.87717,217.39,-1
30.29883,94.87900,218.57,-1
30.29883,94.88083,223.46,-1
30.29883,94.88267,224.23,-1
30.29883,94.88450,223.24,-1
30.29883,94.88633,220.78,-1
30.29883,94.88817,219.08,-1
30.29883,94.89000,217.66,-1
30.30067,94.67000,217.17,-1
30.30067,94.67183,215.19,-1
30.30067,94.67367,216.15,-1
30.30067,94.67550,216.34,-1
30.30067,94.67733,217.21,-1
30.30067,94.67917,220.57,-1
30.30067,94.68100,218.86,-1
30.30067,94.68283,218.59,-1
30.30067,94.68467,216.03,-1
30.30067,94.68650,213.11,-1
30.30067,94.68833,200.49,-1
30.30067,94.69017,212.97,-1
30.30067,94.69200,211.12,-1
30.30067,94.69383,207.14,-1
30.30067,94.69567,200.96,-1
30.30067,94.69750,197.61,-1
30.30067,94.69933,205.70,-1
30.30067,94.70117,199.47,-1
30.30067,94.70300,211.89,-1
30.30067,94.70483,210.26,-1
30.30067,94.70667,208.25,-1
30.30067,94.70850,203.79,-1
30.30067,94.71033,206.47,-1
30.30067,94.71217,211.76,-1
30.30067,94.71400,201.19,-1
30.30067,94.71583,199.04,-1
30.30067,94.71767,198.15,-1
30.30067,94.71950,198.67,-1
30.30067,94.72133,216.99,-1
30.30067,94.72317,217.74,-1
30.30067,94.72500,199.85,-1
30.30067,94.72683,197.63,-1
30.30067,94.72867,217.36,-1
30.30067,94.73050,218.08,-1
30.30067,94.73233,218.14,-1
30.30067,94.73417,217.35,-1
30.30067,94.73600,214.64,-1
30.30067,94.73783,209.70,-1
30.30067,94.73967,202.76,-1
30.30067,94.74150,201.47,-1
30.30067,94.74333,199.18,-1
30.30067,94.74517,199.27,-1
30.30067,94.74700,200.84,-1
30.30067,94.74883,202.72,-1
30.30067,94.75067,205.03,-1
30.30067,94.75250,205.78,-1
30.30067,94.75433,210.76,-1
30.30067,94.75617,209.61,-1
30.30067,94.75800,204.01,-1
30.30067,94.75983,209.41,-1
30.30067,94.76167,207.56,-1
30.30067,94.76350,194.03,-1
30.30067,94.76533,183.12,-1
30.30067,94.76717,168.00,-1
30.30067,94.76900,169.60,-1
30.30067,94.77083,168.16,-1
30.30067,94.77267,172.40,-1
30.30067,94.77450,182.07,-1
30.30067,94.77633,186.65,-1
30.30067,94.77817,165.69,-1
30.30067,94.78000,181.16,-1
30.30067,94.78183,183.97,-1
30.30067,94.78367,137.09,7
30.30067,94.78550,141.82,8
30.30067,94.78733,133.16,7
30.30067,94.78917,137.96,7
30.30067,94.79100,123.86,7
30.30067,94.79283,132.20,7
30.30067,94.79467,122.19,7
30.30067,94.79650,133.90,7
30.30067,94.79833,157.68,-1
30.30067,94.80017,182.88,-1
30.30067,94.80200,182.98,-1
30.30067,94.80383,188.32,-1
30.30067,94.80567,179.81,-1
30.30067,94.80750,184.98,-1
30.30067,94.80933,188.94,-1
30.30067,94.81117,177.47,-1
30.30067,94.81300,191.20,-1
30.30067,94.81483,192.42,-1
30.30067,94.81667,190.42,-1
30.30067,94.81850,181.25,-1
30.30067,94.82033,198.90,-1
30.30067,94.82217,199.47,-1
30.30067,94.82400,197.35,-1
30.30067,94.82583,190.37,-1
30.30067,94.82767,196.68,-1
30.30067,94.82950,208.17,-1
30.30067,94.83133,210.96,-1
30.30067,94.83317,205.58,-1
30.30067,94.83500,205.34,-1
30.30067,94.83683,214.89,-1
30.30067,94.83867,219.89,-1
30.30067,94.84050,218.93,-1
30.30067,94.84233,217.08,-1
30.30067,94.84417,216.48,-1
30.30067,94.84600,210.68,-1
30.30067,94.84783,205.29,-1
30.30067,94.84967,205.70,-1
30.30067,94.85150,208.03,-1
30.30067,94.85333,221.46,-1
30.30067,94.85517,217.71,-1
30.30067,94.85700,214.72,-1
30.30067,94.85883,217.92,-1
30.30067,94.86067,216.84,-1
30.30067,94.86250,214.06,-1
30.30067,94.86433,216.35,-1
30.30067,94.86617,216.15,-1
30.30067,94.86800,208.30,-1
30.30067,94.86983,209.31,-1
30.30067,94.87167,204.96,-1
30.30067,94.87350,207.70,-1
30.30067,94.87533,209.31,-1
30.30067,94.87717,219.06,-1
30.30067,94.87900,213.32,-1
30.30067,94.88083,218.52,-1
30.30067,94.88267,223.01,-1
30.30067,94.88450,222.91,-1
30.30067,94.88633,221.24,-1
30.30067,94.88817,220.12,-1
30.30067,94.89000,218.68,-1
30.30250,94.67000,214.61,-1
30.30250,94.67183,218.59,-1
30.30250,94.67367,218.43,-1
30.30250,94.67550,218.43,-1
30.30250,94.67733,218.72,-1
30.30250,94.67917,219.07,-1
30.30250,94.68100,220.31,-1
30.30250,94.68283,220.76,-1
30.30250,94.68467,219.01,-1
30.30250,94.68650,218.57,-1
30.30250,94.68833,216.59,-1
30.30250,94.69017,209.51,-1
30.30250,94.69200,207.80,-1
30.30250,94.69383,200.76,-1
30.30250,94.69567,213.92,-1
30.30250,94.69750,214.22,-1
30.30250,94.69933,213.14,-1
30.30250,94.70117,210.64,-1
30.30250,94.70300,200.37,-1
30.30250,94.70483,210.44,-1
30.30250,94.70667,212.45,-1
30.30250,94.70850,213.27,-1
30.30250,94.71033,211.11,-1
30.30250,94.71217,206.67,-1
30.30250,94.71400,204.22,-1
30.30250,94.71583,198.14,-1
30.30250,94.71767,199.61,-1
30.30250,94.71950,215.69,-1
30.30250,94.72133,216.31,-1
30.30250,94.72317,216.28,-1
30.30250,94.72500,215.46,-1
30.30250,94.72683,216.00,-1
30.30250,94.72867,217.34,-1
30.30250,94.73050,215.97,-1
30.30250,94.73233,216.07,-1
30.30250,94.73417,216.39,-1
30.30250,94.73600,215.08,-1
30.30250,94.73783,212.74,-1
30.30250,94.73967,197.40,-1
30.30250,94.74150,197.59,-1
30.30250,94.74333,187.24,-1
30.30250,94.74517,196.56,-1
30.30250,94.74700,196.40,-1
30.30250,94.74883,198.96,-1
30.30250,94.75067,201.53,-1
30.30250,94.75250,203.59,-1
30.30250,94.75433,206.52,-1
30.30250,94.75617,208.64,-1
30.30250,94.75800,205.77,-1
30.30250,94.75983,201.74,-1
30.30250,94.76167,213.16,-1
30.30250,94.76350,203.79,-1
30.30250,94.76533,168.04,-1
30.30250,94.76717,178.91,-1
30.30250,94.76900,174.95,-1
30.30250,94.77083,173.89,-1
30.30250,94.77267,143.44,9
30.30250,94.77450,101.06,7
30.30250,94.77633,100.98,7
30.30250,94.77817,100.94,7
30.30250,94.78000,100.93,7
30.30250,94.78183,153.53,12
30.30250,94.78367,157.25,-1
30.30250,94.78550,151.68,12
30.30250,94.78733,135.54,7
30.30250,94.78917,129.24,7
30.30250,94.79100,118.31,7
30.30250,94.79283,120.86,7
30.30250,94.79467,140.25,8
30.30250,94.79650,149.82,11
30.30250,94.79833,186.06,-1
30.30250,94.80017,175.86,-1
30.30250,94.80200,183.31,-1
30.30250,94.80383,187.10,-1
30.30250,94.80567,184.68,-1
30.30250,94.80750,190.64,-1
30.30250,94.80933,191.73,-1
30.30250,94.81117,191.30,-1
30.30250,94.81300,188.24,-1
30.30250,94.81483,195.03,-1
30.30250,94.81667,194.51,-1
30.30250,94.81850,194.48,-1
30.30250,94.82033,185.51,-1
30.30250,94.82217,200.14,-1
30.30250,94.82400,193.75,-1
30.30250,94.82583,193.37,-1
30.30250,94.82767,200.74,-1
30.30250,94.82950,204.74,-1
30.30250,94.83133,206.86,-1
30.30250,94.83317,208.06,-1
30.30250,94.83500,208.07,-1
30.30250,94.83683,217.35,-1
30.30250,94.83867,219.11,-1
30.30250,94.84050,219.16,-1
30.30250,94.84233,219.21,-1
30.30250,94.84417,217.25,-1
30.30250,94.84600,208.70,-1
30.30250,94.84783,216.52,-1
30.30250,94.84967,208.19,-1
30.30250,94.85150,217.91,-1
30.30250,94.85333,220.91,-1
30.30250,94.85517,218.60,-1
30.30250,94.85700,215.62,-1
30.30250,94.85883,218.08,-1
30.30250,94.86067,216.28,-1
30.30250,94.86250,214.85,-1
30.30250,94.86433,211.12,-1
30.30250,94.86617,214.26,-1
30.30250,94.86800,215.29,-1
30.30250,94.86983,219.58,-1
30.30250,94.87167,219.21,-1
30.30250,94.87350,210.89,-1
30.30250,94.87533,212.98,-1
30.30250,94.87717,217.79,-1
30.30250,94.87900,213.44,-1
30.30250,94.88083,217.79,-1
30.30250,94.88267,222.55,-1
30.30250,94.88450,224.04,-1
30.30250,94.88633,222.80,-1
30.30250,94.88817,220.39,-1
30.30250,94.89000,218.38,-1
30.30433,94.67000,221.83,-1
30.30433,94.67183,221.17,-1
30.30433,94.67367,220.95,-1
30.30433,94.67550,220.38,-1
30.30433,94.67733,221.02,-1
30.30433,94.67917,221.38,-1
30.30433,94.68100,220.09,-1
30.30433,94.68283,217.89,-1
30.30433,94.68467,218.21,-1
30.30433,94.68650,217.39,-1
30.30433,94.68833,215.94,-1
30.30433,94.69017,213.90,-1
30.30433,94.69200,219.98,-1
30.30433,94.69383,218.87,-1
30.30433,94.69567,223.24,-1
30.30433,94.69750,212.95,-1
30.30433,94.69933,212.14,-1
30.30433,94.70117,207.20,-1
30.30433,94.70300,208.10,-1
30.30433,94.70483,200.78,-1
30.30433,94.70667,204.73,-1
30.30433,94.70850,202.56,-1
30.30433,94.71033,199.00,-1
30.30433,94.71217,209.88,-1
30.30433,94.71400,199.33,-1
30.30433,94.71583,199.08,-1
30.30433,94.71767,210.72,-1
30.30433,94.71950,211.85,-1
30.30433,94.72133,213.99,-1
30.30433,94.72317,214.64,-1
30.30433,94.72500,214.45,-1
30.30433,94.72683,214.15,-1
30.30433,94.72867,213.37,-1
30.30433,94.73050,214.65,-1
30.30433,94.73233,215.15,-1
30.30433,94.73417,214.15,-1
30.30433,94.73600,213.09,-1
30.30433,94.73783,211.84,-1
30.30433,94.73967,210.72,-1
30.30433,94.74150,197.96,-1
30.30433,94.74333,197.93,-1
30.30433,94.74517,196.83,-1
30.30433,94.74700,187.78,-1
30.30433,94.74883,192.57,-1
30.30433,94.75067,195.77,-1
30.30433,94.75250,199.20,-1
30.30433,94.75433,203.23,-1
30.30433,94.75617,203.81,-1
30.30433,94.75800,177.26,-1
30.30433,94.75983,189.20,-1
30.30433,94.76167,192.96,-1
30.30433,94.76350,171.19,-1
30.30433,94.76533,167.47,-1
30.30433,94.76717,168.04,-1
30.30433,94.76900,173.94,-1
30.30433,94.77083,170.50,-1
30.30433,94.77267,176.34,-1
30.30433,94.77450,168.08,-1
30.30433,94.77633,172.57,-1
30.30433,94.77817,128.40,7
30.30433,94.78000,148.98,10
30.30433,94.78183,166.37,-1
30.30433,94.78367,156.84,-1
30.30433,94.78550,158.44,-1
30.30433,94.78733,135.04,7
30.30433,94.78917,127.51,7
30.30433,94.79100,123.00,7
30.30433,94.79283,130.03,7
30.30433,94.79467,134.96,7
30.30433,94.79650,183.95,-1
30.30433,94.79833,173.45,-1
30.30433,94.80017,180.52,-1
30.30433,94.80200,181.98,-1
30.30433,94.80383,189.94,-1
30.30433,94.80567,190.82,-1
30.30433,94.80750,188.01,-1
30.30433,94.80933,198.20,-1
30.30433,94.81117,196.03,-1
30.30433,94.81300,196.05,-1
30.30433,94.81483,195.67,-1
30.30433,94.81667,195.68,-1
30.30433,94.81850,195.87,-1
30.30433,94.82033,195.04,-1
30.30433,94.82217,201.32,-1
30.30433,94.82400,198.02,-1
30.30433,94.82583,196.34,-1
30.30433,94.82767,204.85,-1
30.30433,94.82950,201.55,-1
30.30433,94.83133,209.38,-1
30.30433,94.83317,212.14,-1
30.30433,94.83500,210.98,-1
30.30433,94.83683,217.49,-1
30.30433,94.83867,209.62,-1
30.30433,94.84050,219.88,-1
30.30433,94.84233,219.49,-1
30.30433,94.84417,217.77,-1
30.30433,94.84600,195.38,-1
30.30433,94.84783,207.92,-1
30.30433,94.84967,216.83,-1
30.30433,94.85150,216.93,-1
30.30433,94.85333,216.58,-1
30.30433,94.85517,220.69,-1
30.30433,94.85700,218.03,-1
30.30433,94.85883,213.69,-1
30.30433,94.86067,215.58,-1
30.30433,94.86250,213.65,-1
30.30433,94.86433,211.32,-1
30.30433,94.86617,214.77,-1
30.30433,94.86800,215.78,-1
30.30433,94.86983,215.14,-1
30.30433,94.87167,214.78,-1
30.30433,94.87350,208.62,-1
30.30433,94.87533,213.79,-1
30.30433,94.87717,217.43,-1
30.30433,94.87900,215.35,-1
30.30433,94.88083,218.87,-1
30.30433,94.88267,204.93,-1
30.30433,94.88450,223.70,-1
30.30433,94.88633,222.60,-1
30.30433,94.88817,220.12,-1
30.30433,94.89000,218.19,-1
30.30617,94.67000,223.29,-1
30.30617,94.67183,222.19,-1
30.30617,94.67367,221.51,-1
30.30617,94.67550,217.98,-1
30.30617,94.67733,216.04,-1
30.30617,94.67917,210.90,-1
30.30617,94.68100,210.76,-1
30.30617,94.68283,207.08,-1
30.30617,94.68467,206.68,-1
30.30617,94.68650,208.92,-1
30.30617,94.68833,208.67,-1
30.30617,94.69017,208.39,-1
30.30617,94.69200,209.82,-1
30.30617,94.69383,202.57,-1
30.30617,94.69567,212.63,-1
30.30617,94.69750,226.34,-1
30.30617,94.69933,222.54,-1
30.30617,94.70117,206.98,-1
30.30617,94.70300,215.01,-1
30.30617,94.70483,208.67,-1
30.30617,94.70667,193.96,-1
30.30617,94.70850,212.24,-1
30.30617,94.71033,201.19,-1
30.30617,94.71217,198.35,-1
30.30617,94.71400,196.30,-1
30.30617,94.71583,193.41,-1
30.30617,94.71767,191.03,-1
30.30617,94.71950,209.89,-1
30.30617,94.72133,209.37,-1
30.30617,94.72317,209.82,-1
30.30617,94.72500,191.63,-1
30.30617,94.72683,208.99,-1
30.30617,94.72867,194.27,-1
30.30617,94.73050,196.33,-1
30.30617,94.73233,195.09,-1
30.30617,94.73417,212.46,-1
30.30617,94.73600,212.31,-1
30.30617,94.73783,210.46,-1
30.30617,94.73967,195.52,-1
30.30617,94.74150,207.26,-1
30.30617,94.74333,205.14,-1
30.30617,94.74517,200.39,-1
30.30617,94.74700,194.11,-1
30.30617,94.74883,186.42,-1
30.30617,94.75067,184.72,-1
30.30617,94.75250,186.40,-1
30.30617,94.75433,192.03,-1
30.30617,94.75617,175.13,-1
30.30617,94.75800,180.79,-1
30.30617,94.75983,188.24,-1
30.30617,94.76167,184.64,-1
30.30617,94.76350,169.35,-1
30.30617,94.76533,184.34,-1
30.30617,94.76717,177.51,-1
30.30617,94.76900,174.45,-1
30.30617,94.77083,163.03,-1
30.30617,94.77267,165.45,-1
30.30617,94.77450,179.71,-1
30.30617,94.77633,159.07,-1
30.30617,94.77817,151.32,11
30.30617,94.78000,153.64,12
30.30617,94.78183,155.72,-1
30.30617,94.78367,148.78,10
30.30617,94.78550,140.18,8
30.30617,94.78733,115.98,7
30.30617,94.78917,128.12,7
30.30617,94.79100,119.62,7
30.30617,94.79283,129.20,7
30.30617,94.79467,161.59,-1
30.30617,94.79650,161.91,-1
30.30617,94.79833,152.64,12
30.30617,94.80017,173.82,-1
30.30617,94.80200,188.65,-1
30.30617,94.80383,184.89,-1
30.30617,94.80567,189.33,-1
30.30617,94.80750,190.30,-1
30.30617,94.80933,192.35,-1
30.30617,94.81117,199.55,-1
30.30617,94.81300,196.33,-1
30.30617,94.81483,197.64,-1
30.30617,94.81667,186.87,-1
30.30617,94.81850,194.50,-1
30.30617,94.82033,190.33,-1
30.30617,94.82217,198.89,-1
30.30617,94.82400,203.29,-1
30.30617,94.82583,198.25,-1
30.30617,94.82767,200.84,-1
30.30617,94.82950,205.84,-1
30.30617,94.83133,206.68,-1
30.30617,94.83317,201.56,-1
30.30617,94.83500,214.43,-1
30.30617,94.83683,218.21,-1
30.30617,94.83867,219.07,-1
30.30617,94.84050,219.54,-1
30.30617,94.84233,218.45,-1
30.30617,94.84417,217.62,-1
30.30617,94.84600,216.19,-1
30.30617,94.84783,211.77,-1
30.30617,94.84967,210.95,-1
30.30617,94.85150,208.83,-1
30.30617,94.85333,208.58,-1
30.30617,94.85517,218.05,-1
30.30617,94.85700,218.97,-1
30.30617,94.85883,215.11,-1
30.30617,94.86067,211.71,-1
30.30617,94.86250,213.44,-1
30.30617,94.86433,212.22,-1
30.30617,94.86617,207.97,-1
30.30617,94.86800,211.48,-1
30.30617,94.86983,204.56,-1
30.30617,94.87167,211.45,-1
30.30617,94.87350,215.24,-1
30.30617,94.87533,216.63,-1
30.30617,94.87717,210.15,-1
30.30617,94.87900,217.40,-1
30.30617,94.88083,207.55,-1
30.30617,94.88267,215.30,-1
30.30617,94.88450,219.94,-1
30.30617,94.88633,222.76,-1
30.30617,94.88817,220.93,-1
30.30617,94.89000,217.69,-1
30.30800,94.67000,221.67,-1
30.30800,94.67183,219.99,-1
30.30800,94.67367,219.82,-1
30.30800,94.67550,218.66,-1
30.30800,94.67733,219.03,-1
30.30800,94.67917,217.12,-1
30.30800,94.68100,213.93,-1
30.30800,94.68283,210.83,-1
30.30800,94.68467,213.84,-1
30.30800,94.68650,205.64,-1
30.30800,94.68833,211.96,-1
30.30800,94.69017,205.92,-1
30.30800,94.69200,207.18,-1
30.30800,94.69383,202.93,-1
30.30800,94.69567,201.54,-1
30.30800,94.69750,192.12,-1
30.30800,94.69933,208.91,-1
30.30800,94.70117,209.05,-1
30.30800,94.70300,202.41,-1
30.30800,94.70483,199.72,-1
30.30800,94.70667,198.04,-1
30.30800,94.70850,194.75,-1
30.30800,94.71033,207.74,-1
30.30800,94.71217,192.64,-1
30.30800,94.71400,209.19,-1
30.30800,94.71583,209.38,-1
30.30800,94.71767,209.18,-1
30.30800,94.71950,208.32,-1
30.30800,94.72133,207.03,-1
30.30800,94.72317,206.21,-1
30.30800,94.72500,206.17,-1
30.30800,94.72683,204.95,-1
30.30800,94.72867,204.65,-1
30.30800,94.73050,199.64,-1
30.30800,94.73233,207.32,-1
30.30800,94.73417,208.45,-1
30.30800,94.73600,208.28,-1
30.30800,94.73783,208.98,-1
30.30800,94.73967,206.96,-1
30.30800,94.74150,200.69,-1
30.30800,94.74333,202.55,-1
30.30800,94.74517,198.88,-1
30.30800,94.74700,198.23,-1
30.30800,94.74883,187.05,-1
30.30800,94.75067,189.02,-1
30.30800,94.75250,174.70,-1
30.30800,94.75433,166.46,-1
30.30800,94.75617,173.66,-1
30.30800,94.75800,166.28,-1
30.30800,94.75983,180.34,-1
30.30800,94.76167,177.74,-1
30.30800,94.76350,184.65,-1
30.30800,94.76533,186.95,-1
30.30800,94.76717,174.05,-1
30.30800,94.76900,178.55,-1
30.30800,94.77083,174.79,-1
30.30800,94.77267,171.72,-1
30.30800,94.77450,158.70,-1
30.30800,94.77633,140.91,8
30.30800,94.77817,147.20,10
30.30800,94.78000,154.98,-1
30.30800,94.78183,159.20,-1
30.30800,94.78367,121.80,7
30.30800,94.78550,121.21,7
30.30800,94.78733,126.68,7
30.30800,94.78917,120.50,7
30.30800,94.79100,115.02,7
30.30800,94.79283,150.47,11
30.30800,94.79467,100.24,7
30.30800,94.79650,100.51,7
30.30800,94.79833,132.64,7
30.30800,94.80017,159.12,-1
30.30800,94.80200,171.66,-1
30.30800,94.80383,180.09,-1
30.30800,94.80567,193.22,-1
30.30800,94.80750,199.22,-1
30.30800,94.80933,191.29,-1
30.30800,94.81117,196.49,-1
30.30800,94.81300,195.25,-1
30.30800,94.81483,197.65,-1
30.30800,94.81667,196.37,-1
30.30800,94.81850,194.06,-1
30.30800,94.82033,192.61,-1
30.30800,94.82217,195.83,-1
30.30800,94.82400,200.60,-1
30.30800,94.82583,201.76,-1
30.30800,94.82767,203.88,-1
30.30800,94.82950,200.66,-1
30.30800,94.83133,212.18,-1
30.30800,94.83317,202.47,-1
30.30800,94.83500,216.21,-1
30.30800,94.83683,205.07,-1
30.30800,94.83867,211.82,-1
30.30800,94.84050,220.20,-1
30.30800,94.84233,219.43,-1
30.30800,94.84417,217.53,-1
30.30800,94.84600,214.74,-1
30.30800,94.84783,205.08,-1
30.30800,94.84967,211.43,-1
30.30800,94.85150,212.34,-1
30.30800,94.85333,211.56,-1
30.30800,94.85517,216.14,-1
30.30800,94.85700,218.33,-1
30.30800,94.85883,217.98,-1
30.30800,94.86067,215.70,-1
30.30800,94.86250,212.37,-1
30.30800,94.86433,211.63,-1
30.30800,94.86617,195.77,-1
30.30800,94.86800,205.24,-1
30.30800,94.86983,209.34,-1
30.30800,94.87167,217.82,-1
30.30800,94.87350,209.66,-1
30.30800,94.87533,216.83,-1
30.30800,94.87717,208.64,-1
30.30800,94.87900,220.04,-1
30.30800,94.88083,219.52,-1
30.30800,94.88267,214.91,-1
30.30800,94.88450,222.23,-1
30.30800,94.88633,220.31,-1
30.30800,94.88817,220.72,-1
30.30800,94.89000,218.36,-1
30.30983,94.67000,220.98,-1
30.30983,94.67183,219.74,-1
30.30983,94.67367,206.80,-1
30.30983,94.67550,210.74,-1
30.30983,94.67733,206.82,-1
30.30983,94.67917,214.08,-1
30.30983,94.68100,218.39,-1
30.30983,94.68283,212.81,-1
30.30983,94.68467,210.54,-1
30.30983,94.68650,211.61,-1
30.30983,94.68833,209.58,-1
30.30983,94.69017,209.46,-1
30.30983,94.69200,208.63,-1
30.30983,94.69383,207.64,-1
30.30983,94.69567,205.31,-1
30.30983,94.69750,199.07,-1
30.30983,94.69933,198.24,-1
30.30983,94.70117,195.33,-1
30.30983,94.70300,198.79,-1
30.30983,94.70483,199.66,-1
30.30983,94.70667,198.75,-1
30.30983,94.70850,196.09,-1
30.30983,94.71033,193.15,-1
30.30983,94.71217,191.41,-1
30.30983,94.71400,189.49,-1
30.30983,94.71583,207.67,-1
30.30983,94.71767,207.34,-1
30.30983,94.71950,206.92,-1
30.30983,94.72133,205.46,-1
30.30983,94.72317,190.62,-1
30.30983,94.72500,191.50,-1
30.30983,94.72683,192.11,-1
30.30983,94.72867,193.31,-1
30.30983,94.73050,193.88,-1
30.30983,94.73233,194.00,-1
30.30983,94.73417,193.93,-1
30.30983,94.73600,193.33,-1
30.30983,94.73783,193.87,-1
30.30983,94.73967,204.44,-1
30.30983,94.74150,206.16,-1
30.30983,94.74333,206.23,-1
30.30983,94.74517,195.99,-1
30.30983,94.74700,211.76,-1
30.30983,94.74883,102.68,7
30.30983,94.75067,186.65,-1
30.30983,94.75250,102.01,7
30.30983,94.75433,163.82,-1
30.30983,94.75617,167.22,-1
30.30983,94.75800,140.82,8
30.30983,94.75983,162.25,-1
30.30983,94.76167,182.02,-1
30.30983,94.76350,185.10,-1
30.30983,94.76533,189.71,-1
30.30983,94.76717,186.76,-1
30.30983,94.76900,181.98,-1
30.30983,94.77083,180.32,-1
30.30983,94.77267,183.50,-1
30.30983,94.77450,173.02,-1
30.30983,94.77633,157.78,-1
30.30983,94.77817,144.86,9
30.30983,94.78000,134.15,7
30.30983,94.78183,116.25,7
30.30983,94.78367,130.03,7
30.30983,94.78550,123.85,7
30.30983,94.78733,121.92,7
30.30983,94.78917,123.76,7
30.30983,94.79100,117.87,7
30.30983,94.79283,142.70,8
30.30983,94.79467,99.68,7
30.30983,94.79650,99.99,7
30.30983,94.79833,100.31,7
30.30983,94.80017,166.02,-1
30.30983,94.80200,162.09,-1
30.30983,94.80383,195.23,-1
30.30983,94.80567,189.64,-1
30.30983,94.80750,190.89,-1
30.30983,94.80933,190.60,-1
30.30983,94.81117,192.87,-1
30.30983,94.81300,192.22,-1
30.30983,94.81483,199.09,-1
30.30983,94.81667,196.58,-1
30.30983,94.81850,191.83,-1
30.30983,94.82033,193.21,-1
30.30983,94.82217,196.47,-1
30.30983,94.82400,196.93,-1
30.30983,94.82583,203.82,-1
30.30983,94.82767,207.11,-1
30.30983,94.82950,202.69,-1
30.30983,94.83133,198.96,-1
30.30983,94.83317,204.18,-1
30.30983,94.83500,202.02,-1
30.30983,94.83683,206.52,-1
30.30983,94.83867,209.16,-1
30.30983,94.84050,218.62,-1
30.30983,94.84233,217.53,-1
30.30983,94.84417,215.47,-1
30.30983,94.84600,212.93,-1
30.30983,94.84783,196.55,-1
30.30983,94.84967,205.37,-1
30.30983,94.85150,204.77,-1
30.30983,94.85333,214.04,-1
30.30983,94.85517,210.96,-1
30.30983,94.85700,206.17,-1
30.30983,94.85883,218.80,-1
30.30983,94.86067,217.50,-1
30.30983,94.86250,214.39,-1
30.30983,94.86433,210.42,-1
30.30983,94.86617,208.25,-1
30.30983,94.86800,206.04,-1
30.30983,94.86983,212.47,-1
30.30983,94.87167,205.36,-1
30.30983,94.87350,204.61,-1
30.30983,94.87533,210.78,-1
30.30983,94.87717,210.23,-1
30.30983,94.87900,217.27,-1
30.30983,94.88083,212.40,-1
30.30983,94.88267,217.22,-1
30.30983,94.88450,217.11,-1
30.30983,94.88633,221.53,-1
30.30983,94.88817,219.43,-1
30.30983,94.89000,219.61,-1
30.31167,94.67000,221.07,-1
30.31167,94.67183,220.23,-1
30.31167,94.67367,215.33,-1
30.31167,94.67550,219.84,-1
30.31167,94.67733,218.02,-1
30.31167,94.67917,217.42,-1
30.31167,94.68100,212.83,-1
30.31167,94.68283,208.48,-1
30.31167,94.68467,203.03,-1
30.31167,94.68650,203.66,-1
30.31167,94.68833,202.58,-1
30.31167,94.69017,201.85,-1
30.31167,94.69200,203.08,-1
30.31167,94.69383,200.41,-1
30.31167,94.69567,193.73,-1
30.31167,94.69750,206.16,-1
30.31167,94.69933,206.02,-1
30.31167,94.70117,206.25,-1
30.31167,94.70300,206.45,-1
30.31167,94.70483,206.69,-1
30.31167,94.70667,207.07,-1
30.31167,94.70850,207.47,-1
30.31167,94.71033,207.74,-1
30.31167,94.71217,207.71,-1
30.31167,94.71400,208.19,-1
30.31167,94.71583,208.18,-1
30.31167,94.71767,206.75,-1
30.31167,94.71950,207.20,-1
30.31167,94.72133,203.41,-1
30.31167,94.72317,194.99,-1
30.31167,94.72500,198.45,-1
30.31167,94.72683,192.41,-1
30.31167,94.72867,195.09,-1
30.31167,94.73050,193.55,-1
30.31167,94.73233,191.79,-1
30.31167,94.73417,192.15,-1
30.31167,94.73600,189.24,-1
30.31167,94.73783,189.37,-1
30.31167,94.73967,200.33,-1
30.31167,94.74150,201.85,-1
30.31167,94.74333,199.33,-1
30.31167,94.74517,103.08,7
30.31167,94.74700,102.74,7
30.31167,94.74883,102.40,7
30.31167,94.75067,172.59,-1
30.31167,94.75250,163.84,-1
30.31167,94.75433,172.91,-1
30.31167,94.75617,178.86,-1
30.31167,94.75800,134.41,7
30.31167,94.75983,144.03,9
30.31167,94.76167,171.17,-1
30.31167,94.76350,181.96,-1
30.31167,94.76533,184.51,-1
30.31167,94.76717,189.03,-1
30.31167,94.76900,180.57,-1
30.31167,94.77083,177.68,-1
30.31167,94.77267,176.04,-1
30.31167,94.77450,173.75,-1
30.31167,94.77633,161.04,-1
30.31167,94.77817,123.90,7
30.31167,94.78000,113.32,7
30.31167,94.78183,133.50,7
30.31167,94.78367,138.55,7
30.31167,94.78550,120.55,7
30.31167,94.78733,114.48,7
30.31167,94.78917,117.59,7
30.31167,94.79100,110.12,7
30.31167,94.79283,100.46,7
30.31167,94.79467,99.10,7
30.31167,94.79650,178.76,-1
30.31167,94.79833,99.82,7
30.31167,94.80017,100.19,7
30.31167,94.80200,100.57,7
30.31167,94.80383,100.94,7
30.31167,94.80567,199.03,-1
30.31167,94.80750,196.61,-1
30.31167,94.80933,188.78,-1
30.31167,94.81117,195.64,-1
30.31167,94.81300,188.67,-1
30.31167,94.81483,197.69,-1
30.31167,94.81667,196.06,-1
30.31167,94.81850,193.48,-1
30.31167,94.82033,178.46,-1
30.31167,94.82217,193.05,-1
30.31167,94.82400,199.85,-1
30.31167,94.82583,204.89,-1
30.31167,94.82767,204.57,-1
30.31167,94.82950,205.08,-1
30.31167,94.83133,202.68,-1
30.31167,94.83317,207.50,-1
30.31167,94.83500,209.22,-1
30.31167,94.83683,202.41,-1
30.31167,94.83867,207.38,-1
30.31167,94.84050,212.20,-1
30.31167,94.84233,216.35,-1
30.31167,94.84417,214.68,-1
30.31167,94.84600,213.09,-1
30.31167,94.84783,209.91,-1
30.31167,94.84967,202.97,-1
30.31167,94.85150,203.46,-1
30.31167,94.85333,214.60,-1
30.31167,94.85517,210.24,-1
30.31167,94.85700,208.70,-1
30.31167,94.85883,218.98,-1
30.31167,94.86067,219.29,-1
30.31167,94.86250,217.69,-1
30.31167,94.86433,213.52,-1
30.31167,94.86617,209.22,-1
30.31167,94.86800,207.57,-1
30.31167,94.86983,207.10,-1
30.31167,94.87167,211.44,-1
30.31167,94.87350,214.49,-1
30.31167,94.87533,205.99,-1
30.31167,94.87717,212.63,-1
30.31167,94.87900,200.58,-1
30.31167,94.88083,209.93,-1
30.31167,94.88267,213.99,-1
30.31167,94.88450,214.98,-1
30.31167,94.88633,219.86,-1
30.31167,94.88817,221.29,-1
30.31167,94.89000,220.10,-1
30.31350,94.67000,218.36,-1
30.31350,94.67183,214.24,-1
30.31350,94.67367,217.47,-1
30.31350,94.67550,216.96,-1
30.31350,94.67733,216.87,-1
30.31350,94.67917,217.83,-1
30.31350,94.68100,206.14,-1
30.31350,94.68283,203.11,-1
30.31350,94.68467,203.25,-1
30.31350,94.68650,202.10,-1
30.31350,94.68833,199.89,-1
30.31350,94.69017,201.18,-1
30.31350,94.69200,199.08,-1
30.31350,94.69383,194.48,-1
30.31350,94.69567,204.44,-1
30.31350,94.69750,204.84,-1
30.31350,94.69933,205.11,-1
30.31350,94.70117,205.73,-1
30.31350,94.70300,205.91,-1
30.31350,94.70483,205.89,-1
30.31350,94.70667,205.88,-1
30.31350,94.70850,206.31,-1
30.31350,94.71033,206.67,-1
30.31350,94.71217,207.09,-1
30.31350,94.71400,207.02,-1
30.31350,94.71583,206.91,-1
30.31350,94.71767,206.79,-1
30.31350,94.71950,205.74,-1
30.31350,94.72133,203.35,-1
30.31350,94.72317,191.79,-1
30.31350,94.72500,197.69,-1
30.31350,94.72683,192.45,-1
30.31350,94.72867,193.69,-1
30.31350,94.73050,192.43,-1
30.31350,94.73233,188.31,-1
30.31350,94.73417,188.61,-1
30.31350,94.73600,184.62,-1
30.31350,94.73783,185.39,-1
30.31350,94.73967,182.13,-1
30.31350,94.74150,191.29,-1
30.31350,94.74333,192.69,-1
30.31350,94.74517,180.03,-1
30.31350,94.74700,179.94,-1
30.31350,94.74883,102.12,7
30.31350,94.75067,170.09,-1
30.31350,94.75250,175.03,-1
30.31350,94.75433,187.08,-1
30.31350,94.75617,153.27,12
30.31350,94.75800,158.87,-1
30.31350,94.75983,158.78,-1
30.31350,94.76167,168.89,-1
30.31350,94.76350,165.65,-1
30.31350,94.76533,161.49,-1
30.31350,94.76717,175.16,-1
30.31350,94.76900,176.68,-1
30.31350,94.77083,165.80,-1
30.31350,94.77267,176.23,-1
30.31350,94.77450,154.59,-1
30.31350,94.77633,171.08,-1
30.31350,94.77817,105.86,7
30.31350,94.78000,141.56,8
30.31350,94.78183,146.78,10
30.31350,94.78367,130.64,7
30.31350,94.78550,114.37,7
30.31350,94.78733,119.91,7
30.31350,94.78917,108.90,7
30.31350,94.79100,103.60,7
30.31350,94.79283,133.24,7
30.31350,94.79467,98.50,7
30.31350,94.79650,136.83,7
30.31350,94.79833,99.32,7
30.31350,94.80017,99.73,7
30.31350,94.80200,100.15,7
30.31350,94.80383,100.56,7
30.31350,94.80567,149.33,11
30.31350,94.80750,170.21,-1
30.31350,94.80933,184.64,-1
30.31350,94.81117,180.16,-1
30.31350,94.81300,194.75,-1
30.31350,94.81483,188.64,-1
30.31350,94.81667,200.16,-1
30.31350,94.81850,195.73,-1
30.31350,94.82033,186.80,-1
30.31350,94.82217,175.77,-1
30.31350,94.82400,191.34,-1
30.31350,94.82583,202.53,-1
30.31350,94.82767,203.12,-1
30.31350,94.82950,198.83,-1
30.31350,94.83133,202.41,-1
30.31350,94.83317,205.93,-1
30.31350,94.83500,209.72,-1
30.31350,94.83683,196.02,-1
30.31350,94.83867,204.72,-1
30.31350,94.84050,202.13,-1
30.31350,94.84233,213.55,-1
30.31350,94.84417,214.06,-1
30.31350,94.84600,212.32,-1
30.31350,94.84783,210.79,-1
30.31350,94.84967,207.58,-1
30.31350,94.85150,191.30,-1
30.31350,94.85333,212.68,-1
30.31350,94.85517,207.49,-1
30.31350,94.85700,213.53,-1
30.31350,94.85883,217.46,-1
30.31350,94.86067,216.50,-1
30.31350,94.86250,213.39,-1
30.31350,94.86433,212.64,-1
30.31350,94.86617,210.74,-1
30.31350,94.86800,205.68,-1
30.31350,94.86983,185.86,-1
30.31350,94.87167,209.31,-1
30.31350,94.87350,209.45,-1
30.31350,94.87533,197.53,-1
30.31350,94.87717,211.32,-1
30.31350,94.87900,215.17,-1
30.31350,94.88083,214.76,-1
30.31350,94.88267,211.78,-1
30.31350,94.88450,218.53,-1
30.31350,94.88633,219.26,-1
30.31350,94.88817,222.08,-1
30.31350,94.89000,221.84,-1
30.31533,94.67000,224.09,-1
30.31533,94.67183,223.76,-1
30.31533,94.67367,229.49,-1
30.31533,94.67550,212.02,-1
30.31533,94.67733,212.94,-1
30.31533,94.67917,209.28,-1
30.31533,94.68100,203.32,-1
30.31533,94.68283,200.28,-1
30.31533,94.68467,199.87,-1
30.31533,94.68650,200.76,-1
30.31533,94.68833,197.80,-1
30.31533,94.69017,196.53,-1
30.31533,94.69200,196.33,-1
30.31533,94.69383,194.95,-1
30.31533,94.69567,185.77,-1
30.31533,94.69750,203.68,-1
30.31533,94.69933,204.29,-1
30.31533,94.70117,204.73,-1
30.31533,94.70300,204.54,-1
30.31533,94.70483,204.28,-1
30.31533,94.70667,204.26,-1
30.31533,94.70850,204.71,-1
30.31533,94.71033,204.94,-1
30.31533,94.71217,205.61,-1
30.31533,94.71400,206.12,-1
30.31533,94.71583,205.42,-1
30.31533,94.71767,205.26,-1
30.31533,94.71950,204.45,-1
30.31533,94.72133,202.72,-1
30.31533,94.72317,197.22,-1
30.31533,94.72500,197.06,-1
30.31533,94.72683,193.00,-1
30.31533,94.72867,190.24,-1
30.31533,94.73050,186.81,-1
30.31533,94.73233,184.33,-1
30.31533,94.73417,182.33,-1
30.31533,94.73600,180.72,-1
30.31533,94.73783,175.74,-1
30.31533,94.73967,183.25,-1
30.31533,94.74150,183.08,-1
30.31533,94.74333,180.03,-1
30.31533,94.74517,182.30,-1
30.31533,94.74700,102.25,7
30.31533,94.74883,101.87,7
30.31533,94.75067,145.34,9
30.31533,94.75250,182.32,-1
30.31533,94.75433,166.06,-1
30.31533,94.75617,184.99,-1
30.31533,94.75800,151.46,11
30.31533,94.75983,155.12,-1
30.31533,94.76167,165.96,-1
30.31533,94.76350,152.16,12
30.31533,94.76533,154.08,-1
30.31533,94.76717,164.80,-1
30.31533,94.76900,161.69,-1
30.31533,94.77083,155.39,-1
30.31533,94.77267,155.69,-1
30.31533,94.77450,157.30,-1
30.31533,94.77633,156.76,-1
30.31533,94.77817,113.86,7
30.31533,94.78000,139.72,7
30.31533,94.78183,146.53,10
30.31533,94.78367,123.01,7
30.31533,94.78550,120.88,7
30.31533,94.78733,109.51,7
30.31533,94.78917,113.34,7
30.31533,94.79100,97.87,7
30.31533,94.79283,97.43,7
30.31533,94.79467,97.88,7
30.31533,94.79650,98.35,7
30.31533,94.79833,98.82,7
30.31533,94.80017,120.26,7
30.31533,94.80200,99.74,7
30.31533,94.80383,100.19,7
30.31533,94.80567,138.24,7
30.31533,94.80750,101.05,7
30.31533,94.80933,101.46,7
30.31533,94.81117,166.65,-1
30.31533,94.81300,182.17,-1
30.31533,94.81483,186.66,-1
30.31533,94.81667,189.18,-1
30.31533,94.81850,178.89,-1
30.31533,94.82033,167.61,-1
30.31533,94.82217,177.17,-1
30.31533,94.82400,171.57,-1
30.31533,94.82583,174.28,-1
30.31533,94.82767,188.63,-1
30.31533,94.82950,197.92,-1
30.31533,94.83133,199.18,-1
30.31533,94.83317,200.90,-1
30.31533,94.83500,199.74,-1
30.31533,94.83683,204.74,-1
30.31533,94.83867,203.15,-1
30.31533,94.84050,202.20,-1
30.31533,94.84233,210.50,-1
30.31533,94.84417,211.59,-1
30.31533,94.84600,211.18,-1
30.31533,94.84783,209.56,-1
30.31533,94.84967,205.89,-1
30.31533,94.85150,201.83,-1
30.31533,94.85333,206.01,-1
30.31533,94.85517,207.66,-1
30.31533,94.85700,212.43,-1
30.31533,94.85883,214.62,-1
30.31533,94.86067,212.40,-1
30.31533,94.86250,211.14,-1
30.31533,94.86433,209.19,-1
30.31533,94.86617,207.31,-1
30.31533,94.86800,206.62,-1
30.31533,94.86983,203.93,-1
30.31533,94.87167,208.89,-1
30.31533,94.87350,205.14,-1
30.31533,94.87533,205.61,-1
30.31533,94.87717,211.55,-1
30.31533,94.87900,205.82,-1
30.31533,94.88083,213.03,-1
30.31533,94.88267,214.81,-1
30.31533,94.88450,212.17,-1
30.31533,94.88633,219.41,-1
30.31533,94.88817,220.60,-1
30.31533,94.89000,220.55,-1
30.31717,94.67000,226.50,-1
30.31717,94.67183,230.50,-1
30.31717,94.67367,203.02,-1
30.31717,94.67550,208.07,-1
30.31717,94.67733,204.22,-1
30.31717,94.67917,201.24,-1
30.31717,94.68100,202.23,-1
30.31717,94.68283,199.26,-1
30.31717,94.68467,198.84,-1
30.31717,94.68650,197.20,-1
30.31717,94.68833,195.58,-1
30.31717,94.69017,194.68,-1
30.31717,94.69200,195.22,-1
30.31717,94.69383,190.17,-1
30.31717,94.69567,200.73,-1
30.31717,94.69750,201.63,-1
30.31717,94.69933,202.59,-1
30.31717,94.70117,203.51,-1
30.31717,94.70300,198.88,-1
30.31717,94.70483,197.51,-1
30.31717,94.70667,191.35,-1
30.31717,94.70850,201.96,-1
30.31717,94.71033,202.88,-1
30.31717,94.71217,202.94,-1
30.31717,94.71400,204.15,-1
30.31717,94.71583,204.65,-1
30.31717,94.71767,204.74,-1
30.31717,94.71950,204.81,-1
30.31717,94.72133,202.52,-1
30.31717,94.72317,191.64,-1
30.31717,94.72500,197.95,-1
30.31717,94.72683,192.79,-1
30.31717,94.72867,189.73,-1
30.31717,94.73050,182.91,-1
30.31717,94.73233,181.21,-1
30.31717,94.73417,179.67,-1
30.31717,94.73600,173.20,-1
30.31717,94.73783,166.36,-1
30.31717,94.73967,166.40,-1
30.31717,94.74150,167.33,-1
30.31717,94.74333,185.27,-1
30.31717,94.74517,102.43,7
30.31717,94.74700,102.03,7
30.31717,94.74883,101.63,7
30.31717,94.75067,101.20,7
30.31717,94.75250,202.70,-1
30.31717,94.75433,180.41,-1
30.31717,94.75617,168.17,-1
30.31717,94.75800,147.74,10
30.31717,94.75983,168.93,-1
30.31717,94.76167,167.63,-1
30.31717,94.76350,161.61,-1
30.31717,94.76533,154.24,-1
30.31717,94.76717,153.75,12
30.31717,94.76900,163.82,-1
30.31717,94.77083,161.86,-1
30.31717,94.77267,168.14,-1
30.31717,94.77450,162.77,-1
30.31717,94.77633,161.40,-1
30.31717,94.77817,140.51,8
30.31717,94.78000,155.21,-1
30.31717,94.78183,147.63,10
30.31717,94.78367,114.43,7
30.31717,94.78550,121.25,7
30.31717,94.78733,111.15,7
30.31717,94.78917,106.34,7
30.31717,94.79100,105.60,7
30.31717,94.79283,96.73,7
30.31717,94.79467,97.25,7
30.31717,94.79650,137.65,7
30.31717,94.79833,169.68,-1
30.31717,94.80017,98.83,7
30.31717,94.80200,99.34,7
30.31717,94.80383,99.83,7
30.31717,94.80567,140.24,8
30.31717,94.80750,100.76,7
30.31717,94.80933,101.20,7
30.31717,94.81117,101.62,7
30.31717,94.81300,165.78,-1
30.31717,94.81483,172.10,-1
30.31717,94.81667,110.85,7
30.31717,94.81850,103.17,7
30.31717,94.82033,174.80,-1
30.31717,94.82217,180.62,-1
30.31717,94.82400,183.05,-1
30.31717,94.82583,177.43,-1
30.31717,94.82767,183.32,-1
30.31717,94.82950,181.68,-1
30.31717,94.83133,180.94,-1
30.31717,94.83317,200.34,-1
30.31717,94.83500,203.99,-1
30.31717,94.83683,196.85,-1
30.31717,94.83867,204.46,-1
30.31717,94.84050,202.03,-1
30.31717,94.84233,208.29,-1
30.31717,94.84417,208.06,-1
30.31717,94.84600,209.00,-1
30.31717,94.84783,208.55,-1
30.31717,94.84967,206.46,-1
30.31717,94.85150,203.42,-1
30.31717,94.85333,184.56,-1
30.31717,94.85517,208.92,-1
30.31717,94.85700,210.18,-1
30.31717,94.85883,207.41,-1
30.31717,94.86067,204.85,-1
30.31717,94.86250,204.35,-1
30.31717,94.86433,203.38,-1
30.31717,94.86617,202.95,-1
30.31717,94.86800,204.82,-1
30.31717,94.86983,202.67,-1
30.31717,94.87167,199.58,-1
30.31717,94.87350,198.72,-1
30.31717,94.87533,210.05,-1
30.31717,94.87717,210.02,-1
30.31717,94.87900,212.70,-1
30.31717,94.88083,215.96,-1
30.31717,94.88267,209.27,-1
30.31717,94.88450,214.20,-1
30.31717,94.88633,218.00,-1
30.31717,94.88817,219.48,-1
30.31717,94.89000,218.98,-1
30.31900,94.67000,222.89,-1
30.31900,94.67183,205.73,-1
30.31900,94.67367,204.25,-1
30.31900,94.67550,200.47,-1
30.31900,94.67733,205.31,-1
30.31900,94.67917,201.75,-1
30.31900,94.68100,200.95,-1
30.31900,94.68283,200.78,-1
30.31900,94.68467,200.37,-1
30.31900,94.68650,201.52,-1
30.31900,94.68833,198.20,-1
30.31900,94.69017,196.47,-1
30.31900,94.69200,195.75,-1
30.31900,94.69383,194.58,-1
30.31900,94.69567,184.85,-1
30.31900,94.69750,184.58,-1
30.31900,94.69933,200.05,-1
30.31900,94.70117,208.15,-1
30.31900,94.70300,203.63,-1
30.31900,94.70483,193.86,-1
30.31900,94.70667,199.22,-1
30.31900,94.70850,200.99,-1
30.31900,94.71033,194.56,-1
30.31900,94.71217,190.66,-1
30.31900,94.71400,187.67,-1
30.31900,94.71583,188.24,-1
30.31900,94.71767,185.46,-1
30.31900,94.71950,187.87,-1
30.31900,94.72133,193.13,-1
30.31900,94.72317,199.99,-1
30.31900,94.72500,194.95,-1
30.31900,94.72683,194.49,-1
30.31900,94.72867,190.67,-1
30.31900,94.73050,184.45,-1
30.31900,94.73233,177.95,-1
30.31900,94.73417,178.56,-1
30.31900,94.73600,167.98,-1
30.31900,94.73783,134.37,7
30.31900,94.73967,103.39,7
30.31900,94.74150,103.02,7
30.31900,94.74333,165.18,-1
30.31900,94.74517,102.25,7
30.31900,94.74700,101.83,7
30.31900,94.74883,101.41,7
30.31900,94.75067,100.96,7
30.31900,94.75250,184.74,-1
30.31900,94.75433,100.01,7
30.31900,94.75617,99.50,7
30.31900,94.75800,137.66,7
30.31900,94.75983,155.36,-1
30.31900,94.76167,119.47,7
30.31900,94.76350,127.85,7
30.31900,94.76533,155.95,-1
30.31900,94.76717,156.49,-1
30.31900,94.76900,160.02,-1
30.31900,94.77083,163.88,-1
30.31900,94.77267,165.04,-1
30.31900,94.77450,170.54,-1
30.31900,94.77633,167.72,-1
30.31900,94.77817,142.64,8
30.31900,94.78000,143.47,9
30.31900,94.78183,147.41,10
30.31900,94.78367,112.49,7
30.31900,94.78550,105.45,7
30.31900,94.78733,107.94,7
30.31900,94.78917,115.63,7
30.31900,94.79100,105.99,7
30.31900,94.79283,96.60,7
30.31900,94.79467,96.63,7
30.31900,94.79650,97.24,7
30.31900,94.79833,143.44,9
30.31900,94.80017,98.41,7
30.31900,94.80200,149.69,11
30.31900,94.80383,99.49,7
30.31900,94.80567,146.61,10
30.31900,94.80750,121.27,7
30.31900,94.80933,145.89,9
30.31900,94.81117,116.37,7
30.31900,94.81300,101.83,7
30.31900,94.81483,152.15,12
30.31900,94.81667,156.78,-1
30.31900,94.81850,171.28,-1
30.31900,94.82033,191.98,-1
30.31900,94.82217,189.80,-1
30.31900,94.82400,188.61,-1
30.31900,94.82583,186.80,-1
30.31900,94.82767,185.77,-1
30.31900,94.82950,181.96,-1
30.31900,94.83133,172.33,-1
30.31900,94.83317,163.65,-1
30.31900,94.83500,193.90,-1
30.31900,94.83683,200.17,-1
30.31900,94.83867,196.57,-1
30.31900,94.84050,198.32,-1
30.31900,94.84233,200.52,-1
30.31900,94.84417,205.19,-1
30.31900,94.84600,197.14,-1
30.31900,94.84783,190.48,-1
30.31900,94.84967,191.60,-1
30.31900,94.85150,202.43,-1
30.31900,94.85333,201.12,-1
30.31900,94.85517,203.37,-1
30.31900,94.85700,202.74,-1
30.31900,94.85883,193.29,-1
30.31900,94.86067,196.61,-1
30.31900,94.86250,207.76,-1
30.31900,94.86433,204.85,-1
30.31900,94.86617,202.29,-1
30.31900,94.86800,203.52,-1
30.31900,94.86983,202.59,-1
30.31900,94.87167,199.30,-1
30.31900,94.87350,193.38,-1
30.31900,94.87533,205.90,-1
30.31900,94.87717,210.89,-1
30.31900,94.87900,206.33,-1
30.31900,94.88083,206.56,-1
30.31900,94.88267,219.40,-1
30.31900,94.88450,214.68,-1
30.31900,94.88633,215.96,-1
30.31900,94.88817,200.63,-1
30.31900,94.89000,210.24,-1
30.32083,94.67000,215.50,-1
30.32083,94.67183,203.06,-1
30.32083,94.67367,204.50,-1
30.32083,94.67550,199.72,-1
30.32083,94.67733,196.70,-1
30.32083,94.67917,198.04,-1
30.32083,94.68100,197.92,-1
30.32083,94.68283,197.82,-1
30.32083,94.68467,197.68,-1
30.32083,94.68650,194.18,-1
30.32083,94.68833,189.55,-1
30.32083,94.69017,189.70,-1
30.32083,94.69200,189.84,-1
30.32083,94.69383,183.21,-1
30.32083,94.69567,193.00,-1
30.32083,94.69750,192.72,-1
30.32083,94.69933,197.23,-1
30.32083,94.70117,204.41,-1
30.32083,94.70300,197.51,-1
30.32083,94.70483,209.62,-1
30.32083,94.70667,205.96,-1
30.32083,94.70850,193.74,-1
30.32083,94.71033,192.01,-1
30.32083,94.71217,194.09,-1
30.32083,94.71400,195.57,-1
30.32083,94.71583,197.50,-1
30.32083,94.71767,199.11,-1
30.32083,94.71950,199.89,-1
30.32083,94.72133,197.00,-1
30.32083,94.72317,191.80,-1
30.32083,94.72500,193.63,-1
30.32083,94.72683,189.57,-1
30.32083,94.72867,182.38,-1
30.32083,94.73050,162.52,-1
30.32083,94.73233,159.92,-1
30.32083,94.73417,160.65,-1
30.32083,94.73600,133.71,7
30.32083,94.73783,103.63,7
30.32083,94.73967,103.27,7
30.32083,94.74150,102.89,7
30.32083,94.74333,162.06,-1
30.32083,94.74517,102.09,7
30.32083,94.74700,101.66,7
30.32083,94.74883,158.74,-1
30.32083,94.75067,100.74,7
30.32083,94.75250,165.06,-1
30.32083,94.75433,186.58,-1
30.32083,94.75617,99.19,7
30.32083,94.75800,134.75,7
30.32083,94.75983,172.12,-1
30.32083,94.76167,113.94,7
30.32083,94.76350,148.90,10
30.32083,94.76533,138.45,7
30.32083,94.76717,141.68,8
30.32083,94.76900,154.70,-1
30.32083,94.77083,159.13,-1
30.32083,94.77267,168.59,-1
30.32083,94.77450,173.62,-1
30.32083,94.77633,170.64,-1
30.32083,94.77817,102.59,7
30.32083,94.78000,126.80,7
30.32083,94.78183,156.37,-1
30.32083,94.78367,109.82,7
30.32083,94.78550,111.81,7
30.32083,94.78733,111.18,7
30.32083,94.78917,102.17,7
30.32083,94.79100,107.93,7
30.32083,94.79283,103.73,7
30.32083,94.79467,96.02,7
30.32083,94.79650,96.71,7
30.32083,94.79833,97.38,7
30.32083,94.80017,98.01,7
30.32083,94.80200,98.61,7
30.32083,94.80383,99.19,7
30.32083,94.80567,99.73,7
30.32083,94.80750,166.48,-1
30.32083,94.80933,161.77,-1
30.32083,94.81117,155.68,-1
30.32083,94.81300,101.66,7
30.32083,94.81483,102.10,7
30.32083,94.81667,195.54,-1
30.32083,94.81850,189.87,-1
30.32083,94.82033,194.67,-1
30.32083,94.82217,189.95,-1
30.32083,94.82400,185.55,-1
30.32083,94.82583,182.93,-1
30.32083,94.82767,177.72,-1
30.32083,94.82950,151.04,11
30.32083,94.83133,144.96,9
30.32083,94.83317,105.55,7
30.32083,94.83500,105.83,7
30.32083,94.83683,172.96,-1
30.32083,94.83867,191.29,-1
30.32083,94.84050,196.48,-1
30.32083,94.84233,195.27,-1
30.32083,94.84417,197.89,-1
30.32083,94.84600,197.03,-1
30.32083,94.84783,192.70,-1
30.32083,94.84967,193.12,-1
30.32083,94.85150,194.32,-1
30.32083,94.85333,192.79,-1
30.32083,94.85517,191.02,-1
30.32083,94.85700,194.41,-1
30.32083,94.85883,191.45,-1
30.32083,94.86067,191.21,-1
30.32083,94.86250,188.48,-1
30.32083,94.86433,209.02,-1
30.32083,94.86617,205.83,-1
30.32083,94.86800,204.12,-1
30.32083,94.86983,204.61,-1
30.32083,94.87167,199.33,-1
30.32083,94.87350,193.00,-1
30.32083,94.87533,201.88,-1
30.32083,94.87717,207.02,-1
30.32083,94.87900,196.47,-1
30.32083,94.88083,211.27,-1
30.32083,94.88267,208.73,-1
30.32083,94.88450,215.41,-1
30.32083,94.88633,216.51,-1
30.32083,94.88817,216.07,-1
30.32083,94.89000,215.63,-1
30.32267,94.67000,215.78,-1
30.32267,94.67183,209.59,-1
30.32267,94.67367,202.71,-1
30.32267,94.67550,203.96,-1
30.32267,94.67733,198.31,-1
30.32267,94.67917,197.78,-1
30.32267,94.68100,198.10,-1
30.32267,94.68283,197.05,-1
30.32267,94.68467,192.43,-1
30.32267,94.68650,184.05,-1
30.32267,94.68833,189.87,-1
30.32267,94.69017,189.20,-1
30.32267,94.69200,181.58,-1
30.32267,94.69383,188.28,-1
30.32267,94.69567,190.24,-1
30.32267,94.69750,192.98,-1
30.32267,94.69933,197.24,-1
30.32267,94.70117,203.64,-1
30.32267,94.70300,201.35,-1
30.32267,94.70483,209.31,-1
30.32267,94.70667,209.20,-1
30.32267,94.70850,203.25,-1
30.32267,94.71033,183.14,-1
30.32267,94.71217,186.11,-1
30.32267,94.71400,186.37,-1
30.32267,94.71583,188.19,-1
30.32267,94.71767,189.54,-1
30.32267,94.71950,191.85,-1
30.32267,94.72133,191.12,-1
30.32267,94.72317,185.17,-1
30.32267,94.72500,187.01,-1
30.32267,94.72683,183.34,-1
30.32267,94.72867,169.85,-1
30.32267,94.73050,146.33,10
30.32267,94.73233,104.56,7
30.32267,94.73417,120.58,7
30.32267,94.73600,103.89,7
30.32267,94.73783,103.53,7
30.32267,94.73967,103.16,7
30.32267,94.74150,102.78,7
30.32267,94.74333,155.15,-1
30.32267,94.74517,101.95,7
30.32267,94.74700,166.36,-1
30.32267,94.74883,101.05,7
30.32267,94.75067,100.56,7
30.32267,94.75250,152.95,12
30.32267,94.75433,154.00,-1
30.32267,94.75617,171.83,-1
30.32267,94.75800,139.72,7
30.32267,94.75983,141.37,8
30.32267,94.76167,169.24,-1
30.32267,94.76350,151.29,11
30.32267,94.76533,164.31,-1
30.32267,94.76717,151.93,12
30.32267,94.76900,156.70,-1
30.32267,94.77083,154.04,-1
30.32267,94.77267,158.47,-1
30.32267,94.77450,175.91,-1
30.32267,94.77633,170.08,-1
30.32267,94.77817,101.77,7
30.32267,94.78000,91.06,7
30.32267,94.78183,109.40,7
30.32267,94.78367,112.56,7
30.32267,94.78550,102.59,7
30.32267,94.78733,107.40,7
30.32267,94.78917,108.88,7
30.32267,94.79100,101.98,7
30.32267,94.79283,98.62,7
30.32267,94.79467,95.44,7
30.32267,94.79650,96.23,7
30.32267,94.79833,96.97,7
30.32267,94.80017,97.66,7
30.32267,94.80200,98.31,7
30.32267,94.80383,98.92,7
30.32267,94.80567,146.35,10
30.32267,94.80750,156.72,-1
30.32267,94.80933,173.64,-1
30.32267,94.81117,101.04,7
30.32267,94.81300,101.51,7
30.32267,94.81483,143.77,9
30.32267,94.81667,209.80,-1
30.32267,94.81850,195.84,-1
30.32267,94.82033,168.62,-1
30.32267,94.82217,161.40,-1
30.32267,94.82400,141.30,8
30.32267,94.82583,185.46,-1
30.32267,94.82767,175.39,-1
30.32267,94.82950,169.88,-1
30.32267,94.83133,149.31,11
30.32267,94.83317,105.49,7
30.32267,94.83500,178.58,-1
30.32267,94.83683,157.58,-1
30.32267,94.83867,173.22,-1
30.32267,94.84050,186.95,-1
30.32267,94.84233,186.84,-1
30.32267,94.84417,186.34,-1
30.32267,94.84600,170.59,-1
30.32267,94.84783,168.65,-1
30.32267,94.84967,196.14,-1
30.32267,94.85150,194.39,-1
30.32267,94.85333,188.69,-1
30.32267,94.85517,179.50,-1
30.32267,94.85700,175.59,-1
30.32267,94.85883,195.66,-1
30.32267,94.86067,193.46,-1
30.32267,94.86250,201.70,-1
30.32267,94.86433,200.17,-1
30.32267,94.86617,198.96,-1
30.32267,94.86800,198.35,-1
30.32267,94.86983,197.71,-1
30.32267,94.87167,195.92,-1
30.32267,94.87350,193.15,-1
30.32267,94.87533,206.68,-1
30.32267,94.87717,205.40,-1
30.32267,94.87900,200.59,-1
30.32267,94.88083,209.29,-1
30.32267,94.88267,212.42,-1
30.32267,94.88450,211.96,-1
30.32267,94.88633,203.44,-1
30.32267,94.88817,212.62,-1
30.32267,94.89000,211.21,-1
30.32450,94.67000,218.82,-1
30.32450,94.67183,220.99,-1
30.32450,94.67367,206.36,-1
30.32450,94.67550,206.86,-1
30.32450,94.67733,201.49,-1
30.32450,94.67917,199.78,-1
30.32450,94.68100,202.10,-1
30.32450,94.68283,195.99,-1
30.32450,94.68467,197.59,-1
30.32450,94.68650,198.09,-1
30.32450,94.68833,198.08,-1
30.32450,94.69017,199.05,-1
30.32450,94.69200,199.44,-1
30.32450,94.69383,182.97,-1
30.32450,94.69567,185.58,-1
30.32450,94.69750,191.10,-1
30.32450,94.69933,197.46,-1
30.32450,94.70117,199.08,-1
30.32450,94.70300,204.25,-1
30.32450,94.70483,207.40,-1
30.32450,94.70667,207.56,-1
30.32450,94.70850,203.10,-1
30.32450,94.71033,171.20,-1
30.32450,94.71217,179.87,-1
30.32450,94.71400,174.70,-1
30.32450,94.71583,177.30,-1
30.32450,94.71767,180.14,-1
30.32450,94.71950,182.14,-1
30.32450,94.72133,183.11,-1
30.32450,94.72317,181.19,-1
30.32450,94.72500,181.21,-1
30.32450,94.72683,175.60,-1
30.32450,94.72867,156.49,-1
30.32450,94.73050,104.83,7
30.32450,94.73233,104.50,7
30.32450,94.73417,147.47,10
30.32450,94.73600,177.16,-1
30.32450,94.73783,193.30,-1
30.32450,94.73967,103.08,7
30.32450,94.74150,102.69,7
30.32450,94.74333,102.28,7
30.32450,94.74517,101.85,7
30.32450,94.74700,101.39,7
30.32450,94.74883,100.92,7
30.32450,94.75067,100.42,7
30.32450,94.75250,149.43,11
30.32450,94.75433,124.85,7
30.32450,94.75617,149.87,11
30.32450,94.75800,151.95,12
30.32450,94.75983,128.75,7
30.32450,94.76167,141.81,8
30.32450,94.76350,131.93,7
30.32450,94.76533,150.90,11
30.32450,94.76717,146.78,10
30.32450,94.76900,128.01,7
30.32450,94.77083,115.41,7
30.32450,94.77267,153.03,12
30.32450,94.77450,149.49,11
30.32450,94.77633,88.18,7
30.32450,94.77817,95.61,7
30.32450,94.78000,117.03,7
30.32450,94.78183,101.26,7
30.32450,94.78367,104.59,7
30.32450,94.78550,102.04,7
30.32450,94.78733,106.95,7
30.32450,94.78917,106.98,7
30.32450,94.79100,106.47,7
30.32450,94.79283,99.85,7
30.32450,94.79467,94.93,7
30.32450,94.79650,95.81,7
30.32450,94.79833,96.62,7
30.32450,94.80017,97.36,7
30.32450,94.80200,98.05,7
30.32450,94.80383,98.70,7
30.32450,94.80567,123.60,7
30.32450,94.80750,171.91,-1
30.32450,94.80933,100.41,7
30.32450,94.81117,100.91,7
30.32450,94.81300,149.91,11
30.32450,94.81483,178.27,-1
30.32450,94.81667,182.31,-1
30.32450,94.81850,181.25,-1
30.32450,94.82033,103.08,7
30.32450,94.82217,193.78,-1
30.32450,94.82400,189.27,-1
30.32450,94.82583,188.12,-1
30.32450,94.82767,186.80,-1
30.32450,94.82950,175.90,-1
30.32450,94.83133,168.15,-1
30.32450,94.83317,151.14,11
30.32450,94.83500,167.16,-1
30.32450,94.83683,106.01,7
30.32450,94.83867,106.29,7
30.32450,94.84050,160.73,-1
30.32450,94.84233,183.55,-1
30.32450,94.84417,183.80,-1
30.32450,94.84600,175.03,-1
30.32450,94.84783,167.25,-1
30.32450,94.84967,155.29,-1
30.32450,94.85150,172.21,-1
30.32450,94.85333,178.59,-1
30.32450,94.85517,146.13,10
30.32450,94.85700,186.73,-1
30.32450,94.85883,202.49,-1
30.32450,94.86067,182.40,-1
30.32450,94.86250,184.58,-1
30.32450,94.86433,196.72,-1
30.32450,94.86617,189.92,-1
30.32450,94.86800,183.18,-1
30.32450,94.86983,193.74,-1
30.32450,94.87167,180.89,-1
30.32450,94.87350,215.33,-1
30.32450,94.87533,203.77,-1
30.32450,94.87717,203.83,-1
30.32450,94.87900,202.78,-1
30.32450,94.88083,199.05,-1
30.32450,94.88267,212.79,-1
30.32450,94.88450,210.14,-1
30.32450,94.88633,209.51,-1
30.32450,94.88817,209.62,-1
30.32450,94.89000,208.11,-1
30.32633,94.67000,217.02,-1
30.32633,94.67183,213.42,-1
30.32633,94.67367,223.32,-1
30.32633,94.67550,196.68,-1
30.32633,94.67733,201.26,-1
30.32633,94.67917,196.82,-1
30.32633,94.68100,198.41,-1
30.32633,94.68283,197.06,-1
30.32633,94.68467,194.23,-1
30.32633,94.68650,183.73,-1
30.32633,94.68833,197.24,-1
30.32633,94.69017,199.28,-1
30.32633,94.69200,205.88,-1
30.32633,94.69383,177.85,-1
30.32633,94.69567,187.49,-1
30.32633,94.69750,195.93,-1
30.32633,94.69933,197.32,-1
30.32633,94.70117,201.96,-1
30.32633,94.70300,205.35,-1
30.32633,94.70483,208.01,-1
30.32633,94.70667,206.18,-1
30.32633,94.70850,200.69,-1
30.32633,94.71033,156.72,-1
30.32633,94.71217,171.16,-1
30.32633,94.71400,107.28,7
30.32633,94.71583,123.53,7
30.32633,94.71767,134.49,7
30.32633,94.71950,106.53,7
30.32633,94.72133,132.31,7
30.32633,94.72317,125.80,7
30.32633,94.72500,164.68,-1
30.32633,94.72683,164.29,-1
30.32633,94.72867,137.41,7
30.32633,94.73050,104.79,7
30.32633,94.73233,104.46,7
30.32633,94.73417,104.12,7
30.32633,94.73600,103.77,7
30.32633,94.73783,169.32,-1
30.32633,94.73967,190.30,-1
30.32633,94.74150,102.62,7
30.32633,94.74333,102.20,7
30.32633,94.74517,101.77,7
30.32633,94.74700,101.31,7
30.32633,94.74883,137.54,7
30.32633,94.75067,100.30,7
30.32633,94.75250,99.76,7
30.32633,94.75433,116.65,7
30.32633,94.75617,124.22,7
30.32633,94.75800,133.74,7
30.32633,94.75983,139.80,7
30.32633,94.76167,152.42,12
30.32633,94.76350,142.59,8
30.32633,94.76533,144.47,9
30.32633,94.76717,159.06,-1
30.32633,94.76900,149.65,11
30.32633,94.77083,142.01,8
30.32633,94.77267,133.79,7
30.32633,94.77450,151.72,12
30.32633,94.77633,141.12,8
30.32633,94.77817,86.17,7
30.32633,94.78000,93.60,7
30.32633,94.78183,89.90,7
30.32633,94.78367,99.42,7
30.32633,94.78550,103.96,7
30.32633,94.78733,100.51,7
30.32633,94.78917,100.05,7
30.32633,94.79100,107.36,7
30.32633,94.79283,110.68,7
30.32633,94.79467,94.54,7
30.32633,94.79650,95.49,7
30.32633,94.79833,96.35,7
30.32633,94.80017,97.14,7
30.32633,94.80200,97.86,7
30.32633,94.80383,98.54,7
30.32633,94.80567,167.07,-1
30.32633,94.80750,146.13,10
30.32633,94.80933,184.95,-1
30.32633,94.81117,115.53,7
30.32633,94.81300,157.85,-1
30.32633,94.81483,180.00,-1
30.32633,94.81667,177.83,-1
30.32633,94.81850,102.62,7
30.32633,94.82033,181.09,-1
30.32633,94.82217,191.79,-1
30.32633,94.82400,189.90,-1
30.32633,94.82583,189.77,-1
30.32633,94.82767,186.03,-1
30.32633,94.82950,184.72,-1
30.32633,94.83133,160.35,-1
30.32633,94.83317,156.84,-1
30.32633,94.83500,145.15,9
30.32633,94.83683,172.84,-1
30.32633,94.83867,147.21,10
30.32633,94.84050,164.27,-1
30.32633,94.84233,162.63,-1
30.32633,94.84417,127.69,7
30.32633,94.84600,179.21,-1
30.32633,94.84783,169.48,-1
30.32633,94.84967,107.75,7
30.32633,94.85150,144.12,9
30.32633,94.85333,185.67,-1
30.32633,94.85517,188.79,-1
30.32633,94.85700,186.61,-1
30.32633,94.85883,194.08,-1
30.32633,94.86067,191.14,-1
30.32633,94.86250,189.97,-1
30.32633,94.86433,202.39,-1
30.32633,94.86617,192.74,-1
30.32633,94.86800,185.27,-1
30.32633,94.86983,184.36,-1
30.32633,94.87167,180.46,-1
30.32633,94.87350,202.49,-1
30.32633,94.87533,207.64,-1
30.32633,94.87717,205.14,-1
30.32633,94.87900,203.23,-1
30.32633,94.88083,199.70,-1
30.32633,94.88267,206.13,-1
30.32633,94.88450,205.55,-1
30.32633,94.88633,202.46,-1
30.32633,94.88817,205.00,-1
30.32633,94.89000,201.88,-1
30.32817,94.67000,209.61,-1
30.32817,94.67183,210.63,-1
30.32817,94.67367,203.52,-1
30.32817,94.67550,203.90,-1
30.32817,94.67733,193.76,-1
30.32817,94.67917,196.62,-1
30.32817,94.68100,188.98,-1
30.32817,94.68283,200.12,-1
30.32817,94.68467,199.36,-1
30.32817,94.68650,189.30,-1
30.32817,94.68833,195.14,-1
30.32817,94.69017,203.76,-1
30.32817,94.69200,179.44,-1
30.32817,94.69383,183.68,-1
30.32817,94.69567,187.46,-1
30.32817,94.69750,191.13,-1
30.32817,94.69933,195.05,-1
30.32817,94.70117,198.97,-1
30.32817,94.70300,201.76,-1
30.32817,94.70483,201.71,-1
30.32817,94.70667,203.54,-1
30.32817,94.70850,182.67,-1
30.32817,94.71033,176.10,-1
30.32817,94.71217,176.00,-1
30.32817,94.71400,107.26,7
30.32817,94.71583,107.02,7
30.32817,94.71767,139.12,7
30.32817,94.71950,106.51,7
30.32817,94.72133,106.24,7
30.32817,94.72317,105.96,7
30.32817,94.72500,127.25,7
30.32817,94.72683,105.38,7
30.32817,94.72867,146.29,10
30.32817,94.73050,104.76,7
30.32817,94.73233,104.44,7
30.32817,94.73417,104.10,7
30.32817,94.73600,103.74,7
30.32817,94.73783,149.16,11
30.32817,94.73967,189.03,-1
30.32817,94.74150,102.58,7
30.32817,94.74333,102.16,7
30.32817,94.74517,101.72,7
30.32817,94.74700,101.25,7
30.32817,94.74883,100.76,7
30.32817,94.75067,100.23,7
30.32817,94.75250,99.68,7
30.32817,94.75433,100.35,7
30.32817,94.75617,99.93,7
30.32817,94.75800,124.87,7
30.32817,94.75983,135.28,7
30.32817,94.76167,131.52,7
30.32817,94.76350,134.57,7
30.32817,94.76533,135.00,7
30.32817,94.76717,131.49,7
30.32817,94.76900,115.05,7
30.32817,94.77083,96.24,7
30.32817,94.77267,93.36,7
30.32817,94.77450,89.55,7
30.32817,94.77633,91.01,7
30.32817,94.77817,94.94,7
30.32817,94.78000,83.87,7
30.32817,94.78183,90.13,7
30.32817,94.78367,95.34,7
30.32817,94.78550,101.85,7
30.32817,94.78733,96.75,7
30.32817,94.78917,97.82,7
30.32817,94.79100,98.37,7
30.32817,94.79283,107.60,7
30.32817,94.79467,102.24,7
30.32817,94.79650,106.42,7
30.32817,94.79833,96.18,7
30.32817,94.80017,97.00,7
30.32817,94.80200,97.75,7
30.32817,94.80383,98.44,7
30.32817,94.80567,157.29,-1
30.32817,94.80750,166.94,-1
30.32817,94.80933,100.23,7
30.32817,94.81117,100.75,7
30.32817,94.81300,101.25,7
30.32817,94.81483,152.62,12
30.32817,94.81667,102.16,7
30.32817,94.81850,155.04,-1
30.32817,94.82033,180.80,-1
30.32817,94.82217,176.18,-1
30.32817,94.82400,179.95,-1
30.32817,94.82583,187.14,-1
30.32817,94.82767,180.96,-1
30.32817,94.82950,177.86,-1
30.32817,94.83133,169.79,-1
30.32817,94.83317,152.23,12
30.32817,94.83500,105.68,7
30.32817,94.83683,105.96,7
30.32817,94.83867,106.24,7
30.32817,94.84050,106.51,7
30.32817,94.84233,106.77,7
30.32817,94.84417,154.66,-1
30.32817,94.84600,192.05,-1
30.32817,94.84783,153.53,12
30.32817,94.84967,107.73,7
30.32817,94.85150,193.68,-1
30.32817,94.85333,200.59,-1
30.32817,94.85517,192.22,-1
30.32817,94.85700,200.24,-1
30.32817,94.85883,205.06,-1
30.32817,94.86067,195.99,-1
30.32817,94.86250,191.66,-1
30.32817,94.86433,200.48,-1
30.32817,94.86617,196.62,-1
30.32817,94.86800,190.93,-1
30.32817,94.86983,192.30,-1
30.32817,94.87167,184.72,-1
30.32817,94.87350,194.93,-1
30.32817,94.87533,214.88,-1
30.32817,94.87717,208.24,-1
30.32817,94.87900,206.18,-1
30.32817,94.88083,203.52,-1
30.32817,94.88267,200.57,-1
30.32817,94.88450,199.38,-1
30.32817,94.88633,196.10,-1
30.32817,94.88817,200.54,-1
30.32817,94.89000,198.60,-1
30.33000,94.67000,213.43,-1
30.33000,94.67183,210.50,-1
30.33000,94.67367,207.89,-1
30.33000,94.67550,210.98,-1
30.33000,94.67733,209.65,-1
30.33000,94.67917,206.57,-1
30.33000,94.68100,197.22,-1
30.33000,94.68283,197.14,-1
30.33000,94.68467,196.13,-1
30.33000,94.68650,183.03,-1
30.33000,94.68833,189.95,-1
30.33000,94.69017,186.66,-1
30.33000,94.69200,180.88,-1
30.33000,94.69383,182.39,-1
30.33000,94.69567,186.18,-1
30.33000,94.69750,190.28,-1
30.33000,94.69933,194.63,-1
30.33000,94.70117,197.96,-1
30.33000,94.70300,199.69,-1
30.33000,94.70483,191.81,-1
30.33000,94.70667,200.92,-1
30.33000,94.70850,189.35,-1
30.33000,94.71033,188.89,-1
30.33000,94.71217,154.98,-1
30.33000,94.71400,107.26,7
30.33000,94.71583,107.01,7
30.33000,94.71767,106.76,7
30.33000,94.71950,106.50,7
30.33000,94.72133,106.23,7
30.33000,94.72317,105.96,7
30.33000,94.72500,195.70,-1
30.33000,94.72683,105.38,7
30.33000,94.72867,105.07,7
30.33000,94.73050,104.76,7
30.33000,94.73233,104.43,7
30.33000,94.73417,104.09,7
30.33000,94.73600,103.73,7
30.33000,94.73783,159.21,-1
30.33000,94.73967,163.28,-1
30.33000,94.74150,179.35,-1
30.33000,94.74333,102.15,7
30.33000,94.74517,101.70,7
30.33000,94.74700,101.24,7
30.33000,94.74883,100.74,7
30.33000,94.75067,101.09,7
30.33000,94.75250,102.70,7
30.33000,94.75433,150.59,11
30.33000,94.75617,102.19,7
30.33000,94.75800,126.56,7
30.33000,94.75983,101.08,7
30.33000,94.76167,108.86,7
30.33000,94.76350,116.75,7
30.33000,94.76533,120.06,7
30.33000,94.76717,121.38,7
30.33000,94.76900,124.72,7
30.33000,94.77083,117.18,7
30.33000,94.77267,106.94,7
30.33000,94.77450,108.12,7
30.33000,94.77633,107.37,7
30.33000,94.77817,82.01,7
30.33000,94.78000,0.00,7
30.33000,94.78183,88.44,7
30.33000,94.78367,90.43,7
30.33000,94.78550,94.41,7
30.33000,94.78733,102.90,7
30.33000,94.78917,100.15,7
30.33000,94.79100,99.49,7
30.33000,94.79283,98.68,7
30.33000,94.79467,101.06,7
30.33000,94.79650,104.48,7
30.33000,94.79833,103.18,7
30.33000,94.80017,101.01,7
30.33000,94.80200,97.71,7
30.33000,94.80383,98.40,7
30.33000,94.80567,99.05,7
30.33000,94.80750,99.65,7
30.33000,94.80933,100.21,7
30.33000,94.81117,127.63,7
30.33000,94.81300,101.23,7
30.33000,94.81483,170.55,-1
30.33000,94.81667,102.15,7
30.33000,94.81850,102.57,7
30.33000,94.82033,177.30,-1
30.33000,94.82217,184.64,-1
30.33000,94.82400,185.38,-1
30.33000,94.82583,183.34,-1
30.33000,94.82767,176.20,-1
30.33000,94.82950,171.62,-1
30.33000,94.83133,167.36,-1
30.33000,94.83317,144.08,9
30.33000,94.83500,105.67,7
30.33000,94.83683,187.34,-1
30.33000,94.83867,179.87,-1
30.33000,94.84050,172.56,-1
30.33000,94.84233,159.69,-1
30.33000,94.84417,107.01,7
30.33000,94.84600,107.26,7
30.33000,94.84783,107.50,7
30.33000,94.84967,196.12,-1
30.33000,94.85150,196.22,-1
30.33000,94.85333,203.89,-1
30.33000,94.85517,203.54,-1
30.33000,94.85700,202.76,-1
30.33000,94.85883,199.83,-1
30.33000,94.86067,200.37,-1
30.33000,94.86250,193.56,-1
30.33000,94.86433,205.46,-1
30.33000,94.86617,198.78,-1
30.33000,94.86800,194.92,-1
30.33000,94.86983,190.12,-1
30.33000,94.87167,187.52,-1
30.33000,94.87350,204.13,-1
30.33000,94.87533,201.36,-1
30.33000,94.87717,199.17,-1
30.33000,94.87900,187.69,-1
30.33000,94.88083,198.55,-1
30.33000,94.88267,196.22,-1
30.33000,94.88450,190.22,-1
30.33000,94.88633,190.06,-1
30.33000,94.88817,195.60,-1
30.33000,94.89000,193.53,-1
30.33183,94.67000,211.88,-1
30.33183,94.67183,209.58,-1
30.33183,94.67367,205.92,-1
30.33183,94.67550,212.47,-1
30.33183,94.67733,206.58,-1
30.33183,94.67917,200.73,-1
30.33183,94.68100,195.68,-1
30.33183,94.68283,196.59,-1
30.33183,94.68467,189.36,-1
30.33183,94.68650,181.21,-1
30.33183,94.68833,172.57,-1
30.33183,94.69017,176.23,-1
30.33183,94.69200,181.53,-1
30.33183,94.69383,177.16,-1
30.33183,94.69567,203.39,-1
30.33183,94.69750,182.02,-1
30.33183,94.69933,183.90,-1
30.33183,94.70117,187.86,-1
30.33183,94.70300,187.31,-1
30.33183,94.70483,200.72,-1
30.33183,94.70667,205.55,-1
30.33183,94.70850,199.34,-1
30.33183,94.71033,191.32,-1
30.33183,94.71217,181.10,-1
30.33183,94.71400,124.96,7
30.33183,94.71583,172.79,-1
30.33183,94.71767,106.76,7
30.33183,94.71950,106.50,7
30.33183,94.72133,106.24,7
30.33183,94.72317,105.97,7
30.33183,94.72500,186.04,-1
30.33183,94.72683,105.39,7
30.33183,94.72867,105.08,7
30.33183,94.73050,147.85,10
30.33183,94.73233,120.85,7
30.33183,94.73417,104.10,7
30.33183,94.73600,103.74,7
30.33183,94.73783,103.38,7
30.33183,94.73967,102.99,7
30.33183,94.74150,102.59,7
30.33183,94.74333,167.79,-1
30.33183,94.74517,101.72,7
30.33183,94.74700,129.39,7
30.33183,94.74883,119.05,7
30.33183,94.75067,113.08,7
30.33183,94.75250,145.59,9
30.33183,94.75433,127.84,7
30.33183,94.75617,132.27,7
30.33183,94.75800,135.81,7
30.33183,94.75983,162.71,-1
30.33183,94.76167,137.42,7
30.33183,94.76350,105.30,7
30.33183,94.76533,120.79,7
30.33183,94.76717,126.34,7
30.33183,94.76900,124.50,7
30.33183,94.77083,123.65,7
30.33183,94.77267,96.26,7
30.33183,94.77450,99.75,7
30.33183,94.77633,93.22,7
30.33183,94.77817,97.16,7
30.33183,94.78000,89.23,7
30.33183,94.78183,113.06,7
30.33183,94.78367,101.99,7
30.33183,94.78550,105.49,7
30.33183,94.78733,95.88,7
30.33183,94.78917,101.88,7
30.33183,94.79100,100.99,7
30.33183,94.79283,102.51,7
30.33183,94.79467,99.79,7
30.33183,94.79650,100.12,7
30.33183,94.79833,101.10,7
30.33183,94.80017,116.18,7
30.33183,94.80200,104.91,7
30.33183,94.80383,126.80,7
30.33183,94.80567,142.54,8
30.33183,94.80750,157.63,-1
30.33183,94.80933,100.23,7
30.33183,94.81117,100.76,7
30.33183,94.81300,166.41,-1
30.33183,94.81483,167.99,-1
30.33183,94.81667,102.16,7
30.33183,94.81850,175.07,-1
30.33183,94.82033,185.24,-1
30.33183,94.82217,189.85,-1
30.33183,94.82400,183.16,-1
30.33183,94.82583,172.88,-1
30.33183,94.82767,191.27,-1
30.33183,94.82950,178.07,-1
30.33183,94.83133,156.97,-1
30.33183,94.83317,191.10,-1
30.33183,94.83500,105.69,7
30.33183,94.83683,105.96,7
30.33183,94.83867,192.80,-1
30.33183,94.84050,181.88,-1
30.33183,94.84233,170.29,-1
30.33183,94.84417,143.62,9
30.33183,94.84600,107.26,7
30.33183,94.84783,186.92,-1
30.33183,94.84967,212.90,-1
30.33183,94.85150,209.23,-1
30.33183,94.85333,205.57,-1
30.33183,94.85517,205.47,-1
30.33183,94.85700,205.29,-1
30.33183,94.85883,199.49,-1
30.33183,94.86067,199.25,-1
30.33183,94.86250,193.58,-1
30.33183,94.86433,202.52,-1
30.33183,94.86617,200.16,-1
30.33183,94.86800,189.36,-1
30.33183,94.86983,189.98,-1
30.33183,94.87167,200.17,-1
30.33183,94.87350,202.37,-1
30.33183,94.87533,196.58,-1
30.33183,94.87717,193.05,-1
30.33183,94.87900,186.86,-1
30.33183,94.88083,192.29,-1
30.33183,94.88267,191.98,-1
30.33183,94.88450,193.74,-1
30.33183,94.88633,191.19,-1
30.33183,94.88817,185.07,-1
30.33183,94.89000,191.31,-1
30.33367,94.67000,212.66,-1
30.33367,94.67183,210.31,-1
30.33367,94.67367,210.36,-1
30.33367,94.67550,205.45,-1
30.33367,94.67733,203.13,-1
30.33367,94.67917,205.94,-1
30.33367,94.68100,202.30,-1
30.33367,94.68283,200.54,-1
30.33367,94.68467,195.39,-1
30.33367,94.68650,188.97,-1
30.33367,94.68833,155.06,-1
30.33367,94.69017,168.30,-1
30.33367,94.69200,170.49,-1
30.33367,94.69383,173.84,-1
30.33367,94.69567,163.95,-1
30.33367,94.69750,171.05,-1
30.33367,94.69933,172.39,-1
30.33367,94.70117,183.77,-1
30.33367,94.70300,191.23,-1
30.33367,94.70483,201.25,-1
30.33367,94.70667,203.61,-1
30.33367,94.70850,196.66,-1
30.33367,94.71033,191.81,-1
30.33367,94.71217,193.05,-1
30.33367,94.71400,165.75,-1
30.33367,94.71583,176.75,-1
30.33367,94.71767,185.78,-1
30.33367,94.71950,106.52,7
30.33367,94.72133,106.26,7
30.33367,94.72317,105.98,7
30.33367,94.72500,168.45,-1
30.33367,94.72683,172.36,-1
30.33367,94.72867,105.10,7
30.33367,94.73050,104.79,7
30.33367,94.73233,154.64,-1
30.33367,94.73417,104.13,7
30.33367,94.73600,103.78,7
30.33367,94.73783,103.41,7
30.33367,94.73967,145.61,9
30.33367,94.74150,102.63,7
30.33367,94.74333,102.21,7
30.33367,94.74517,123.90,7
30.33367,94.74700,120.01,7
30.33367,94.74883,140.27,8
30.33367,94.75067,145.66,9
30.33367,94.75250,152.07,12
30.33367,94.75433,150.55,11
30.33367,94.75617,143.68,9
30.33367,94.75800,154.10,-1
30.33367,94.75983,165.46,-1
30.33367,94.76167,107.27,7
30.33367,94.76350,121.10,7
30.33367,94.76533,136.92,7
30.33367,94.76717,149.19,11
30.33367,94.76900,148.65,10
30.33367,94.77083,143.81,9
30.33367,94.77267,129.53,7
30.33367,94.77450,88.55,7
30.33367,94.77633,116.99,7
30.33367,94.77817,85.55,7
30.33367,94.78000,84.45,7
30.33367,94.78183,116.72,7
30.33367,94.78367,92.72,7
30.33367,94.78550,96.40,7
30.33367,94.78733,140.55,8
30.33367,94.78917,103.89,7
30.33367,94.79100,100.66,7
30.33367,94.79283,100.38,7
30.33367,94.79467,99.14,7
30.33367,94.79650,100.34,7
30.33367,94.79833,100.16,7
30.33367,94.80017,110.55,7
30.33367,94.80200,118.35,7
30.33367,94.80383,125.06,7
30.33367,94.80567,103.59,7
30.33367,94.80750,99.76,7
30.33367,94.80933,100.30,7
30.33367,94.81117,100.82,7
30.33367,94.81300,101.31,7
30.33367,94.81483,101.77,7
30.33367,94.81667,102.21,7
30.33367,94.81850,176.14,-1
30.33367,94.82033,182.08,-1
30.33367,94.82217,183.98,-1
30.33367,94.82400,182.48,-1
30.33367,94.82583,156.30,-1
30.33367,94.82767,169.81,-1
30.33367,94.82950,174.03,-1
30.33367,94.83133,163.01,-1
30.33367,94.83317,166.54,-1
30.33367,94.83500,105.70,7
30.33367,94.83683,105.98,7
30.33367,94.83867,154.34,-1
30.33367,94.84050,172.60,-1
30.33367,94.84233,163.37,-1
30.33367,94.84417,140.03,8
30.33367,94.84600,107.28,7
30.33367,94.84783,155.02,-1
30.33367,94.84967,168.68,-1
30.33367,94.85150,179.55,-1
30.33367,94.85333,175.64,-1
30.33367,94.85517,182.48,-1
30.33367,94.85700,180.19,-1
30.33367,94.85883,187.50,-1
30.33367,94.86067,167.47,-1
30.33367,94.86250,171.84,-1
30.33367,94.86433,195.01,-1
30.33367,94.86617,186.71,-1
30.33367,94.86800,171.02,-1
30.33367,94.86983,189.78,-1
30.33367,94.87167,197.34,-1
30.33367,94.87350,196.70,-1
30.33367,94.87533,192.10,-1
30.33367,94.87717,175.72,-1
30.33367,94.87900,183.46,-1
30.33367,94.88083,191.26,-1
30.33367,94.88267,189.90,-1
30.33367,94.88450,180.05,-1
30.33367,94.88633,179.91,-1
30.33367,94.88817,179.52,-1
30.33367,94.89000,169.43,-1
30.33550,94.67000,212.26,-1
30.33550,94.67183,211.36,-1
30.33550,94.67367,209.61,-1
30.33550,94.67550,209.02,-1
30.33550,94.67733,203.76,-1
30.33550,94.67917,203.73,-1
30.33550,94.68100,199.68,-1
30.33550,94.68283,199.93,-1
30.33550,94.68467,201.22,-1
30.33550,94.68650,184.41,-1
30.33550,94.68833,183.22,-1
30.33550,94.69017,194.73,-1
30.33550,94.69200,140.14,8
30.33550,94.69383,157.64,-1
30.33550,94.69567,180.49,-1
30.33550,94.69750,168.27,-1
30.33550,94.69933,170.95,-1
30.33550,94.70117,172.95,-1
30.33550,94.70300,182.30,-1
30.33550,94.70483,191.24,-1
30.33550,94.70667,199.59,-1
30.33550,94.70850,199.07,-1
30.33550,94.71033,197.84,-1
30.33550,94.71217,193.88,-1
30.33550,94.71400,107.30,7
30.33550,94.71583,107.05,7
30.33550,94.71767,106.81,7
30.33550,94.71950,106.55,7
30.33550,94.72133,167.15,-1
30.33550,94.72317,151.65,12
30.33550,94.72500,105.73,7
30.33550,94.72683,166.96,-1
30.33550,94.72867,173.71,-1
30.33550,94.73050,104.83,7
30.33550,94.73233,142.94,8
30.33550,94.73417,147.18,10
30.33550,94.73600,103.83,7
30.33550,94.73783,155.29,-1
30.33550,94.73967,151.28,11
30.33550,94.74150,132.56,7
30.33550,94.74333,136.18,7
30.33550,94.74517,148.24,10
30.33550,94.74700,164.37,-1
30.33550,94.74883,169.81,-1
30.33550,94.75067,178.55,-1
30.33550,94.75250,156.48,-1
30.33550,94.75433,158.73,-1
30.33550,94.75617,170.80,-1
30.33550,94.75800,151.35,11
30.33550,94.75983,132.61,7
30.33550,94.76167,102.08,7
30.33550,94.76350,96.32,7
30.33550,94.76533,94.94,7
30.33550,94.76717,112.80,7
30.33550,94.76900,124.88,7
30.33550,94.77083,93.85,7
30.33550,94.77267,90.60,7
30.33550,94.77450,93.17,7
30.33550,94.77633,88.72,7
30.33550,94.77817,87.29,7
30.33550,94.78000,86.94,7
30.33550,94.78183,87.29,7
30.33550,94.78367,88.18,7
30.33550,94.78550,92.02,7
30.33550,94.78733,107.39,7
30.33550,94.78917,114.77,7
30.33550,94.79100,103.62,7
30.33550,94.79283,101.95,7
30.33550,94.79467,99.72,7
30.33550,94.79650,99.45,7
30.33550,94.79833,98.05,7
30.33550,94.80017,100.20,7
30.33550,94.80200,131.73,7
30.33550,94.80383,113.55,7
30.33550,94.80567,132.02,7
30.33550,94.80750,132.17,7
30.33550,94.80933,100.42,7
30.33550,94.81117,140.84,8
30.33550,94.81300,126.14,7
30.33550,94.81483,160.64,-1
30.33550,94.81667,157.94,-1
30.33550,94.81850,176.34,-1
30.33550,94.82033,184.71,-1
30.33550,94.82217,175.25,-1
30.33550,94.82400,168.23,-1
30.33550,94.82583,184.84,-1
30.33550,94.82767,171.82,-1
30.33550,94.82950,162.59,-1
30.33550,94.83133,155.50,-1
30.33550,94.83317,105.44,7
30.33550,94.83500,105.73,7
30.33550,94.83683,106.01,7
30.33550,94.83867,189.73,-1
30.33550,94.84050,183.68,-1
30.33550,94.84233,167.75,-1
30.33550,94.84417,144.06,9
30.33550,94.84600,144.47,9
30.33550,94.84783,174.63,-1
30.33550,94.84967,177.70,-1
30.33550,94.85150,169.61,-1
30.33550,94.85333,158.69,-1
30.33550,94.85517,150.03,11
30.33550,94.85700,191.05,-1
30.33550,94.85883,196.51,-1
30.33550,94.86067,181.49,-1
30.33550,94.86250,197.32,-1
30.33550,94.86433,194.23,-1
30.33550,94.86617,189.46,-1
30.33550,94.86800,156.18,-1
30.33550,94.86983,202.14,-1
30.33550,94.87167,198.57,-1
30.33550,94.87350,189.36,-1
30.33550,94.87533,187.73,-1
30.33550,94.87717,180.67,-1
30.33550,94.87900,178.60,-1
30.33550,94.88083,183.96,-1
30.33550,94.88267,180.59,-1
30.33550,94.88450,174.82,-1
30.33550,94.88633,176.85,-1
30.33550,94.88817,170.86,-1
30.33550,94.89000,157.67,-1
30.33733,94.67000,209.03,-1
30.33733,94.67183,213.62,-1
30.33733,94.67367,213.42,-1
30.33733,94.67550,210.71,-1
30.33733,94.67733,212.42,-1
30.33733,94.67917,202.04,-1
30.33733,94.68100,203.57,-1
30.33733,94.68283,203.92,-1
30.33733,94.68467,190.69,-1
30.33733,94.68650,165.93,-1
30.33733,94.68833,186.48,-1
30.33733,94.69017,183.58,-1
30.33733,94.69200,178.67,-1
30.33733,94.69383,140.95,8
30.33733,94.69567,164.50,-1
30.33733,94.69750,171.70,-1
30.33733,94.69933,179.97,-1
30.33733,94.70117,170.09,-1
30.33733,94.70300,173.38,-1
30.33733,94.70483,177.08,-1
30.33733,94.70667,189.31,-1
30.33733,94.70850,196.22,-1
30.33733,94.71033,197.35,-1
30.33733,94.71217,194.81,-1
30.33733,94.71400,191.18,-1
30.33733,94.71583,107.09,7
30.33733,94.71767,106.84,7
30.33733,94.71950,106.59,7
30.33733,94.72133,106.33,7
30.33733,94.72317,173.21,-1
30.33733,94.72500,105.78,7
30.33733,94.72683,105.49,7
30.33733,94.72867,105.20,7
30.33733,94.73050,133.93,7
30.33733,94.73233,104.58,7
30.33733,94.73417,156.59,-1
30.33733,94.73600,127.54,7
30.33733,94.73783,147.47,10
30.33733,94.73967,210.12,-1
30.33733,94.74150,174.72,-1
30.33733,94.74333,172.30,-1
30.33733,94.74517,155.23,-1
30.33733,94.74700,155.15,-1
30.33733,94.74883,164.16,-1
30.33733,94.75067,174.12,-1
30.33733,94.75250,165.05,-1
30.33733,94.75433,171.34,-1
30.33733,94.75617,176.17,-1
30.33733,94.75800,171.33,-1
30.33733,94.75983,155.66,-1
30.33733,94.76167,172.37,-1
30.33733,94.76350,144.36,9
30.33733,94.76533,127.44,7
30.33733,94.76717,115.47,7
30.33733,94.76900,114.08,7
30.33733,94.77083,147.35,10
30.33733,94.77267,145.45,9
30.33733,94.77450,134.19,7
30.33733,94.77633,98.23,7
30.33733,94.77817,89.64,7
30.33733,94.78000,89.44,7
30.33733,94.78183,89.64,7
30.33733,94.78367,91.91,7
30.33733,94.78550,146.87,10
30.33733,94.78733,141.88,8
30.33733,94.78917,149.03,11
30.33733,94.79100,143.29,9
30.33733,94.79283,131.82,7
30.33733,94.79467,141.90,8
30.33733,94.79650,96.23,7
30.33733,94.79833,128.00,7
30.33733,94.80017,98.12,7
30.33733,94.80200,133.86,7
30.33733,94.80383,122.47,7
30.33733,94.80567,141.82,8
30.33733,94.80750,148.21,10
30.33733,94.80933,148.37,10
30.33733,94.81117,130.75,7
30.33733,94.81300,123.02,7
30.33733,94.81483,125.40,7
30.33733,94.81667,122.61,7
30.33733,94.81850,115.00,7
30.33733,94.82033,103.19,7
30.33733,94.82217,135.33,7
30.33733,94.82400,139.68,7
30.33733,94.82583,104.58,7
30.33733,94.82767,104.58,7
30.33733,94.82950,104.90,7
30.33733,94.83133,105.20,7
30.33733,94.83317,161.17,-1
30.33733,94.83500,149.19,11
30.33733,94.83683,106.06,7
30.33733,94.83867,106.33,7
30.33733,94.84050,164.69,-1
30.33733,94.84233,128.02,7
30.33733,94.84417,107.09,7
30.33733,94.84600,107.33,7
30.33733,94.84783,168.21,-1
30.33733,94.84967,189.01,-1
30.33733,94.85150,181.27,-1
30.33733,94.85333,156.84,-1
30.33733,94.85517,149.92,11
30.33733,94.85700,190.73,-1
30.33733,94.85883,175.79,-1
30.33733,94.86067,167.85,-1
30.33733,94.86250,180.54,-1
30.33733,94.86433,187.76,-1
30.33733,94.86617,189.90,-1
30.33733,94.86800,165.75,-1
30.33733,94.86983,187.14,-1
30.33733,94.87167,190.60,-1
30.33733,94.87350,189.97,-1
30.33733,94.87533,184.49,-1
30.33733,94.87717,177.38,-1
30.33733,94.87900,169.81,-1
30.33733,94.88083,165.05,-1
30.33733,94.88267,163.52,-1
30.33733,94.88450,165.92,-1
30.33733,94.88633,165.17,-1
30.33733,94.88817,150.89,11
30.33733,94.89000,191.52,-1
30.33917,94.67000,206.59,-1
30.33917,94.67183,213.14,-1
30.33917,94.67367,204.22,-1
30.33917,94.67550,202.05,-1
30.33917,94.67733,206.01,-1
30.33917,94.67917,210.06,-1
30.33917,94.68100,206.85,-1
30.33917,94.68283,190.54,-1
30.33917,94.68467,192.23,-1
30.33917,94.68650,110.35,7
30.33917,94.68833,146.40,10
30.33917,94.69017,147.26,10
30.33917,94.69200,155.47,-1
30.33917,94.69383,151.09,11
30.33917,94.69567,154.45,-1
30.33917,94.69750,175.41,-1
30.33917,94.69933,190.79,-1
30.33917,94.70117,194.21,-1
30.33917,94.70300,143.01,9
30.33917,94.70483,144.30,9
30.33917,94.70667,160.09,-1
30.33917,94.70850,180.73,-1
30.33917,94.71033,181.37,-1
30.33917,94.71217,194.27,-1
30.33917,94.71400,191.52,-1
30.33917,94.71583,107.13,7
30.33917,94.71767,106.89,7
30.33917,94.71950,106.64,7
30.33917,94.72133,155.88,-1
30.33917,94.72317,106.11,7
30.33917,94.72500,105.84,7
30.33917,94.72683,105.56,7
30.33917,94.72867,107.60,7
30.33917,94.73050,165.87,-1
30.33917,94.73233,144.34,9
30.33917,94.73417,147.90,10
30.33917,94.73600,156.53,-1
30.33917,94.73783,183.33,-1
30.33917,94.73967,167.52,-1
30.33917,94.74150,161.82,-1
30.33917,94.74333,167.50,-1
30.33917,94.74517,156.59,-1
30.33917,94.74700,155.79,-1
30.33917,94.74883,165.75,-1
30.33917,94.75067,166.19,-1
30.33917,94.75250,165.57,-1
30.33917,94.75433,180.44,-1
30.33917,94.75617,159.60,-1
30.33917,94.75800,161.68,-1
30.33917,94.75983,151.52,12
30.33917,94.76167,171.38,-1
30.33917,94.76350,163.85,-1
30.33917,94.76533,96.01,7
30.33917,94.76717,95.29,7
30.33917,94.76900,94.54,7
30.33917,94.77083,93.80,7
30.33917,94.77267,93.07,7
30.33917,94.77450,118.22,7
30.33917,94.77633,123.61,7
30.33917,94.77817,91.50,7
30.33917,94.78000,91.38,7
30.33917,94.78183,91.50,7
30.33917,94.78367,91.87,7
30.33917,94.78550,158.17,-1
30.33917,94.78733,94.97,7
30.33917,94.78917,100.71,7
30.33917,94.79100,113.09,7
30.33917,94.79283,150.67,11
30.33917,94.79467,102.01,7
30.33917,94.79650,97.11,7
30.33917,94.79833,156.83,-1
30.33917,94.80017,131.41,7
30.33917,94.80200,143.61,9
30.33917,94.80383,143.23,9
30.33917,94.80567,146.84,10
30.33917,94.80750,143.10,9
30.33917,94.80933,167.55,-1
30.33917,94.81117,145.56,9
30.33917,94.81300,142.08,8
30.33917,94.81483,136.47,7
30.33917,94.81667,136.80,7
30.33917,94.81850,125.36,7
30.33917,94.82033,107.12,7
30.33917,94.82217,103.66,7
30.33917,94.82400,104.01,7
30.33917,94.82583,104.34,7
30.33917,94.82767,104.66,7
30.33917,94.82950,162.75,-1
30.33917,94.83133,158.63,-1
30.33917,94.83317,157.85,-1
30.33917,94.83500,105.86,7
30.33917,94.83683,106.13,7
30.33917,94.83867,162.45,-1
30.33917,94.84050,188.88,-1
30.33917,94.84233,160.99,-1
30.33917,94.84417,107.14,7
30.33917,94.84600,150.04,11
30.33917,94.84783,197.12,-1
30.33917,94.84967,183.56,-1
30.33917,94.85150,169.42,-1
30.33917,94.85333,108.27,7
30.33917,94.85517,180.47,-1
30.33917,94.85700,196.06,-1
30.33917,94.85883,181.93,-1
30.33917,94.86067,177.93,-1
30.33917,94.86250,192.67,-1
30.33917,94.86433,188.34,-1
30.33917,94.86617,178.50,-1
30.33917,94.86800,167.51,-1
30.33917,94.86983,177.37,-1
30.33917,94.87167,174.88,-1
30.33917,94.87350,166.86,-1
30.33917,94.87533,161.40,-1
30.33917,94.87717,141.67,8
30.33917,94.87900,136.13,7
30.33917,94.88083,148.65,10
30.33917,94.88267,111.18,7
30.33917,94.88450,145.89,9
30.33917,94.88633,197.97,-1
30.33917,94.88817,183.25,-1
30.33917,94.89000,198.88,-1
30.34100,94.67000,211.64,-1
30.34100,94.67183,207.16,-1
30.34100,94.67367,204.35,-1
30.34100,94.67550,205.83,-1
30.34100,94.67733,203.18,-1
30.34100,94.67917,202.03,-1
30.34100,94.68100,200.80,-1
30.34100,94.68283,110.71,7
30.34100,94.68467,176.26,-1
30.34100,94.68650,128.63,7
30.34100,94.68833,131.80,7
30.34100,94.69017,135.18,7
30.34100,94.69200,145.56,9
30.34100,94.69383,182.99,-1
30.34100,94.69567,176.58,-1
30.34100,94.69750,187.49,-1
30.34100,94.69933,193.45,-1
30.34100,94.70117,194.21,-1
30.34100,94.70300,202.07,-1
30.34100,94.70483,193.65,-1
30.34100,94.70667,108.30,7
30.34100,94.70850,130.22,7
30.34100,94.71033,180.71,-1
30.34100,94.71217,192.64,-1
30.34100,94.71400,188.71,-1
30.34100,94.71583,107.18,7
30.34100,94.71767,106.94,7
30.34100,94.71950,170.65,-1
30.34100,94.72133,106.44,7
30.34100,94.72317,196.61,-1
30.34100,94.72500,180.06,-1
30.34100,94.72683,179.43,-1
30.34100,94.72867,185.84,-1
30.34100,94.73050,174.46,-1
30.34100,94.73233,179.15,-1
30.34100,94.73417,196.32,-1
30.34100,94.73600,185.99,-1
30.34100,94.73783,163.46,-1
30.34100,94.73967,166.78,-1
30.34100,94.74150,168.04,-1
30.34100,94.74333,177.08,-1
30.34100,94.74517,163.22,-1
30.34100,94.74700,167.67,-1
30.34100,94.74883,166.66,-1
30.34100,94.75067,160.84,-1
30.34100,94.75250,165.54,-1
30.34100,94.75433,173.11,-1
30.34100,94.75617,163.37,-1
30.34100,94.75800,131.57,7
30.34100,94.75983,162.10,-1
30.34100,94.76167,182.85,-1
30.34100,94.76350,172.54,-1
30.34100,94.76533,96.63,7
30.34100,94.76717,96.00,7
30.34100,94.76900,95.38,7
30.34100,94.77083,94.77,7
30.34100,94.77267,167.13,-1
30.34100,94.77450,93.70,7
30.34100,94.77633,93.31,7
30.34100,94.77817,93.05,7
30.34100,94.78000,92.96,7
30.34100,94.78183,93.55,7
30.34100,94.78367,93.31,7
30.34100,94.78550,93.70,7
30.34100,94.78733,94.20,7
30.34100,94.78917,94.77,7
30.34100,94.79100,95.38,7
30.34100,94.79283,148.80,10
30.34100,94.79467,155.60,-1
30.34100,94.79650,102.52,7
30.34100,94.79833,142.47,8
30.34100,94.80017,145.82,9
30.34100,94.80200,135.40,7
30.34100,94.80383,142.91,8
30.34100,94.80567,139.11,7
30.34100,94.80750,160.91,-1
30.34100,94.80933,152.72,12
30.34100,94.81117,156.93,-1
30.34100,94.81300,150.93,11
30.34100,94.81483,148.84,10
30.34100,94.81667,143.19,9
30.34100,94.81850,140.85,8
30.34100,94.82033,135.12,7
30.34100,94.82217,140.19,8
30.34100,94.82400,145.74,9
30.34100,94.82583,104.44,7
30.34100,94.82767,167.29,-1
30.34100,94.82950,152.24,12
30.34100,94.83133,158.83,-1
30.34100,94.83317,158.69,-1
30.34100,94.83500,163.33,-1
30.34100,94.83683,156.08,-1
30.34100,94.83867,148.44,10
30.34100,94.84050,183.42,-1
30.34100,94.84233,198.79,-1
30.34100,94.84417,179.48,-1
30.34100,94.84600,179.81,-1
30.34100,94.84783,193.36,-1
30.34100,94.84967,107.88,7
30.34100,94.85150,108.10,7
30.34100,94.85333,192.92,-1
30.34100,94.85517,187.31,-1
30.34100,94.85700,194.82,-1
30.34100,94.85883,173.81,-1
30.34100,94.86067,188.09,-1
30.34100,94.86250,196.03,-1
30.34100,94.86433,184.65,-1
30.34100,94.86617,172.03,-1
30.34100,94.86800,189.24,-1
30.34100,94.86983,175.89,-1
30.34100,94.87167,164.75,-1
30.34100,94.87350,136.29,7
30.34100,94.87533,110.55,7
30.34100,94.87717,110.71,7
30.34100,94.87900,110.88,7
30.34100,94.88083,111.03,7
30.34100,94.88267,203.21,-1
30.34100,94.88450,201.25,-1
30.34100,94.88633,200.80,-1
30.34100,94.88817,204.98,-1
30.34100,94.89000,195.34,-1
30.34283,94.67000,205.94,-1
30.34283,94.67183,193.97,-1
30.34283,94.67367,201.82,-1
30.34283,94.67550,202.92,-1
30.34283,94.67733,199.35,-1
30.34283,94.67917,208.99,-1
30.34283,94.68100,202.52,-1
30.34283,94.68283,110.73,7
30.34283,94.68467,110.57,7
30.34283,94.68650,142.81,8
30.34283,94.68833,148.76,10
30.34283,94.69017,161.82,-1
30.34283,94.69200,154.93,-1
30.34283,94.69383,164.02,-1
30.34283,94.69567,175.00,-1
30.34283,94.69750,182.28,-1
30.34283,94.69933,186.60,-1
30.34283,94.70117,189.75,-1
30.34283,94.70300,196.65,-1
30.34283,94.70483,200.43,-1
30.34283,94.70667,188.33,-1
30.34283,94.70850,108.14,7
30.34283,94.71033,135.29,7
30.34283,94.71217,166.29,-1
30.34283,94.71400,172.82,-1
30.34283,94.71583,156.83,-1
30.34283,94.71767,107.01,7
30.34283,94.71950,106.77,7
30.34283,94.72133,132.93,7
30.34283,94.72317,152.24,12
30.34283,94.72500,157.10,-1
30.34283,94.72683,165.36,-1
30.34283,94.72867,167.45,-1
30.34283,94.73050,156.67,-1
30.34283,94.73233,215.33,-1
30.34283,94.73417,167.36,-1
30.34283,94.73600,180.94,-1
30.34283,94.73783,172.69,-1
30.34283,94.73967,174.85,-1
30.34283,94.74150,178.59,-1
30.34283,94.74333,186.64,-1
30.34283,94.74517,176.83,-1
30.34283,94.74700,170.79,-1
30.34283,94.74883,169.43,-1
30.34283,94.75067,167.32,-1
30.34283,94.75250,171.10,-1
30.34283,94.75433,173.96,-1
30.34283,94.75617,174.83,-1
30.34283,94.75800,151.57,12
30.34283,94.75983,173.48,-1
30.34283,94.76167,182.60,-1
30.34283,94.76350,177.62,-1
30.34283,94.76533,97.25,7
30.34283,94.76717,96.72,7
30.34283,94.76900,96.20,7
30.34283,94.77083,99.06,7
30.34283,94.77267,122.75,7
30.34283,94.77450,145.14,9
30.34283,94.77633,94.56,7
30.34283,94.77817,94.37,7
30.34283,94.78000,96.86,7
30.34283,94.78183,147.81,10
30.34283,94.78367,119.70,7
30.34283,94.78550,145.04,9
30.34283,94.78733,98.02,7
30.34283,94.78917,153.02,12
30.34283,94.79100,176.19,-1
30.34283,94.79283,172.95,-1
30.34283,94.79467,164.99,-1
30.34283,94.79650,147.54,10
30.34283,94.79833,168.79,-1
30.34283,94.80017,165.77,-1
30.34283,94.80200,158.17,-1
30.34283,94.80383,143.13,9
30.34283,94.80567,100.31,7
30.34283,94.80750,169.75,-1
30.34283,94.80933,126.95,7
30.34283,94.81117,171.19,-1
30.34283,94.81300,163.40,-1
30.34283,94.81483,156.71,-1
30.34283,94.81667,153.78,12
30.34283,94.81850,151.48,11
30.34283,94.82033,145.33,9
30.34283,94.82217,143.65,9
30.34283,94.82400,142.77,8
30.34283,94.82583,138.49,7
30.34283,94.82767,132.85,7
30.34283,94.82950,127.03,7
30.34283,94.83133,151.29,11
30.34283,94.83317,155.73,-1
30.34283,94.83500,149.83,11
30.34283,94.83683,149.30,11
30.34283,94.83867,145.72,9
30.34283,94.84050,148.59,10
30.34283,94.84233,137.79,7
30.34283,94.84417,107.28,7
30.34283,94.84600,107.51,7
30.34283,94.84783,107.72,7
30.34283,94.84967,107.93,7
30.34283,94.85150,108.15,7
30.34283,94.85333,108.36,7
30.34283,94.85517,124.31,7
30.34283,94.85700,160.46,-1
30.34283,94.85883,141.15,8
30.34283,94.86067,171.17,-1
30.34283,94.86250,178.61,-1
30.34283,94.86433,177.86,-1
30.34283,94.86617,171.54,-1
30.34283,94.86800,158.73,-1
30.34283,94.86983,141.55,8
30.34283,94.87167,110.25,7
30.34283,94.87350,110.41,7
30.34283,94.87533,110.58,7
30.34283,94.87717,110.74,7
30.34283,94.87900,110.90,7
30.34283,94.88083,184.23,-1
30.34283,94.88267,199.20,-1
30.34283,94.88450,200.23,-1
30.34283,94.88633,201.44,-1
30.34283,94.88817,201.29,-1
30.34283,94.89000,199.40,-1
30.34467,94.67000,207.53,-1
30.34467,94.67183,205.99,-1
30.34467,94.67367,207.29,-1
30.34467,94.67550,209.58,-1
30.34467,94.67733,211.57,-1
30.34467,94.67917,215.73,-1
30.34467,94.68100,110.92,7
30.34467,94.68283,156.06,-1
30.34467,94.68467,110.60,7
30.34467,94.68650,110.44,7
30.34467,94.68833,183.81,-1
30.34467,94.69017,145.36,9
30.34467,94.69200,155.76,-1
30.34467,94.69383,172.56,-1
30.34467,94.69567,177.25,-1
30.34467,94.69750,182.48,-1
30.34467,94.69933,188.38,-1
30.34467,94.70117,192.43,-1
30.34467,94.70300,197.07,-1
30.34467,94.70483,198.11,-1
30.34467,94.70667,205.98,-1
30.34467,94.70850,200.49,-1
30.34467,94.71033,107.98,7
30.34467,94.71217,107.77,7
30.34467,94.71400,107.54,7
30.34467,94.71583,164.76,-1
30.34467,94.71767,136.43,7
30.34467,94.71950,194.50,-1
30.34467,94.72133,162.01,-1
30.34467,94.72317,165.43,-1
30.34467,94.72500,174.38,-1
30.34467,94.72683,180.85,-1
30.34467,94.72867,184.56,-1
30.34467,94.73050,167.79,-1
30.34467,94.73233,170.76,-1
30.34467,94.73417,170.70,-1
30.34467,94.73600,177.97,-1
30.34467,94.73783,180.07,-1
30.34467,94.73967,181.93,-1
30.34467,94.74150,180.82,-1
30.34467,94.74333,183.43,-1
30.34467,94.74517,183.48,-1
30.34467,94.74700,174.61,-1
30.34467,94.74883,170.46,-1
30.34467,94.75067,174.92,-1
30.34467,94.75250,172.83,-1
30.34467,94.75433,154.36,-1
30.34467,94.75617,167.04,-1
30.34467,94.75800,151.13,11
30.34467,94.75983,167.30,-1
30.34467,94.76167,166.10,-1
30.34467,94.76350,171.08,-1
30.34467,94.76533,164.75,-1
30.34467,94.76717,97.42,7
30.34467,94.76900,96.98,7
30.34467,94.77083,96.57,7
30.34467,94.77267,96.20,7
30.34467,94.77450,95.89,7
30.34467,94.77633,167.05,-1
30.34467,94.77817,95.51,7
30.34467,94.78000,107.90,7
30.34467,94.78183,113.31,7
30.34467,94.78367,95.66,7
30.34467,94.78550,154.96,-1
30.34467,94.78733,170.48,-1
30.34467,94.78917,172.62,-1
30.34467,94.79100,171.64,-1
30.34467,94.79283,170.26,-1
30.34467,94.79467,162.13,-1
30.34467,94.79650,152.82,12
30.34467,94.79833,167.92,-1
30.34467,94.80017,189.60,-1
30.34467,94.80200,171.81,-1
30.34467,94.80383,132.18,7
30.34467,94.80567,100.63,7
30.34467,94.80750,101.05,7
30.34467,94.80933,150.26,11
30.34467,94.81117,152.83,12
30.34467,94.81300,120.83,7
30.34467,94.81483,134.41,7
30.34467,94.81667,147.73,10
30.34467,94.81850,150.48,11
30.34467,94.82033,147.99,10
30.34467,94.82217,148.32,10
30.34467,94.82400,146.55,10
30.34467,94.82583,146.17,10
30.34467,94.82767,145.31,9
30.34467,94.82950,143.72,9
30.34467,94.83133,157.01,-1
30.34467,94.83317,142.95,8
30.34467,94.83500,143.87,9
30.34467,94.83683,140.46,8
30.34467,94.83867,141.80,8
30.34467,94.84050,139.69,7
30.34467,94.84233,130.49,7
30.34467,94.84417,107.84,7
30.34467,94.84600,107.59,7
30.34467,94.84783,107.79,7
30.34467,94.84967,108.00,7
30.34467,94.85150,108.21,7
30.34467,94.85333,145.10,9
30.34467,94.85517,108.62,7
30.34467,94.85700,108.82,7
30.34467,94.85883,164.12,-1
30.34467,94.86067,172.60,-1
30.34467,94.86250,175.26,-1
30.34467,94.86433,109.58,7
30.34467,94.86617,109.75,7
30.34467,94.86800,109.93,7
30.34467,94.86983,110.10,7
30.34467,94.87167,110.27,7
30.34467,94.87350,110.44,7
30.34467,94.87533,197.63,-1
30.34467,94.87717,188.40,-1
30.34467,94.87900,170.28,-1
30.34467,94.88083,191.59,-1
30.34467,94.88267,206.17,-1
30.34467,94.88450,203.44,-1
30.34467,94.88633,203.88,-1
30.34467,94.88817,203.92,-1
30.34467,94.89000,204.49,-1
30.34650,94.67000,209.45,-1
30.34650,94.67183,212.88,-1
30.34650,94.67367,210.15,-1
30.34650,94.67550,207.19,-1
30.34650,94.67733,206.56,-1
30.34650,94.67917,156.69,-1
30.34650,94.68100,187.60,-1
30.34650,94.68283,110.80,7
30.34650,94.68467,110.64,7
30.34650,94.68650,110.48,7
30.34650,94.68833,110.31,7
30.34650,94.69017,140.91,8
30.34650,94.69200,151.30,11
30.34650,94.69383,161.56,-1
30.34650,94.69567,164.32,-1
30.34650,94.69750,176.70,-1
30.34650,94.69933,184.09,-1
30.34650,94.70117,186.54,-1
30.34650,94.70300,194.44,-1
30.34650,94.70483,198.53,-1
30.34650,94.70667,201.32,-1
30.34650,94.70850,187.04,-1
30.34650,94.71033,108.05,7
30.34650,94.71217,107.84,7
30.34650,94.71400,120.64,7
30.34650,94.71583,145.45,9
30.34650,94.71767,158.75,-1
30.34650,94.71950,178.91,-1
30.34650,94.72133,173.65,-1
30.34650,94.72317,173.66,-1
30.34650,94.72500,178.73,-1
30.34650,94.72683,179.45,-1
30.34650,94.72867,182.79,-1
30.34650,94.73050,183.10,-1
30.34650,94.73233,180.45,-1
30.34650,94.73417,178.02,-1
30.34650,94.73600,182.43,-1
30.34650,94.73783,185.56,-1
30.34650,94.73967,187.35,-1
30.34650,94.74150,186.02,-1
30.34650,94.74333,187.54,-1
30.34650,94.74517,179.82,-1
30.34650,94.74700,179.23,-1
30.34650,94.74883,180.36,-1
30.34650,94.75067,177.60,-1
30.34650,94.75250,178.74,-1
30.34650,94.75433,169.36,-1
30.34650,94.75617,173.11,-1
30.34650,94.75800,161.48,-1
30.34650,94.75983,156.52,-1
30.34650,94.76167,155.67,-1
30.34650,94.76350,165.52,-1
30.34650,94.76533,173.14,-1
30.34650,94.76717,169.34,-1
30.34650,94.76900,97.73,7
30.34650,94.77083,152.95,12
30.34650,94.77267,154.01,-1
30.34650,94.77450,96.83,7
30.34650,94.77633,147.17,10
30.34650,94.77817,154.74,-1
30.34650,94.78000,149.49,11
30.34650,94.78183,166.79,-1
30.34650,94.78367,155.38,-1
30.34650,94.78550,175.37,-1
30.34650,94.78733,168.38,-1
30.34650,94.78917,173.04,-1
30.34650,94.79100,179.50,-1
30.34650,94.79283,161.01,-1
30.34650,94.79467,181.21,-1
30.34650,94.79650,181.91,-1
30.34650,94.79833,188.98,-1
30.34650,94.80017,189.29,-1
30.34650,94.80200,176.75,-1
30.34650,94.80383,107.13,7
30.34650,94.80567,119.76,7
30.34650,94.80750,101.36,7
30.34650,94.80933,156.29,-1
30.34650,94.81117,174.78,-1
30.34650,94.81300,185.30,-1
30.34650,94.81483,168.86,-1
30.34650,94.81667,166.78,-1
30.34650,94.81850,182.50,-1
30.34650,94.82033,151.46,11
30.34650,94.82217,146.38,10
30.34650,94.82400,154.10,-1
30.34650,94.82583,146.07,10
30.34650,94.82767,148.21,10
30.34650,94.82950,146.74,10
30.34650,94.83133,144.53,9
30.34650,94.83317,142.23,8
30.34650,94.83500,137.84,7
30.34650,94.83683,155.05,-1
30.34650,94.83867,139.62,7
30.34650,94.84050,131.49,7
30.34650,94.84233,146.20,10
30.34650,94.84417,126.80,7
30.34650,94.84600,134.97,7
30.34650,94.84783,155.29,-1
30.34650,94.84967,108.11,7
30.34650,94.85150,108.28,7
30.34650,94.85333,108.48,7
30.34650,94.85517,108.67,7
30.34650,94.85700,170.67,-1
30.34650,94.85883,185.40,-1
30.34650,94.86067,134.70,7
30.34650,94.86250,109.44,7
30.34650,94.86433,109.62,7
30.34650,94.86617,109.79,7
30.34650,94.86800,109.97,7
30.34650,94.86983,110.14,7
30.34650,94.87167,164.61,-1
30.34650,94.87350,176.49,-1
30.34650,94.87533,197.33,-1
30.34650,94.87717,199.48,-1
30.34650,94.87900,186.88,-1
30.34650,94.88083,181.83,-1
30.34650,94.88267,198.52,-1
30.34650,94.88450,200.81,-1
30.34650,94.88633,199.17,-1
30.34650,94.88817,202.88,-1
30.34650,94.89000,203.43,-1
30.34833,94.67000,211.25,-1
30.34833,94.67183,219.77,-1
30.34833,94.67367,216.93,-1
30.34833,94.67550,216.05,-1
30.34833,94.67733,144.03,9
30.34833,94.67917,165.48,-1
30.34833,94.68100,138.04,7
30.34833,94.68283,134.38,7
30.34833,94.68467,172.62,-1
30.34833,94.68650,110.52,7
30.34833,94.68833,110.35,7
30.34833,94.69017,128.72,7
30.34833,94.69200,148.93,10
30.34833,94.69383,137.91,7
30.34833,94.69567,154.53,-1
30.34833,94.69750,166.51,-1
30.34833,94.69933,174.82,-1
30.34833,94.70117,182.39,-1
30.34833,94.70300,190.09,-1
30.34833,94.70483,194.71,-1
30.34833,94.70667,200.12,-1
30.34833,94.70850,191.06,-1
30.34833,94.71033,115.24,7
30.34833,94.71217,138.78,7
30.34833,94.71400,156.40,-1
30.34833,94.71583,161.66,-1
30.34833,94.71767,161.12,-1
30.34833,94.71950,173.40,-1
30.34833,94.72133,174.20,-1
30.34833,94.72317,178.41,-1
30.34833,94.72500,179.80,-1
30.34833,94.72683,182.76,-1
30.34833,94.72867,186.19,-1
30.34833,94.73050,187.57,-1
30.34833,94.73233,190.45,-1
30.34833,94.73417,186.27,-1
30.34833,94.73600,187.24,-1
30.34833,94.73783,190.52,-1
30.34833,94.73967,193.24,-1
30.34833,94.74150,191.75,-1
30.34833,94.74333,188.93,-1
30.34833,94.74517,186.90,-1
30.34833,94.74700,183.64,-1
30.34833,94.74883,184.66,-1
30.34833,94.75067,184.13,-1
30.34833,94.75250,178.80,-1
30.34833,94.75433,166.95,-1
30.34833,94.75617,185.02,-1
30.34833,94.75800,158.25,-1
30.34833,94.75983,131.16,7
30.34833,94.76167,160.30,-1
30.34833,94.76350,170.24,-1
30.34833,94.76533,180.77,-1
30.34833,94.76717,190.51,-1
30.34833,94.76900,177.56,-1
30.34833,94.77083,142.20,8
30.34833,94.77267,100.07,7
30.34833,94.77450,97.68,7
30.34833,94.77633,102.78,7
30.34833,94.77817,174.60,-1
30.34833,94.78000,105.05,7
30.34833,94.78183,167.89,-1
30.34833,94.78367,175.17,-1
30.34833,94.78550,158.83,-1
30.34833,94.78733,165.43,-1
30.34833,94.78917,177.36,-1
30.34833,94.79100,164.57,-1
30.34833,94.79283,161.97,-1
30.34833,94.79467,175.71,-1
30.34833,94.79650,185.95,-1
30.34833,94.79833,190.04,-1
30.34833,94.80017,188.06,-1
30.34833,94.80200,181.25,-1
30.34833,94.80383,141.66,8
30.34833,94.80567,151.73,12
30.34833,94.80750,101.68,7
30.34833,94.80933,102.04,7
30.34833,94.81117,102.39,7
30.34833,94.81300,141.45,8
30.34833,94.81483,147.37,10
30.34833,94.81667,103.41,7
30.34833,94.81850,183.65,-1
30.34833,94.82033,169.06,-1
30.34833,94.82217,176.50,-1
30.34833,94.82400,104.66,7
30.34833,94.82583,171.04,-1
30.34833,94.82767,139.65,7
30.34833,94.82950,145.35,9
30.34833,94.83133,139.36,7
30.34833,94.83317,145.91,9
30.34833,94.83500,138.26,7
30.34833,94.83683,130.35,7
30.34833,94.83867,138.78,7
30.34833,94.84050,129.88,7
30.34833,94.84233,175.34,-1
30.34833,94.84417,160.20,-1
30.34833,94.84600,130.38,7
30.34833,94.84783,150.55,11
30.34833,94.84967,151.76,12
30.34833,94.85150,108.40,7
30.34833,94.85333,108.56,7
30.34833,94.85517,108.74,7
30.34833,94.85700,108.93,7
30.34833,94.85883,109.12,7
30.34833,94.86067,161.66,-1
30.34833,94.86250,109.49,7
30.34833,94.86433,109.67,7
30.34833,94.86617,109.84,7
30.34833,94.86800,110.01,7
30.34833,94.86983,199.60,-1
30.34833,94.87167,204.26,-1
30.34833,94.87350,193.53,-1
30.34833,94.87533,201.84,-1
30.34833,94.87717,194.28,-1
30.34833,94.87900,184.46,-1
30.34833,94.88083,199.08,-1
30.34833,94.88267,201.15,-1
30.34833,94.88450,203.02,-1
30.34833,94.88633,197.79,-1
30.34833,94.88817,202.43,-1
30.34833,94.89000,203.78,-1
30.35017,94.67000,216.03,-1
30.35017,94.67183,217.31,-1
30.35017,94.67367,218.56,-1
30.35017,94.67550,208.37,-1
30.35017,94.67733,111.34,7
30.35017,94.67917,130.70,7
30.35017,94.68100,188.25,-1
30.35017,94.68283,181.58,-1
30.35017,94.68467,179.04,-1
30.35017,94.68650,110.56,7
30.35017,94.68833,110.40,7
30.35017,94.69017,110.23,7
30.35017,94.69200,110.07,7
30.35017,94.69383,156.95,-1
30.35017,94.69567,109.72,7
30.35017,94.69750,109.54,7
30.35017,94.69933,153.11,12
30.35017,94.70117,168.66,-1
30.35017,94.70300,161.92,-1
30.35017,94.70483,182.08,-1
30.35017,94.70667,190.30,-1
30.35017,94.70850,187.71,-1
30.35017,94.71033,175.04,-1
30.35017,94.71217,166.32,-1
30.35017,94.71400,171.74,-1
30.35017,94.71583,174.98,-1
30.35017,94.71767,169.88,-1
30.35017,94.71950,176.98,-1
30.35017,94.72133,184.39,-1
30.35017,94.72317,186.49,-1
30.35017,94.72500,179.79,-1
30.35017,94.72683,184.55,-1
30.35017,94.72867,187.25,-1
30.35017,94.73050,188.82,-1
30.35017,94.73233,191.23,-1
30.35017,94.73417,193.99,-1
30.35017,94.73600,197.58,-1
30.35017,94.73783,195.64,-1
30.35017,94.73967,196.59,-1
30.35017,94.74150,196.10,-1
30.35017,94.74333,194.15,-1
30.35017,94.74517,191.88,-1
30.35017,94.74700,187.81,-1
30.35017,94.74883,189.27,-1
30.35017,94.75067,187.12,-1
30.35017,94.75250,180.10,-1
30.35017,94.75433,187.16,-1
30.35017,94.75617,179.97,-1
30.35017,94.75800,100.99,7
30.35017,94.75983,134.63,7
30.35017,94.76167,162.40,-1
30.35017,94.76350,173.78,-1
30.35017,94.76533,193.13,-1
30.35017,94.76717,176.64,-1
30.35017,94.76900,174.19,-1
30.35017,94.77083,133.09,7
30.35017,94.77267,115.18,7
30.35017,94.77450,123.17,7
30.35017,94.77633,128.27,7
30.35017,94.77817,155.90,-1
30.35017,94.78000,146.91,10
30.35017,94.78183,154.93,-1
30.35017,94.78367,175.04,-1
30.35017,94.78550,192.34,-1
30.35017,94.78733,173.94,-1
30.35017,94.78917,179.05,-1
30.35017,94.79100,176.63,-1
30.35017,94.79283,172.03,-1
30.35017,94.79467,178.16,-1
30.35017,94.79650,193.16,-1
30.35017,94.79833,193.54,-1
30.35017,94.80017,192.64,-1
30.35017,94.80200,184.54,-1
30.35017,94.80383,163.36,-1
30.35017,94.80567,130.11,7
30.35017,94.80750,104.39,7
30.35017,94.80933,102.34,7
30.35017,94.81117,142.45,8
30.35017,94.81300,172.38,-1
30.35017,94.81483,142.98,8
30.35017,94.81667,103.63,7
30.35017,94.81850,103.94,7
30.35017,94.82033,104.24,7
30.35017,94.82217,104.54,7
30.35017,94.82400,126.53,7
30.35017,94.82583,153.67,12
30.35017,94.82767,105.38,7
30.35017,94.82950,105.65,7
30.35017,94.83133,108.58,7
30.35017,94.83317,166.73,-1
30.35017,94.83500,136.85,7
30.35017,94.83683,125.92,7
30.35017,94.83867,128.74,7
30.35017,94.84050,144.53,9
30.35017,94.84233,163.59,-1
30.35017,94.84417,176.06,-1
30.35017,94.84600,159.05,-1
30.35017,94.84783,123.49,7
30.35017,94.84967,167.19,-1
30.35017,94.85150,163.14,-1
30.35017,94.85333,109.59,7
30.35017,94.85517,108.82,7
30.35017,94.85700,146.18,10
30.35017,94.85883,109.18,7
30.35017,94.86067,109.37,7
30.35017,94.86250,109.54,7
30.35017,94.86433,109.72,7
30.35017,94.86617,201.57,-1
30.35017,94.86800,208.20,-1
30.35017,94.86983,215.62,-1
30.35017,94.87167,190.22,-1
30.35017,94.87350,190.79,-1
30.35017,94.87533,195.64,-1
30.35017,94.87717,194.18,-1
30.35017,94.87900,194.86,-1
30.35017,94.88083,203.89,-1
30.35017,94.88267,211.91,-1
30.35017,94.88450,203.49,-1
30.35017,94.88633,207.03,-1
30.35017,94.88817,191.90,-1
30.35017,94.89000,204.84,-1
30.35200,94.67000,216.31,-1
30.35200,94.67183,219.63,-1
30.35200,94.67367,221.67,-1
30.35200,94.67550,224.01,-1
30.35200,94.67733,111.38,7
30.35200,94.67917,194.91,-1
30.35200,94.68100,159.68,-1
30.35200,94.68283,186.91,-1
30.35200,94.68467,172.17,-1
30.35200,94.68650,125.29,7
30.35200,94.68833,110.45,7
30.35200,94.69017,110.28,7
30.35200,94.69200,110.12,7
30.35200,94.69383,109.95,7
30.35200,94.69567,109.78,7
30.35200,94.69750,109.61,7
30.35200,94.69933,109.43,7
30.35200,94.70117,146.35,10
30.35200,94.70300,154.11,-1
30.35200,94.70483,164.48,-1
30.35200,94.70667,184.44,-1
30.35200,94.70850,187.15,-1
30.35200,94.71033,169.83,-1
30.35200,94.71217,175.83,-1
30.35200,94.71400,178.56,-1
30.35200,94.71583,177.88,-1
30.35200,94.71767,183.39,-1
30.35200,94.71950,181.17,-1
30.35200,94.72133,181.86,-1
30.35200,94.72317,185.72,-1
30.35200,94.72500,185.65,-1
30.35200,94.72683,188.03,-1
30.35200,94.72867,192.84,-1
30.35200,94.73050,190.71,-1
30.35200,94.73233,192.23,-1
30.35200,94.73417,194.50,-1
30.35200,94.73600,197.94,-1
30.35200,94.73783,186.61,-1
30.35200,94.73967,194.86,-1
30.35200,94.74150,192.71,-1
30.35200,94.74333,183.67,-1
30.35200,94.74517,184.73,-1
30.35200,94.74700,185.36,-1
30.35200,94.74883,186.28,-1
30.35200,94.75067,186.04,-1
30.35200,94.75250,183.76,-1
30.35200,94.75433,184.31,-1
30.35200,94.75617,188.02,-1
30.35200,94.75800,106.14,7
30.35200,94.75983,150.80,11
30.35200,94.76167,163.91,-1
30.35200,94.76350,184.69,-1
30.35200,94.76533,173.08,-1
30.35200,94.76717,177.11,-1
30.35200,94.76900,162.47,-1
30.35200,94.77083,144.02,9
30.35200,94.77267,122.71,7
30.35200,94.77450,126.03,7
30.35200,94.77633,143.88,9
30.35200,94.77817,154.80,-1
30.35200,94.78000,145.12,9
30.35200,94.78183,158.31,-1
30.35200,94.78367,174.71,-1
30.35200,94.78550,189.61,-1
30.35200,94.78733,190.48,-1
30.35200,94.78917,199.53,-1
30.35200,94.79100,188.99,-1
30.35200,94.79283,177.58,-1
30.35200,94.79467,191.27,-1
30.35200,94.79650,185.08,-1
30.35200,94.79833,187.44,-1
30.35200,94.80017,188.46,-1
30.35200,94.80200,180.29,-1
30.35200,94.80383,172.06,-1
30.35200,94.80567,152.49,12
30.35200,94.80750,138.22,7
30.35200,94.80933,102.65,7
30.35200,94.81117,180.61,-1
30.35200,94.81300,184.54,-1
30.35200,94.81483,174.40,-1
30.35200,94.81667,159.34,-1
30.35200,94.81850,158.44,-1
30.35200,94.82033,177.34,-1
30.35200,94.82217,104.72,7
30.35200,94.82400,179.10,-1
30.35200,94.82583,170.96,-1
30.35200,94.82767,183.29,-1
30.35200,94.82950,105.79,7
30.35200,94.83133,159.14,-1
30.35200,94.83317,204.33,-1
30.35200,94.83500,179.50,-1
30.35200,94.83683,171.61,-1
30.35200,94.83867,170.58,-1
30.35200,94.84050,158.65,-1
30.35200,94.84233,122.08,7
30.35200,94.84417,180.50,-1
30.35200,94.84600,170.43,-1
30.35200,94.84783,125.94,7
30.35200,94.84967,158.35,-1
30.35200,94.85150,162.84,-1
30.35200,94.85333,172.77,-1
30.35200,94.85517,124.93,7
30.35200,94.85700,109.09,7
30.35200,94.85883,109.26,7
30.35200,94.86067,109.43,7
30.35200,94.86250,169.55,-1
30.35200,94.86433,157.78,-1
30.35200,94.86617,189.67,-1
30.35200,94.86800,193.44,-1
30.35200,94.86983,200.69,-1
30.35200,94.87167,188.99,-1
30.35200,94.87350,191.24,-1
30.35200,94.87533,191.07,-1
30.35200,94.87717,188.56,-1
30.35200,94.87900,182.69,-1
30.35200,94.88083,205.44,-1
30.35200,94.88267,210.84,-1
30.35200,94.88450,209.23,-1
30.35200,94.88633,206.76,-1
30.35200,94.88817,205.21,-1
30.35200,94.89000,202.01,-1
30.35383,94.67000,209.12,-1
30.35383,94.67183,207.21,-1
30.35383,94.67367,205.28,-1
30.35383,94.67550,211.85,-1
30.35383,94.67733,177.31,-1
30.35383,94.67917,188.25,-1
30.35383,94.68100,195.68,-1
30.35383,94.68283,194.57,-1
30.35383,94.68467,196.27,-1
30.35383,94.68650,200.41,-1
30.35383,94.68833,170.48,-1
30.35383,94.69017,170.03,-1
30.35383,94.69200,170.97,-1
30.35383,94.69383,110.01,7
30.35383,94.69567,109.84,7
30.35383,94.69750,133.88,7
30.35383,94.69933,142.85,8
30.35383,94.70117,157.60,-1
30.35383,94.70300,183.10,-1
30.35383,94.70483,182.65,-1
30.35383,94.70667,174.92,-1
30.35383,94.70850,178.57,-1
30.35383,94.71033,182.14,-1
30.35383,94.71217,168.84,-1
30.35383,94.71400,176.74,-1
30.35383,94.71583,176.02,-1
30.35383,94.71767,167.55,-1
30.35383,94.71950,181.47,-1
30.35383,94.72133,183.06,-1
30.35383,94.72317,186.45,-1
30.35383,94.72500,187.98,-1
30.35383,94.72683,191.11,-1
30.35383,94.72867,195.09,-1
30.35383,94.73050,197.18,-1
30.35383,94.73233,199.53,-1
30.35383,94.73417,200.77,-1
30.35383,94.73600,196.39,-1
30.35383,94.73783,195.38,-1
30.35383,94.73967,189.58,-1
30.35383,94.74150,194.18,-1
30.35383,94.74333,187.98,-1
30.35383,94.74517,193.38,-1
30.35383,94.74700,188.65,-1
30.35383,94.74883,185.58,-1
30.35383,94.75067,184.86,-1
30.35383,94.75250,191.85,-1
30.35383,94.75433,192.15,-1
30.35383,94.75617,192.24,-1
30.35383,94.75800,144.81,9
30.35383,94.75983,146.88,10
30.35383,94.76167,182.14,-1
30.35383,94.76350,179.26,-1
30.35383,94.76533,164.99,-1
30.35383,94.76717,169.55,-1
30.35383,94.76900,159.16,-1
30.35383,94.77083,156.19,-1
30.35383,94.77267,143.30,9
30.35383,94.77450,138.84,7
30.35383,94.77633,141.94,8
30.35383,94.77817,149.68,11
30.35383,94.78000,147.07,10
30.35383,94.78183,163.34,-1
30.35383,94.78367,174.65,-1
30.35383,94.78550,186.15,-1
30.35383,94.78733,189.79,-1
30.35383,94.78917,194.71,-1
30.35383,94.79100,190.06,-1
30.35383,94.79283,197.80,-1
30.35383,94.79467,201.28,-1
30.35383,94.79650,187.83,-1
30.35383,94.79833,186.27,-1
30.35383,94.80017,183.11,-1
30.35383,94.80200,181.16,-1
30.35383,94.80383,172.12,-1
30.35383,94.80567,161.80,-1
30.35383,94.80750,138.81,7
30.35383,94.80933,156.94,-1
30.35383,94.81117,144.63,9
30.35383,94.81300,163.55,-1
30.35383,94.81483,156.53,-1
30.35383,94.81667,155.35,-1
30.35383,94.81850,180.70,-1
30.35383,94.82033,104.65,7
30.35383,94.82217,211.40,-1
30.35383,94.82400,179.24,-1
30.35383,94.82583,160.29,-1
30.35383,94.82767,105.69,7
30.35383,94.82950,105.94,7
30.35383,94.83133,177.20,-1
30.35383,94.83317,204.62,-1
30.35383,94.83500,186.97,-1
30.35383,94.83683,185.94,-1
30.35383,94.83867,116.93,7
30.35383,94.84050,199.12,-1
30.35383,94.84233,158.06,-1
30.35383,94.84417,189.24,-1
30.35383,94.84600,178.69,-1
30.35383,94.84783,168.07,-1
30.35383,94.84967,122.48,7
30.35383,94.85150,167.92,-1
30.35383,94.85333,162.82,-1
30.35383,94.85517,176.78,-1
30.35383,94.85700,201.88,-1
30.35383,94.85883,198.85,-1
30.35383,94.86067,196.72,-1
30.35383,94.86250,205.11,-1
30.35383,94.86433,193.69,-1
30.35383,94.86617,184.29,-1
30.35383,94.86800,193.28,-1
30.35383,94.86983,188.74,-1
30.35383,94.87167,188.96,-1
30.35383,94.87350,187.16,-1
30.35383,94.87533,186.97,-1
30.35383,94.87717,186.03,-1
30.35383,94.87900,194.73,-1
30.35383,94.88083,207.84,-1
30.35383,94.88267,206.15,-1
30.35383,94.88450,199.32,-1
30.35383,94.88633,191.79,-1
30.35383,94.88817,187.88,-1
30.35383,94.89000,181.86,-1
30.35567,94.67000,195.36,-1
30.35567,94.67183,186.11,-1
30.35567,94.67367,187.81,-1
30.35567,94.67550,187.94,-1
30.35567,94.67733,197.33,-1
30.35567,94.67917,187.86,-1
30.35567,94.68100,195.35,-1
30.35567,94.68283,200.69,-1
30.35567,94.68467,202.10,-1
30.35567,94.68650,204.93,-1
30.35567,94.68833,192.26,-1
30.35567,94.69017,155.66,-1
30.35567,94.69200,175.01,-1
30.35567,94.69383,156.92,-1
30.35567,94.69567,154.21,-1
30.35567,94.69750,137.56,7
30.35567,94.69933,159.02,-1
30.35567,94.70117,165.36,-1
30.35567,94.70300,173.99,-1
30.35567,94.70483,179.86,-1
30.35567,94.70667,182.31,-1
30.35567,94.70850,183.68,-1
30.35567,94.71033,171.75,-1
30.35567,94.71217,186.15,-1
30.35567,94.71400,176.19,-1
30.35567,94.71583,188.01,-1
30.35567,94.71767,181.81,-1
30.35567,94.71950,191.69,-1
30.35567,94.72133,192.35,-1
30.35567,94.72317,188.34,-1
30.35567,94.72500,191.35,-1
30.35567,94.72683,191.36,-1
30.35567,94.72867,187.35,-1
30.35567,94.73050,202.79,-1
30.35567,94.73233,204.22,-1
30.35567,94.73417,183.24,-1
30.35567,94.73600,201.54,-1
30.35567,94.73783,201.24,-1
30.35567,94.73967,201.71,-1
30.35567,94.74150,193.23,-1
30.35567,94.74333,188.13,-1
30.35567,94.74517,197.49,-1
30.35567,94.74700,198.08,-1
30.35567,94.74883,196.05,-1
30.35567,94.75067,199.11,-1
30.35567,94.75250,200.79,-1
30.35567,94.75433,197.54,-1
30.35567,94.75617,190.68,-1
30.35567,94.75800,177.00,-1
30.35567,94.75983,170.68,-1
30.35567,94.76167,165.24,-1
30.35567,94.76350,172.03,-1
30.35567,94.76533,178.85,-1
30.35567,94.76717,173.01,-1
30.35567,94.76900,173.10,-1
30.35567,94.77083,168.01,-1
30.35567,94.77267,162.60,-1
30.35567,94.77450,139.48,7
30.35567,94.77633,142.50,8
30.35567,94.77817,159.84,-1
30.35567,94.78000,162.59,-1
30.35567,94.78183,167.86,-1
30.35567,94.78367,172.29,-1
30.35567,94.78550,177.03,-1
30.35567,94.78733,191.53,-1
30.35567,94.78917,194.52,-1
30.35567,94.79100,193.19,-1
30.35567,94.79283,193.58,-1
30.35567,94.79467,182.02,-1
30.35567,94.79650,191.87,-1
30.35567,94.79833,187.18,-1
30.35567,94.80017,185.65,-1
30.35567,94.80200,166.07,-1
30.35567,94.80383,161.99,-1
30.35567,94.80567,163.59,-1
30.35567,94.80750,150.98,11
30.35567,94.80933,103.28,7
30.35567,94.81117,146.29,10
30.35567,94.81300,165.98,-1
30.35567,94.81483,163.00,-1
30.35567,94.81667,193.55,-1
30.35567,94.81850,201.55,-1
30.35567,94.82033,150.73,11
30.35567,94.82217,171.63,-1
30.35567,94.82400,167.22,-1
30.35567,94.82583,183.17,-1
30.35567,94.82767,178.97,-1
30.35567,94.82950,177.70,-1
30.35567,94.83133,154.31,-1
30.35567,94.83317,199.61,-1
30.35567,94.83500,175.17,-1
30.35567,94.83683,198.98,-1
30.35567,94.83867,167.92,-1
30.35567,94.84050,207.40,-1
30.35567,94.84233,203.19,-1
30.35567,94.84417,182.19,-1
30.35567,94.84600,188.84,-1
30.35567,94.84783,176.38,-1
30.35567,94.84967,156.82,-1
30.35567,94.85150,137.10,7
30.35567,94.85333,167.80,-1
30.35567,94.85517,182.45,-1
30.35567,94.85700,175.71,-1
30.35567,94.85883,161.78,-1
30.35567,94.86067,140.92,8
30.35567,94.86250,109.80,7
30.35567,94.86433,109.96,7
30.35567,94.86617,177.54,-1
30.35567,94.86800,172.25,-1
30.35567,94.86983,174.76,-1
30.35567,94.87167,185.36,-1
30.35567,94.87350,184.04,-1
30.35567,94.87533,181.59,-1
30.35567,94.87717,172.82,-1
30.35567,94.87900,209.29,-1
30.35567,94.88083,195.02,-1
30.35567,94.88267,185.64,-1
30.35567,94.88450,179.50,-1
30.35567,94.88633,170.01,-1
30.35567,94.88817,159.44,-1
30.35567,94.89000,152.94,12
30.35750,94.67000,186.25,-1
30.35750,94.67183,193.11,-1
30.35750,94.67367,202.15,-1
30.35750,94.67550,207.28,-1
30.35750,94.67733,192.51,-1
30.35750,94.67917,193.90,-1
30.35750,94.68100,199.80,-1
30.35750,94.68283,200.91,-1
30.35750,94.68467,203.33,-1
30.35750,94.68650,202.99,-1
30.35750,94.68833,198.62,-1
30.35750,94.69017,188.40,-1
30.35750,94.69200,190.99,-1
30.35750,94.69383,193.28,-1
30.35750,94.69567,151.47,11
30.35750,94.69750,164.40,-1
30.35750,94.69933,169.31,-1
30.35750,94.70117,171.16,-1
30.35750,94.70300,175.98,-1
30.35750,94.70483,183.42,-1
30.35750,94.70667,186.27,-1
30.35750,94.70850,187.25,-1
30.35750,94.71033,188.01,-1
30.35750,94.71217,188.71,-1
30.35750,94.71400,190.39,-1
30.35750,94.71583,191.72,-1
30.35750,94.71767,193.09,-1
30.35750,94.71950,194.14,-1
30.35750,94.72133,177.67,-1
30.35750,94.72317,198.11,-1
30.35750,94.72500,199.45,-1
30.35750,94.72683,201.05,-1
30.35750,94.72867,202.59,-1
30.35750,94.73050,203.66,-1
30.35750,94.73233,205.15,-1
30.35750,94.73417,202.43,-1
30.35750,94.73600,203.91,-1
30.35750,94.73783,205.57,-1
30.35750,94.73967,207.01,-1
30.35750,94.74150,202.77,-1
30.35750,94.74333,199.66,-1
30.35750,94.74517,200.94,-1
30.35750,94.74700,194.24,-1
30.35750,94.74883,202.62,-1
30.35750,94.75067,207.47,-1
30.35750,94.75250,193.05,-1
30.35750,94.75433,191.42,-1
30.35750,94.75617,191.10,-1
30.35750,94.75800,191.62,-1
30.35750,94.75983,170.83,-1
30.35750,94.76167,170.24,-1
30.35750,94.76350,175.21,-1
30.35750,94.76533,174.48,-1
30.35750,94.76717,167.41,-1
30.35750,94.76900,166.55,-1
30.35750,94.77083,164.85,-1
30.35750,94.77267,164.69,-1
30.35750,94.77450,173.18,-1
30.35750,94.77633,145.04,9
30.35750,94.77817,160.48,-1
30.35750,94.78000,160.29,-1
30.35750,94.78183,179.27,-1
30.35750,94.78367,178.14,-1
30.35750,94.78550,179.07,-1
30.35750,94.78733,192.76,-1
30.35750,94.78917,193.76,-1
30.35750,94.79100,178.71,-1
30.35750,94.79283,190.49,-1
30.35750,94.79467,190.10,-1
30.35750,94.79650,190.06,-1
30.35750,94.79833,188.11,-1
30.35750,94.80017,184.44,-1
30.35750,94.80200,180.57,-1
30.35750,94.80383,177.69,-1
30.35750,94.80567,173.68,-1
30.35750,94.80750,164.48,-1
30.35750,94.80933,136.64,7
30.35750,94.81117,103.84,7
30.35750,94.81300,164.32,-1
30.35750,94.81483,206.63,-1
30.35750,94.81667,200.93,-1
30.35750,94.81850,182.82,-1
30.35750,94.82033,150.28,11
30.35750,94.82217,140.58,8
30.35750,94.82400,105.57,7
30.35750,94.82583,139.03,7
30.35750,94.82767,106.71,7
30.35750,94.82950,191.68,-1
30.35750,94.83133,133.02,7
30.35750,94.83317,183.28,-1
30.35750,94.83500,185.45,-1
30.35750,94.83683,184.78,-1
30.35750,94.83867,184.06,-1
30.35750,94.84050,201.63,-1
30.35750,94.84233,195.00,-1
30.35750,94.84417,194.59,-1
30.35750,94.84600,199.12,-1
30.35750,94.84783,194.51,-1
30.35750,94.84967,178.81,-1
30.35750,94.85150,158.60,-1
30.35750,94.85333,169.23,-1
30.35750,94.85517,181.66,-1
30.35750,94.85700,180.16,-1
30.35750,94.85883,173.91,-1
30.35750,94.86067,169.19,-1
30.35750,94.86250,163.69,-1
30.35750,94.86433,141.92,8
30.35750,94.86617,126.75,7
30.35750,94.86800,183.56,-1
30.35750,94.86983,184.41,-1
30.35750,94.87167,171.90,-1
30.35750,94.87350,185.23,-1
30.35750,94.87533,175.85,-1
30.35750,94.87717,184.18,-1
30.35750,94.87900,176.14,-1
30.35750,94.88083,165.13,-1
30.35750,94.88267,156.99,-1
30.35750,94.88450,111.67,7
30.35750,94.88633,111.80,7
30.35750,94.88817,183.90,-1
30.35750,94.89000,152.40,12
30.35933,94.67000,180.36,-1
30.35933,94.67183,197.74,-1
30.35933,94.67367,199.38,-1
30.35933,94.67550,212.85,-1
30.35933,94.67733,200.97,-1
30.35933,94.67917,200.08,-1
30.35933,94.68100,199.74,-1
30.35933,94.68283,196.48,-1
30.35933,94.68467,201.70,-1
30.35933,94.68650,206.81,-1
30.35933,94.68833,205.30,-1
30.35933,94.69017,191.29,-1
30.35933,94.69200,174.51,-1
30.35933,94.69383,186.11,-1
30.35933,94.69567,192.89,-1
30.35933,94.69750,180.95,-1
30.35933,94.69933,180.68,-1
30.35933,94.70117,184.72,-1
30.35933,94.70300,181.69,-1
30.35933,94.70483,170.60,-1
30.35933,94.70667,189.19,-1
30.35933,94.70850,187.05,-1
30.35933,94.71033,191.32,-1
30.35933,94.71217,175.13,-1
30.35933,94.71400,193.82,-1
30.35933,94.71583,195.32,-1
30.35933,94.71767,196.33,-1
30.35933,94.71950,183.15,-1
30.35933,94.72133,181.18,-1
30.35933,94.72317,199.86,-1
30.35933,94.72500,201.33,-1
30.35933,94.72683,203.00,-1
30.35933,94.72867,203.26,-1
30.35933,94.73050,205.95,-1
30.35933,94.73233,207.99,-1
30.35933,94.73417,209.38,-1
30.35933,94.73600,208.28,-1
30.35933,94.73783,208.57,-1
30.35933,94.73967,206.67,-1
30.35933,94.74150,212.24,-1
30.35933,94.74333,211.17,-1
30.35933,94.74517,206.03,-1
30.35933,94.74700,211.05,-1
30.35933,94.74883,209.49,-1
30.35933,94.75067,196.30,-1
30.35933,94.75250,188.86,-1
30.35933,94.75433,197.85,-1
30.35933,94.75617,198.40,-1
30.35933,94.75800,197.72,-1
30.35933,94.75983,194.60,-1
30.35933,94.76167,166.29,-1
30.35933,94.76350,174.77,-1
30.35933,94.76533,166.67,-1
30.35933,94.76717,169.95,-1
30.35933,94.76900,169.15,-1
30.35933,94.77083,165.36,-1
30.35933,94.77267,160.48,-1
30.35933,94.77450,169.15,-1
30.35933,94.77633,168.94,-1
30.35933,94.77817,181.99,-1
30.35933,94.78000,179.48,-1
30.35933,94.78183,179.26,-1
30.35933,94.78367,179.40,-1
30.35933,94.78550,180.16,-1
30.35933,94.78733,192.63,-1
30.35933,94.78917,194.38,-1
30.35933,94.79100,179.37,-1
30.35933,94.79283,193.27,-1
30.35933,94.79467,193.05,-1
30.35933,94.79650,188.89,-1
30.35933,94.79833,186.34,-1
30.35933,94.80017,185.76,-1
30.35933,94.80200,183.01,-1
30.35933,94.80383,177.71,-1
30.35933,94.80567,175.53,-1
30.35933,94.80750,170.55,-1
30.35933,94.80933,159.76,-1
30.35933,94.81117,158.35,-1
30.35933,94.81300,204.84,-1
30.35933,94.81483,204.10,-1
30.35933,94.81667,190.81,-1
30.35933,94.81850,173.82,-1
30.35933,94.82033,161.61,-1
30.35933,94.82217,105.54,7
30.35933,94.82400,137.94,7
30.35933,94.82583,134.15,7
30.35933,94.82767,193.76,-1
30.35933,94.82950,183.32,-1
30.35933,94.83133,172.20,-1
30.35933,94.83317,127.10,7
30.35933,94.83500,179.86,-1
30.35933,94.83683,184.24,-1
30.35933,94.83867,206.10,-1
30.35933,94.84050,199.36,-1
30.35933,94.84233,198.02,-1
30.35933,94.84417,192.30,-1
30.35933,94.84600,188.75,-1
30.35933,94.84783,196.10,-1
30.35933,94.84967,195.31,-1
30.35933,94.85150,188.84,-1
30.35933,94.85333,181.00,-1
30.35933,94.85517,179.79,-1
30.35933,94.85700,183.44,-1
30.35933,94.85883,179.25,-1
30.35933,94.86067,167.77,-1
30.35933,94.86250,166.31,-1
30.35933,94.86433,165.20,-1
30.35933,94.86617,183.63,-1
30.35933,94.86800,192.59,-1
30.35933,94.86983,192.85,-1
30.35933,94.87167,198.35,-1
30.35933,94.87350,186.35,-1
30.35933,94.87533,193.43,-1
30.35933,94.87717,147.62,10
30.35933,94.87900,138.04,7
30.35933,94.88083,154.22,-1
30.35933,94.88267,111.59,7
30.35933,94.88450,182.69,-1
30.35933,94.88633,172.22,-1
30.35933,94.88817,206.84,-1
30.35933,94.89000,199.58,-1
30.36117,94.67000,177.47,-1
30.36117,94.67183,188.52,-1
30.36117,94.67367,191.22,-1
30.36117,94.67550,198.78,-1
30.36117,94.67733,199.39,-1
30.36117,94.67917,202.08,-1
30.36117,94.68100,200.21,-1
30.36117,94.68283,190.91,-1
30.36117,94.68467,199.77,-1
30.36117,94.68650,200.07,-1
30.36117,94.68833,202.74,-1
30.36117,94.69017,184.95,-1
30.36117,94.69200,171.15,-1
30.36117,94.69383,178.83,-1
30.36117,94.69567,180.34,-1
30.36117,94.69750,167.47,-1
30.36117,94.69933,187.46,-1
30.36117,94.70117,210.02,-1
30.36117,94.70300,196.79,-1
30.36117,94.70483,200.87,-1
30.36117,94.70667,218.76,-1
30.36117,94.70850,200.19,-1
30.36117,94.71033,193.50,-1
30.36117,94.71217,179.95,-1
30.36117,94.71400,197.64,-1
30.36117,94.71583,181.96,-1
30.36117,94.71767,192.88,-1
30.36117,94.71950,191.95,-1
30.36117,94.72133,180.60,-1
30.36117,94.72317,179.73,-1
30.36117,94.72500,202.55,-1
30.36117,94.72683,180.05,-1
30.36117,94.72867,205.09,-1
30.36117,94.73050,207.24,-1
30.36117,94.73233,209.08,-1
30.36117,94.73417,211.10,-1
30.36117,94.73600,211.56,-1
30.36117,94.73783,211.93,-1
30.36117,94.73967,216.33,-1
30.36117,94.74150,216.77,-1
30.36117,94.74333,208.95,-1
30.36117,94.74517,213.63,-1
30.36117,94.74700,205.86,-1
30.36117,94.74883,205.71,-1
30.36117,94.75067,198.52,-1
30.36117,94.75250,202.76,-1
30.36117,94.75433,203.91,-1
30.36117,94.75617,191.54,-1
30.36117,94.75800,198.29,-1
30.36117,94.75983,191.04,-1
30.36117,94.76167,193.44,-1
30.36117,94.76350,173.00,-1
30.36117,94.76533,164.01,-1
30.36117,94.76717,170.06,-1
30.36117,94.76900,172.60,-1
30.36117,94.77083,174.11,-1
30.36117,94.77267,173.11,-1
30.36117,94.77450,169.77,-1
30.36117,94.77633,173.99,-1
30.36117,94.77817,178.18,-1
30.36117,94.78000,182.10,-1
30.36117,94.78183,178.70,-1
30.36117,94.78367,180.21,-1
30.36117,94.78550,180.60,-1
30.36117,94.78733,193.32,-1
30.36117,94.78917,194.76,-1
30.36117,94.79100,179.73,-1
30.36117,94.79283,192.50,-1
30.36117,94.79467,193.85,-1
30.36117,94.79650,191.73,-1
30.36117,94.79833,187.01,-1
30.36117,94.80017,184.72,-1
30.36117,94.80200,184.73,-1
30.36117,94.80383,181.36,-1
30.36117,94.80567,177.18,-1
30.36117,94.80750,172.65,-1
30.36117,94.80933,169.88,-1
30.36117,94.81117,151.80,12
30.36117,94.81300,181.31,-1
30.36117,94.81483,194.00,-1
30.36117,94.81667,189.69,-1
30.36117,94.81850,177.05,-1
30.36117,94.82033,152.35,12
30.36117,94.82217,168.09,-1
30.36117,94.82400,183.28,-1
30.36117,94.82583,187.18,-1
30.36117,94.82767,193.97,-1
30.36117,94.82950,195.39,-1
30.36117,94.83133,185.19,-1
30.36117,94.83317,198.28,-1
30.36117,94.83500,198.23,-1
30.36117,94.83683,209.87,-1
30.36117,94.83867,198.54,-1
30.36117,94.84050,204.88,-1
30.36117,94.84233,199.54,-1
30.36117,94.84417,199.29,-1
30.36117,94.84600,194.50,-1
30.36117,94.84783,200.59,-1
30.36117,94.84967,197.27,-1
30.36117,94.85150,194.72,-1
30.36117,94.85333,190.62,-1
30.36117,94.85517,190.61,-1
30.36117,94.85700,182.82,-1
30.36117,94.85883,181.46,-1
30.36117,94.86067,180.17,-1
30.36117,94.86250,174.09,-1
30.36117,94.86433,168.98,-1
30.36117,94.86617,166.66,-1
30.36117,94.86800,158.28,-1
30.36117,94.86983,164.73,-1
30.36117,94.87167,162.44,-1
30.36117,94.87350,163.15,-1
30.36117,94.87533,169.82,-1
30.36117,94.87717,169.21,-1
30.36117,94.87900,148.97,10
30.36117,94.88083,111.54,7
30.36117,94.88267,111.65,7
30.36117,94.88450,111.79,7
30.36117,94.88633,111.91,7
30.36117,94.88817,166.07,-1
30.36117,94.89000,192.50,-1
30.36300,94.67000,185.05,-1
30.36300,94.67183,174.53,-1
30.36300,94.67367,189.69,-1
30.36300,94.67550,196.76,-1
30.36300,94.67733,197.22,-1
30.36300,94.67917,198.05,-1
30.36300,94.68100,200.02,-1
30.36300,94.68283,190.96,-1
30.36300,94.68467,200.42,-1
30.36300,94.68650,201.73,-1
30.36300,94.68833,177.57,-1
30.36300,94.69017,187.25,-1
30.36300,94.69200,203.50,-1
30.36300,94.69383,198.18,-1
30.36300,94.69567,196.82,-1
30.36300,94.69750,199.69,-1
30.36300,94.69933,200.60,-1
30.36300,94.70117,198.89,-1
30.36300,94.70300,214.71,-1
30.36300,94.70483,232.96,-1
30.36300,94.70667,196.39,-1
30.36300,94.70850,211.00,-1
30.36300,94.71033,205.37,-1
30.36300,94.71217,190.85,-1
30.36300,94.71400,198.81,-1
30.36300,94.71583,196.92,-1
30.36300,94.71767,193.00,-1
30.36300,94.71950,181.67,-1
30.36300,94.72133,201.39,-1
30.36300,94.72317,202.69,-1
30.36300,94.72500,203.96,-1
30.36300,94.72683,205.12,-1
30.36300,94.72867,206.32,-1
30.36300,94.73050,207.84,-1
30.36300,94.73233,210.21,-1
30.36300,94.73417,211.83,-1
30.36300,94.73600,215.47,-1
30.36300,94.73783,218.12,-1
30.36300,94.73967,219.41,-1
30.36300,94.74150,216.35,-1
30.36300,94.74333,210.08,-1
30.36300,94.74517,218.46,-1
30.36300,94.74700,211.79,-1
30.36300,94.74883,197.38,-1
30.36300,94.75067,200.61,-1
30.36300,94.75250,207.49,-1
30.36300,94.75433,207.01,-1
30.36300,94.75617,194.28,-1
30.36300,94.75800,198.56,-1
30.36300,94.75983,196.21,-1
30.36300,94.76167,187.42,-1
30.36300,94.76350,173.08,-1
30.36300,94.76533,185.75,-1
30.36300,94.76717,175.32,-1
30.36300,94.76900,176.41,-1
30.36300,94.77083,176.34,-1
30.36300,94.77267,178.32,-1
30.36300,94.77450,181.53,-1
30.36300,94.77633,169.58,-1
30.36300,94.77817,185.36,-1
30.36300,94.78000,184.14,-1
30.36300,94.78183,178.23,-1
30.36300,94.78367,186.65,-1
30.36300,94.78550,180.06,-1
30.36300,94.78733,193.37,-1
30.36300,94.78917,197.77,-1
30.36300,94.79100,196.32,-1
30.36300,94.79283,196.07,-1
30.36300,94.79467,193.25,-1
30.36300,94.79650,193.16,-1
30.36300,94.79833,191.98,-1
30.36300,94.80017,186.11,-1
30.36300,94.80200,186.36,-1
30.36300,94.80383,183.82,-1
30.36300,94.80567,181.04,-1
30.36300,94.80750,174.89,-1
30.36300,94.80933,170.66,-1
30.36300,94.81117,165.11,-1
30.36300,94.81300,157.08,-1
30.36300,94.81483,170.68,-1
30.36300,94.81667,184.32,-1
30.36300,94.81850,184.10,-1
30.36300,94.82033,171.60,-1
30.36300,94.82217,196.20,-1
30.36300,94.82400,199.71,-1
30.36300,94.82583,197.39,-1
30.36300,94.82767,194.19,-1
30.36300,94.82950,192.25,-1
30.36300,94.83133,195.24,-1
30.36300,94.83317,195.31,-1
30.36300,94.83500,195.95,-1
30.36300,94.83683,201.26,-1
30.36300,94.83867,204.52,-1
30.36300,94.84050,207.86,-1
30.36300,94.84233,207.84,-1
30.36300,94.84417,206.21,-1
30.36300,94.84600,203.78,-1
30.36300,94.84783,204.06,-1
30.36300,94.84967,204.90,-1
30.36300,94.85150,202.86,-1
30.36300,94.85333,195.46,-1
30.36300,94.85517,184.85,-1
30.36300,94.85700,190.91,-1
30.36300,94.85883,190.84,-1
30.36300,94.86067,185.16,-1
30.36300,94.86250,181.46,-1
30.36300,94.86433,172.75,-1
30.36300,94.86617,166.14,-1
30.36300,94.86800,149.23,11
30.36300,94.86983,144.13,9
30.36300,94.87167,137.43,7
30.36300,94.87350,179.03,-1
30.36300,94.87533,154.67,-1
30.36300,94.87717,156.45,-1
30.36300,94.87900,161.20,-1
30.36300,94.88083,154.34,-1
30.36300,94.88267,172.99,-1
30.36300,94.88450,187.41,-1
30.36300,94.88633,190.20,-1
30.36300,94.88817,186.51,-1
30.36300,94.89000,176.80,-1
30.36483,94.67000,185.04,-1
30.36483,94.67183,186.34,-1
30.36483,94.67367,190.89,-1
30.36483,94.67550,195.02,-1
30.36483,94.67733,198.18,-1
30.36483,94.67917,199.26,-1
30.36483,94.68100,199.45,-1
30.36483,94.68283,194.20,-1
30.36483,94.68467,199.30,-1
30.36483,94.68650,205.45,-1
30.36483,94.68833,189.49,-1
30.36483,94.69017,188.76,-1
30.36483,94.69200,190.95,-1
30.36483,94.69383,187.55,-1
30.36483,94.69567,196.99,-1
30.36483,94.69750,197.36,-1
30.36483,94.69933,200.81,-1
30.36483,94.70117,201.60,-1
30.36483,94.70300,188.81,-1
30.36483,94.70483,200.40,-1
30.36483,94.70667,192.42,-1
30.36483,94.70850,184.32,-1
30.36483,94.71033,198.56,-1
30.36483,94.71217,194.57,-1
30.36483,94.71400,196.99,-1
30.36483,94.71583,195.92,-1
30.36483,94.71767,188.53,-1
30.36483,94.71950,184.19,-1
30.36483,94.72133,182.06,-1
30.36483,94.72317,203.32,-1
30.36483,94.72500,205.01,-1
30.36483,94.72683,180.76,-1
30.36483,94.72867,206.77,-1
30.36483,94.73050,208.69,-1
30.36483,94.73233,210.95,-1
30.36483,94.73417,214.80,-1
30.36483,94.73600,218.08,-1
30.36483,94.73783,217.80,-1
30.36483,94.73967,220.51,-1
30.36483,94.74150,220.33,-1
30.36483,94.74333,219.84,-1
30.36483,94.74517,211.69,-1
30.36483,94.74700,197.12,-1
30.36483,94.74883,195.09,-1
30.36483,94.75067,194.30,-1
30.36483,94.75250,209.65,-1
30.36483,94.75433,208.60,-1
30.36483,94.75617,201.40,-1
30.36483,94.75800,199.33,-1
30.36483,94.75983,195.85,-1
30.36483,94.76167,192.57,-1
30.36483,94.76350,191.17,-1
30.36483,94.76533,182.32,-1
30.36483,94.76717,180.28,-1
30.36483,94.76900,173.74,-1
30.36483,94.77083,176.74,-1
30.36483,94.77267,181.48,-1
30.36483,94.77450,183.73,-1
30.36483,94.77633,183.03,-1
30.36483,94.77817,185.73,-1
30.36483,94.78000,185.45,-1
30.36483,94.78183,176.34,-1
30.36483,94.78367,187.89,-1
30.36483,94.78550,191.05,-1
30.36483,94.78733,193.62,-1
30.36483,94.78917,199.04,-1
30.36483,94.79100,197.77,-1
30.36483,94.79283,197.67,-1
30.36483,94.79467,181.18,-1
30.36483,94.79650,194.64,-1
30.36483,94.79833,193.88,-1
30.36483,94.80017,180.45,-1
30.36483,94.80200,173.73,-1
30.36483,94.80383,171.92,-1
30.36483,94.80567,170.81,-1
30.36483,94.80750,178.53,-1
30.36483,94.80933,173.02,-1
30.36483,94.81117,168.87,-1
30.36483,94.81300,159.50,-1
30.36483,94.81483,167.08,-1
30.36483,94.81667,165.65,-1
30.36483,94.81850,165.28,-1
30.36483,94.82033,180.16,-1
30.36483,94.82217,175.87,-1
30.36483,94.82400,188.10,-1
30.36483,94.82583,197.59,-1
30.36483,94.82767,194.80,-1
30.36483,94.82950,183.73,-1
30.36483,94.83133,183.23,-1
30.36483,94.83317,184.89,-1
30.36483,94.83500,189.87,-1
30.36483,94.83683,205.54,-1
30.36483,94.83867,197.69,-1
30.36483,94.84050,205.34,-1
30.36483,94.84233,208.92,-1
30.36483,94.84417,191.95,-1
30.36483,94.84600,208.12,-1
30.36483,94.84783,203.81,-1
30.36483,94.84967,207.96,-1
30.36483,94.85150,206.95,-1
30.36483,94.85333,204.95,-1
30.36483,94.85517,185.51,-1
30.36483,94.85700,190.67,-1
30.36483,94.85883,192.35,-1
30.36483,94.86067,186.45,-1
30.36483,94.86250,170.93,-1
30.36483,94.86433,206.13,-1
30.36483,94.86617,182.61,-1
30.36483,94.86800,152.83,12
30.36483,94.86983,110.82,7
30.36483,94.87167,183.20,-1
30.36483,94.87350,169.51,-1
30.36483,94.87533,204.56,-1
30.36483,94.87717,172.96,-1
30.36483,94.87900,197.09,-1
30.36483,94.88083,180.78,-1
30.36483,94.88267,153.88,12
30.36483,94.88450,132.03,7
30.36483,94.88633,173.31,-1
30.36483,94.88817,112.18,7
30.36483,94.89000,165.81,-1
30.36667,94.67000,172.63,-1
30.36667,94.67183,175.09,-1
30.36667,94.67367,183.62,-1
30.36667,94.67550,184.17,-1
30.36667,94.67733,180.68,-1
30.36667,94.67917,182.50,-1
30.36667,94.68100,192.86,-1
30.36667,94.68283,184.41,-1
30.36667,94.68467,185.51,-1
30.36667,94.68650,196.86,-1
30.36667,94.68833,187.87,-1
30.36667,94.69017,186.99,-1
30.36667,94.69200,193.61,-1
30.36667,94.69383,192.49,-1
30.36667,94.69567,198.02,-1
30.36667,94.69750,190.08,-1
30.36667,94.69933,187.36,-1
30.36667,94.70117,185.52,-1
30.36667,94.70300,184.59,-1
30.36667,94.70483,199.13,-1
30.36667,94.70667,198.90,-1
30.36667,94.70850,186.79,-1
30.36667,94.71033,197.16,-1
30.36667,94.71217,197.18,-1
30.36667,94.71400,197.66,-1
30.36667,94.71583,184.08,-1
30.36667,94.71767,201.55,-1
30.36667,94.71950,202.92,-1
30.36667,94.72133,203.29,-1
30.36667,94.72317,204.57,-1
30.36667,94.72500,205.48,-1
30.36667,94.72683,206.21,-1
30.36667,94.72867,207.19,-1
30.36667,94.73050,209.45,-1
30.36667,94.73233,213.63,-1
30.36667,94.73417,216.29,-1
30.36667,94.73600,216.86,-1
30.36667,94.73783,220.11,-1
30.36667,94.73967,222.15,-1
30.36667,94.74150,223.32,-1
30.36667,94.74333,219.11,-1
30.36667,94.74517,211.96,-1
30.36667,94.74700,195.98,-1
30.36667,94.74883,211.29,-1
30.36667,94.75067,193.01,-1
30.36667,94.75250,212.24,-1
30.36667,94.75433,209.12,-1
30.36667,94.75617,204.82,-1
30.36667,94.75800,201.39,-1
30.36667,94.75983,195.40,-1
30.36667,94.76167,203.04,-1
30.36667,94.76350,200.53,-1
30.36667,94.76533,192.53,-1
30.36667,94.76717,180.46,-1
30.36667,94.76900,189.21,-1
30.36667,94.77083,182.28,-1
30.36667,94.77267,181.99,-1
30.36667,94.77450,182.05,-1
30.36667,94.77633,182.30,-1
30.36667,94.77817,184.58,-1
30.36667,94.78000,186.01,-1
30.36667,94.78183,186.55,-1
30.36667,94.78367,189.08,-1
30.36667,94.78550,191.23,-1
30.36667,94.78733,195.32,-1
30.36667,94.78917,199.69,-1
30.36667,94.79100,199.79,-1
30.36667,94.79283,198.55,-1
30.36667,94.79467,196.17,-1
30.36667,94.79650,195.35,-1
30.36667,94.79833,195.43,-1
30.36667,94.80017,193.38,-1
30.36667,94.80200,190.15,-1
30.36667,94.80383,187.34,-1
30.36667,94.80567,184.29,-1
30.36667,94.80750,180.35,-1
30.36667,94.80933,174.82,-1
30.36667,94.81117,169.17,-1
30.36667,94.81300,166.16,-1
30.36667,94.81483,160.34,-1
30.36667,94.81667,151.49,11
30.36667,94.81850,142.51,8
30.36667,94.82033,169.77,-1
30.36667,94.82217,169.43,-1
30.36667,94.82400,177.27,-1
30.36667,94.82583,175.06,-1
30.36667,94.82767,193.30,-1
30.36667,94.82950,192.65,-1
30.36667,94.83133,183.23,-1
30.36667,94.83317,193.37,-1
30.36667,94.83500,193.36,-1
30.36667,94.83683,197.40,-1
30.36667,94.83867,200.70,-1
30.36667,94.84050,205.59,-1
30.36667,94.84233,205.73,-1
30.36667,94.84417,209.01,-1
30.36667,94.84600,210.66,-1
30.36667,94.84783,202.68,-1
30.36667,94.84967,209.82,-1
30.36667,94.85150,210.25,-1
30.36667,94.85333,207.53,-1
30.36667,94.85517,204.09,-1
30.36667,94.85700,214.55,-1
30.36667,94.85883,199.94,-1
30.36667,94.86067,186.25,-1
30.36667,94.86250,180.91,-1
30.36667,94.86433,172.89,-1
30.36667,94.86617,167.17,-1
30.36667,94.86800,163.10,-1
30.36667,94.86983,203.02,-1
30.36667,94.87167,183.95,-1
30.36667,94.87350,191.02,-1
30.36667,94.87533,182.68,-1
30.36667,94.87717,169.46,-1
30.36667,94.87900,198.61,-1
30.36667,94.88083,197.20,-1
30.36667,94.88267,182.09,-1
30.36667,94.88450,166.33,-1
30.36667,94.88633,190.01,-1
30.36667,94.88817,174.92,-1
30.36667,94.89000,200.43,-1
30.36850,94.67000,188.03,-1
30.36850,94.67183,174.68,-1
30.36850,94.67367,178.13,-1
30.36850,94.67550,196.46,-1
30.36850,94.67733,179.22,-1
30.36850,94.67917,183.06,-1
30.36850,94.68100,191.50,-1
30.36850,94.68283,187.06,-1
30.36850,94.68467,188.46,-1
30.36850,94.68650,193.10,-1
30.36850,94.68833,191.63,-1
30.36850,94.69017,193.20,-1
30.36850,94.69200,195.31,-1
30.36850,94.69383,194.24,-1
30.36850,94.69567,195.33,-1
30.36850,94.69750,197.65,-1
30.36850,94.69933,198.08,-1
30.36850,94.70117,199.16,-1
30.36850,94.70300,198.92,-1
30.36850,94.70483,185.77,-1
30.36850,94.70667,201.38,-1
30.36850,94.70850,197.92,-1
30.36850,94.71033,196.78,-1
30.36850,94.71217,197.21,-1
30.36850,94.71400,190.90,-1
30.36850,94.71583,201.92,-1
30.36850,94.71767,202.55,-1
30.36850,94.71950,203.32,-1
30.36850,94.72133,204.01,-1
30.36850,94.72317,204.24,-1
30.36850,94.72500,205.60,-1
30.36850,94.72683,206.90,-1
30.36850,94.72867,209.36,-1
30.36850,94.73050,213.57,-1
30.36850,94.73233,214.22,-1
30.36850,94.73417,215.61,-1
30.36850,94.73600,218.93,-1
30.36850,94.73783,221.57,-1
30.36850,94.73967,222.87,-1
30.36850,94.74150,222.58,-1
30.36850,94.74333,217.10,-1
30.36850,94.74517,214.26,-1
30.36850,94.74700,195.51,-1
30.36850,94.74883,211.54,-1
30.36850,94.75067,195.08,-1
30.36850,94.75250,211.77,-1
30.36850,94.75433,209.35,-1
30.36850,94.75617,206.17,-1
30.36850,94.75800,208.11,-1
30.36850,94.75983,205.10,-1
30.36850,94.76167,206.32,-1
30.36850,94.76350,203.71,-1
30.36850,94.76533,191.40,-1
30.36850,94.76717,188.98,-1
30.36850,94.76900,186.89,-1
30.36850,94.77083,182.07,-1
30.36850,94.77267,176.14,-1
30.36850,94.77450,174.31,-1
30.36850,94.77633,177.16,-1
30.36850,94.77817,183.99,-1
30.36850,94.78000,185.32,-1
30.36850,94.78183,175.52,-1
30.36850,94.78367,189.09,-1
30.36850,94.78550,190.93,-1
30.36850,94.78733,194.46,-1
30.36850,94.78917,199.32,-1
30.36850,94.79100,179.65,-1
30.36850,94.79283,199.51,-1
30.36850,94.79467,198.49,-1
30.36850,94.79650,196.91,-1
30.36850,94.79833,195.65,-1
30.36850,94.80017,194.44,-1
30.36850,94.80200,192.25,-1
30.36850,94.80383,189.28,-1
30.36850,94.80567,185.53,-1
30.36850,94.80750,180.59,-1
30.36850,94.80933,175.70,-1
30.36850,94.81117,169.34,-1
30.36850,94.81300,167.08,-1
30.36850,94.81483,163.96,-1
30.36850,94.81667,158.03,-1
30.36850,94.81850,145.95,9
30.36850,94.82033,106.46,7
30.36850,94.82217,165.22,-1
30.36850,94.82400,171.80,-1
30.36850,94.82583,177.58,-1
30.36850,94.82767,180.95,-1
30.36850,94.82950,196.66,-1
30.36850,94.83133,185.13,-1
30.36850,94.83317,189.70,-1
30.36850,94.83500,190.81,-1
30.36850,94.83683,200.90,-1
30.36850,94.83867,210.22,-1
30.36850,94.84050,205.20,-1
30.36850,94.84233,206.39,-1
30.36850,94.84417,207.09,-1
30.36850,94.84600,211.04,-1
30.36850,94.84783,210.75,-1
30.36850,94.84967,209.17,-1
30.36850,94.85150,212.75,-1
30.36850,94.85333,212.11,-1
30.36850,94.85517,209.81,-1
30.36850,94.85700,204.16,-1
30.36850,94.85883,199.36,-1
30.36850,94.86067,195.59,-1
30.36850,94.86250,185.42,-1
30.36850,94.86433,172.70,-1
30.36850,94.86617,161.41,-1
30.36850,94.86800,152.83,12
30.36850,94.86983,142.92,8
30.36850,94.87167,198.74,-1
30.36850,94.87350,182.62,-1
30.36850,94.87533,183.47,-1
30.36850,94.87717,168.71,-1
30.36850,94.87900,144.44,9
30.36850,94.88083,194.13,-1
30.36850,94.88267,197.61,-1
30.36850,94.88450,193.08,-1
30.36850,94.88633,179.49,-1
30.36850,94.88817,157.80,-1
30.36850,94.89000,136.07,7
30.37033,94.67000,173.86,-1
30.37033,94.67183,178.88,-1
30.37033,94.67367,180.68,-1
30.37033,94.67550,183.52,-1
30.37033,94.67733,192.03,-1
30.37033,94.67917,184.96,-1
30.37033,94.68100,187.32,-1
30.37033,94.68283,190.03,-1
30.37033,94.68467,192.97,-1
30.37033,94.68650,193.05,-1
30.37033,94.68833,193.27,-1
30.37033,94.69017,195.20,-1
30.37033,94.69200,181.32,-1
30.37033,94.69383,177.14,-1
30.37033,94.69567,197.75,-1
30.37033,94.69750,177.78,-1
30.37033,94.69933,178.09,-1
30.37033,94.70117,199.58,-1
30.37033,94.70300,186.90,-1
30.37033,94.70483,192.96,-1
30.37033,94.70667,189.96,-1
30.37033,94.70850,201.10,-1
30.37033,94.71033,188.18,-1
30.37033,94.71217,189.42,-1
30.37033,94.71400,191.49,-1
30.37033,94.71583,190.49,-1
30.37033,94.71767,191.22,-1
30.37033,94.71950,188.27,-1
30.37033,94.72133,178.65,-1
30.37033,94.72317,204.54,-1
30.37033,94.72500,206.24,-1
30.37033,94.72683,208.52,-1
30.37033,94.72867,212.26,-1
30.37033,94.73050,213.56,-1
30.37033,94.73233,214.07,-1
30.37033,94.73417,217.63,-1
30.37033,94.73600,220.93,-1
30.37033,94.73783,222.01,-1
30.37033,94.73967,221.94,-1
30.37033,94.74150,218.38,-1
30.37033,94.74333,215.87,-1
30.37033,94.74517,214.53,-1
30.37033,94.74700,211.61,-1
30.37033,94.74883,212.08,-1
30.37033,94.75067,200.16,-1
30.37033,94.75250,210.99,-1
30.37033,94.75433,210.84,-1
30.37033,94.75617,210.63,-1
30.37033,94.75800,209.65,-1
30.37033,94.75983,207.01,-1
30.37033,94.76167,208.13,-1
30.37033,94.76350,205.31,-1
30.37033,94.76533,194.69,-1
30.37033,94.76717,203.35,-1
30.37033,94.76900,203.84,-1
30.37033,94.77083,201.33,-1
30.37033,94.77267,184.51,-1
30.37033,94.77450,176.94,-1
30.37033,94.77633,184.99,-1
30.37033,94.77817,193.91,-1
30.37033,94.78000,186.36,-1
30.37033,94.78183,177.33,-1
30.37033,94.78367,189.57,-1
30.37033,94.78550,192.02,-1
30.37033,94.78733,192.94,-1
30.37033,94.78917,199.11,-1
30.37033,94.79100,181.04,-1
30.37033,94.79283,200.06,-1
30.37033,94.79467,199.15,-1
30.37033,94.79650,197.73,-1
30.37033,94.79833,196.38,-1
30.37033,94.80017,194.47,-1
30.37033,94.80200,193.32,-1
30.37033,94.80383,190.86,-1
30.37033,94.80567,186.98,-1
30.37033,94.80750,181.54,-1
30.37033,94.80933,175.85,-1
30.37033,94.81117,171.86,-1
30.37033,94.81300,167.73,-1
30.37033,94.81483,155.12,-1
30.37033,94.81667,153.98,12
30.37033,94.81850,156.73,-1
30.37033,94.82033,158.90,-1
30.37033,94.82217,172.52,-1
30.37033,94.82400,181.07,-1
30.37033,94.82583,181.64,-1
30.37033,94.82767,180.42,-1
30.37033,94.82950,186.68,-1
30.37033,94.83133,190.84,-1
30.37033,94.83317,194.68,-1
30.37033,94.83500,190.94,-1
30.37033,94.83683,209.19,-1
30.37033,94.83867,210.26,-1
30.37033,94.84050,206.31,-1
30.37033,94.84233,203.97,-1
30.37033,94.84417,207.32,-1
30.37033,94.84600,201.67,-1
30.37033,94.84783,208.48,-1
30.37033,94.84967,201.56,-1
30.37033,94.85150,206.41,-1
30.37033,94.85333,213.96,-1
30.37033,94.85517,212.64,-1
30.37033,94.85700,212.28,-1
30.37033,94.85883,203.32,-1
30.37033,94.86067,195.93,-1
30.37033,94.86250,191.08,-1
30.37033,94.86433,187.32,-1
30.37033,94.86617,173.47,-1
30.37033,94.86800,168.79,-1
30.37033,94.86983,186.85,-1
30.37033,94.87167,195.02,-1
30.37033,94.87350,201.06,-1
30.37033,94.87533,191.11,-1
30.37033,94.87717,201.46,-1
30.37033,94.87900,192.05,-1
30.37033,94.88083,198.50,-1
30.37033,94.88267,194.68,-1
30.37033,94.88450,195.01,-1
30.37033,94.88633,194.03,-1
30.37033,94.88817,189.62,-1
30.37033,94.89000,174.00,-1
30.37217,94.67000,197.02,-1
30.37217,94.67183,197.49,-1
30.37217,94.67367,192.64,-1
30.37217,94.67550,192.16,-1
30.37217,94.67733,191.19,-1
30.37217,94.67917,201.05,-1
30.37217,94.68100,191.30,-1
30.37217,94.68283,191.37,-1
30.37217,94.68467,190.50,-1
30.37217,94.68650,195.11,-1
30.37217,94.68833,178.21,-1
30.37217,94.69017,197.22,-1
30.37217,94.69200,197.05,-1
30.37217,94.69383,198.28,-1
30.37217,94.69567,199.16,-1
30.37217,94.69750,195.90,-1
30.37217,94.69933,201.98,-1
30.37217,94.70117,201.98,-1
30.37217,94.70300,202.60,-1
30.37217,94.70483,201.28,-1
30.37217,94.70667,200.95,-1
30.37217,94.70850,200.83,-1
30.37217,94.71033,201.25,-1
30.37217,94.71217,201.58,-1
30.37217,94.71400,185.37,-1
30.37217,94.71583,183.93,-1
30.37217,94.71767,203.26,-1
30.37217,94.71950,203.58,-1
30.37217,94.72133,203.38,-1
30.37217,94.72317,204.92,-1
30.37217,94.72500,208.34,-1
30.37217,94.72683,210.60,-1
30.37217,94.72867,211.26,-1
30.37217,94.73050,213.73,-1
30.37217,94.73233,216.75,-1
30.37217,94.73417,219.50,-1
30.37217,94.73600,221.45,-1
30.37217,94.73783,221.46,-1
30.37217,94.73967,218.35,-1
30.37217,94.74150,216.80,-1
30.37217,94.74333,216.36,-1
30.37217,94.74517,215.10,-1
30.37217,94.74700,213.98,-1
30.37217,94.74883,212.75,-1
30.37217,94.75067,211.77,-1
30.37217,94.75250,211.55,-1
30.37217,94.75433,211.93,-1
30.37217,94.75617,211.28,-1
30.37217,94.75800,208.16,-1
30.37217,94.75983,209.52,-1
30.37217,94.76167,208.94,-1
30.37217,94.76350,206.51,-1
30.37217,94.76533,193.73,-1
30.37217,94.76717,202.49,-1
30.37217,94.76900,202.02,-1
30.37217,94.77083,200.43,-1
30.37217,94.77267,198.94,-1
30.37217,94.77450,197.00,-1
30.37217,94.77633,186.33,-1
30.37217,94.77817,184.23,-1
30.37217,94.78000,204.53,-1
30.37217,94.78183,188.66,-1
30.37217,94.78367,176.60,-1
30.37217,94.78550,177.78,-1
30.37217,94.78733,193.42,-1
30.37217,94.78917,183.19,-1
30.37217,94.79100,180.63,-1
30.37217,94.79283,201.34,-1
30.37217,94.79467,199.74,-1
30.37217,94.79650,199.79,-1
30.37217,94.79833,198.50,-1
30.37217,94.80017,196.14,-1
30.37217,94.80200,194.37,-1
30.37217,94.80383,192.26,-1
30.37217,94.80567,188.64,-1
30.37217,94.80750,182.35,-1
30.37217,94.80933,178.19,-1
30.37217,94.81117,174.31,-1
30.37217,94.81300,170.75,-1
30.37217,94.81483,159.24,-1
30.37217,94.81667,160.70,-1
30.37217,94.81850,162.42,-1
30.37217,94.82033,166.19,-1
30.37217,94.82217,176.17,-1
30.37217,94.82400,181.80,-1
30.37217,94.82583,184.31,-1
30.37217,94.82767,184.97,-1
30.37217,94.82950,187.31,-1
30.37217,94.83133,191.23,-1
30.37217,94.83317,196.83,-1
30.37217,94.83500,194.26,-1
30.37217,94.83683,203.43,-1
30.37217,94.83867,205.40,-1
30.37217,94.84050,208.21,-1
30.37217,94.84233,190.83,-1
30.37217,94.84417,211.33,-1
30.37217,94.84600,221.47,-1
30.37217,94.84783,206.21,-1
30.37217,94.84967,214.94,-1
30.37217,94.85150,211.17,-1
30.37217,94.85333,213.97,-1
30.37217,94.85517,213.86,-1
30.37217,94.85700,212.46,-1
30.37217,94.85883,204.90,-1
30.37217,94.86067,199.63,-1
30.37217,94.86250,194.08,-1
30.37217,94.86433,185.85,-1
30.37217,94.86617,175.55,-1
30.37217,94.86800,195.83,-1
30.37217,94.86983,183.34,-1
30.37217,94.87167,191.88,-1
30.37217,94.87350,198.29,-1
30.37217,94.87533,195.38,-1
30.37217,94.87717,189.31,-1
30.37217,94.87900,191.73,-1
30.37217,94.88083,193.94,-1
30.37217,94.88267,196.32,-1
30.37217,94.88450,191.45,-1
30.37217,94.88633,191.50,-1
30.37217,94.88817,185.76,-1
30.37217,94.89000,190.10,-1
30.37400,94.67000,184.32,-1
30.37400,94.67183,190.89,-1
30.37400,94.67367,188.24,-1
30.37400,94.67550,190.50,-1
30.37400,94.67733,190.12,-1
30.37400,94.67917,192.45,-1
30.37400,94.68100,191.04,-1
30.37400,94.68283,192.69,-1
30.37400,94.68467,196.35,-1
30.37400,94.68650,197.25,-1
30.37400,94.68833,187.25,-1
30.37400,94.69017,184.72,-1
30.37400,94.69200,183.46,-1
30.37400,94.69383,199.46,-1
30.37400,94.69567,201.20,-1
30.37400,94.69750,186.80,-1
30.37400,94.69933,184.22,-1
30.37400,94.70117,182.37,-1
30.37400,94.70300,185.07,-1
30.37400,94.70483,186.24,-1
30.37400,94.70667,187.74,-1
30.37400,94.70850,187.88,-1
30.37400,94.71033,188.12,-1
30.37400,94.71217,189.75,-1
30.37400,94.71400,190.90,-1
30.37400,94.71583,190.98,-1
30.37400,94.71767,188.91,-1
30.37400,94.71950,188.95,-1
30.37400,94.72133,205.16,-1
30.37400,94.72317,208.25,-1
30.37400,94.72500,210.18,-1
30.37400,94.72683,209.91,-1
30.37400,94.72867,211.59,-1
30.37400,94.73050,215.24,-1
30.37400,94.73233,217.47,-1
30.37400,94.73417,220.06,-1
30.37400,94.73600,220.86,-1
30.37400,94.73783,218.34,-1
30.37400,94.73967,217.37,-1
30.37400,94.74150,193.43,-1
30.37400,94.74333,216.36,-1
30.37400,94.74517,215.67,-1
30.37400,94.74700,196.78,-1
30.37400,94.74883,213.74,-1
30.37400,94.75067,196.30,-1
30.37400,94.75250,195.99,-1
30.37400,94.75433,211.94,-1
30.37400,94.75617,191.94,-1
30.37400,94.75800,209.01,-1
30.37400,94.75983,208.68,-1
30.37400,94.76167,207.86,-1
30.37400,94.76350,206.34,-1
30.37400,94.76533,203.33,-1
30.37400,94.76717,201.90,-1
30.37400,94.76900,201.75,-1
30.37400,94.77083,200.41,-1
30.37400,94.77267,199.50,-1
30.37400,94.77450,199.59,-1
30.37400,94.77633,189.88,-1
30.37400,94.77817,174.68,-1
30.37400,94.78000,207.59,-1
30.37400,94.78183,195.05,-1
30.37400,94.78367,185.09,-1
30.37400,94.78550,201.75,-1
30.37400,94.78733,189.75,-1
30.37400,94.78917,187.85,-1
30.37400,94.79100,179.78,-1
30.37400,94.79283,201.61,-1
30.37400,94.79467,200.15,-1
30.37400,94.79650,201.05,-1
30.37400,94.79833,198.81,-1
30.37400,94.80017,196.57,-1
30.37400,94.80200,195.30,-1
30.37400,94.80383,192.55,-1
30.37400,94.80567,178.06,-1
30.37400,94.80750,169.19,-1
30.37400,94.80933,167.37,-1
30.37400,94.81117,173.60,-1
30.37400,94.81300,170.40,-1
30.37400,94.81483,172.29,-1
30.37400,94.81667,172.91,-1
30.37400,94.81850,177.09,-1
30.37400,94.82033,182.63,-1
30.37400,94.82217,185.27,-1
30.37400,94.82400,189.93,-1
30.37400,94.82583,187.21,-1
30.37400,94.82767,194.82,-1
30.37400,94.82950,197.51,-1
30.37400,94.83133,198.86,-1
30.37400,94.83317,200.96,-1
30.37400,94.83500,199.92,-1
30.37400,94.83683,204.19,-1
30.37400,94.83867,198.47,-1
30.37400,94.84050,201.92,-1
30.37400,94.84233,206.18,-1
30.37400,94.84417,208.58,-1
30.37400,94.84600,212.56,-1
30.37400,94.84783,217.63,-1
30.37400,94.84967,215.34,-1
30.37400,94.85150,209.07,-1
30.37400,94.85333,198.65,-1
30.37400,94.85517,214.99,-1
30.37400,94.85700,214.24,-1
30.37400,94.85883,206.99,-1
30.37400,94.86067,202.37,-1
30.37400,94.86250,197.01,-1
30.37400,94.86433,190.40,-1
30.37400,94.86617,183.23,-1
30.37400,94.86800,171.40,-1
30.37400,94.86983,199.37,-1
30.37400,94.87167,184.11,-1
30.37400,94.87350,184.40,-1
30.37400,94.87533,215.38,-1
30.37400,94.87717,189.51,-1
30.37400,94.87900,192.70,-1
30.37400,94.88083,210.22,-1
30.37400,94.88267,200.08,-1
30.37400,94.88450,195.31,-1
30.37400,94.88633,193.47,-1
30.37400,94.88817,190.19,-1
30.37400,94.89000,191.51,-1
30.37583,94.67000,193.58,-1
30.37583,94.67183,190.44,-1
30.37583,94.67367,176.53,-1
30.37583,94.67550,191.79,-1
30.37583,94.67733,194.14,-1
30.37583,94.67917,194.50,-1
30.37583,94.68100,190.82,-1
30.37583,94.68283,197.23,-1
30.37583,94.68467,178.67,-1
30.37583,94.68650,198.54,-1
30.37583,94.68833,199.05,-1
30.37583,94.69017,190.39,-1
30.37583,94.69200,192.16,-1
30.37583,94.69383,189.72,-1
30.37583,94.69567,202.39,-1
30.37583,94.69750,191.11,-1
30.37583,94.69933,185.25,-1
30.37583,94.70117,201.18,-1
30.37583,94.70300,201.66,-1
30.37583,94.70483,200.71,-1
30.37583,94.70667,201.44,-1
30.37583,94.70850,201.47,-1
30.37583,94.71033,202.07,-1
30.37583,94.71217,202.12,-1
30.37583,94.71400,203.46,-1
30.37583,94.71583,182.81,-1
30.37583,94.71767,203.88,-1
30.37583,94.71950,205.32,-1
30.37583,94.72133,208.37,-1
30.37583,94.72317,208.66,-1
30.37583,94.72500,208.73,-1
30.37583,94.72683,211.02,-1
30.37583,94.72867,213.33,-1
30.37583,94.73050,215.51,-1
30.37583,94.73233,218.29,-1
30.37583,94.73417,219.54,-1
30.37583,94.73600,219.82,-1
30.37583,94.73783,217.70,-1
30.37583,94.73967,217.25,-1
30.37583,94.74150,216.80,-1
30.37583,94.74333,217.00,-1
30.37583,94.74517,217.49,-1
30.37583,94.74700,215.74,-1
30.37583,94.74883,212.90,-1
30.37583,94.75067,212.16,-1
30.37583,94.75250,211.95,-1
30.37583,94.75433,211.65,-1
30.37583,94.75617,209.66,-1
30.37583,94.75800,209.11,-1
30.37583,94.75983,208.35,-1
30.37583,94.76167,208.19,-1
30.37583,94.76350,206.60,-1
30.37583,94.76533,204.72,-1
30.37583,94.76717,203.64,-1
30.37583,94.76900,202.47,-1
30.37583,94.77083,200.23,-1
30.37583,94.77267,199.50,-1
30.37583,94.77450,197.73,-1
30.37583,94.77633,193.10,-1
30.37583,94.77817,185.24,-1
30.37583,94.78000,195.07,-1
30.37583,94.78183,190.86,-1
30.37583,94.78367,190.29,-1
30.37583,94.78550,198.48,-1
30.37583,94.78733,192.83,-1
30.37583,94.78917,180.96,-1
30.37583,94.79100,184.77,-1
30.37583,94.79283,201.52,-1
30.37583,94.79467,201.13,-1
30.37583,94.79650,201.23,-1
30.37583,94.79833,199.72,-1
30.37583,94.80017,197.55,-1
30.37583,94.80200,194.51,-1
30.37583,94.80383,192.61,-1
30.37583,94.80567,190.32,-1
30.37583,94.80750,186.00,-1
30.37583,94.80933,182.27,-1
30.37583,94.81117,177.53,-1
30.37583,94.81300,168.06,-1
30.37583,94.81483,174.46,-1
30.37583,94.81667,177.71,-1
30.37583,94.81850,177.41,-1
30.37583,94.82033,178.92,-1
30.37583,94.82217,187.26,-1
30.37583,94.82400,189.96,-1
30.37583,94.82583,188.83,-1
30.37583,94.82767,191.90,-1
30.37583,94.82950,191.15,-1
30.37583,94.83133,198.62,-1
30.37583,94.83317,203.49,-1
30.37583,94.83500,199.31,-1
30.37583,94.83683,201.27,-1
30.37583,94.83867,196.84,-1
30.37583,94.84050,198.36,-1
30.37583,94.84233,207.63,-1
30.37583,94.84417,206.04,-1
30.37583,94.84600,212.00,-1
30.37583,94.84783,213.56,-1
30.37583,94.84967,203.07,-1
30.37583,94.85150,218.46,-1
30.37583,94.85333,219.29,-1
30.37583,94.85517,213.92,-1
30.37583,94.85700,214.06,-1
30.37583,94.85883,207.70,-1
30.37583,94.86067,203.37,-1
30.37583,94.86250,199.09,-1
30.37583,94.86433,194.83,-1
30.37583,94.86617,184.89,-1
30.37583,94.86800,166.62,-1
30.37583,94.86983,177.54,-1
30.37583,94.87167,167.39,-1
30.37583,94.87350,184.88,-1
30.37583,94.87533,203.17,-1
30.37583,94.87717,195.06,-1
30.37583,94.87900,214.30,-1
30.37583,94.88083,213.51,-1
30.37583,94.88267,211.71,-1
30.37583,94.88450,199.18,-1
30.37583,94.88633,192.67,-1
30.37583,94.88817,208.76,-1
30.37583,94.89000,202.48,-1
30.37767,94.67000,175.94,-1
30.37767,94.67183,191.59,-1
30.37767,94.67367,181.62,-1
30.37767,94.67550,193.59,-1
30.37767,94.67733,179.60,-1
30.37767,94.67917,197.04,-1
30.37767,94.68100,197.41,-1
30.37767,94.68283,184.25,-1
30.37767,94.68467,184.49,-1
30.37767,94.68650,199.99,-1
30.37767,94.68833,200.65,-1
30.37767,94.69017,201.47,-1
30.37767,94.69200,202.33,-1
30.37767,94.69383,202.32,-1
30.37767,94.69567,201.23,-1
30.37767,94.69750,200.98,-1
30.37767,94.69933,202.06,-1
30.37767,94.70117,201.19,-1
30.37767,94.70300,201.33,-1
30.37767,94.70483,201.05,-1
30.37767,94.70667,200.98,-1
30.37767,94.70850,201.95,-1
30.37767,94.71033,202.68,-1
30.37767,94.71217,202.74,-1
30.37767,94.71400,202.99,-1
30.37767,94.71583,204.60,-1
30.37767,94.71767,206.32,-1
30.37767,94.71950,207.41,-1
30.37767,94.72133,207.45,-1
30.37767,94.72317,207.29,-1
30.37767,94.72500,209.62,-1
30.37767,94.72683,212.02,-1
30.37767,94.72867,214.01,-1
30.37767,94.73050,216.30,-1
30.37767,94.73233,217.20,-1
30.37767,94.73417,218.12,-1
30.37767,94.73600,217.35,-1
30.37767,94.73783,217.46,-1
30.37767,94.73967,216.93,-1
30.37767,94.74150,216.80,-1
30.37767,94.74333,217.60,-1
30.37767,94.74517,216.20,-1
30.37767,94.74700,214.13,-1
30.37767,94.74883,212.88,-1
30.37767,94.75067,212.03,-1
30.37767,94.75250,211.67,-1
30.37767,94.75433,210.48,-1
30.37767,94.75617,208.51,-1
30.37767,94.75800,207.22,-1
30.37767,94.75983,207.47,-1
30.37767,94.76167,206.79,-1
30.37767,94.76350,205.44,-1
30.37767,94.76533,204.77,-1
30.37767,94.76717,202.07,-1
30.37767,94.76900,201.46,-1
30.37767,94.77083,193.86,-1
30.37767,94.77267,195.18,-1
30.37767,94.77450,193.47,-1
30.37767,94.77633,188.89,-1
30.37767,94.77817,189.26,-1
30.37767,94.78000,192.63,-1
30.37767,94.78183,202.35,-1
30.37767,94.78367,196.02,-1
30.37767,94.78550,198.51,-1
30.37767,94.78733,191.00,-1
30.37767,94.78917,188.48,-1
30.37767,94.79100,185.90,-1
30.37767,94.79283,201.71,-1
30.37767,94.79467,202.11,-1
30.37767,94.79650,201.27,-1
30.37767,94.79833,200.31,-1
30.37767,94.80017,197.58,-1
30.37767,94.80200,194.63,-1
30.37767,94.80383,192.63,-1
30.37767,94.80567,189.41,-1
30.37767,94.80750,187.61,-1
30.37767,94.80933,184.78,-1
30.37767,94.81117,179.65,-1
30.37767,94.81300,164.99,-1
30.37767,94.81483,176.76,-1
30.37767,94.81667,175.80,-1
30.37767,94.81850,182.60,-1
30.37767,94.82033,186.04,-1
30.37767,94.82217,185.69,-1
30.37767,94.82400,189.66,-1
30.37767,94.82583,187.15,-1
30.37767,94.82767,188.37,-1
30.37767,94.82950,189.72,-1
30.37767,94.83133,198.11,-1
30.37767,94.83317,203.46,-1
30.37767,94.83500,196.40,-1
30.37767,94.83683,199.80,-1
30.37767,94.83867,196.84,-1
30.37767,94.84050,199.46,-1
30.37767,94.84233,208.11,-1
30.37767,94.84417,204.52,-1
30.37767,94.84600,210.99,-1
30.37767,94.84783,213.74,-1
30.37767,94.84967,212.37,-1
30.37767,94.85150,212.98,-1
30.37767,94.85333,218.85,-1
30.37767,94.85517,216.08,-1
30.37767,94.85700,212.62,-1
30.37767,94.85883,207.34,-1
30.37767,94.86067,204.14,-1
30.37767,94.86250,201.67,-1
30.37767,94.86433,195.15,-1
30.37767,94.86617,190.84,-1
30.37767,94.86800,181.80,-1
30.37767,94.86983,167.20,-1
30.37767,94.87167,192.00,-1
30.37767,94.87350,192.07,-1
30.37767,94.87533,171.67,-1
30.37767,94.87717,220.90,-1
30.37767,94.87900,222.10,-1
30.37767,94.88083,219.76,-1
30.37767,94.88267,214.39,-1
30.37767,94.88450,206.19,-1
30.37767,94.88633,199.23,-1
30.37767,94.88817,202.53,-1
30.37767,94.89000,201.98,-1
30.37950,94.67000,185.45,-1
30.37950,94.67183,189.65,-1
30.37950,94.67367,185.19,-1
30.37950,94.67550,181.36,-1
30.37950,94.67733,198.57,-1
30.37950,94.67917,198.38,-1
30.37950,94.68100,199.11,-1
30.37950,94.68283,182.47,-1
30.37950,94.68467,179.56,-1
30.37950,94.68650,188.29,-1
30.37950,94.68833,181.51,-1
30.37950,94.69017,185.05,-1
30.37950,94.69200,183.91,-1
30.37950,94.69383,181.32,-1
30.37950,94.69567,187.95,-1
30.37950,94.69750,190.96,-1
30.37950,94.69933,188.94,-1
30.37950,94.70117,190.06,-1
30.37950,94.70300,191.07,-1
30.37950,94.70483,190.59,-1
30.37950,94.70667,190.60,-1
30.37950,94.70850,191.03,-1
30.37950,94.71033,190.94,-1
30.37950,94.71217,190.40,-1
30.37950,94.71400,190.08,-1
30.37950,94.71583,190.11,-1
30.37950,94.71767,183.63,-1
30.37950,94.71950,187.34,-1
30.37950,94.72133,206.58,-1
30.37950,94.72317,208.72,-1
30.37950,94.72500,211.03,-1
30.37950,94.72683,213.02,-1
30.37950,94.72867,214.83,-1
30.37950,94.73050,215.57,-1
30.37950,94.73233,216.28,-1
30.37950,94.73417,216.08,-1
30.37950,94.73600,217.03,-1
30.37950,94.73783,217.15,-1
30.37950,94.73967,216.72,-1
30.37950,94.74150,217.59,-1
30.37950,94.74333,216.74,-1
30.37950,94.74517,215.23,-1
30.37950,94.74700,213.34,-1
30.37950,94.74883,212.59,-1
30.37950,94.75067,211.43,-1
30.37950,94.75250,210.67,-1
30.37950,94.75433,208.94,-1
30.37950,94.75617,207.40,-1
30.37950,94.75800,208.43,-1
30.37950,94.75983,206.58,-1
30.37950,94.76167,205.26,-1
30.37950,94.76350,205.61,-1
30.37950,94.76533,203.73,-1
30.37950,94.76717,194.20,-1
30.37950,94.76900,197.01,-1
30.37950,94.77083,195.33,-1
30.37950,94.77267,192.16,-1
30.37950,94.77450,192.05,-1
30.37950,94.77633,187.89,-1
30.37950,94.77817,181.45,-1
30.37950,94.78000,199.33,-1
30.37950,94.78183,201.54,-1
30.37950,94.78367,197.52,-1
30.37950,94.78550,193.80,-1
30.37950,94.78733,196.97,-1
30.37950,94.78917,195.07,-1
30.37950,94.79100,190.55,-1
30.37950,94.79283,187.63,-1
30.37950,94.79467,202.51,-1
30.37950,94.79650,201.59,-1
30.37950,94.79833,200.73,-1
30.37950,94.80017,198.18,-1
30.37950,94.80200,196.08,-1
30.37950,94.80383,193.05,-1
30.37950,94.80567,177.55,-1
30.37950,94.80750,179.45,-1
30.37950,94.80933,181.63,-1
30.37950,94.81117,181.30,-1
30.37950,94.81300,182.29,-1
30.37950,94.81483,184.59,-1
30.37950,94.81667,185.11,-1
30.37950,94.81850,187.02,-1
30.37950,94.82033,190.24,-1
30.37950,94.82217,190.03,-1
30.37950,94.82400,195.34,-1
30.37950,94.82583,191.76,-1
30.37950,94.82767,193.27,-1
30.37950,94.82950,194.72,-1
30.37950,94.83133,195.95,-1
30.37950,94.83317,201.65,-1
30.37950,94.83500,199.03,-1
30.37950,94.83683,199.38,-1
30.37950,94.83867,206.21,-1
30.37950,94.84050,205.80,-1
30.37950,94.84233,207.01,-1
30.37950,94.84417,206.01,-1
30.37950,94.84600,213.84,-1
30.37950,94.84783,215.57,-1
30.37950,94.84967,213.81,-1
30.37950,94.85150,218.11,-1
30.37950,94.85333,216.00,-1
30.37950,94.85517,213.52,-1
30.37950,94.85700,214.54,-1
30.37950,94.85883,209.62,-1
30.37950,94.86067,205.63,-1
30.37950,94.86250,202.94,-1
30.37950,94.86433,197.22,-1
30.37950,94.86617,194.85,-1
30.37950,94.86800,187.43,-1
30.37950,94.86983,183.00,-1
30.37950,94.87167,173.28,-1
30.37950,94.87350,196.53,-1
30.37950,94.87533,201.51,-1
30.37950,94.87717,221.23,-1
30.37950,94.87900,221.78,-1
30.37950,94.88083,222.78,-1
30.37950,94.88267,213.69,-1
30.37950,94.88450,202.55,-1
30.37950,94.88633,216.65,-1
30.37950,94.88817,213.07,-1
30.37950,94.89000,208.77,-1
30.38133,94.67000,178.44,-1
30.38133,94.67183,184.77,-1
30.38133,94.67367,187.11,-1
30.38133,94.67550,198.29,-1
30.38133,94.67733,199.05,-1
30.38133,94.67917,195.47,-1
30.38133,94.68100,200.57,-1
30.38133,94.68283,183.00,-1
30.38133,94.68467,201.52,-1
30.38133,94.68650,202.30,-1
30.38133,94.68833,201.50,-1
30.38133,94.69017,201.53,-1
30.38133,94.69200,201.59,-1
30.38133,94.69383,201.81,-1
30.38133,94.69567,201.35,-1
30.38133,94.69750,201.14,-1
30.38133,94.69933,201.38,-1
30.38133,94.70117,200.17,-1
30.38133,94.70300,200.74,-1
30.38133,94.70483,201.87,-1
30.38133,94.70667,202.02,-1
30.38133,94.70850,202.18,-1
30.38133,94.71033,202.82,-1
30.38133,94.71217,205.24,-1
30.38133,94.71400,208.23,-1
30.38133,94.71583,207.65,-1
30.38133,94.71767,191.80,-1
30.38133,94.71950,186.62,-1
30.38133,94.72133,208.61,-1
30.38133,94.72317,210.52,-1
30.38133,94.72500,213.13,-1
30.38133,94.72683,190.87,-1
30.38133,94.72867,214.74,-1
30.38133,94.73050,215.31,-1
30.38133,94.73233,214.77,-1
30.38133,94.73417,216.08,-1
30.38133,94.73600,217.05,-1
30.38133,94.73783,216.66,-1
30.38133,94.73967,217.87,-1
30.38133,94.74150,218.13,-1
30.38133,94.74333,217.64,-1
30.38133,94.74517,214.11,-1
30.38133,94.74700,212.84,-1
30.38133,94.74883,212.52,-1
30.38133,94.75067,210.82,-1
30.38133,94.75250,209.70,-1
30.38133,94.75433,207.57,-1
30.38133,94.75617,206.40,-1
30.38133,94.75800,206.55,-1
30.38133,94.75983,206.07,-1
30.38133,94.76167,204.14,-1
30.38133,94.76350,204.84,-1
30.38133,94.76533,188.00,-1
30.38133,94.76717,199.08,-1
30.38133,94.76900,201.25,-1
30.38133,94.77083,195.08,-1
30.38133,94.77267,198.46,-1
30.38133,94.77450,199.85,-1
30.38133,94.77633,195.34,-1
30.38133,94.77817,201.96,-1
30.38133,94.78000,199.52,-1
30.38133,94.78183,198.07,-1
30.38133,94.78367,198.79,-1
30.38133,94.78550,201.72,-1
30.38133,94.78733,197.67,-1
30.38133,94.78917,183.98,-1
30.38133,94.79100,200.33,-1
30.38133,94.79283,189.21,-1
30.38133,94.79467,202.25,-1
30.38133,94.79650,182.21,-1
30.38133,94.79833,185.31,-1
30.38133,94.80017,189.75,-1
30.38133,94.80200,188.85,-1
30.38133,94.80383,190.51,-1
30.38133,94.80567,194.55,-1
30.38133,94.80750,194.31,-1
30.38133,94.80933,192.85,-1
30.38133,94.81117,194.84,-1
30.38133,94.81300,194.55,-1
30.38133,94.81483,195.94,-1
30.38133,94.81667,194.70,-1
30.38133,94.81850,197.99,-1
30.38133,94.82033,198.51,-1
30.38133,94.82217,199.29,-1
30.38133,94.82400,200.91,-1
30.38133,94.82583,198.80,-1
30.38133,94.82767,200.13,-1
30.38133,94.82950,201.68,-1
30.38133,94.83133,205.42,-1
30.38133,94.83317,201.91,-1
30.38133,94.83500,206.36,-1
30.38133,94.83683,203.45,-1
30.38133,94.83867,202.57,-1
30.38133,94.84050,203.80,-1
30.38133,94.84233,210.97,-1
30.38133,94.84417,200.12,-1
30.38133,94.84600,204.70,-1
30.38133,94.84783,211.91,-1
30.38133,94.84967,219.19,-1
30.38133,94.85150,219.24,-1
30.38133,94.85333,216.80,-1
30.38133,94.85517,214.64,-1
30.38133,94.85700,211.15,-1
30.38133,94.85883,208.63,-1
30.38133,94.86067,207.59,-1
30.38133,94.86250,204.08,-1
30.38133,94.86433,197.91,-1
30.38133,94.86617,193.76,-1
30.38133,94.86800,189.29,-1
30.38133,94.86983,185.00,-1
30.38133,94.87167,180.42,-1
30.38133,94.87350,196.47,-1
30.38133,94.87533,184.33,-1
30.38133,94.87717,194.00,-1
30.38133,94.87900,227.07,-1
30.38133,94.88083,214.16,-1
30.38133,94.88267,204.33,-1
30.38133,94.88450,202.12,-1
30.38133,94.88633,210.86,-1
30.38133,94.88817,204.49,-1
30.38133,94.89000,206.55,-1
30.38317,94.67000,179.47,-1
30.38317,94.67183,190.80,-1
30.38317,94.67367,196.62,-1
30.38317,94.67550,191.75,-1
30.38317,94.67733,201.46,-1
30.38317,94.67917,197.23,-1
30.38317,94.68100,201.60,-1
30.38317,94.68283,186.61,-1
30.38317,94.68467,189.25,-1
30.38317,94.68650,188.51,-1
30.38317,94.68833,187.14,-1
30.38317,94.69017,188.10,-1
30.38317,94.69200,186.82,-1
30.38317,94.69383,187.79,-1
30.38317,94.69567,189.29,-1
30.38317,94.69750,190.19,-1
30.38317,94.69933,190.56,-1
30.38317,94.70117,191.38,-1
30.38317,94.70300,189.82,-1
30.38317,94.70483,190.05,-1
30.38317,94.70667,189.46,-1
30.38317,94.70850,182.38,-1
30.38317,94.71033,192.50,-1
30.38317,94.71217,188.34,-1
30.38317,94.71400,184.62,-1
30.38317,94.71583,181.51,-1
30.38317,94.71767,183.33,-1
30.38317,94.71950,208.95,-1
30.38317,94.72133,210.53,-1
30.38317,94.72317,212.75,-1
30.38317,94.72500,213.97,-1
30.38317,94.72683,214.53,-1
30.38317,94.72867,214.90,-1
30.38317,94.73050,214.24,-1
30.38317,94.73233,215.25,-1
30.38317,94.73417,216.22,-1
30.38317,94.73600,216.80,-1
30.38317,94.73783,218.08,-1
30.38317,94.73967,218.23,-1
30.38317,94.74150,198.16,-1
30.38317,94.74333,196.21,-1
30.38317,94.74517,213.49,-1
30.38317,94.74700,198.47,-1
30.38317,94.74883,211.42,-1
30.38317,94.75067,210.13,-1
30.38317,94.75250,190.56,-1
30.38317,94.75433,207.12,-1
30.38317,94.75617,207.33,-1
30.38317,94.75800,205.88,-1
30.38317,94.75983,205.32,-1
30.38317,94.76167,204.30,-1
30.38317,94.76350,204.25,-1
30.38317,94.76533,204.83,-1
30.38317,94.76717,195.39,-1
30.38317,94.76900,203.21,-1
30.38317,94.77083,198.67,-1
30.38317,94.77267,200.91,-1
30.38317,94.77450,194.74,-1
30.38317,94.77633,200.81,-1
30.38317,94.77817,193.43,-1
30.38317,94.78000,202.62,-1
30.38317,94.78183,196.17,-1
30.38317,94.78367,198.69,-1
30.38317,94.78550,201.71,-1
30.38317,94.78733,194.13,-1
30.38317,94.78917,193.57,-1
30.38317,94.79100,200.57,-1
30.38317,94.79283,203.55,-1
30.38317,94.79467,201.92,-1
30.38317,94.79650,189.86,-1
30.38317,94.79833,190.46,-1
30.38317,94.80017,188.38,-1
30.38317,94.80200,198.27,-1
30.38317,94.80383,191.13,-1
30.38317,94.80567,201.06,-1
30.38317,94.80750,201.37,-1
30.38317,94.80933,193.55,-1
30.38317,94.81117,202.31,-1
30.38317,94.81300,202.38,-1
30.38317,94.81483,201.81,-1
30.38317,94.81667,200.92,-1
30.38317,94.81850,201.94,-1
30.38317,94.82033,201.52,-1
30.38317,94.82217,201.99,-1
30.38317,94.82400,205.18,-1
30.38317,94.82583,206.24,-1
30.38317,94.82767,205.10,-1
30.38317,94.82950,205.19,-1
30.38317,94.83133,209.84,-1
30.38317,94.83317,208.34,-1
30.38317,94.83500,210.53,-1
30.38317,94.83683,214.34,-1
30.38317,94.83867,211.72,-1
30.38317,94.84050,209.78,-1
30.38317,94.84233,208.86,-1
30.38317,94.84417,213.49,-1
30.38317,94.84600,212.42,-1
30.38317,94.84783,219.93,-1
30.38317,94.84967,221.32,-1
30.38317,94.85150,219.80,-1
30.38317,94.85333,217.09,-1
30.38317,94.85517,213.66,-1
30.38317,94.85700,210.70,-1
30.38317,94.85883,208.38,-1
30.38317,94.86067,206.12,-1
30.38317,94.86250,204.22,-1
30.38317,94.86433,200.60,-1
30.38317,94.86617,196.14,-1
30.38317,94.86800,191.32,-1
30.38317,94.86983,186.93,-1
30.38317,94.87167,176.65,-1
30.38317,94.87350,198.47,-1
30.38317,94.87533,206.28,-1
30.38317,94.87717,186.98,-1
30.38317,94.87900,214.20,-1
30.38317,94.88083,213.64,-1
30.38317,94.88267,199.42,-1
30.38317,94.88450,200.39,-1
30.38317,94.88633,195.64,-1
30.38317,94.88817,213.29,-1
30.38317,94.89000,207.01,-1
30.38500,94.67000,199.12,-1
30.38500,94.67183,189.76,-1
30.38500,94.67367,201.61,-1
30.38500,94.67550,186.22,-1
30.38500,94.67733,197.91,-1
30.38500,94.67917,183.12,-1
30.38500,94.68100,201.98,-1
30.38500,94.68283,188.01,-1
30.38500,94.68467,181.81,-1
30.38500,94.68650,201.16,-1
30.38500,94.68833,202.01,-1
30.38500,94.69017,201.61,-1
30.38500,94.69200,201.53,-1
30.38500,94.69383,201.69,-1
30.38500,94.69567,201.36,-1
30.38500,94.69750,201.21,-1
30.38500,94.69933,201.67,-1
30.38500,94.70117,201.94,-1
30.38500,94.70300,201.73,-1
30.38500,94.70483,202.41,-1
30.38500,94.70667,205.47,-1
30.38500,94.70850,206.82,-1
30.38500,94.71033,207.29,-1
30.38500,94.71217,207.33,-1
30.38500,94.71400,206.35,-1
30.38500,94.71583,208.26,-1
30.38500,94.71767,209.78,-1
30.38500,94.71950,211.09,-1
30.38500,94.72133,212.14,-1
30.38500,94.72317,213.34,-1
30.38500,94.72500,213.98,-1
30.38500,94.72683,189.98,-1
30.38500,94.72867,213.90,-1
30.38500,94.73050,214.81,-1
30.38500,94.73233,215.49,-1
30.38500,94.73417,216.60,-1
30.38500,94.73600,217.34,-1
30.38500,94.73783,217.48,-1
30.38500,94.73967,216.63,-1
30.38500,94.74150,215.30,-1
30.38500,94.74333,214.07,-1
30.38500,94.74517,213.09,-1
30.38500,94.74700,212.12,-1
30.38500,94.74883,211.01,-1
30.38500,94.75067,186.40,-1
30.38500,94.75250,207.07,-1
30.38500,94.75433,206.81,-1
30.38500,94.75617,207.06,-1
30.38500,94.75800,205.78,-1
30.38500,94.75983,204.21,-1
30.38500,94.76167,204.90,-1
30.38500,94.76350,204.14,-1
30.38500,94.76533,203.98,-1
30.38500,94.76717,187.46,-1
30.38500,94.76900,201.95,-1
30.38500,94.77083,204.90,-1
30.38500,94.77267,206.18,-1
30.38500,94.77450,205.00,-1
30.38500,94.77633,201.31,-1
30.38500,94.77817,199.74,-1
30.38500,94.78000,204.01,-1
30.38500,94.78183,200.28,-1
30.38500,94.78367,201.10,-1
30.38500,94.78550,204.43,-1
30.38500,94.78733,196.85,-1
30.38500,94.78917,203.82,-1
30.38500,94.79100,211.01,-1
30.38500,94.79283,202.30,-1
30.38500,94.79467,192.19,-1
30.38500,94.79650,189.91,-1
30.38500,94.79833,192.13,-1
30.38500,94.80017,192.51,-1
30.38500,94.80200,194.17,-1
30.38500,94.80383,192.73,-1
30.38500,94.80567,200.94,-1
30.38500,94.80750,199.73,-1
30.38500,94.80933,194.86,-1
30.38500,94.81117,199.83,-1
30.38500,94.81300,196.07,-1
30.38500,94.81483,200.71,-1
30.38500,94.81667,196.38,-1
30.38500,94.81850,197.12,-1
30.38500,94.82033,200.98,-1
30.38500,94.82217,198.32,-1
30.38500,94.82400,200.01,-1
30.38500,94.82583,200.72,-1
30.38500,94.82767,205.30,-1
30.38500,94.82950,203.18,-1
30.38500,94.83133,206.54,-1
30.38500,94.83317,213.58,-1
30.38500,94.83500,216.39,-1
30.38500,94.83683,210.85,-1
30.38500,94.83867,217.90,-1
30.38500,94.84050,217.62,-1
30.38500,94.84233,217.10,-1
30.38500,94.84417,216.65,-1
30.38500,94.84600,216.97,-1
30.38500,94.84783,219.74,-1
30.38500,94.84967,220.00,-1
30.38500,94.85150,204.04,-1
30.38500,94.85333,216.01,-1
30.38500,94.85517,213.06,-1
30.38500,94.85700,210.25,-1
30.38500,94.85883,208.12,-1
30.38500,94.86067,205.82,-1
30.38500,94.86250,203.13,-1
30.38500,94.86433,200.48,-1
30.38500,94.86617,199.29,-1
30.38500,94.86800,195.04,-1
30.38500,94.86983,190.42,-1
30.38500,94.87167,187.04,-1
30.38500,94.87350,194.82,-1
30.38500,94.87533,207.49,-1
30.38500,94.87717,207.15,-1
30.38500,94.87900,198.62,-1
30.38500,94.88083,189.43,-1
30.38500,94.88267,192.65,-1
30.38500,94.88450,200.95,-1
30.38500,94.88633,197.60,-1
30.38500,94.88817,193.18,-1
30.38500,94.89000,226.97,-1
30.38683,94.67000,199.67,-1
30.38683,94.67183,200.88,-1
30.38683,94.67367,201.14,-1
30.38683,94.67550,201.94,-1
30.38683,94.67733,194.02,-1
30.38683,94.67917,187.89,-1
30.38683,94.68100,200.47,-1
30.38683,94.68283,201.11,-1
30.38683,94.68467,201.73,-1
30.38683,94.68650,201.74,-1
30.38683,94.68833,201.53,-1
30.38683,94.69017,201.72,-1
30.38683,94.69200,201.53,-1
30.38683,94.69383,201.98,-1
30.38683,94.69567,201.62,-1
30.38683,94.69750,201.62,-1
30.38683,94.69933,201.99,-1
30.38683,94.70117,201.48,-1
30.38683,94.70300,202.42,-1
30.38683,94.70483,204.75,-1
30.38683,94.70667,207.41,-1
30.38683,94.70850,206.96,-1
30.38683,94.71033,207.06,-1
30.38683,94.71217,205.65,-1
30.38683,94.71400,207.81,-1
30.38683,94.71583,209.65,-1
30.38683,94.71767,210.69,-1
30.38683,94.71950,212.09,-1
30.38683,94.72133,213.02,-1
30.38683,94.72317,213.43,-1
30.38683,94.72500,214.14,-1
30.38683,94.72683,213.51,-1
30.38683,94.72867,214.48,-1
30.38683,94.73050,215.19,-1
30.38683,94.73233,215.99,-1
30.38683,94.73417,217.28,-1
30.38683,94.73600,218.23,-1
30.38683,94.73783,217.88,-1
30.38683,94.73967,217.37,-1
30.38683,94.74150,193.94,-1
30.38683,94.74333,213.55,-1
30.38683,94.74517,212.82,-1
30.38683,94.74700,189.89,-1
30.38683,94.74883,209.90,-1
30.38683,94.75067,189.21,-1
30.38683,94.75250,206.02,-1
30.38683,94.75433,206.49,-1
30.38683,94.75617,205.23,-1
30.38683,94.75800,205.12,-1
30.38683,94.75983,204.25,-1
30.38683,94.76167,204.14,-1
30.38683,94.76350,204.09,-1
30.38683,94.76533,187.49,-1
30.38683,94.76717,195.95,-1
30.38683,94.76900,196.23,-1
30.38683,94.77083,203.03,-1
30.38683,94.77267,208.88,-1
30.38683,94.77450,209.70,-1
30.38683,94.77633,208.22,-1
30.38683,94.77817,203.51,-1
30.38683,94.78000,202.99,-1
30.38683,94.78183,204.75,-1
30.38683,94.78367,207.47,-1
30.38683,94.78550,206.34,-1
30.38683,94.78733,204.37,-1
30.38683,94.78917,208.19,-1
30.38683,94.79100,209.51,-1
30.38683,94.79283,211.68,-1
30.38683,94.79467,203.05,-1
30.38683,94.79650,197.90,-1
30.38683,94.79833,199.97,-1
30.38683,94.80017,196.25,-1
30.38683,94.80200,197.41,-1
30.38683,94.80383,196.59,-1
30.38683,94.80567,199.53,-1
30.38683,94.80750,201.36,-1
30.38683,94.80933,197.65,-1
30.38683,94.81117,199.56,-1
30.38683,94.81300,199.17,-1
30.38683,94.81483,200.62,-1
30.38683,94.81667,199.18,-1
30.38683,94.81850,202.71,-1
30.38683,94.82033,203.24,-1
30.38683,94.82217,200.74,-1
30.38683,94.82400,204.46,-1
30.38683,94.82583,202.27,-1
30.38683,94.82767,206.56,-1
30.38683,94.82950,209.99,-1
30.38683,94.83133,213.05,-1
30.38683,94.83317,217.26,-1
30.38683,94.83500,217.59,-1
30.38683,94.83683,219.66,-1
30.38683,94.83867,218.51,-1
30.38683,94.84050,219.55,-1
30.38683,94.84233,219.70,-1
30.38683,94.84417,219.89,-1
30.38683,94.84600,221.34,-1
30.38683,94.84783,221.16,-1
30.38683,94.84967,220.14,-1
30.38683,94.85150,218.79,-1
30.38683,94.85333,216.92,-1
30.38683,94.85517,212.50,-1
30.38683,94.85700,210.52,-1
30.38683,94.85883,208.25,-1
30.38683,94.86067,205.76,-1
30.38683,94.86250,203.25,-1
30.38683,94.86433,200.64,-1
30.38683,94.86617,198.37,-1
30.38683,94.86800,195.73,-1
30.38683,94.86983,193.27,-1
30.38683,94.87167,189.83,-1
30.38683,94.87350,187.00,-1
30.38683,94.87533,213.02,-1
30.38683,94.87717,186.60,-1
30.38683,94.87900,178.40,-1
30.38683,94.88083,210.31,-1
30.38683,94.88267,221.78,-1
30.38683,94.88450,214.10,-1
30.38683,94.88633,217.17,-1
30.38683,94.88817,211.55,-1
30.38683,94.89000,217.48,-1
30.38867,94.67000,180.47,-1
30.38867,94.67183,200.98,-1
30.38867,94.67367,191.60,-1
30.38867,94.67550,201.15,-1
30.38867,94.67733,196.30,-1
30.38867,94.67917,202.81,-1
30.38867,94.68100,195.48,-1
30.38867,94.68283,193.75,-1
30.38867,94.68467,192.72,-1
30.38867,94.68650,192.00,-1
30.38867,94.68833,192.22,-1
30.38867,94.69017,191.40,-1
30.38867,94.69200,191.70,-1
30.38867,94.69383,191.90,-1
30.38867,94.69567,191.27,-1
30.38867,94.69750,190.29,-1
30.38867,94.69933,182.41,-1
30.38867,94.70117,192.13,-1
30.38867,94.70300,190.87,-1
30.38867,94.70483,190.55,-1
30.38867,94.70667,189.51,-1
30.38867,94.70850,185.67,-1
30.38867,94.71033,187.69,-1
30.38867,94.71217,207.58,-1
30.38867,94.71400,209.17,-1
30.38867,94.71583,210.29,-1
30.38867,94.71767,211.70,-1
30.38867,94.71950,212.62,-1
30.38867,94.72133,213.06,-1
30.38867,94.72317,213.55,-1
30.38867,94.72500,212.98,-1
30.38867,94.72683,213.90,-1
30.38867,94.72867,214.84,-1
30.38867,94.73050,215.61,-1
30.38867,94.73233,216.56,-1
30.38867,94.73417,218.25,-1
30.38867,94.73600,218.74,-1
30.38867,94.73783,217.47,-1
30.38867,94.73967,198.69,-1
30.38867,94.74150,195.68,-1
30.38867,94.74333,193.04,-1
30.38867,94.74517,211.66,-1
30.38867,94.74700,193.16,-1
30.38867,94.74883,195.10,-1
30.38867,94.75067,193.88,-1
30.38867,94.75250,194.67,-1
30.38867,94.75433,191.45,-1
30.38867,94.75617,185.71,-1
30.38867,94.75800,204.96,-1
30.38867,94.75983,189.87,-1
30.38867,94.76167,186.97,-1
30.38867,94.76350,184.26,-1
30.38867,94.76533,198.97,-1
30.38867,94.76717,191.59,-1
30.38867,94.76900,208.44,-1
30.38867,94.77083,208.30,-1
30.38867,94.77267,213.98,-1
30.38867,94.77450,210.41,-1
30.38867,94.77633,208.48,-1
30.38867,94.77817,204.05,-1
30.38867,94.78000,198.16,-1
30.38867,94.78183,206.72,-1
30.38867,94.78367,209.59,-1
30.38867,94.78550,201.70,-1
30.38867,94.78733,208.16,-1
30.38867,94.78917,209.14,-1
30.38867,94.79100,198.36,-1
30.38867,94.79283,214.23,-1
30.38867,94.79467,211.35,-1
30.38867,94.79650,211.52,-1
30.38867,94.79833,204.88,-1
30.38867,94.80017,200.88,-1
30.38867,94.80200,200.93,-1
30.38867,94.80383,199.17,-1
30.38867,94.80567,201.83,-1
30.38867,94.80750,201.56,-1
30.38867,94.80933,200.85,-1
30.38867,94.81117,202.33,-1
30.38867,94.81300,202.62,-1
30.38867,94.81483,203.22,-1
30.38867,94.81667,201.99,-1
30.38867,94.81850,205.21,-1
30.38867,94.82033,202.96,-1
30.38867,94.82217,202.08,-1
30.38867,94.82400,209.41,-1
30.38867,94.82583,203.29,-1
30.38867,94.82767,210.18,-1
30.38867,94.82950,208.13,-1
30.38867,94.83133,214.79,-1
30.38867,94.83317,217.14,-1
30.38867,94.83500,220.71,-1
30.38867,94.83683,221.01,-1
30.38867,94.83867,220.10,-1
30.38867,94.84050,219.26,-1
30.38867,94.84233,220.46,-1
30.38867,94.84417,221.18,-1
30.38867,94.84600,221.87,-1
30.38867,94.84783,221.70,-1
30.38867,94.84967,219.94,-1
30.38867,94.85150,219.03,-1
30.38867,94.85333,214.67,-1
30.38867,94.85517,214.71,-1
30.38867,94.85700,210.74,-1
30.38867,94.85883,208.21,-1
30.38867,94.86067,206.54,-1
30.38867,94.86250,203.98,-1
30.38867,94.86433,201.77,-1
30.38867,94.86617,199.47,-1
30.38867,94.86800,197.08,-1
30.38867,94.86983,194.97,-1
30.38867,94.87167,194.82,-1
30.38867,94.87350,198.91,-1
30.38867,94.87533,211.68,-1
30.38867,94.87717,202.25,-1
30.38867,94.87900,214.59,-1
30.38867,94.88083,211.44,-1
30.38867,94.88267,215.38,-1
30.38867,94.88450,214.53,-1
30.38867,94.88633,218.29,-1
30.38867,94.88817,217.83,-1
30.38867,94.89000,220.95,-1
30.39050,94.67000,201.05,-1
30.39050,94.67183,200.76,-1
30.39050,94.67367,201.34,-1
30.39050,94.67550,200.99,-1
30.39050,94.67733,198.33,-1
30.39050,94.67917,203.32,-1
30.39050,94.68100,200.77,-1
30.39050,94.68283,201.36,-1
30.39050,94.68467,201.46,-1
30.39050,94.68650,201.51,-1
30.39050,94.68833,201.73,-1
30.39050,94.69017,201.48,-1
30.39050,94.69200,201.45,-1
30.39050,94.69383,201.53,-1
30.39050,94.69567,200.99,-1
30.39050,94.69750,201.59,-1
30.39050,94.69933,204.51,-1
30.39050,94.70117,205.18,-1
30.39050,94.70300,206.64,-1
30.39050,94.70483,206.53,-1
30.39050,94.70667,204.78,-1
30.39050,94.70850,193.76,-1
30.39050,94.71033,192.04,-1
30.39050,94.71217,209.12,-1
30.39050,94.71400,209.99,-1
30.39050,94.71583,211.23,-1
30.39050,94.71767,192.67,-1
30.39050,94.71950,212.84,-1
30.39050,94.72133,191.60,-1
30.39050,94.72317,212.61,-1
30.39050,94.72500,213.38,-1
30.39050,94.72683,214.31,-1
30.39050,94.72867,215.24,-1
30.39050,94.73050,215.77,-1
30.39050,94.73233,218.33,-1
30.39050,94.73417,219.39,-1
30.39050,94.73600,218.87,-1
30.39050,94.73783,215.47,-1
30.39050,94.73967,212.93,-1
30.39050,94.74150,198.50,-1
30.39050,94.74333,195.03,-1
30.39050,94.74517,199.39,-1
30.39050,94.74700,195.48,-1
30.39050,94.74883,197.11,-1
30.39050,94.75067,196.19,-1
30.39050,94.75250,197.96,-1
30.39050,94.75433,197.41,-1
30.39050,94.75617,189.97,-1
30.39050,94.75800,198.00,-1
30.39050,94.75983,193.95,-1
30.39050,94.76167,195.91,-1
30.39050,94.76350,196.57,-1
30.39050,94.76533,200.01,-1
30.39050,94.76717,204.72,-1
30.39050,94.76900,216.50,-1
30.39050,94.77083,209.94,-1
30.39050,94.77267,214.23,-1
30.39050,94.77450,210.17,-1
30.39050,94.77633,203.83,-1
30.39050,94.77817,209.34,-1
30.39050,94.78000,198.69,-1
30.39050,94.78183,204.42,-1
30.39050,94.78367,197.07,-1
30.39050,94.78550,201.53,-1
30.39050,94.78733,208.81,-1
30.39050,94.78917,210.31,-1
30.39050,94.79100,196.42,-1
30.39050,94.79283,211.58,-1
30.39050,94.79467,201.64,-1
30.39050,94.79650,214.98,-1
30.39050,94.79833,214.83,-1
30.39050,94.80017,210.68,-1
30.39050,94.80200,206.72,-1
30.39050,94.80383,201.14,-1
30.39050,94.80567,207.64,-1
30.39050,94.80750,204.95,-1
30.39050,94.80933,203.57,-1
30.39050,94.81117,208.85,-1
30.39050,94.81300,206.47,-1
30.39050,94.81483,206.57,-1
30.39050,94.81667,204.33,-1
30.39050,94.81850,207.35,-1
30.39050,94.82033,207.93,-1
30.39050,94.82217,203.70,-1
30.39050,94.82400,205.33,-1
30.39050,94.82583,208.95,-1
30.39050,94.82767,218.92,-1
30.39050,94.82950,217.37,-1
30.39050,94.83133,219.43,-1
30.39050,94.83317,219.94,-1
30.39050,94.83500,222.07,-1
30.39050,94.83683,221.90,-1
30.39050,94.83867,221.67,-1
30.39050,94.84050,220.90,-1
30.39050,94.84233,219.55,-1
30.39050,94.84417,223.38,-1
30.39050,94.84600,221.63,-1
30.39050,94.84783,221.06,-1
30.39050,94.84967,220.08,-1
30.39050,94.85150,217.76,-1
30.39050,94.85333,214.40,-1
30.39050,94.85517,211.86,-1
30.39050,94.85700,209.63,-1
30.39050,94.85883,208.69,-1
30.39050,94.86067,206.87,-1
30.39050,94.86250,204.69,-1
30.39050,94.86433,202.84,-1
30.39050,94.86617,201.20,-1
30.39050,94.86800,199.20,-1
30.39050,94.86983,197.54,-1
30.39050,94.87167,197.88,-1
30.39050,94.87350,219.35,-1
30.39050,94.87533,211.22,-1
30.39050,94.87717,212.89,-1
30.39050,94.87900,210.43,-1
30.39050,94.88083,212.46,-1
30.39050,94.88267,217.36,-1
30.39050,94.88450,210.30,-1
30.39050,94.88633,213.55,-1
30.39050,94.88817,211.98,-1
30.39050,94.89000,217.62,-1
30.39233,94.67000,200.65,-1
30.39233,94.67183,190.21,-1
30.39233,94.67367,179.60,-1
30.39233,94.67550,201.45,-1
30.39233,94.67733,201.94,-1
30.39233,94.67917,206.87,-1
30.39233,94.68100,196.18,-1
30.39233,94.68283,196.16,-1
30.39233,94.68467,195.85,-1
30.39233,94.68650,192.51,-1
30.39233,94.68833,190.75,-1
30.39233,94.69017,189.76,-1
30.39233,94.69200,191.03,-1
30.39233,94.69383,191.42,-1
30.39233,94.69567,189.47,-1
30.39233,94.69750,188.95,-1
30.39233,94.69933,186.05,-1
30.39233,94.70117,190.07,-1
30.39233,94.70300,187.85,-1
30.39233,94.70483,181.95,-1
30.39233,94.70667,204.97,-1
30.39233,94.70850,186.92,-1
30.39233,94.71033,208.42,-1
30.39233,94.71217,209.50,-1
30.39233,94.71400,210.86,-1
30.39233,94.71583,212.00,-1
30.39233,94.71767,187.35,-1
30.39233,94.71950,213.31,-1
30.39233,94.72133,212.40,-1
30.39233,94.72317,213.05,-1
30.39233,94.72500,213.96,-1
30.39233,94.72683,214.88,-1
30.39233,94.72867,215.56,-1
30.39233,94.73050,206.40,-1
30.39233,94.73233,218.16,-1
30.39233,94.73417,217.80,-1
30.39233,94.73600,216.87,-1
30.39233,94.73783,194.38,-1
30.39233,94.73967,210.24,-1
30.39233,94.74150,204.21,-1
30.39233,94.74333,201.57,-1
30.39233,94.74517,196.41,-1
30.39233,94.74700,194.55,-1
30.39233,94.74883,195.76,-1
30.39233,94.75067,196.03,-1
30.39233,94.75250,196.57,-1
30.39233,94.75433,197.11,-1
30.39233,94.75617,200.03,-1
30.39233,94.75800,201.62,-1
30.39233,94.75983,193.59,-1
30.39233,94.76167,201.07,-1
30.39233,94.76350,196.33,-1
30.39233,94.76533,204.94,-1
30.39233,94.76717,207.45,-1
30.39233,94.76900,209.12,-1
30.39233,94.77083,215.81,-1
30.39233,94.77267,215.50,-1
30.39233,94.77450,214.16,-1
30.39233,94.77633,211.38,-1
30.39233,94.77817,211.84,-1
30.39233,94.78000,213.09,-1
30.39233,94.78183,200.64,-1
30.39233,94.78367,211.51,-1
30.39233,94.78550,205.91,-1
30.39233,94.78733,200.97,-1
30.39233,94.78917,203.58,-1
30.39233,94.79100,201.55,-1
30.39233,94.79283,207.16,-1
30.39233,94.79467,211.58,-1
30.39233,94.79650,209.48,-1
30.39233,94.79833,215.84,-1
30.39233,94.80017,205.07,-1
30.39233,94.80200,203.24,-1
30.39233,94.80383,202.05,-1
30.39233,94.80567,212.14,-1
30.39233,94.80750,212.37,-1
30.39233,94.80933,204.74,-1
30.39233,94.81117,213.00,-1
30.39233,94.81300,210.19,-1
30.39233,94.81483,214.92,-1
30.39233,94.81667,213.26,-1
30.39233,94.81850,215.19,-1
30.39233,94.82033,215.01,-1
30.39233,94.82217,209.59,-1
30.39233,94.82400,215.57,-1
30.39233,94.82583,219.40,-1
30.39233,94.82767,217.37,-1
30.39233,94.82950,220.68,-1
30.39233,94.83133,222.04,-1
30.39233,94.83317,222.66,-1
30.39233,94.83500,222.29,-1
30.39233,94.83683,222.78,-1
30.39233,94.83867,222.65,-1
30.39233,94.84050,220.79,-1
30.39233,94.84233,218.72,-1
30.39233,94.84417,218.62,-1
30.39233,94.84600,221.51,-1
30.39233,94.84783,219.89,-1
30.39233,94.84967,219.45,-1
30.39233,94.85150,217.97,-1
30.39233,94.85333,214.74,-1
30.39233,94.85517,212.42,-1
30.39233,94.85700,209.93,-1
30.39233,94.85883,207.52,-1
30.39233,94.86067,206.77,-1
30.39233,94.86250,205.63,-1
30.39233,94.86433,204.15,-1
30.39233,94.86617,202.68,-1
30.39233,94.86800,200.98,-1
30.39233,94.86983,183.93,-1
30.39233,94.87167,202.80,-1
30.39233,94.87350,216.54,-1
30.39233,94.87533,217.69,-1
30.39233,94.87717,216.78,-1
30.39233,94.87900,215.86,-1
30.39233,94.88083,215.61,-1
30.39233,94.88267,218.17,-1
30.39233,94.88450,219.71,-1
30.39233,94.88633,220.09,-1
30.39233,94.88817,226.68,-1
30.39233,94.89000,224.37,-1
30.39417,94.67000,201.22,-1
30.39417,94.67183,195.65,-1
30.39417,94.67367,201.52,-1
30.39417,94.67550,195.54,-1
30.39417,94.67733,205.85,-1
30.39417,94.67917,207.27,-1
30.39417,94.68100,201.14,-1
30.39417,94.68283,187.22,-1
30.39417,94.68467,186.46,-1
30.39417,94.68650,201.36,-1
30.39417,94.68833,201.55,-1
30.39417,94.69017,201.08,-1
30.39417,94.69200,201.84,-1
30.39417,94.69383,202.92,-1
30.39417,94.69567,205.07,-1
30.39417,94.69750,206.52,-1
30.39417,94.69933,205.86,-1
30.39417,94.70117,205.95,-1
30.39417,94.70300,204.14,-1
30.39417,94.70483,205.13,-1
30.39417,94.70667,206.73,-1
30.39417,94.70850,207.65,-1
30.39417,94.71033,208.97,-1
30.39417,94.71217,210.52,-1
30.39417,94.71400,211.75,-1
30.39417,94.71583,212.31,-1
30.39417,94.71767,194.64,-1
30.39417,94.71950,211.94,-1
30.39417,94.72133,192.45,-1
30.39417,94.72317,194.33,-1
30.39417,94.72500,200.48,-1
30.39417,94.72683,215.25,-1
30.39417,94.72867,216.69,-1
30.39417,94.73050,218.21,-1
30.39417,94.73233,218.10,-1
30.39417,94.73417,201.04,-1
30.39417,94.73600,216.39,-1
30.39417,94.73783,213.83,-1
30.39417,94.73967,205.58,-1
30.39417,94.74150,214.22,-1
30.39417,94.74333,191.31,-1
30.39417,94.74517,203.55,-1
30.39417,94.74700,193.87,-1
30.39417,94.74883,204.19,-1
30.39417,94.75067,195.03,-1
30.39417,94.75250,194.92,-1
30.39417,94.75433,202.67,-1
30.39417,94.75617,202.55,-1
30.39417,94.75800,204.96,-1
30.39417,94.75983,191.79,-1
30.39417,94.76167,203.97,-1
30.39417,94.76350,204.66,-1
30.39417,94.76533,207.68,-1
30.39417,94.76717,213.25,-1
30.39417,94.76900,216.17,-1
30.39417,94.77083,199.15,-1
30.39417,94.77267,200.78,-1
30.39417,94.77450,198.13,-1
30.39417,94.77633,212.61,-1
30.39417,94.77817,213.28,-1
30.39417,94.78000,200.71,-1
30.39417,94.78183,214.04,-1
30.39417,94.78367,214.44,-1
30.39417,94.78550,209.97,-1
30.39417,94.78733,204.82,-1
30.39417,94.78917,204.77,-1
30.39417,94.79100,200.83,-1
30.39417,94.79283,213.36,-1
30.39417,94.79467,205.52,-1
30.39417,94.79650,211.68,-1
30.39417,94.79833,216.03,-1
30.39417,94.80017,206.41,-1
30.39417,94.80200,215.00,-1
30.39417,94.80383,203.11,-1
30.39417,94.80567,207.12,-1
30.39417,94.80750,211.21,-1
30.39417,94.80933,214.58,-1
30.39417,94.81117,214.77,-1
30.39417,94.81300,216.22,-1
30.39417,94.81483,216.93,-1
30.39417,94.81667,211.53,-1
30.39417,94.81850,210.77,-1
30.39417,94.82033,208.29,-1
30.39417,94.82217,207.95,-1
30.39417,94.82400,217.62,-1
30.39417,94.82583,219.69,-1
30.39417,94.82767,221.11,-1
30.39417,94.82950,222.40,-1
30.39417,94.83133,223.73,-1
30.39417,94.83317,223.92,-1
30.39417,94.83500,223.98,-1
30.39417,94.83683,222.61,-1
30.39417,94.83867,221.76,-1
30.39417,94.84050,219.70,-1
30.39417,94.84233,218.89,-1
30.39417,94.84417,217.46,-1
30.39417,94.84600,216.35,-1
30.39417,94.84783,216.49,-1
30.39417,94.84967,218.50,-1
30.39417,94.85150,217.50,-1
30.39417,94.85333,214.87,-1
30.39417,94.85517,212.75,-1
30.39417,94.85700,210.40,-1
30.39417,94.85883,208.06,-1
30.39417,94.86067,205.95,-1
30.39417,94.86250,208.69,-1
30.39417,94.86433,204.93,-1
30.39417,94.86617,203.88,-1
30.39417,94.86800,202.21,-1
30.39417,94.86983,214.56,-1
30.39417,94.87167,211.07,-1
30.39417,94.87350,210.25,-1
30.39417,94.87533,217.62,-1
30.39417,94.87717,208.47,-1
30.39417,94.87900,221.54,-1
30.39417,94.88083,205.38,-1
30.39417,94.88267,217.53,-1
30.39417,94.88450,213.73,-1
30.39417,94.88633,221.42,-1
30.39417,94.88817,221.90,-1
30.39417,94.89000,228.63,-1
30.39600,94.67000,201.54,-1
30.39600,94.67183,210.27,-1
30.39600,94.67367,200.64,-1
30.39600,94.67550,200.70,-1
30.39600,94.67733,213.92,-1
30.39600,94.67917,213.47,-1
30.39600,94.68100,192.46,-1
30.39600,94.68283,194.89,-1
30.39600,94.68467,191.19,-1
30.39600,94.68650,186.13,-1
30.39600,94.68833,200.96,-1
30.39600,94.69017,201.31,-1
30.39600,94.69200,203.94,-1
30.39600,94.69383,204.79,-1
30.39600,94.69567,206.42,-1
30.39600,94.69750,205.83,-1
30.39600,94.69933,205.45,-1
30.39600,94.70117,203.66,-1
30.39600,94.70300,206.11,-1
30.39600,94.70483,206.78,-1
30.39600,94.70667,207.86,-1
30.39600,94.70850,208.17,-1
30.39600,94.71033,210.05,-1
30.39600,94.71217,211.45,-1
30.39600,94.71400,211.97,-1
30.39600,94.71583,212.58,-1
30.39600,94.71767,193.02,-1
30.39600,94.71950,212.15,-1
30.39600,94.72133,213.28,-1
30.39600,94.72317,214.14,-1
30.39600,94.72500,214.99,-1
30.39600,94.72683,216.36,-1
30.39600,94.72867,200.47,-1
30.39600,94.73050,219.12,-1
30.39600,94.73233,219.49,-1
30.39600,94.73417,216.80,-1
30.39600,94.73600,215.28,-1
30.39600,94.73783,213.75,-1
30.39600,94.73967,209.06,-1
30.39600,94.74150,206.07,-1
30.39600,94.74333,189.81,-1
30.39600,94.74517,206.21,-1
30.39600,94.74700,191.02,-1
30.39600,94.74883,206.55,-1
30.39600,94.75067,194.63,-1
30.39600,94.75250,197.95,-1
30.39600,94.75433,203.45,-1
30.39600,94.75617,204.53,-1
30.39600,94.75800,205.66,-1
30.39600,94.75983,194.36,-1
30.39600,94.76167,206.45,-1
30.39600,94.76350,195.57,-1
30.39600,94.76533,198.68,-1
30.39600,94.76717,199.39,-1
30.39600,94.76900,206.79,-1
30.39600,94.77083,204.01,-1
30.39600,94.77267,206.87,-1
30.39600,94.77450,201.97,-1
30.39600,94.77633,203.52,-1
30.39600,94.77817,206.80,-1
30.39600,94.78000,202.17,-1
30.39600,94.78183,200.78,-1
30.39600,94.78367,206.28,-1
30.39600,94.78550,206.17,-1
30.39600,94.78733,206.96,-1
30.39600,94.78917,211.90,-1
30.39600,94.79100,205.91,-1
30.39600,94.79283,209.95,-1
30.39600,94.79467,202.70,-1
30.39600,94.79650,220.38,-1
30.39600,94.79833,216.98,-1
30.39600,94.80017,212.95,-1
30.39600,94.80200,208.13,-1
30.39600,94.80383,205.50,-1
30.39600,94.80567,209.34,-1
30.39600,94.80750,217.62,-1
30.39600,94.80933,221.00,-1
30.39600,94.81117,220.76,-1
30.39600,94.81300,220.99,-1
30.39600,94.81483,219.97,-1
30.39600,94.81667,221.74,-1
30.39600,94.81850,210.88,-1
30.39600,94.82033,214.18,-1
30.39600,94.82217,220.99,-1
30.39600,94.82400,221.88,-1
30.39600,94.82583,222.36,-1
30.39600,94.82767,224.16,-1
30.39600,94.82950,223.78,-1
30.39600,94.83133,223.75,-1
30.39600,94.83317,225.17,-1
30.39600,94.83500,223.98,-1
30.39600,94.83683,222.68,-1
30.39600,94.83867,203.53,-1
30.39600,94.84050,219.65,-1
30.39600,94.84233,217.85,-1
30.39600,94.84417,217.21,-1
30.39600,94.84600,192.92,-1
30.39600,94.84783,214.03,-1
30.39600,94.84967,216.32,-1
30.39600,94.85150,215.63,-1
30.39600,94.85333,214.34,-1
30.39600,94.85517,213.09,-1
30.39600,94.85700,210.95,-1
30.39600,94.85883,209.03,-1
30.39600,94.86067,206.51,-1
30.39600,94.86250,204.56,-1
30.39600,94.86433,184.78,-1
30.39600,94.86617,205.32,-1
30.39600,94.86800,212.83,-1
30.39600,94.86983,218.32,-1
30.39600,94.87167,218.19,-1
30.39600,94.87350,220.85,-1
30.39600,94.87533,216.10,-1
30.39600,94.87717,213.09,-1
30.39600,94.87900,223.85,-1
30.39600,94.88083,214.92,-1
30.39600,94.88267,224.67,-1
30.39600,94.88450,221.14,-1
30.39600,94.88633,232.21,-1
30.39600,94.88817,228.86,-1
30.39600,94.89000,225.75,-1
30.39783,94.67000,195.39,-1
30.39783,94.67183,207.78,-1
30.39783,94.67367,185.25,-1
30.39783,94.67550,205.49,-1
30.39783,94.67733,215.44,-1
30.39783,94.67917,226.54,-1
30.39783,94.68100,199.92,-1
30.39783,94.68283,197.33,-1
30.39783,94.68467,198.78,-1
30.39783,94.68650,199.02,-1
30.39783,94.68833,197.24,-1
30.39783,94.69017,186.08,-1
30.39783,94.69200,190.86,-1
30.39783,94.69383,184.48,-1
30.39783,94.69567,191.94,-1
30.39783,94.69750,188.50,-1
30.39783,94.69933,185.86,-1
30.39783,94.70117,192.17,-1
30.39783,94.70300,191.86,-1
30.39783,94.70483,205.90,-1
30.39783,94.70667,205.94,-1
30.39783,94.70850,196.03,-1
30.39783,94.71033,210.78,-1
30.39783,94.71217,211.73,-1
30.39783,94.71400,212.36,-1
30.39783,94.71583,211.38,-1
30.39783,94.71767,195.65,-1
30.39783,94.71950,212.84,-1
30.39783,94.72133,213.72,-1
30.39783,94.72317,214.51,-1
30.39783,94.72500,215.60,-1
30.39783,94.72683,200.21,-1
30.39783,94.72867,198.72,-1
30.39783,94.73050,217.69,-1
30.39783,94.73233,216.92,-1
30.39783,94.73417,215.79,-1
30.39783,94.73600,215.48,-1
30.39783,94.73783,213.92,-1
30.39783,94.73967,209.81,-1
30.39783,94.74150,209.36,-1
30.39783,94.74333,207.89,-1
30.39783,94.74517,206.78,-1
30.39783,94.74700,206.75,-1
30.39783,94.74883,207.38,-1
30.39783,94.75067,194.34,-1
30.39783,94.75250,199.03,-1
30.39783,94.75433,196.05,-1
30.39783,94.75617,197.21,-1
30.39783,94.75800,197.98,-1
30.39783,94.75983,196.17,-1
30.39783,94.76167,200.55,-1
30.39783,94.76350,198.54,-1
30.39783,94.76533,196.74,-1
30.39783,94.76717,208.67,-1
30.39783,94.76900,208.61,-1
30.39783,94.77083,210.78,-1
30.39783,94.77267,210.74,-1
30.39783,94.77450,211.42,-1
30.39783,94.77633,210.13,-1
30.39783,94.77817,210.49,-1
30.39783,94.78000,206.49,-1
30.39783,94.78183,209.29,-1
30.39783,94.78367,210.60,-1
30.39783,94.78550,209.00,-1
30.39783,94.78733,206.28,-1
30.39783,94.78917,209.28,-1
30.39783,94.79100,214.12,-1
30.39783,94.79283,214.53,-1
30.39783,94.79467,218.27,-1
30.39783,94.79650,222.26,-1
30.39783,94.79833,223.43,-1
30.39783,94.80017,215.74,-1
30.39783,94.80200,216.24,-1
30.39783,94.80383,206.02,-1
30.39783,94.80567,213.53,-1
30.39783,94.80750,215.08,-1
30.39783,94.80933,223.18,-1
30.39783,94.81117,220.83,-1
30.39783,94.81300,221.62,-1
30.39783,94.81483,221.57,-1
30.39783,94.81667,223.95,-1
30.39783,94.81850,224.26,-1
30.39783,94.82033,223.33,-1
30.39783,94.82217,223.54,-1
30.39783,94.82400,223.69,-1
30.39783,94.82583,225.27,-1
30.39783,94.82767,224.93,-1
30.39783,94.82950,225.02,-1
30.39783,94.83133,224.98,-1
30.39783,94.83317,224.65,-1
30.39783,94.83500,223.56,-1
30.39783,94.83683,222.50,-1
30.39783,94.83867,221.23,-1
30.39783,94.84050,219.39,-1
30.39783,94.84233,218.34,-1
30.39783,94.84417,200.49,-1
30.39783,94.84600,215.62,-1
30.39783,94.84783,214.08,-1
30.39783,94.84967,212.30,-1
30.39783,94.85150,214.18,-1
30.39783,94.85333,213.22,-1
30.39783,94.85517,212.64,-1
30.39783,94.85700,211.85,-1
30.39783,94.85883,210.08,-1
30.39783,94.86067,208.12,-1
30.39783,94.86250,206.72,-1
30.39783,94.86433,205.09,-1
30.39783,94.86617,191.14,-1
30.39783,94.86800,212.05,-1
30.39783,94.86983,222.99,-1
30.39783,94.87167,222.38,-1
30.39783,94.87350,222.89,-1
30.39783,94.87533,225.67,-1
30.39783,94.87717,224.53,-1
30.39783,94.87900,220.37,-1
30.39783,94.88083,217.29,-1
30.39783,94.88267,220.89,-1
30.39783,94.88450,224.14,-1
30.39783,94.88633,226.15,-1
30.39783,94.88817,226.06,-1
30.39783,94.89000,227.03,-1
30.39967,94.67000,198.83,-1
30.39967,94.67183,190.62,-1
30.39967,94.67367,199.98,-1
30.39967,94.67550,205.14,-1
30.39967,94.67733,209.87,-1
30.39967,94.67917,214.22,-1
30.39967,94.68100,206.49,-1
30.39967,94.68283,208.41,-1
30.39967,94.68467,206.70,-1
30.39967,94.68650,204.49,-1
30.39967,94.68833,195.50,-1
30.39967,94.69017,205.29,-1
30.39967,94.69200,202.86,-1
30.39967,94.69383,196.53,-1
30.39967,94.69567,198.34,-1
30.39967,94.69750,191.37,-1
30.39967,94.69933,195.86,-1
30.39967,94.70117,198.12,-1
30.39967,94.70300,197.07,-1
30.39967,94.70483,206.25,-1
30.39967,94.70667,207.10,-1
30.39967,94.70850,194.45,-1
30.39967,94.71033,210.63,-1
30.39967,94.71217,194.88,-1
30.39967,94.71400,211.18,-1
30.39967,94.71583,212.09,-1
30.39967,94.71767,212.95,-1
30.39967,94.71950,213.21,-1
30.39967,94.72133,214.25,-1
30.39967,94.72317,215.42,-1
30.39967,94.72500,217.75,-1
30.39967,94.72683,217.75,-1
30.39967,94.72867,217.86,-1
30.39967,94.73050,219.26,-1
30.39967,94.73233,192.43,-1
30.39967,94.73417,215.44,-1
30.39967,94.73600,215.54,-1
30.39967,94.73783,214.61,-1
30.39967,94.73967,210.94,-1
30.39967,94.74150,204.84,-1
30.39967,94.74333,197.91,-1
30.39967,94.74517,207.90,-1
30.39967,94.74700,208.51,-1
30.39967,94.74883,208.79,-1
30.39967,94.75067,192.47,-1
30.39967,94.75250,200.71,-1
30.39967,94.75433,201.98,-1
30.39967,94.75617,202.01,-1
30.39967,94.75800,204.14,-1
30.39967,94.75983,206.71,-1
30.39967,94.76167,212.99,-1
30.39967,94.76350,206.51,-1
30.39967,94.76533,208.71,-1
30.39967,94.76717,201.73,-1
30.39967,94.76900,217.43,-1
30.39967,94.77083,218.37,-1
30.39967,94.77267,216.73,-1
30.39967,94.77450,215.66,-1
30.39967,94.77633,200.18,-1
30.39967,94.77817,212.34,-1
30.39967,94.78000,212.89,-1
30.39967,94.78183,203.13,-1
30.39967,94.78367,207.70,-1
30.39967,94.78550,206.27,-1
30.39967,94.78733,210.48,-1
30.39967,94.78917,203.10,-1
30.39967,94.79100,216.72,-1
30.39967,94.79283,215.76,-1
30.39967,94.79467,207.50,-1
30.39967,94.79650,209.82,-1
30.39967,94.79833,202.68,-1
30.39967,94.80017,208.28,-1
30.39967,94.80200,218.04,-1
30.39967,94.80383,216.73,-1
30.39967,94.80567,216.30,-1
30.39967,94.80750,219.19,-1
30.39967,94.80933,210.28,-1
30.39967,94.81117,221.02,-1
30.39967,94.81300,224.66,-1
30.39967,94.81483,226.41,-1
30.39967,94.81667,225.18,-1
30.39967,94.81850,226.00,-1
30.39967,94.82033,225.58,-1
30.39967,94.82217,225.14,-1
30.39967,94.82400,225.59,-1
30.39967,94.82583,225.71,-1
30.39967,94.82767,225.71,-1
30.39967,94.82950,225.82,-1
30.39967,94.83133,225.33,-1
30.39967,94.83317,224.16,-1
30.39967,94.83500,223.28,-1
30.39967,94.83683,222.06,-1
30.39967,94.83867,220.97,-1
30.39967,94.84050,219.30,-1
30.39967,94.84233,217.87,-1
30.39967,94.84417,216.63,-1
30.39967,94.84600,214.48,-1
30.39967,94.84783,213.00,-1
30.39967,94.84967,211.98,-1
30.39967,94.85150,210.06,-1
30.39967,94.85333,212.30,-1
30.39967,94.85517,211.92,-1
30.39967,94.85700,211.58,-1
30.39967,94.85883,210.92,-1
30.39967,94.86067,210.02,-1
30.39967,94.86250,193.15,-1
30.39967,94.86433,207.01,-1
30.39967,94.86617,204.91,-1
30.39967,94.86800,208.02,-1
30.39967,94.86983,217.91,-1
30.39967,94.87167,216.98,-1
30.39967,94.87350,223.51,-1
30.39967,94.87533,218.63,-1
30.39967,94.87717,209.88,-1
30.39967,94.87900,221.51,-1
30.39967,94.88083,224.74,-1
30.39967,94.88267,220.58,-1
30.39967,94.88450,220.87,-1
30.39967,94.88633,226.02,-1
30.39967,94.88817,226.54,-1
30.39967,94.89000,227.14,-1
30.40150,94.67000,203.34,-1
30.40150,94.67183,209.64,-1
30.40150,94.67367,198.99,-1
30.40150,94.67550,203.08,-1
30.40150,94.67733,203.88,-1
30.40150,94.67917,202.02,-1
30.40150,94.68100,208.26,-1
30.40150,94.68283,211.44,-1
30.40150,94.68467,212.83,-1
30.40150,94.68650,202.29,-1
30.40150,94.68833,209.22,-1
30.40150,94.69017,188.05,-1
30.40150,94.69200,203.27,-1
30.40150,94.69383,198.17,-1
30.40150,94.69567,197.04,-1
30.40150,94.69750,194.27,-1
30.40150,94.69933,203.84,-1
30.40150,94.70117,205.38,-1
30.40150,94.70300,199.26,-1
30.40150,94.70483,207.25,-1
30.40150,94.70667,197.87,-1
30.40150,94.70850,189.06,-1
30.40150,94.71033,211.81,-1
30.40150,94.71217,195.46,-1
30.40150,94.71400,193.62,-1
30.40150,94.71583,191.96,-1
30.40150,94.71767,186.85,-1
30.40150,94.71950,213.54,-1
30.40150,94.72133,214.29,-1
30.40150,94.72317,189.27,-1
30.40150,94.72500,190.73,-1
30.40150,94.72683,217.95,-1
30.40150,94.72867,219.21,-1
30.40150,94.73050,199.31,-1
30.40150,94.73233,204.49,-1
30.40150,94.73417,194.54,-1
30.40150,94.73600,215.49,-1
30.40150,94.73783,215.09,-1
30.40150,94.73967,194.42,-1
30.40150,94.74150,205.83,-1
30.40150,94.74333,205.36,-1
30.40150,94.74517,208.12,-1
30.40150,94.74700,208.92,-1
30.40150,94.74883,209.71,-1
30.40150,94.75067,204.83,-1
30.40150,94.75250,204.69,-1
30.40150,94.75433,204.38,-1
30.40150,94.75617,205.82,-1
30.40150,94.75800,198.84,-1
30.40150,94.75983,210.80,-1
30.40150,94.76167,214.21,-1
30.40150,94.76350,214.12,-1
30.40150,94.76533,211.18,-1
30.40150,94.76717,212.73,-1
30.40150,94.76900,219.23,-1
30.40150,94.77083,219.70,-1
30.40150,94.77267,203.01,-1
30.40150,94.77450,199.51,-1
30.40150,94.77633,214.48,-1
30.40150,94.77817,216.13,-1
30.40150,94.78000,212.46,-1
30.40150,94.78183,214.16,-1
30.40150,94.78367,207.35,-1
30.40150,94.78550,207.19,-1
30.40150,94.78733,205.27,-1
30.40150,94.78917,213.76,-1
30.40150,94.79100,210.21,-1
30.40150,94.79283,216.20,-1
30.40150,94.79467,207.90,-1
30.40150,94.79650,214.61,-1
30.40150,94.79833,213.43,-1
30.40150,94.80017,209.11,-1
30.40150,94.80200,220.03,-1
30.40150,94.80383,210.68,-1
30.40150,94.80567,214.06,-1
30.40150,94.80750,222.61,-1
30.40150,94.80933,223.20,-1
30.40150,94.81117,226.93,-1
30.40150,94.81300,227.52,-1
30.40150,94.81483,227.05,-1
30.40150,94.81667,227.12,-1
30.40150,94.81850,226.65,-1
30.40150,94.82033,226.64,-1
30.40150,94.82217,226.24,-1
30.40150,94.82400,226.96,-1
30.40150,94.82583,226.98,-1
30.40150,94.82767,226.93,-1
30.40150,94.82950,226.42,-1
30.40150,94.83133,225.31,-1
30.40150,94.83317,224.74,-1
30.40150,94.83500,222.94,-1
30.40150,94.83683,221.71,-1
30.40150,94.83867,220.55,-1
30.40150,94.84050,219.18,-1
30.40150,94.84233,217.26,-1
30.40150,94.84417,216.00,-1
30.40150,94.84600,214.07,-1
30.40150,94.84783,212.00,-1
30.40150,94.84967,211.33,-1
30.40150,94.85150,209.75,-1
30.40150,94.85333,208.75,-1
30.40150,94.85517,211.22,-1
30.40150,94.85700,210.83,-1
30.40150,94.85883,211.05,-1
30.40150,94.86067,210.68,-1
30.40150,94.86250,196.02,-1
30.40150,94.86433,199.96,-1
30.40150,94.86617,208.29,-1
30.40150,94.86800,211.48,-1
30.40150,94.86983,222.78,-1
30.40150,94.87167,231.75,-1
30.40150,94.87350,223.75,-1
30.40150,94.87533,220.25,-1
30.40150,94.87717,227.34,-1
30.40150,94.87900,225.18,-1
30.40150,94.88083,221.84,-1
30.40150,94.88267,219.92,-1
30.40150,94.88450,228.06,-1
30.40150,94.88633,227.59,-1
30.40150,94.88817,226.43,-1
30.40150,94.89000,226.35,-1
30.40333,94.67000,204.29,-1
30.40333,94.67183,202.75,-1
30.40333,94.67367,204.11,-1
30.40333,94.67550,199.58,-1
30.40333,94.67733,202.57,-1
30.40333,94.67917,207.99,-1
30.40333,94.68100,210.30,-1
30.40333,94.68283,210.70,-1
30.40333,94.68467,202.49,-1
30.40333,94.68650,200.73,-1
30.40333,94.68833,205.65,-1
30.40333,94.69017,189.66,-1
30.40333,94.69200,201.75,-1
30.40333,94.69383,202.70,-1
30.40333,94.69567,197.49,-1
30.40333,94.69750,206.87,-1
30.40333,94.69933,202.24,-1
30.40333,94.70117,202.55,-1
30.40333,94.70300,200.48,-1
30.40333,94.70483,199.66,-1
30.40333,94.70667,201.81,-1
30.40333,94.70850,203.44,-1
30.40333,94.71033,210.29,-1
30.40333,94.71217,201.58,-1
30.40333,94.71400,212.45,-1
30.40333,94.71583,192.98,-1
30.40333,94.71767,213.20,-1
30.40333,94.71950,213.82,-1
30.40333,94.72133,215.51,-1
30.40333,94.72317,191.03,-1
30.40333,94.72500,218.48,-1
30.40333,94.72683,219.15,-1
30.40333,94.72867,216.53,-1
30.40333,94.73050,215.46,-1
30.40333,94.73233,215.08,-1
30.40333,94.73417,214.88,-1
30.40333,94.73600,215.18,-1
30.40333,94.73783,214.90,-1
30.40333,94.73967,209.45,-1
30.40333,94.74150,192.51,-1
30.40333,94.74333,206.83,-1
30.40333,94.74517,208.79,-1
30.40333,94.74700,209.56,-1
30.40333,94.74883,210.57,-1
30.40333,94.75067,207.96,-1
30.40333,94.75250,206.38,-1
30.40333,94.75433,195.28,-1
30.40333,94.75617,196.08,-1
30.40333,94.75800,202.47,-1
30.40333,94.75983,213.50,-1
30.40333,94.76167,213.91,-1
30.40333,94.76350,212.90,-1
30.40333,94.76533,215.25,-1
30.40333,94.76717,218.30,-1
30.40333,94.76900,221.21,-1
30.40333,94.77083,221.48,-1
30.40333,94.77267,217.86,-1
30.40333,94.77450,218.66,-1
30.40333,94.77633,204.79,-1
30.40333,94.77817,207.81,-1
30.40333,94.78000,211.40,-1
30.40333,94.78183,214.68,-1
30.40333,94.78367,213.95,-1
30.40333,94.78550,214.39,-1
30.40333,94.78733,214.81,-1
30.40333,94.78917,216.82,-1
30.40333,94.79100,206.15,-1
30.40333,94.79283,220.22,-1
30.40333,94.79467,221.59,-1
30.40333,94.79650,209.17,-1
30.40333,94.79833,205.19,-1
30.40333,94.80017,205.04,-1
30.40333,94.80200,216.00,-1
30.40333,94.80383,221.10,-1
30.40333,94.80567,221.05,-1
30.40333,94.80750,223.98,-1
30.40333,94.80933,226.79,-1
30.40333,94.81117,228.38,-1
30.40333,94.81300,228.24,-1
30.40333,94.81483,227.99,-1
30.40333,94.81667,227.81,-1
30.40333,94.81850,227.05,-1
30.40333,94.82033,227.12,-1
30.40333,94.82217,227.07,-1
30.40333,94.82400,227.89,-1
30.40333,94.82583,227.66,-1
30.40333,94.82767,227.09,-1
30.40333,94.82950,226.37,-1
30.40333,94.83133,225.05,-1
30.40333,94.83317,223.71,-1
30.40333,94.83500,222.55,-1
30.40333,94.83683,221.03,-1
30.40333,94.83867,220.21,-1
30.40333,94.84050,218.68,-1
30.40333,94.84233,216.97,-1
30.40333,94.84417,215.18,-1
30.40333,94.84600,213.87,-1
30.40333,94.84783,212.73,-1
30.40333,94.84967,199.68,-1
30.40333,94.85150,209.69,-1
30.40333,94.85333,208.67,-1
30.40333,94.85517,207.74,-1
30.40333,94.85700,207.76,-1
30.40333,94.85883,189.38,-1
30.40333,94.86067,192.41,-1
30.40333,94.86250,199.32,-1
30.40333,94.86433,206.40,-1
30.40333,94.86617,205.44,-1
30.40333,94.86800,211.35,-1
30.40333,94.86983,230.59,-1
30.40333,94.87167,231.02,-1
30.40333,94.87350,231.08,-1
30.40333,94.87533,224.25,-1
30.40333,94.87717,219.86,-1
30.40333,94.87900,228.61,-1
30.40333,94.88083,228.51,-1
30.40333,94.88267,229.01,-1
30.40333,94.88450,227.80,-1
30.40333,94.88633,225.71,-1
30.40333,94.88817,224.40,-1
30.40333,94.89000,222.72,-1
30.40517,94.67000,208.28,-1
30.40517,94.67183,213.56,-1
30.40517,94.67367,208.92,-1
30.40517,94.67550,200.84,-1
30.40517,94.67733,202.14,-1
30.40517,94.67917,206.71,-1
30.40517,94.68100,208.16,-1
30.40517,94.68283,206.20,-1
30.40517,94.68467,204.64,-1
30.40517,94.68650,213.77,-1
30.40517,94.68833,211.41,-1
30.40517,94.69017,204.12,-1
30.40517,94.69200,208.30,-1
30.40517,94.69383,201.03,-1
30.40517,94.69567,205.53,-1
30.40517,94.69750,206.17,-1
30.40517,94.69933,209.13,-1
30.40517,94.70117,207.28,-1
30.40517,94.70300,207.06,-1
30.40517,94.70483,200.61,-1
30.40517,94.70667,200.06,-1
30.40517,94.70850,196.27,-1
30.40517,94.71033,194.87,-1
30.40517,94.71217,212.02,-1
30.40517,94.71400,212.53,-1
30.40517,94.71583,213.03,-1
30.40517,94.71767,213.44,-1
30.40517,94.71950,215.18,-1
30.40517,94.72133,216.92,-1
30.40517,94.72317,218.38,-1
30.40517,94.72500,198.32,-1
30.40517,94.72683,216.89,-1
30.40517,94.72867,191.80,-1
30.40517,94.73050,195.63,-1
30.40517,94.73233,214.42,-1
30.40517,94.73417,214.39,-1
30.40517,94.73600,214.38,-1
30.40517,94.73783,214.57,-1
30.40517,94.73967,212.19,-1
30.40517,94.74150,210.37,-1
30.40517,94.74333,204.49,-1
30.40517,94.74517,199.07,-1
30.40517,94.74700,210.96,-1
30.40517,94.74883,211.18,-1
30.40517,94.75067,209.21,-1
30.40517,94.75250,210.95,-1
30.40517,94.75433,205.93,-1
30.40517,94.75617,206.54,-1
30.40517,94.75800,212.10,-1
30.40517,94.75983,214.36,-1
30.40517,94.76167,214.84,-1
30.40517,94.76350,213.18,-1
30.40517,94.76533,218.71,-1
30.40517,94.76717,220.68,-1
30.40517,94.76900,222.12,-1
30.40517,94.77083,222.66,-1
30.40517,94.77267,201.31,-1
30.40517,94.77450,219.80,-1
30.40517,94.77633,220.53,-1
30.40517,94.77817,217.78,-1
30.40517,94.78000,219.36,-1
30.40517,94.78183,215.34,-1
30.40517,94.78367,221.96,-1
30.40517,94.78550,216.94,-1
30.40517,94.78733,218.63,-1
30.40517,94.78917,224.40,-1
30.40517,94.79100,215.45,-1
30.40517,94.79283,214.56,-1
30.40517,94.79467,210.36,-1
30.40517,94.79650,211.29,-1
30.40517,94.79833,209.08,-1
30.40517,94.80017,217.66,-1
30.40517,94.80200,215.84,-1
30.40517,94.80383,226.81,-1
30.40517,94.80567,226.14,-1
30.40517,94.80750,226.73,-1
30.40517,94.80933,228.68,-1
30.40517,94.81117,228.96,-1
30.40517,94.81300,228.51,-1
30.40517,94.81483,228.43,-1
30.40517,94.81667,227.94,-1
30.40517,94.81850,227.98,-1
30.40517,94.82033,228.25,-1
30.40517,94.82217,228.99,-1
30.40517,94.82400,228.20,-1
30.40517,94.82583,227.25,-1
30.40517,94.82767,226.17,-1
30.40517,94.82950,225.05,-1
30.40517,94.83133,223.79,-1
30.40517,94.83317,222.61,-1
30.40517,94.83500,221.43,-1
30.40517,94.83683,220.37,-1
30.40517,94.83867,219.62,-1
30.40517,94.84050,218.43,-1
30.40517,94.84233,216.60,-1
30.40517,94.84417,214.49,-1
30.40517,94.84600,212.93,-1
30.40517,94.84783,211.90,-1
30.40517,94.84967,209.98,-1
30.40517,94.85150,209.72,-1
30.40517,94.85333,209.25,-1
30.40517,94.85517,185.47,-1
30.40517,94.85700,191.79,-1
30.40517,94.85883,194.54,-1
30.40517,94.86067,202.10,-1
30.40517,94.86250,207.94,-1
30.40517,94.86433,227.49,-1
30.40517,94.86617,217.31,-1
30.40517,94.86800,225.89,-1
30.40517,94.86983,223.52,-1
30.40517,94.87167,225.73,-1
30.40517,94.87350,227.33,-1
30.40517,94.87533,224.88,-1
30.40517,94.87717,229.18,-1
30.40517,94.87900,229.14,-1
30.40517,94.88083,228.10,-1
30.40517,94.88267,227.80,-1
30.40517,94.88450,226.34,-1
30.40517,94.88633,224.79,-1
30.40517,94.88817,221.87,-1
30.40517,94.89000,220.03,-1
30.40700,94.67000,211.96,-1
30.40700,94.67183,219.45,-1
30.40700,94.67367,208.53,-1
30.40700,94.67550,204.12,-1
30.40700,94.67733,207.42,-1
30.40700,94.67917,204.72,-1
30.40700,94.68100,207.78,-1
30.40700,94.68283,217.18,-1
30.40700,94.68467,220.17,-1
30.40700,94.68650,203.16,-1
30.40700,94.68833,208.14,-1
30.40700,94.69017,204.98,-1
30.40700,94.69200,209.15,-1
30.40700,94.69383,202.78,-1
30.40700,94.69567,203.50,-1
30.40700,94.69750,206.63,-1
30.40700,94.69933,195.79,-1
30.40700,94.70117,206.30,-1
30.40700,94.70300,207.07,-1
30.40700,94.70483,206.74,-1
30.40700,94.70667,202.16,-1
30.40700,94.70850,210.13,-1
30.40700,94.71033,211.91,-1
30.40700,94.71217,190.30,-1
30.40700,94.71400,212.92,-1
30.40700,94.71583,213.24,-1
30.40700,94.71767,214.09,-1
30.40700,94.71950,216.80,-1
30.40700,94.72133,216.81,-1
30.40700,94.72317,216.91,-1
30.40700,94.72500,218.75,-1
30.40700,94.72683,203.40,-1
30.40700,94.72867,197.54,-1
30.40700,94.73050,200.80,-1
30.40700,94.73233,205.35,-1
30.40700,94.73417,211.65,-1
30.40700,94.73600,211.71,-1
30.40700,94.73783,213.98,-1
30.40700,94.73967,213.38,-1
30.40700,94.74150,210.44,-1
30.40700,94.74333,210.64,-1
30.40700,94.74517,209.61,-1
30.40700,94.74700,211.71,-1
30.40700,94.74883,211.75,-1
30.40700,94.75067,208.22,-1
30.40700,94.75250,204.85,-1
30.40700,94.75433,212.18,-1
30.40700,94.75617,212.68,-1
30.40700,94.75800,214.16,-1
30.40700,94.75983,215.25,-1
30.40700,94.76167,214.50,-1
30.40700,94.76350,215.77,-1
30.40700,94.76533,219.45,-1
30.40700,94.76717,221.20,-1
30.40700,94.76900,222.01,-1
30.40700,94.77083,220.90,-1
30.40700,94.77267,219.44,-1
30.40700,94.77450,220.63,-1
30.40700,94.77633,221.07,-1
30.40700,94.77817,217.96,-1
30.40700,94.78000,222.06,-1
30.40700,94.78183,220.41,-1
30.40700,94.78367,220.45,-1
30.40700,94.78550,211.08,-1
30.40700,94.78733,226.35,-1
30.40700,94.78917,218.51,-1
30.40700,94.79100,216.56,-1
30.40700,94.79283,211.94,-1
30.40700,94.79467,216.17,-1
30.40700,94.79650,221.91,-1
30.40700,94.79833,225.96,-1
30.40700,94.80017,223.76,-1
30.40700,94.80200,224.39,-1
30.40700,94.80383,229.59,-1
30.40700,94.80567,228.28,-1
30.40700,94.80750,227.36,-1
30.40700,94.80933,229.32,-1
30.40700,94.81117,229.46,-1
30.40700,94.81300,229.01,-1
30.40700,94.81483,228.88,-1
30.40700,94.81667,228.60,-1
30.40700,94.81850,228.54,-1
30.40700,94.82033,229.25,-1
30.40700,94.82217,228.30,-1
30.40700,94.82400,227.72,-1
30.40700,94.82583,226.34,-1
30.40700,94.82767,225.82,-1
30.40700,94.82950,224.23,-1
30.40700,94.83133,223.02,-1
30.40700,94.83317,221.87,-1
30.40700,94.83500,221.01,-1
30.40700,94.83683,219.85,-1
30.40700,94.83867,218.98,-1
30.40700,94.84050,216.79,-1
30.40700,94.84233,214.98,-1
30.40700,94.84417,213.48,-1
30.40700,94.84600,212.52,-1
30.40700,94.84783,210.69,-1
30.40700,94.84967,209.60,-1
30.40700,94.85150,198.84,-1
30.40700,94.85333,190.24,-1
30.40700,94.85517,194.66,-1
30.40700,94.85700,198.67,-1
30.40700,94.85883,200.47,-1
30.40700,94.86067,206.04,-1
30.40700,94.86250,211.07,-1
30.40700,94.86433,223.09,-1
30.40700,94.86617,222.84,-1
30.40700,94.86800,215.20,-1
30.40700,94.86983,224.67,-1
30.40700,94.87167,224.18,-1
30.40700,94.87350,225.44,-1
30.40700,94.87533,226.46,-1
30.40700,94.87717,226.97,-1
30.40700,94.87900,228.49,-1
30.40700,94.88083,227.81,-1
30.40700,94.88267,225.57,-1
30.40700,94.88450,224.91,-1
30.40700,94.88633,222.14,-1
30.40700,94.88817,220.73,-1
30.40700,94.89000,218.37,-1
30.40883,94.67000,216.16,-1
30.40883,94.67183,213.22,-1
30.40883,94.67367,214.74,-1
30.40883,94.67550,212.06,-1
30.40883,94.67733,214.12,-1
30.40883,94.67917,218.87,-1
30.40883,94.68100,209.55,-1
30.40883,94.68283,220.19,-1
30.40883,94.68467,213.21,-1
30.40883,94.68650,214.11,-1
30.40883,94.68833,200.54,-1
30.40883,94.69017,198.22,-1
30.40883,94.69200,209.26,-1
30.40883,94.69383,206.25,-1
30.40883,94.69567,202.64,-1
30.40883,94.69750,206.97,-1
30.40883,94.69933,207.61,-1
30.40883,94.70117,207.50,-1
30.40883,94.70300,197.22,-1
30.40883,94.70483,203.55,-1
30.40883,94.70667,207.62,-1
30.40883,94.70850,193.24,-1
30.40883,94.71033,212.12,-1
30.40883,94.71217,212.48,-1
30.40883,94.71400,212.97,-1
30.40883,94.71583,195.09,-1
30.40883,94.71767,198.67,-1
30.40883,94.71950,216.75,-1
30.40883,94.72133,217.97,-1
30.40883,94.72317,218.55,-1
30.40883,94.72500,215.98,-1
30.40883,94.72683,202.68,-1
30.40883,94.72867,201.48,-1
30.40883,94.73050,198.89,-1
30.40883,94.73233,210.45,-1
30.40883,94.73417,213.06,-1
30.40883,94.73600,212.77,-1
30.40883,94.73783,205.60,-1
30.40883,94.73967,204.38,-1
30.40883,94.74150,211.74,-1
30.40883,94.74333,211.40,-1
30.40883,94.74517,211.36,-1
30.40883,94.74700,212.23,-1
30.40883,94.74883,212.80,-1
30.40883,94.75067,205.74,-1
30.40883,94.75250,203.08,-1
30.40883,94.75433,199.16,-1
30.40883,94.75617,214.33,-1
30.40883,94.75800,215.18,-1
30.40883,94.75983,215.34,-1
30.40883,94.76167,213.63,-1
30.40883,94.76350,218.73,-1
30.40883,94.76533,219.52,-1
30.40883,94.76717,205.82,-1
30.40883,94.76900,221.44,-1
30.40883,94.77083,202.62,-1
30.40883,94.77267,220.15,-1
30.40883,94.77450,221.35,-1
30.40883,94.77633,222.47,-1
30.40883,94.77817,222.58,-1
30.40883,94.78000,222.89,-1
30.40883,94.78183,221.50,-1
30.40883,94.78367,201.56,-1
30.40883,94.78550,219.18,-1
30.40883,94.78733,222.85,-1
30.40883,94.78917,222.79,-1
30.40883,94.79100,221.23,-1
30.40883,94.79283,211.34,-1
30.40883,94.79467,217.25,-1
30.40883,94.79650,226.66,-1
30.40883,94.79833,223.68,-1
30.40883,94.80017,224.25,-1
30.40883,94.80200,225.59,-1
30.40883,94.80383,229.71,-1
30.40883,94.80567,228.63,-1
30.40883,94.80750,229.71,-1
30.40883,94.80933,229.95,-1
30.40883,94.81117,229.93,-1
30.40883,94.81300,229.37,-1
30.40883,94.81483,228.77,-1
30.40883,94.81667,228.95,-1
30.40883,94.81850,228.92,-1
30.40883,94.82033,228.68,-1
30.40883,94.82217,227.51,-1
30.40883,94.82400,226.99,-1
30.40883,94.82583,225.93,-1
30.40883,94.82767,224.52,-1
30.40883,94.82950,223.23,-1
30.40883,94.83133,222.04,-1
30.40883,94.83317,220.94,-1
30.40883,94.83500,219.83,-1
30.40883,94.83683,218.70,-1
30.40883,94.83867,217.02,-1
30.40883,94.84050,215.33,-1
30.40883,94.84233,214.27,-1
30.40883,94.84417,212.70,-1
30.40883,94.84600,211.69,-1
30.40883,94.84783,211.02,-1
30.40883,94.84967,199.73,-1
30.40883,94.85150,208.34,-1
30.40883,94.85333,192.66,-1
30.40883,94.85517,197.46,-1
30.40883,94.85700,201.31,-1
30.40883,94.85883,202.09,-1
30.40883,94.86067,209.66,-1
30.40883,94.86250,216.27,-1
30.40883,94.86433,223.57,-1
30.40883,94.86617,212.34,-1
30.40883,94.86800,224.05,-1
30.40883,94.86983,224.03,-1
30.40883,94.87167,225.58,-1
30.40883,94.87350,225.18,-1
30.40883,94.87533,224.91,-1
30.40883,94.87717,225.02,-1
30.40883,94.87900,223.63,-1
30.40883,94.88083,226.49,-1
30.40883,94.88267,223.71,-1
30.40883,94.88450,221.55,-1
30.40883,94.88633,219.37,-1
30.40883,94.88817,217.72,-1
30.40883,94.89000,216.68,-1
30.41067,94.67000,210.44,-1
30.41067,94.67183,208.82,-1
30.41067,94.67367,212.38,-1
30.41067,94.67550,217.63,-1
30.41067,94.67733,220.17,-1
30.41067,94.67917,218.71,-1
30.41067,94.68100,219.92,-1
30.41067,94.68283,214.15,-1
30.41067,94.68467,212.57,-1
30.41067,94.68650,213.29,-1
30.41067,94.68833,207.89,-1
30.41067,94.69017,204.05,-1
30.41067,94.69200,208.90,-1
30.41067,94.69383,209.51,-1
30.41067,94.69567,206.05,-1
30.41067,94.69750,204.91,-1
30.41067,94.69933,200.25,-1
30.41067,94.70117,208.26,-1
30.41067,94.70300,200.82,-1
30.41067,94.70483,197.33,-1
30.41067,94.70667,197.85,-1
30.41067,94.70850,194.88,-1
30.41067,94.71033,212.15,-1
30.41067,94.71217,188.45,-1
30.41067,94.71400,212.99,-1
30.41067,94.71583,192.50,-1
30.41067,94.71767,191.08,-1
30.41067,94.71950,195.71,-1
30.41067,94.72133,192.68,-1
30.41067,94.72317,216.43,-1
30.41067,94.72500,214.93,-1
30.41067,94.72683,204.71,-1
30.41067,94.72867,200.66,-1
30.41067,94.73050,207.16,-1
30.41067,94.73233,212.20,-1
30.41067,94.73417,213.09,-1
30.41067,94.73600,209.51,-1
30.41067,94.73783,205.94,-1
30.41067,94.73967,196.09,-1
30.41067,94.74150,212.82,-1
30.41067,94.74333,194.80,-1
30.41067,94.74517,197.68,-1
30.41067,94.74700,212.51,-1
30.41067,94.74883,213.51,-1
30.41067,94.75067,209.70,-1
30.41067,94.75250,214.84,-1
30.41067,94.75433,215.99,-1
30.41067,94.75617,215.08,-1
30.41067,94.75800,215.63,-1
30.41067,94.75983,215.83,-1
30.41067,94.76167,219.08,-1
30.41067,94.76350,219.69,-1
30.41067,94.76533,220.47,-1
30.41067,94.76717,222.16,-1
30.41067,94.76900,222.33,-1
30.41067,94.77083,201.46,-1
30.41067,94.77267,203.73,-1
30.41067,94.77450,222.11,-1
30.41067,94.77633,223.94,-1
30.41067,94.77817,223.29,-1
30.41067,94.78000,224.34,-1
30.41067,94.78183,225.10,-1
30.41067,94.78367,226.62,-1
30.41067,94.78550,222.97,-1
30.41067,94.78733,221.61,-1
30.41067,94.78917,223.46,-1
30.41067,94.79100,224.65,-1
30.41067,94.79283,220.31,-1
30.41067,94.79467,224.55,-1
30.41067,94.79650,228.45,-1
30.41067,94.79833,227.79,-1
30.41067,94.80017,226.41,-1
30.41067,94.80200,227.00,-1
30.41067,94.80383,229.89,-1
30.41067,94.80567,229.08,-1
30.41067,94.80750,230.01,-1
30.41067,94.80933,230.09,-1
30.41067,94.81117,229.94,-1
30.41067,94.81300,229.80,-1
30.41067,94.81483,229.70,-1
30.41067,94.81667,229.14,-1
30.41067,94.81850,229.19,-1
30.41067,94.82033,228.22,-1
30.41067,94.82217,226.98,-1
30.41067,94.82400,226.01,-1
30.41067,94.82583,224.93,-1
30.41067,94.82767,223.56,-1
30.41067,94.82950,222.59,-1
30.41067,94.83133,221.08,-1
30.41067,94.83317,219.70,-1
30.41067,94.83500,218.50,-1
30.41067,94.83683,217.23,-1
30.41067,94.83867,215.72,-1
30.41067,94.84050,214.79,-1
30.41067,94.84233,213.72,-1
30.41067,94.84417,212.61,-1
30.41067,94.84600,186.51,-1
30.41067,94.84783,211.10,-1
30.41067,94.84967,191.68,-1
30.41067,94.85150,203.56,-1
30.41067,94.85333,207.62,-1
30.41067,94.85517,201.76,-1
30.41067,94.85700,199.18,-1
30.41067,94.85883,203.86,-1
30.41067,94.86067,206.87,-1
30.41067,94.86250,215.64,-1
30.41067,94.86433,220.15,-1
30.41067,94.86617,222.43,-1
30.41067,94.86800,224.48,-1
30.41067,94.86983,224.47,-1
30.41067,94.87167,224.37,-1
30.41067,94.87350,224.80,-1
30.41067,94.87533,223.21,-1
30.41067,94.87717,224.91,-1
30.41067,94.87900,225.08,-1
30.41067,94.88083,223.87,-1
30.41067,94.88267,221.27,-1
30.41067,94.88450,219.33,-1
30.41067,94.88633,217.53,-1
30.41067,94.88817,215.54,-1
30.41067,94.89000,214.88,-1
30.41250,94.67000,212.11,-1
30.41250,94.67183,213.48,-1
30.41250,94.67367,218.24,-1
30.41250,94.67550,220.46,-1
30.41250,94.67733,222.81,-1
30.41250,94.67917,220.43,-1
30.41250,94.68100,217.88,-1
30.41250,94.68283,215.61,-1
30.41250,94.68467,207.60,-1
30.41250,94.68650,210.57,-1
30.41250,94.68833,211.70,-1
30.41250,94.69017,211.07,-1
30.41250,94.69200,208.99,-1
30.41250,94.69383,206.48,-1
30.41250,94.69567,201.48,-1
30.41250,94.69750,208.60,-1
30.41250,94.69933,201.07,-1
30.41250,94.70117,207.92,-1
30.41250,94.70300,192.45,-1
30.41250,94.70483,208.22,-1
30.41250,94.70667,192.19,-1
30.41250,94.70850,211.14,-1
30.41250,94.71033,211.93,-1
30.41250,94.71217,212.84,-1
30.41250,94.71400,214.48,-1
30.41250,94.71583,216.03,-1
30.41250,94.71767,217.77,-1
30.41250,94.71950,216.42,-1
30.41250,94.72133,218.20,-1
30.41250,94.72317,215.61,-1
30.41250,94.72500,214.49,-1
30.41250,94.72683,206.51,-1
30.41250,94.72867,206.78,-1
30.41250,94.73050,209.76,-1
30.41250,94.73233,211.62,-1
30.41250,94.73417,209.49,-1
30.41250,94.73600,207.08,-1
30.41250,94.73783,208.22,-1
30.41250,94.73967,205.56,-1
30.41250,94.74150,195.51,-1
30.41250,94.74333,211.41,-1
30.41250,94.74517,211.65,-1
30.41250,94.74700,212.49,-1
30.41250,94.74883,193.24,-1
30.41250,94.75067,215.38,-1
30.41250,94.75250,216.70,-1
30.41250,94.75433,217.19,-1
30.41250,94.75617,217.73,-1
30.41250,94.75800,216.05,-1
30.41250,94.75983,216.94,-1
30.41250,94.76167,204.36,-1
30.41250,94.76350,215.05,-1
30.41250,94.76533,207.59,-1
30.41250,94.76717,205.10,-1
30.41250,94.76900,205.44,-1
30.41250,94.77083,222.50,-1
30.41250,94.77267,222.29,-1
30.41250,94.77450,223.84,-1
30.41250,94.77633,204.85,-1
30.41250,94.77817,224.73,-1
30.41250,94.78000,226.10,-1
30.41250,94.78183,226.80,-1
30.41250,94.78367,227.44,-1
30.41250,94.78550,217.41,-1
30.41250,94.78733,220.43,-1
30.41250,94.78917,227.26,-1
30.41250,94.79100,226.91,-1
30.41250,94.79283,224.17,-1
30.41250,94.79467,225.91,-1
30.41250,94.79650,228.16,-1
30.41250,94.79833,229.43,-1
30.41250,94.80017,230.07,-1
30.41250,94.80200,231.44,-1
30.41250,94.80383,232.06,-1
30.41250,94.80567,229.70,-1
30.41250,94.80750,230.50,-1
30.41250,94.80933,230.36,-1
30.41250,94.81117,230.35,-1
30.41250,94.81300,230.26,-1
30.41250,94.81483,229.73,-1
30.41250,94.81667,229.14,-1
30.41250,94.81850,228.09,-1
30.41250,94.82033,226.92,-1
30.41250,94.82217,226.26,-1
30.41250,94.82400,225.03,-1
30.41250,94.82583,223.99,-1
30.41250,94.82767,222.81,-1
30.41250,94.82950,221.34,-1
30.41250,94.83133,220.01,-1
30.41250,94.83317,218.97,-1
30.41250,94.83500,217.69,-1
30.41250,94.83683,216.37,-1
30.41250,94.83867,215.26,-1
30.41250,94.84050,214.31,-1
30.41250,94.84233,213.55,-1
30.41250,94.84417,212.36,-1
30.41250,94.84600,211.94,-1
30.41250,94.84783,195.96,-1
30.41250,94.84967,198.95,-1
30.41250,94.85150,199.76,-1
30.41250,94.85333,202.80,-1
30.41250,94.85517,205.75,-1
30.41250,94.85700,203.73,-1
30.41250,94.85883,206.92,-1
30.41250,94.86067,208.16,-1
30.41250,94.86250,209.62,-1
30.41250,94.86433,221.42,-1
30.41250,94.86617,220.16,-1
30.41250,94.86800,223.94,-1
30.41250,94.86983,223.87,-1
30.41250,94.87167,224.74,-1
30.41250,94.87350,225.66,-1
30.41250,94.87533,223.87,-1
30.41250,94.87717,222.83,-1
30.41250,94.87900,222.29,-1
30.41250,94.88083,222.04,-1
30.41250,94.88267,219.88,-1
30.41250,94.88450,216.70,-1
30.41250,94.88633,215.68,-1
30.41250,94.88817,213.66,-1
30.41250,94.89000,211.65,-1
30.41433,94.67000,214.44,-1
30.41433,94.67183,216.90,-1
30.41433,94.67367,220.24,-1
30.41433,94.67550,222.77,-1
30.41433,94.67733,218.66,-1
30.41433,94.67917,217.85,-1
30.41433,94.68100,216.80,-1
30.41433,94.68283,217.07,-1
30.41433,94.68467,216.82,-1
30.41433,94.68650,216.06,-1
30.41433,94.68833,208.06,-1
30.41433,94.69017,213.08,-1
30.41433,94.69200,211.85,-1
30.41433,94.69383,207.37,-1
30.41433,94.69567,198.91,-1
30.41433,94.69750,204.10,-1
30.41433,94.69933,196.90,-1
30.41433,94.70117,208.51,-1
30.41433,94.70300,208.35,-1
30.41433,94.70483,192.03,-1
30.41433,94.70667,209.26,-1
30.41433,94.70850,211.11,-1
30.41433,94.71033,193.94,-1
30.41433,94.71217,214.33,-1
30.41433,94.71400,215.99,-1
30.41433,94.71583,217.67,-1
30.41433,94.71767,216.43,-1
30.41433,94.71950,218.12,-1
30.41433,94.72133,215.40,-1
30.41433,94.72317,214.44,-1
30.41433,94.72500,190.92,-1
30.41433,94.72683,214.43,-1
30.41433,94.72867,208.49,-1
30.41433,94.73050,209.32,-1
30.41433,94.73233,209.64,-1
30.41433,94.73417,208.48,-1
30.41433,94.73600,206.60,-1
30.41433,94.73783,203.03,-1
30.41433,94.73967,205.31,-1
30.41433,94.74150,201.71,-1
30.41433,94.74333,211.60,-1
30.41433,94.74517,200.62,-1
30.41433,94.74700,212.43,-1
30.41433,94.74883,213.85,-1
30.41433,94.75067,215.61,-1
30.41433,94.75250,216.44,-1
30.41433,94.75433,216.81,-1
30.41433,94.75617,218.13,-1
30.41433,94.75800,205.91,-1
30.41433,94.75983,214.02,-1
30.41433,94.76167,215.28,-1
30.41433,94.76350,208.38,-1
30.41433,94.76533,208.80,-1
30.41433,94.76717,214.48,-1
30.41433,94.76900,213.36,-1
30.41433,94.77083,210.40,-1
30.41433,94.77267,223.04,-1
30.41433,94.77450,224.00,-1
30.41433,94.77633,225.81,-1
30.41433,94.77817,226.00,-1
30.41433,94.78000,226.12,-1
30.41433,94.78183,226.94,-1
30.41433,94.78367,228.03,-1
30.41433,94.78550,227.05,-1
30.41433,94.78733,226.74,-1
30.41433,94.78917,229.40,-1
30.41433,94.79100,229.09,-1
30.41433,94.79283,228.37,-1
30.41433,94.79467,228.31,-1
30.41433,94.79650,228.18,-1
30.41433,94.79833,229.31,-1
30.41433,94.80017,231.73,-1
30.41433,94.80200,231.66,-1
30.41433,94.80383,232.58,-1
30.41433,94.80567,232.31,-1
30.41433,94.80750,231.55,-1
30.41433,94.80933,230.77,-1
30.41433,94.81117,230.36,-1
30.41433,94.81300,229.82,-1
30.41433,94.81483,229.10,-1
30.41433,94.81667,228.45,-1
30.41433,94.81850,226.95,-1
30.41433,94.82033,226.20,-1
30.41433,94.82217,225.37,-1
30.41433,94.82400,223.99,-1
30.41433,94.82583,222.94,-1
30.41433,94.82767,222.05,-1
30.41433,94.82950,220.99,-1
30.41433,94.83133,219.74,-1
30.41433,94.83317,218.68,-1
30.41433,94.83500,217.02,-1
30.41433,94.83683,216.70,-1
30.41433,94.83867,215.57,-1
30.41433,94.84050,188.38,-1
30.41433,94.84233,191.62,-1
30.41433,94.84417,194.80,-1
30.41433,94.84600,201.49,-1
30.41433,94.84783,207.52,-1
30.41433,94.84967,208.77,-1
30.41433,94.85150,211.58,-1
30.41433,94.85333,215.76,-1
30.41433,94.85517,213.32,-1
30.41433,94.85700,218.00,-1
30.41433,94.85883,220.42,-1
30.41433,94.86067,212.08,-1
30.41433,94.86250,204.56,-1
30.41433,94.86433,213.53,-1
30.41433,94.86617,217.91,-1
30.41433,94.86800,221.19,-1
30.41433,94.86983,223.63,-1
30.41433,94.87167,223.70,-1
30.41433,94.87350,224.54,-1
30.41433,94.87533,223.90,-1
30.41433,94.87717,221.53,-1
30.41433,94.87900,220.21,-1
30.41433,94.88083,219.04,-1
30.41433,94.88267,218.57,-1
30.41433,94.88450,215.73,-1
30.41433,94.88633,212.07,-1
30.41433,94.88817,211.71,-1
30.41433,94.89000,210.37,-1
30.41617,94.67000,218.09,-1
30.41617,94.67183,220.40,-1
30.41617,94.67367,221.99,-1
30.41617,94.67550,217.48,-1
30.41617,94.67733,216.41,-1
30.41617,94.67917,216.36,-1
30.41617,94.68100,219.08,-1
30.41617,94.68283,206.05,-1
30.41617,94.68467,215.04,-1
30.41617,94.68650,215.70,-1
30.41617,94.68833,214.22,-1
30.41617,94.69017,214.29,-1
30.41617,94.69200,211.80,-1
30.41617,94.69383,205.05,-1
30.41617,94.69567,210.30,-1
30.41617,94.69750,197.30,-1
30.41617,94.69933,193.62,-1
30.41617,94.70117,199.79,-1
30.41617,94.70300,199.57,-1
30.41617,94.70483,192.84,-1
30.41617,94.70667,192.34,-1
30.41617,94.70850,211.99,-1
30.41617,94.71033,213.36,-1
30.41617,94.71217,215.74,-1
30.41617,94.71400,200.66,-1
30.41617,94.71583,198.78,-1
30.41617,94.71767,218.05,-1
30.41617,94.71950,215.24,-1
30.41617,94.72133,214.15,-1
30.41617,94.72317,214.12,-1
30.41617,94.72500,194.15,-1
30.41617,94.72683,214.63,-1
30.41617,94.72867,214.79,-1
30.41617,94.73050,208.50,-1
30.41617,94.73233,214.43,-1
30.41617,94.73417,213.83,-1
30.41617,94.73600,206.45,-1
30.41617,94.73783,212.74,-1
30.41617,94.73967,202.95,-1
30.41617,94.74150,197.05,-1
30.41617,94.74333,200.69,-1
30.41617,94.74517,216.03,-1
30.41617,94.74700,209.83,-1
30.41617,94.74883,203.48,-1
30.41617,94.75067,211.53,-1
30.41617,94.75250,207.04,-1
30.41617,94.75433,211.75,-1
30.41617,94.75617,218.32,-1
30.41617,94.75800,209.02,-1
30.41617,94.75983,215.75,-1
30.41617,94.76167,219.30,-1
30.41617,94.76350,217.16,-1
30.41617,94.76533,216.83,-1
30.41617,94.76717,215.05,-1
30.41617,94.76900,220.09,-1
30.41617,94.77083,219.60,-1
30.41617,94.77267,216.04,-1
30.41617,94.77450,209.42,-1
30.41617,94.77633,226.82,-1
30.41617,94.77817,227.35,-1
30.41617,94.78000,226.75,-1
30.41617,94.78183,227.37,-1
30.41617,94.78367,215.59,-1
30.41617,94.78550,226.91,-1
30.41617,94.78733,229.24,-1
30.41617,94.78917,230.35,-1
30.41617,94.79100,230.42,-1
30.41617,94.79283,229.87,-1
30.41617,94.79467,229.79,-1
30.41617,94.79650,230.64,-1
30.41617,94.79833,227.47,-1
30.41617,94.80017,232.40,-1
30.41617,94.80200,232.49,-1
30.41617,94.80383,233.13,-1
30.41617,94.80567,232.66,-1
30.41617,94.80750,231.38,-1
30.41617,94.80933,230.19,-1
30.41617,94.81117,229.72,-1
30.41617,94.81300,228.69,-1
30.41617,94.81483,227.95,-1
30.41617,94.81667,227.37,-1
30.41617,94.81850,226.52,-1
30.41617,94.82033,225.28,-1
30.41617,94.82217,224.21,-1
30.41617,94.82400,223.64,-1
30.41617,94.82583,222.28,-1
30.41617,94.82767,221.25,-1
30.41617,94.82950,220.57,-1
30.41617,94.83133,219.23,-1
30.41617,94.83317,219.02,-1
30.41617,94.83500,217.43,-1
30.41617,94.83683,216.28,-1
30.41617,94.83867,215.68,-1
30.41617,94.84050,197.46,-1
30.41617,94.84233,202.02,-1
30.41617,94.84417,197.89,-1
30.41617,94.84600,208.00,-1
30.41617,94.84783,213.56,-1
30.41617,94.84967,211.25,-1
30.41617,94.85150,214.01,-1
30.41617,94.85333,216.83,-1
30.41617,94.85517,218.11,-1
30.41617,94.85700,208.83,-1
30.41617,94.85883,212.43,-1
30.41617,94.86067,218.53,-1
30.41617,94.86250,233.65,-1
30.41617,94.86433,213.82,-1
30.41617,94.86617,217.86,-1
30.41617,94.86800,220.91,-1
30.41617,94.86983,221.61,-1
30.41617,94.87167,223.80,-1
30.41617,94.87350,215.36,-1
30.41617,94.87533,221.36,-1
30.41617,94.87717,221.30,-1
30.41617,94.87900,219.87,-1
30.41617,94.88083,217.56,-1
30.41617,94.88267,214.83,-1
30.41617,94.88450,213.87,-1
30.41617,94.88633,211.45,-1
30.41617,94.88817,209.13,-1
30.41617,94.89000,209.49,-1
30.41800,94.67000,220.82,-1
30.41800,94.67183,221.07,-1
30.41800,94.67367,218.05,-1
30.41800,94.67550,217.20,-1
30.41800,94.67733,217.53,-1
30.41800,94.67917,218.32,-1
30.41800,94.68100,217.99,-1
30.41800,94.68283,217.37,-1
30.41800,94.68467,216.67,-1
30.41800,94.68650,216.71,-1
30.41800,94.68833,215.75,-1
30.41800,94.69017,210.30,-1
30.41800,94.69200,208.24,-1
30.41800,94.69383,202.56,-1
30.41800,94.69567,202.59,-1
30.41800,94.69750,196.66,-1
30.41800,94.69933,197.06,-1
30.41800,94.70117,190.72,-1
30.41800,94.70300,200.89,-1
30.41800,94.70483,195.79,-1
30.41800,94.70667,197.12,-1
30.41800,94.70850,195.29,-1
30.41800,94.71033,191.81,-1
30.41800,94.71217,202.51,-1
30.41800,94.71400,201.05,-1
30.41800,94.71583,199.34,-1
30.41800,94.71767,217.86,-1
30.41800,94.71950,193.29,-1
30.41800,94.72133,213.80,-1
30.41800,94.72317,213.74,-1
30.41800,94.72500,213.86,-1
30.41800,94.72683,214.36,-1
30.41800,94.72867,214.68,-1
30.41800,94.73050,214.74,-1
30.41800,94.73233,214.18,-1
30.41800,94.73417,213.86,-1
30.41800,94.73600,213.13,-1
30.41800,94.73783,213.01,-1
30.41800,94.73967,212.81,-1
30.41800,94.74150,203.92,-1
30.41800,94.74333,218.20,-1
30.41800,94.74517,222.14,-1
30.41800,94.74700,220.16,-1
30.41800,94.74883,210.63,-1
30.41800,94.75067,216.31,-1
30.41800,94.75250,220.17,-1
30.41800,94.75433,218.06,-1
30.41800,94.75617,213.67,-1
30.41800,94.75800,211.68,-1
30.41800,94.75983,216.83,-1
30.41800,94.76167,216.68,-1
30.41800,94.76350,216.72,-1
30.41800,94.76533,217.29,-1
30.41800,94.76717,205.05,-1
30.41800,94.76900,221.66,-1
30.41800,94.77083,219.55,-1
30.41800,94.77267,211.82,-1
30.41800,94.77450,215.35,-1
30.41800,94.77633,218.11,-1
30.41800,94.77817,213.04,-1
30.41800,94.78000,227.45,-1
30.41800,94.78183,227.66,-1
30.41800,94.78367,218.77,-1
30.41800,94.78550,228.95,-1
30.41800,94.78733,229.90,-1
30.41800,94.78917,230.42,-1
30.41800,94.79100,230.76,-1
30.41800,94.79283,230.48,-1
30.41800,94.79467,230.21,-1
30.41800,94.79650,230.61,-1
30.41800,94.79833,232.04,-1
30.41800,94.80017,233.26,-1
30.41800,94.80200,233.42,-1
30.41800,94.80383,233.01,-1
30.41800,94.80567,231.79,-1
30.41800,94.80750,230.35,-1
30.41800,94.80933,229.41,-1
30.41800,94.81117,228.54,-1
30.41800,94.81300,227.54,-1
30.41800,94.81483,227.13,-1
30.41800,94.81667,226.25,-1
30.41800,94.81850,225.27,-1
30.41800,94.82033,224.25,-1
30.41800,94.82217,223.11,-1
30.41800,94.82400,222.86,-1
30.41800,94.82583,221.94,-1
30.41800,94.82767,220.45,-1
30.41800,94.82950,220.10,-1
30.41800,94.83133,219.49,-1
30.41800,94.83317,218.17,-1
30.41800,94.83500,217.43,-1
30.41800,94.83683,217.16,-1
30.41800,94.83867,196.99,-1
30.41800,94.84050,203.87,-1
30.41800,94.84233,204.27,-1
30.41800,94.84417,209.52,-1
30.41800,94.84600,215.19,-1
30.41800,94.84783,219.00,-1
30.41800,94.84967,216.74,-1
30.41800,94.85150,220.13,-1
30.41800,94.85333,219.75,-1
30.41800,94.85517,220.16,-1
30.41800,94.85700,219.91,-1
30.41800,94.85883,218.34,-1
30.41800,94.86067,212.19,-1
30.41800,94.86250,207.44,-1
30.41800,94.86433,222.59,-1
30.41800,94.86617,218.19,-1
30.41800,94.86800,221.64,-1
30.41800,94.86983,222.41,-1
30.41800,94.87167,221.82,-1
30.41800,94.87350,222.67,-1
30.41800,94.87533,220.84,-1
30.41800,94.87717,219.42,-1
30.41800,94.87900,218.19,-1
30.41800,94.88083,216.18,-1
30.41800,94.88267,213.73,-1
30.41800,94.88450,211.45,-1
30.41800,94.88633,209.24,-1
30.41800,94.88817,208.28,-1
30.41800,94.89000,207.03,-1
30.41983,94.67000,218.59,-1
30.41983,94.67183,216.92,-1
30.41983,94.67367,216.19,-1
30.41983,94.67550,217.76,-1
30.41983,94.67733,216.76,-1
30.41983,94.67917,217.48,-1
30.41983,94.68100,216.83,-1
30.41983,94.68283,216.07,-1
30.41983,94.68467,215.70,-1
30.41983,94.68650,215.28,-1
30.41983,94.68833,212.70,-1
30.41983,94.69017,210.85,-1
30.41983,94.69200,198.69,-1
30.41983,94.69383,195.91,-1
30.41983,94.69567,201.54,-1
30.41983,94.69750,201.63,-1
30.41983,94.69933,199.11,-1
30.41983,94.70117,198.82,-1
30.41983,94.70300,202.36,-1
30.41983,94.70483,198.07,-1
30.41983,94.70667,198.09,-1
30.41983,94.70850,199.32,-1
30.41983,94.71033,202.78,-1
30.41983,94.71217,207.73,-1
30.41983,94.71400,211.47,-1
30.41983,94.71583,216.07,-1
30.41983,94.71767,219.39,-1
30.41983,94.71950,218.70,-1
30.41983,94.72133,206.36,-1
30.41983,94.72317,208.71,-1
30.41983,94.72500,208.41,-1
30.41983,94.72683,196.51,-1
30.41983,94.72867,214.39,-1
30.41983,94.73050,214.47,-1
30.41983,94.73233,214.13,-1
30.41983,94.73417,194.13,-1
30.41983,94.73600,212.91,-1
30.41983,94.73783,213.02,-1
30.41983,94.73967,221.08,-1
30.41983,94.74150,205.86,-1
30.41983,94.74333,221.56,-1
30.41983,94.74517,212.06,-1
30.41983,94.74700,221.46,-1
30.41983,94.74883,219.35,-1
30.41983,94.75067,210.61,-1
30.41983,94.75250,223.52,-1
30.41983,94.75433,222.62,-1
30.41983,94.75617,210.84,-1
30.41983,94.75800,210.03,-1
30.41983,94.75983,219.31,-1
30.41983,94.76167,204.55,-1
30.41983,94.76350,204.68,-1
30.41983,94.76533,217.88,-1
30.41983,94.76717,219.40,-1
30.41983,94.76900,220.12,-1
30.41983,94.77083,219.28,-1
30.41983,94.77267,210.67,-1
30.41983,94.77450,204.76,-1
30.41983,94.77633,219.73,-1
30.41983,94.77817,219.21,-1
30.41983,94.78000,217.82,-1
30.41983,94.78183,232.34,-1
30.41983,94.78367,219.70,-1
30.41983,94.78550,229.03,-1
30.41983,94.78733,231.61,-1
30.41983,94.78917,231.37,-1
30.41983,94.79100,230.72,-1
30.41983,94.79283,230.65,-1
30.41983,94.79467,230.37,-1
30.41983,94.79650,230.13,-1
30.41983,94.79833,232.48,-1
30.41983,94.80017,233.15,-1
30.41983,94.80200,233.23,-1
30.41983,94.80383,232.28,-1
30.41983,94.80567,231.22,-1
30.41983,94.80750,229.85,-1
30.41983,94.80933,228.71,-1
30.41983,94.81117,227.63,-1
30.41983,94.81300,227.04,-1
30.41983,94.81483,226.28,-1
30.41983,94.81667,225.50,-1
30.41983,94.81850,224.65,-1
30.41983,94.82033,223.29,-1
30.41983,94.82217,222.71,-1
30.41983,94.82400,221.92,-1
30.41983,94.82583,221.32,-1
30.41983,94.82767,220.14,-1
30.41983,94.82950,219.58,-1
30.41983,94.83133,194.18,-1
30.41983,94.83317,218.16,-1
30.41983,94.83500,191.48,-1
30.41983,94.83683,198.74,-1
30.41983,94.83867,210.04,-1
30.41983,94.84050,204.46,-1
30.41983,94.84233,213.58,-1
30.41983,94.84417,217.19,-1
30.41983,94.84600,219.89,-1
30.41983,94.84783,216.54,-1
30.41983,94.84967,218.83,-1
30.41983,94.85150,220.99,-1
30.41983,94.85333,221.97,-1
30.41983,94.85517,219.86,-1
30.41983,94.85700,220.94,-1
30.41983,94.85883,220.28,-1
30.41983,94.86067,219.85,-1
30.41983,94.86250,221.53,-1
30.41983,94.86433,220.98,-1
30.41983,94.86617,221.55,-1
30.41983,94.86800,221.87,-1
30.41983,94.86983,222.33,-1
30.41983,94.87167,222.25,-1
30.41983,94.87350,220.06,-1
30.41983,94.87533,222.35,-1
30.41983,94.87717,218.30,-1
30.41983,94.87900,216.67,-1
30.41983,94.88083,214.79,-1
30.41983,94.88267,212.73,-1
30.41983,94.88450,213.26,-1
30.41983,94.88633,211.54,-1
30.41983,94.88817,210.32,-1
30.41983,94.89000,208.79,-1
30.42167,94.67000,215.82,-1
30.42167,94.67183,215.16,-1
30.42167,94.67367,216.96,-1
30.42167,94.67550,215.22,-1
30.42167,94.67733,216.72,-1
30.42167,94.67917,216.21,-1
30.42167,94.68100,216.39,-1
30.42167,94.68283,215.77,-1
30.42167,94.68467,214.99,-1
30.42167,94.68650,214.58,-1
30.42167,94.68833,214.39,-1
30.42167,94.69017,213.23,-1
30.42167,94.69200,211.36,-1
30.42167,94.69383,204.68,-1
30.42167,94.69567,193.29,-1
30.42167,94.69750,198.51,-1
30.42167,94.69933,201.78,-1
30.42167,94.70117,204.80,-1
30.42167,94.70300,203.75,-1
30.42167,94.70483,200.64,-1
30.42167,94.70667,204.52,-1
30.42167,94.70850,204.01,-1
30.42167,94.71033,199.65,-1
30.42167,94.71217,203.30,-1
30.42167,94.71400,215.45,-1
30.42167,94.71583,216.17,-1
30.42167,94.71767,218.06,-1
30.42167,94.71950,220.42,-1
30.42167,94.72133,222.74,-1
30.42167,94.72317,220.78,-1
30.42167,94.72500,219.45,-1
30.42167,94.72683,216.48,-1
30.42167,94.72867,219.24,-1
30.42167,94.73050,213.75,-1
30.42167,94.73233,213.52,-1
30.42167,94.73417,213.36,-1
30.42167,94.73600,218.47,-1
30.42167,94.73783,218.86,-1
30.42167,94.73967,217.86,-1
30.42167,94.74150,214.96,-1
30.42167,94.74333,224.40,-1
30.42167,94.74517,218.89,-1
30.42167,94.74700,219.43,-1
30.42167,94.74883,218.37,-1
30.42167,94.75067,220.24,-1
30.42167,94.75250,223.91,-1
30.42167,94.75433,221.38,-1
30.42167,94.75617,218.61,-1
30.42167,94.75800,214.02,-1
30.42167,94.75983,219.46,-1
30.42167,94.76167,219.46,-1
30.42167,94.76350,219.32,-1
30.42167,94.76533,218.53,-1
30.42167,94.76717,207.69,-1
30.42167,94.76900,204.33,-1
30.42167,94.77083,219.68,-1
30.42167,94.77267,214.60,-1
30.42167,94.77450,213.11,-1
30.42167,94.77633,219.55,-1
30.42167,94.77817,214.20,-1
30.42167,94.78000,219.92,-1
30.42167,94.78183,232.27,-1
30.42167,94.78367,218.08,-1
30.42167,94.78550,230.02,-1
30.42167,94.78733,231.76,-1
30.42167,94.78917,231.35,-1
30.42167,94.79100,230.89,-1
30.42167,94.79283,230.68,-1
30.42167,94.79467,230.82,-1
30.42167,94.79650,231.53,-1
30.42167,94.79833,232.32,-1
30.42167,94.80017,232.81,-1
30.42167,94.80200,232.44,-1
30.42167,94.80383,231.34,-1
30.42167,94.80567,230.42,-1
30.42167,94.80750,229.15,-1
30.42167,94.80933,227.67,-1
30.42167,94.81117,226.42,-1
30.42167,94.81300,226.09,-1
30.42167,94.81483,225.13,-1
30.42167,94.81667,224.90,-1
30.42167,94.81850,223.86,-1
30.42167,94.82033,223.02,-1
30.42167,94.82217,221.81,-1
30.42167,94.82400,221.21,-1
30.42167,94.82583,221.06,-1
30.42167,94.82767,220.32,-1
30.42167,94.82950,219.24,-1
30.42167,94.83133,195.54,-1
30.42167,94.83317,196.47,-1
30.42167,94.83500,196.16,-1
30.42167,94.83683,207.17,-1
30.42167,94.83867,212.34,-1
30.42167,94.84050,211.32,-1
30.42167,94.84233,211.99,-1
30.42167,94.84417,215.32,-1
30.42167,94.84600,208.35,-1
30.42167,94.84783,208.81,-1
30.42167,94.84967,216.12,-1
30.42167,94.85150,216.50,-1
30.42167,94.85333,209.62,-1
30.42167,94.85517,221.66,-1
30.42167,94.85700,221.72,-1
30.42167,94.85883,209.59,-1
30.42167,94.86067,220.50,-1
30.42167,94.86250,209.05,-1
30.42167,94.86433,221.98,-1
30.42167,94.86617,222.31,-1
30.42167,94.86800,218.39,-1
30.42167,94.86983,222.48,-1
30.42167,94.87167,222.27,-1
30.42167,94.87350,220.53,-1
30.42167,94.87533,217.72,-1
30.42167,94.87717,218.59,-1
30.42167,94.87900,215.75,-1
30.42167,94.88083,213.71,-1
30.42167,94.88267,214.52,-1
30.42167,94.88450,213.83,-1
30.42167,94.88633,212.44,-1
30.42167,94.88817,211.08,-1
30.42167,94.89000,210.08,-1
30.42350,94.67000,225.11,-1
30.42350,94.67183,234.45,-1
30.42350,94.67367,215.01,-1
30.42350,94.67550,215.91,-1
30.42350,94.67733,215.02,-1
30.42350,94.67917,215.44,-1
30.42350,94.68100,215.31,-1
30.42350,94.68283,214.16,-1
30.42350,94.68467,213.48,-1
30.42350,94.68650,213.04,-1
30.42350,94.68833,212.67,-1
30.42350,94.69017,211.08,-1
30.42350,94.69200,209.59,-1
30.42350,94.69383,209.62,-1
30.42350,94.69567,209.97,-1
30.42350,94.69750,209.99,-1
30.42350,94.69933,209.93,-1
30.42350,94.70117,210.18,-1
30.42350,94.70300,210.20,-1
30.42350,94.70483,207.25,-1
30.42350,94.70667,208.39,-1
30.42350,94.70850,208.28,-1
30.42350,94.71033,212.75,-1
30.42350,94.71217,214.94,-1
30.42350,94.71400,215.76,-1
30.42350,94.71583,217.44,-1
30.42350,94.71767,218.66,-1
30.42350,94.71950,220.41,-1
30.42350,94.72133,220.95,-1
30.42350,94.72317,221.76,-1
30.42350,94.72500,221.02,-1
30.42350,94.72683,222.05,-1
30.42350,94.72867,222.76,-1
30.42350,94.73050,216.79,-1
30.42350,94.73233,213.63,-1
30.42350,94.73417,216.68,-1
30.42350,94.73600,216.69,-1
30.42350,94.73783,219.14,-1
30.42350,94.73967,220.97,-1
30.42350,94.74150,218.73,-1
30.42350,94.74333,224.44,-1
30.42350,94.74517,220.84,-1
30.42350,94.74700,222.41,-1
30.42350,94.74883,221.68,-1
30.42350,94.75067,221.90,-1
30.42350,94.75250,224.67,-1
30.42350,94.75433,222.86,-1
30.42350,94.75617,220.11,-1
30.42350,94.75800,215.81,-1
30.42350,94.75983,219.98,-1
30.42350,94.76167,219.35,-1
30.42350,94.76350,216.85,-1
30.42350,94.76533,221.86,-1
30.42350,94.76717,220.92,-1
30.42350,94.76900,220.87,-1
30.42350,94.77083,222.49,-1
30.42350,94.77267,216.64,-1
30.42350,94.77450,211.66,-1
30.42350,94.77633,221.10,-1
30.42350,94.77817,213.06,-1
30.42350,94.78000,224.07,-1
30.42350,94.78183,230.25,-1
30.42350,94.78367,217.90,-1
30.42350,94.78550,230.73,-1
30.42350,94.78733,232.10,-1
30.42350,94.78917,231.04,-1
30.42350,94.79100,230.90,-1
30.42350,94.79283,230.74,-1
30.42350,94.79467,231.66,-1
30.42350,94.79650,231.32,-1
30.42350,94.79833,231.34,-1
30.42350,94.80017,231.86,-1
30.42350,94.80200,231.61,-1
30.42350,94.80383,230.90,-1
30.42350,94.80567,229.72,-1
30.42350,94.80750,228.37,-1
30.42350,94.80933,226.66,-1
30.42350,94.81117,225.87,-1
30.42350,94.81300,225.33,-1
30.42350,94.81483,224.45,-1
30.42350,94.81667,224.12,-1
30.42350,94.81850,223.33,-1
30.42350,94.82033,222.80,-1
30.42350,94.82217,221.63,-1
30.42350,94.82400,221.38,-1
30.42350,94.82583,220.75,-1
30.42350,94.82767,198.38,-1
30.42350,94.82950,203.04,-1
30.42350,94.83133,205.66,-1
30.42350,94.83317,207.56,-1
30.42350,94.83500,205.66,-1
30.42350,94.83683,212.54,-1
30.42350,94.83867,213.94,-1
30.42350,94.84050,203.39,-1
30.42350,94.84233,200.83,-1
30.42350,94.84417,215.73,-1
30.42350,94.84600,204.56,-1
30.42350,94.84783,217.83,-1
30.42350,94.84967,216.26,-1
30.42350,94.85150,211.81,-1
30.42350,94.85333,222.80,-1
30.42350,94.85517,208.15,-1
30.42350,94.85700,222.42,-1
30.42350,94.85883,222.34,-1
30.42350,94.86067,222.45,-1
30.42350,94.86250,221.63,-1
30.42350,94.86433,223.37,-1
30.42350,94.86617,222.70,-1
30.42350,94.86800,223.34,-1
30.42350,94.86983,222.68,-1
30.42350,94.87167,221.83,-1
30.42350,94.87350,220.57,-1
30.42350,94.87533,218.44,-1
30.42350,94.87717,215.22,-1
30.42350,94.87900,195.13,-1
30.42350,94.88083,214.32,-1
30.42350,94.88267,212.37,-1
30.42350,94.88450,198.85,-1
30.42350,94.88633,189.38,-1
30.42350,94.88817,204.12,-1
30.42350,94.89000,202.24,-1
30.42533,94.67000,228.31,-1
30.42533,94.67183,229.46,-1
30.42533,94.67367,222.68,-1
30.42533,94.67550,218.63,-1
30.42533,94.67733,201.79,-1
30.42533,94.67917,214.10,-1
30.42533,94.68100,213.64,-1
30.42533,94.68283,212.90,-1
30.42533,94.68467,211.12,-1
30.42533,94.68650,211.06,-1
30.42533,94.68833,210.94,-1
30.42533,94.69017,209.35,-1
30.42533,94.69200,209.34,-1
30.42533,94.69383,209.78,-1
30.42533,94.69567,210.25,-1
30.42533,94.69750,210.17,-1
30.42533,94.69933,210.39,-1
30.42533,94.70117,210.34,-1
30.42533,94.70300,193.41,-1
30.42533,94.70483,212.63,-1
30.42533,94.70667,211.20,-1
30.42533,94.70850,212.48,-1
30.42533,94.71033,213.27,-1
30.42533,94.71217,216.67,-1
30.42533,94.71400,215.85,-1
30.42533,94.71583,216.78,-1
30.42533,94.71767,218.95,-1
30.42533,94.71950,220.43,-1
30.42533,94.72133,221.43,-1
30.42533,94.72317,220.65,-1
30.42533,94.72500,221.95,-1
30.42533,94.72683,222.42,-1
30.42533,94.72867,223.33,-1
30.42533,94.73050,219.35,-1
30.42533,94.73233,209.13,-1
30.42533,94.73417,217.00,-1
30.42533,94.73600,217.27,-1
30.42533,94.73783,221.17,-1
30.42533,94.73967,217.54,-1
30.42533,94.74150,222.87,-1
30.42533,94.74333,223.60,-1
30.42533,94.74517,223.75,-1
30.42533,94.74700,223.19,-1
30.42533,94.74883,223.89,-1
30.42533,94.75067,225.14,-1
30.42533,94.75250,224.69,-1
30.42533,94.75433,224.66,-1
30.42533,94.75617,221.40,-1
30.42533,94.75800,210.85,-1
30.42533,94.75983,219.66,-1
30.42533,94.76167,221.70,-1
30.42533,94.76350,218.55,-1
30.42533,94.76533,203.99,-1
30.42533,94.76717,222.98,-1
30.42533,94.76900,221.33,-1
30.42533,94.77083,223.59,-1
30.42533,94.77267,220.88,-1
30.42533,94.77450,221.07,-1
30.42533,94.77633,227.71,-1
30.42533,94.77817,224.81,-1
30.42533,94.78000,225.76,-1
30.42533,94.78183,226.97,-1
30.42533,94.78367,230.05,-1
30.42533,94.78550,230.99,-1
30.42533,94.78733,231.70,-1
30.42533,94.78917,230.74,-1
30.42533,94.79100,230.72,-1
30.42533,94.79283,231.16,-1
30.42533,94.79467,231.44,-1
30.42533,94.79650,230.74,-1
30.42533,94.79833,230.56,-1
30.42533,94.80017,230.05,-1
30.42533,94.80200,230.67,-1
30.42533,94.80383,230.42,-1
30.42533,94.80567,228.89,-1
30.42533,94.80750,227.67,-1
30.42533,94.80933,226.53,-1
30.42533,94.81117,225.41,-1
30.42533,94.81300,224.66,-1
30.42533,94.81483,224.49,-1
30.42533,94.81667,223.50,-1
30.42533,94.81850,222.91,-1
30.42533,94.82033,222.54,-1
30.42533,94.82217,222.07,-1
30.42533,94.82400,221.04,-1
30.42533,94.82583,220.82,-1
30.42533,94.82767,196.86,-1
30.42533,94.82950,203.63,-1
30.42533,94.83133,205.78,-1
30.42533,94.83317,207.50,-1
30.42533,94.83500,207.01,-1
30.42533,94.83683,210.09,-1
30.42533,94.83867,217.09,-1
30.42533,94.84050,221.58,-1
30.42533,94.84233,220.19,-1
30.42533,94.84417,211.97,-1
30.42533,94.84600,224.89,-1
30.42533,94.84783,224.10,-1
30.42533,94.84967,214.39,-1
30.42533,94.85150,219.68,-1
30.42533,94.85333,218.36,-1
30.42533,94.85517,222.90,-1
30.42533,94.85700,223.87,-1
30.42533,94.85883,205.36,-1
30.42533,94.86067,223.98,-1
30.42533,94.86250,224.05,-1
30.42533,94.86433,224.09,-1
30.42533,94.86617,224.17,-1
30.42533,94.86800,223.83,-1
30.42533,94.86983,222.48,-1
30.42533,94.87167,222.05,-1
30.42533,94.87350,221.09,-1
30.42533,94.87533,219.15,-1
30.42533,94.87717,216.53,-1
30.42533,94.87900,214.16,-1
30.42533,94.88083,216.09,-1
30.42533,94.88267,213.22,-1
30.42533,94.88450,211.70,-1
30.42533,94.88633,214.34,-1
30.42533,94.88817,201.98,-1
30.42533,94.89000,199.97,-1
30.42717,94.67000,226.76,-1
30.42717,94.67183,228.06,-1
30.42717,94.67367,224.20,-1
30.42717,94.67550,227.71,-1
30.42717,94.67733,228.21,-1
30.42717,94.67917,225.73,-1
30.42717,94.68100,195.42,-1
30.42717,94.68283,211.02,-1
30.42717,94.68467,210.77,-1
30.42717,94.68650,211.61,-1
30.42717,94.68833,210.98,-1
30.42717,94.69017,212.02,-1
30.42717,94.69200,209.56,-1
30.42717,94.69383,209.92,-1
30.42717,94.69567,210.31,-1
30.42717,94.69750,210.62,-1
30.42717,94.69933,199.64,-1
30.42717,94.70117,197.41,-1
30.42717,94.70300,211.50,-1
30.42717,94.70483,211.11,-1
30.42717,94.70667,202.31,-1
30.42717,94.70850,212.68,-1
30.42717,94.71033,215.78,-1
30.42717,94.71217,215.13,-1
30.42717,94.71400,215.89,-1
30.42717,94.71583,217.23,-1
30.42717,94.71767,219.11,-1
30.42717,94.71950,220.04,-1
30.42717,94.72133,219.88,-1
30.42717,94.72317,221.32,-1
30.42717,94.72500,221.77,-1
30.42717,94.72683,222.48,-1
30.42717,94.72867,222.52,-1
30.42717,94.73050,220.69,-1
30.42717,94.73233,208.53,-1
30.42717,94.73417,204.70,-1
30.42717,94.73600,209.52,-1
30.42717,94.73783,220.76,-1
30.42717,94.73967,206.91,-1
30.42717,94.74150,223.44,-1
30.42717,94.74333,223.87,-1
30.42717,94.74517,224.32,-1
30.42717,94.74700,225.28,-1
30.42717,94.74883,224.83,-1
30.42717,94.75067,224.48,-1
30.42717,94.75250,224.34,-1
30.42717,94.75433,208.97,-1
30.42717,94.75617,223.85,-1
30.42717,94.75800,222.06,-1
30.42717,94.75983,212.48,-1
30.42717,94.76167,220.72,-1
30.42717,94.76350,217.47,-1
30.42717,94.76533,209.81,-1
30.42717,94.76717,204.24,-1
30.42717,94.76900,222.24,-1
30.42717,94.77083,224.90,-1
30.42717,94.77267,221.01,-1
30.42717,94.77450,223.43,-1
30.42717,94.77633,220.39,-1
30.42717,94.77817,225.87,-1
30.42717,94.78000,224.76,-1
30.42717,94.78183,224.82,-1
30.42717,94.78367,230.61,-1
30.42717,94.78550,231.06,-1
30.42717,94.78733,231.60,-1
30.42717,94.78917,231.26,-1
30.42717,94.79100,230.86,-1
30.42717,94.79283,230.25,-1
30.42717,94.79467,230.50,-1
30.42717,94.79650,230.20,-1
30.42717,94.79833,229.57,-1
30.42717,94.80017,229.51,-1
30.42717,94.80200,230.00,-1
30.42717,94.80383,229.63,-1
30.42717,94.80567,228.69,-1
30.42717,94.80750,227.39,-1
30.42717,94.80933,225.87,-1
30.42717,94.81117,224.73,-1
30.42717,94.81300,223.62,-1
30.42717,94.81483,223.74,-1
30.42717,94.81667,222.88,-1
30.42717,94.81850,222.76,-1
30.42717,94.82033,222.01,-1
30.42717,94.82217,221.83,-1
30.42717,94.82400,221.54,-1
30.42717,94.82583,196.78,-1
30.42717,94.82767,200.57,-1
30.42717,94.82950,204.79,-1
30.42717,94.83133,206.95,-1
30.42717,94.83317,211.42,-1
30.42717,94.83500,208.98,-1
30.42717,94.83683,210.70,-1
30.42717,94.83867,216.36,-1
30.42717,94.84050,224.33,-1
30.42717,94.84233,224.47,-1
30.42717,94.84417,225.54,-1
30.42717,94.84600,222.94,-1
30.42717,94.84783,225.06,-1
30.42717,94.84967,222.82,-1
30.42717,94.85150,225.01,-1
30.42717,94.85333,218.95,-1
30.42717,94.85517,222.03,-1
30.42717,94.85700,224.45,-1
30.42717,94.85883,225.21,-1
30.42717,94.86067,225.30,-1
30.42717,94.86250,224.94,-1
30.42717,94.86433,224.58,-1
30.42717,94.86617,223.87,-1
30.42717,94.86800,223.53,-1
30.42717,94.86983,221.73,-1
30.42717,94.87167,220.14,-1
30.42717,94.87350,219.77,-1
30.42717,94.87533,218.65,-1
30.42717,94.87717,216.72,-1
30.42717,94.87900,215.50,-1
30.42717,94.88083,213.49,-1
30.42717,94.88267,215.64,-1
30.42717,94.88450,199.41,-1
30.42717,94.88633,194.34,-1
30.42717,94.88817,201.99,-1
30.42717,94.89000,213.76,-1
30.42900,94.67000,227.89,-1
30.42900,94.67183,226.75,-1
30.42900,94.67367,226.60,-1
30.42900,94.67550,230.11,-1
30.42900,94.67733,227.57,-1
30.42900,94.67917,226.13,-1
30.42900,94.68100,222.67,-1
30.42900,94.68283,215.87,-1
30.42900,94.68467,223.84,-1
30.42900,94.68650,209.10,-1
30.42900,94.68833,194.32,-1
30.42900,94.69017,190.99,-1
30.42900,94.69200,192.40,-1
30.42900,94.69383,191.03,-1
30.42900,94.69567,210.54,-1
30.42900,94.69750,202.88,-1
30.42900,94.69933,203.65,-1
30.42900,94.70117,201.20,-1
30.42900,94.70300,200.91,-1
30.42900,94.70483,202.17,-1
30.42900,94.70667,206.65,-1
30.42900,94.70850,208.86,-1
30.42900,94.71033,214.18,-1
30.42900,94.71217,214.26,-1
30.42900,94.71400,216.36,-1
30.42900,94.71583,218.10,-1
30.42900,94.71767,219.69,-1
30.42900,94.71950,220.94,-1
30.42900,94.72133,220.43,-1
30.42900,94.72317,220.70,-1
30.42900,94.72500,222.00,-1
30.42900,94.72683,221.59,-1
30.42900,94.72867,221.73,-1
30.42900,94.73050,218.57,-1
30.42900,94.73233,213.63,-1
30.42900,94.73417,209.48,-1
30.42900,94.73600,220.65,-1
30.42900,94.73783,219.88,-1
30.42900,94.73967,204.37,-1
30.42900,94.74150,224.32,-1
30.42900,94.74333,224.29,-1
30.42900,94.74517,209.08,-1
30.42900,94.74700,226.47,-1
30.42900,94.74883,226.45,-1
30.42900,94.75067,227.42,-1
30.42900,94.75250,226.49,-1
30.42900,94.75433,226.48,-1
30.42900,94.75617,224.79,-1
30.42900,94.75800,221.96,-1
30.42900,94.75983,216.87,-1
30.42900,94.76167,212.27,-1
30.42900,94.76350,210.87,-1
30.42900,94.76533,214.03,-1
30.42900,94.76717,211.14,-1
30.42900,94.76900,222.06,-1
30.42900,94.77083,213.15,-1
30.42900,94.77267,219.52,-1
30.42900,94.77450,227.80,-1
30.42900,94.77633,227.33,-1
30.42900,94.77817,226.96,-1
30.42900,94.78000,224.14,-1
30.42900,94.78183,222.75,-1
30.42900,94.78367,230.79,-1
30.42900,94.78550,231.17,-1
30.42900,94.78733,231.31,-1
30.42900,94.78917,230.98,-1
30.42900,94.79100,230.50,-1
30.42900,94.79283,229.94,-1
30.42900,94.79467,229.88,-1
30.42900,94.79650,229.28,-1
30.42900,94.79833,228.70,-1
30.42900,94.80017,228.76,-1
30.42900,94.80200,229.29,-1
30.42900,94.80383,229.05,-1
30.42900,94.80567,228.27,-1
30.42900,94.80750,227.04,-1
30.42900,94.80933,225.56,-1
30.42900,94.81117,224.15,-1
30.42900,94.81300,223.50,-1
30.42900,94.81483,223.33,-1
30.42900,94.81667,222.71,-1
30.42900,94.81850,222.53,-1
30.42900,94.82033,222.01,-1
30.42900,94.82217,197.43,-1
30.42900,94.82400,201.33,-1
30.42900,94.82583,205.30,-1
30.42900,94.82767,205.02,-1
30.42900,94.82950,209.68,-1
30.42900,94.83133,209.68,-1
30.42900,94.83317,213.74,-1
30.42900,94.83500,210.91,-1
30.42900,94.83683,217.85,-1
30.42900,94.83867,218.57,-1
30.42900,94.84050,218.43,-1
30.42900,94.84233,219.17,-1
30.42900,94.84417,223.47,-1
30.42900,94.84600,221.97,-1
30.42900,94.84783,227.84,-1
30.42900,94.84967,227.89,-1
30.42900,94.85150,227.40,-1
30.42900,94.85333,221.97,-1
30.42900,94.85517,225.88,-1
30.42900,94.85700,226.13,-1
30.42900,94.85883,226.52,-1
30.42900,94.86067,226.24,-1
30.42900,94.86250,225.90,-1
30.42900,94.86433,224.99,-1
30.42900,94.86617,223.41,-1
30.42900,94.86800,221.18,-1
30.42900,94.86983,220.88,-1
30.42900,94.87167,219.13,-1
30.42900,94.87350,218.06,-1
30.42900,94.87533,217.85,-1
30.42900,94.87717,217.02,-1
30.42900,94.87900,215.95,-1
30.42900,94.88083,214.83,-1
30.42900,94.88267,212.49,-1
30.42900,94.88450,215.32,-1
30.42900,94.88633,211.50,-1
30.42900,94.88817,209.31,-1
30.42900,94.89000,214.00,-1
30.43083,94.67000,217.26,-1
30.43083,94.67183,227.21,-1
30.43083,94.67367,229.07,-1
30.43083,94.67550,230.42,-1
30.43083,94.67733,227.62,-1
30.43083,94.67917,224.71,-1
30.43083,94.68100,220.61,-1
30.43083,94.68283,227.85,-1
30.43083,94.68467,217.19,-1
30.43083,94.68650,224.37,-1
30.43083,94.68833,218.21,-1
30.43083,94.69017,190.01,-1
30.43083,94.69200,212.87,-1
30.43083,94.69383,211.19,-1
30.43083,94.69567,210.61,-1
30.43083,94.69750,205.15,-1
30.43083,94.69933,200.81,-1
30.43083,94.70117,195.63,-1
30.43083,94.70300,207.56,-1
30.43083,94.70483,209.32,-1
30.43083,94.70667,211.08,-1
30.43083,94.70850,211.74,-1
30.43083,94.71033,205.07,-1
30.43083,94.71217,213.69,-1
30.43083,94.71400,215.60,-1
30.43083,94.71583,217.82,-1
30.43083,94.71767,219.98,-1
30.43083,94.71950,219.87,-1
30.43083,94.72133,220.88,-1
30.43083,94.72317,221.00,-1
30.43083,94.72500,220.74,-1
30.43083,94.72683,219.83,-1
30.43083,94.72867,218.17,-1
30.43083,94.73050,216.12,-1
30.43083,94.73233,214.18,-1
30.43083,94.73417,219.96,-1
30.43083,94.73600,221.93,-1
30.43083,94.73783,222.77,-1
30.43083,94.73967,224.46,-1
30.43083,94.74150,224.80,-1
30.43083,94.74333,224.54,-1
30.43083,94.74517,225.92,-1
30.43083,94.74700,226.59,-1
30.43083,94.74883,214.73,-1
30.43083,94.75067,226.51,-1
30.43083,94.75250,209.62,-1
30.43083,94.75433,209.62,-1
30.43083,94.75617,214.67,-1
30.43083,94.75800,223.05,-1
30.43083,94.75983,220.66,-1
30.43083,94.76167,215.98,-1
30.43083,94.76350,218.78,-1
30.43083,94.76533,210.35,-1
30.43083,94.76717,215.34,-1
30.43083,94.76900,223.10,-1
30.43083,94.77083,225.03,-1
30.43083,94.77267,226.56,-1
30.43083,94.77450,228.34,-1
30.43083,94.77633,227.26,-1
30.43083,94.77817,226.56,-1
30.43083,94.78000,223.21,-1
30.43083,94.78183,220.79,-1
30.43083,94.78367,231.10,-1
30.43083,94.78550,230.84,-1
30.43083,94.78733,230.75,-1
30.43083,94.78917,230.49,-1
30.43083,94.79100,229.97,-1
30.43083,94.79283,229.39,-1
30.43083,94.79467,229.14,-1
30.43083,94.79650,228.89,-1
30.43083,94.79833,227.83,-1
30.43083,94.80017,227.89,-1
30.43083,94.80200,228.50,-1
30.43083,94.80383,228.41,-1
30.43083,94.80567,227.85,-1
30.43083,94.80750,226.60,-1
30.43083,94.80933,225.31,-1
30.43083,94.81117,224.27,-1
30.43083,94.81300,223.53,-1
30.43083,94.81483,223.17,-1
30.43083,94.81667,196.03,-1
30.43083,94.81850,198.11,-1
30.43083,94.82033,205.33,-1
30.43083,94.82217,208.93,-1
30.43083,94.82400,209.62,-1
30.43083,94.82583,210.24,-1
30.43083,94.82767,210.63,-1
30.43083,94.82950,211.65,-1
30.43083,94.83133,212.44,-1
30.43083,94.83317,213.15,-1
30.43083,94.83500,214.28,-1
30.43083,94.83683,217.42,-1
30.43083,94.83867,221.63,-1
30.43083,94.84050,224.79,-1
30.43083,94.84233,221.42,-1
30.43083,94.84417,226.60,-1
30.43083,94.84600,226.79,-1
30.43083,94.84783,227.63,-1
30.43083,94.84967,227.28,-1
30.43083,94.85150,228.09,-1
30.43083,94.85333,226.14,-1
30.43083,94.85517,227.45,-1
30.43083,94.85700,226.90,-1
30.43083,94.85883,227.16,-1
30.43083,94.86067,227.54,-1
30.43083,94.86250,226.02,-1
30.43083,94.86433,223.85,-1
30.43083,94.86617,222.07,-1
30.43083,94.86800,219.88,-1
30.43083,94.86983,219.01,-1
30.43083,94.87167,218.80,-1
30.43083,94.87350,217.70,-1
30.43083,94.87533,216.56,-1
30.43083,94.87717,216.76,-1
30.43083,94.87900,216.18,-1
30.43083,94.88083,214.91,-1
30.43083,94.88267,213.96,-1
30.43083,94.88450,211.91,-1
30.43083,94.88633,214.85,-1
30.43083,94.88817,190.50,-1
30.43083,94.89000,214.01,-1
30.43267,94.67000,227.27,-1
30.43267,94.67183,223.41,-1
30.43267,94.67367,230.45,-1
30.43267,94.67550,222.02,-1
30.43267,94.67733,219.90,-1
30.43267,94.67917,227.01,-1
30.43267,94.68100,220.46,-1
30.43267,94.68283,223.58,-1
30.43267,94.68467,216.27,-1
30.43267,94.68650,229.61,-1
30.43267,94.68833,228.14,-1
30.43267,94.69017,205.43,-1
30.43267,94.69200,204.57,-1
30.43267,94.69383,203.32,-1
30.43267,94.69567,210.94,-1
30.43267,94.69750,212.20,-1
30.43267,94.69933,203.20,-1
30.43267,94.70117,207.72,-1
30.43267,94.70300,210.01,-1
30.43267,94.70483,209.57,-1
30.43267,94.70667,210.90,-1
30.43267,94.70850,211.16,-1
30.43267,94.71033,214.10,-1
30.43267,94.71217,209.72,-1
30.43267,94.71400,201.73,-1
30.43267,94.71583,216.62,-1
30.43267,94.71767,218.48,-1
30.43267,94.71950,218.83,-1
30.43267,94.72133,201.97,-1
30.43267,94.72317,219.33,-1
30.43267,94.72500,203.88,-1
30.43267,94.72683,217.66,-1
30.43267,94.72867,213.72,-1
30.43267,94.73050,217.28,-1
30.43267,94.73233,218.40,-1
30.43267,94.73417,220.30,-1
30.43267,94.73600,220.96,-1
30.43267,94.73783,225.26,-1
30.43267,94.73967,226.79,-1
30.43267,94.74150,225.64,-1
30.43267,94.74333,225.75,-1
30.43267,94.74517,207.22,-1
30.43267,94.74700,226.47,-1
30.43267,94.74883,227.81,-1
30.43267,94.75067,226.36,-1
30.43267,94.75250,226.56,-1
30.43267,94.75433,218.56,-1
30.43267,94.75617,223.74,-1
30.43267,94.75800,209.55,-1
30.43267,94.75983,221.37,-1
30.43267,94.76167,212.22,-1
30.43267,94.76350,216.34,-1
30.43267,94.76533,212.02,-1
30.43267,94.76717,219.23,-1
30.43267,94.76900,220.55,-1
30.43267,94.77083,226.55,-1
30.43267,94.77267,228.25,-1
30.43267,94.77450,228.23,-1
30.43267,94.77633,226.72,-1
30.43267,94.77817,226.10,-1
30.43267,94.78000,229.72,-1
30.43267,94.78183,230.22,-1
30.43267,94.78367,230.94,-1
30.43267,94.78550,230.22,-1
30.43267,94.78733,230.30,-1
30.43267,94.78917,229.84,-1
30.43267,94.79100,229.38,-1
30.43267,94.79283,228.79,-1
30.43267,94.79467,228.51,-1
30.43267,94.79650,227.93,-1
30.43267,94.79833,227.18,-1
30.43267,94.80017,227.06,-1
30.43267,94.80200,226.92,-1
30.43267,94.80383,227.44,-1
30.43267,94.80567,227.53,-1
30.43267,94.80750,226.22,-1
30.43267,94.80933,225.07,-1
30.43267,94.81117,224.05,-1
30.43267,94.81300,223.41,-1
30.43267,94.81483,204.47,-1
30.43267,94.81667,207.11,-1
30.43267,94.81850,203.83,-1
30.43267,94.82033,213.11,-1
30.43267,94.82217,210.62,-1
30.43267,94.82400,216.61,-1
30.43267,94.82583,217.41,-1
30.43267,94.82767,211.80,-1
30.43267,94.82950,216.07,-1
30.43267,94.83133,213.72,-1
30.43267,94.83317,213.93,-1
30.43267,94.83500,216.84,-1
30.43267,94.83683,230.52,-1
30.43267,94.83867,226.45,-1
30.43267,94.84050,222.49,-1
30.43267,94.84233,225.89,-1
30.43267,94.84417,227.96,-1
30.43267,94.84600,228.57,-1
30.43267,94.84783,227.67,-1
30.43267,94.84967,228.95,-1
30.43267,94.85150,228.02,-1
30.43267,94.85333,226.22,-1
30.43267,94.85517,228.20,-1
30.43267,94.85700,228.01,-1
30.43267,94.85883,227.39,-1
30.43267,94.86067,225.49,-1
30.43267,94.86250,223.49,-1
30.43267,94.86433,221.19,-1
30.43267,94.86617,217.01,-1
30.43267,94.86800,217.14,-1
30.43267,94.86983,216.74,-1
30.43267,94.87167,216.81,-1
30.43267,94.87350,217.45,-1
30.43267,94.87533,215.86,-1
30.43267,94.87717,215.34,-1
30.43267,94.87900,215.34,-1
30.43267,94.88083,214.71,-1
30.43267,94.88267,213.68,-1
30.43267,94.88450,213.12,-1
30.43267,94.88633,211.42,-1
30.43267,94.88817,214.06,-1
30.43267,94.89000,213.89,-1
30.43450,94.67000,225.11,-1
30.43450,94.67183,230.41,-1
30.43450,94.67367,231.78,-1
30.43450,94.67550,232.20,-1
30.43450,94.67733,228.60,-1
30.43450,94.67917,219.17,-1
30.43450,94.68100,225.34,-1
30.43450,94.68283,213.12,-1
30.43450,94.68467,226.91,-1
30.43450,94.68650,226.81,-1
30.43450,94.68833,221.85,-1
30.43450,94.69017,206.79,-1
30.43450,94.69200,201.70,-1
30.43450,94.69383,203.99,-1
30.43450,94.69567,200.68,-1
30.43450,94.69750,213.82,-1
30.43450,94.69933,209.58,-1
30.43450,94.70117,211.26,-1
30.43450,94.70300,203.57,-1
30.43450,94.70483,202.83,-1
30.43450,94.70667,211.91,-1
30.43450,94.70850,212.75,-1
30.43450,94.71033,203.86,-1
30.43450,94.71217,214.71,-1
30.43450,94.71400,219.74,-1
30.43450,94.71583,205.83,-1
30.43450,94.71767,217.49,-1
30.43450,94.71950,218.01,-1
30.43450,94.72133,218.47,-1
30.43450,94.72317,201.41,-1
30.43450,94.72500,207.04,-1
30.43450,94.72683,212.63,-1
30.43450,94.72867,202.44,-1
30.43450,94.73050,200.63,-1
30.43450,94.73233,219.02,-1
30.43450,94.73417,221.77,-1
30.43450,94.73600,223.03,-1
30.43450,94.73783,225.75,-1
30.43450,94.73967,226.19,-1
30.43450,94.74150,226.31,-1
30.43450,94.74333,225.98,-1
30.43450,94.74517,228.02,-1
30.43450,94.74700,228.71,-1
30.43450,94.74883,229.33,-1
30.43450,94.75067,228.99,-1
30.43450,94.75250,228.06,-1
30.43450,94.75433,226.91,-1
30.43450,94.75617,223.69,-1
30.43450,94.75800,215.26,-1
30.43450,94.75983,212.20,-1
30.43450,94.76167,219.78,-1
30.43450,94.76350,219.07,-1
30.43450,94.76533,219.66,-1
30.43450,94.76717,220.90,-1
30.43450,94.76900,226.27,-1
30.43450,94.77083,227.52,-1
30.43450,94.77267,228.21,-1
30.43450,94.77450,227.94,-1
30.43450,94.77633,226.24,-1
30.43450,94.77817,225.15,-1
30.43450,94.78000,230.15,-1
30.43450,94.78183,230.49,-1
30.43450,94.78367,230.86,-1
30.43450,94.78550,230.12,-1
30.43450,94.78733,230.01,-1
30.43450,94.78917,229.31,-1
30.43450,94.79100,228.86,-1
30.43450,94.79283,228.32,-1
30.43450,94.79467,227.98,-1
30.43450,94.79650,227.81,-1
30.43450,94.79833,226.64,-1
30.43450,94.80017,226.52,-1
30.43450,94.80200,226.21,-1
30.43450,94.80383,226.90,-1
30.43450,94.80567,227.08,-1
30.43450,94.80750,226.11,-1
30.43450,94.80933,225.23,-1
30.43450,94.81117,224.35,-1
30.43450,94.81300,223.54,-1
30.43450,94.81483,202.61,-1
30.43450,94.81667,205.01,-1
30.43450,94.81850,206.47,-1
30.43450,94.82033,210.38,-1
30.43450,94.82217,211.77,-1
30.43450,94.82400,216.37,-1
30.43450,94.82583,215.81,-1
30.43450,94.82767,212.51,-1
30.43450,94.82950,216.54,-1
30.43450,94.83133,214.58,-1
30.43450,94.83317,214.80,-1
30.43450,94.83500,220.25,-1
30.43450,94.83683,227.07,-1
30.43450,94.83867,228.39,-1
30.43450,94.84050,225.75,-1
30.43450,94.84233,225.95,-1
30.43450,94.84417,229.14,-1
30.43450,94.84600,228.71,-1
30.43450,94.84783,228.49,-1
30.43450,94.84967,228.43,-1
30.43450,94.85150,227.87,-1
30.43450,94.85333,225.97,-1
30.43450,94.85517,228.40,-1
30.43450,94.85700,227.89,-1
30.43450,94.85883,226.76,-1
30.43450,94.86067,223.84,-1
30.43450,94.86250,222.17,-1
30.43450,94.86433,221.01,-1
30.43450,94.86617,218.07,-1
30.43450,94.86800,214.55,-1
30.43450,94.86983,213.84,-1
30.43450,94.87167,214.45,-1
30.43450,94.87350,215.33,-1
30.43450,94.87533,215.84,-1
30.43450,94.87717,215.02,-1
30.43450,94.87900,214.40,-1
30.43450,94.88083,214.48,-1
30.43450,94.88267,214.00,-1
30.43450,94.88450,213.23,-1
30.43450,94.88633,212.55,-1
30.43450,94.88817,210.98,-1
30.43450,94.89000,213.78,-1
30.43633,94.67000,231.85,-1
30.43633,94.67183,231.50,-1
30.43633,94.67367,231.88,-1
30.43633,94.67550,230.87,-1
30.43633,94.67733,230.30,-1
30.43633,94.67917,226.50,-1
30.43633,94.68100,227.20,-1
30.43633,94.68283,227.93,-1
30.43633,94.68467,226.84,-1
30.43633,94.68650,224.44,-1
30.43633,94.68833,218.32,-1
30.43633,94.69017,203.65,-1
30.43633,94.69200,207.63,-1
30.43633,94.69383,200.71,-1
30.43633,94.69567,214.07,-1
30.43633,94.69750,214.33,-1
30.43633,94.69933,196.71,-1
30.43633,94.70117,211.26,-1
30.43633,94.70300,212.92,-1
30.43633,94.70483,211.81,-1
30.43633,94.70667,213.64,-1
30.43633,94.70850,213.43,-1
30.43633,94.71033,213.39,-1
30.43633,94.71217,215.87,-1
30.43633,94.71400,216.90,-1
30.43633,94.71583,217.53,-1
30.43633,94.71767,216.74,-1
30.43633,94.71950,217.12,-1
30.43633,94.72133,201.72,-1
30.43633,94.72317,210.17,-1
30.43633,94.72500,211.54,-1
30.43633,94.72683,208.81,-1
30.43633,94.72867,210.61,-1
30.43633,94.73050,219.04,-1
30.43633,94.73233,220.05,-1
30.43633,94.73417,221.37,-1
30.43633,94.73600,224.74,-1
30.43633,94.73783,227.01,-1
30.43633,94.73967,226.55,-1
30.43633,94.74150,227.19,-1
30.43633,94.74333,227.81,-1
30.43633,94.74517,228.86,-1
30.43633,94.74700,229.57,-1
30.43633,94.74883,230.41,-1
30.43633,94.75067,230.44,-1
30.43633,94.75250,229.21,-1
30.43633,94.75433,228.15,-1
30.43633,94.75617,226.83,-1
30.43633,94.75800,222.46,-1
30.43633,94.75983,223.22,-1
30.43633,94.76167,223.98,-1
30.43633,94.76350,223.23,-1
30.43633,94.76533,224.54,-1
30.43633,94.76717,226.22,-1
30.43633,94.76900,227.12,-1
30.43633,94.77083,227.37,-1
30.43633,94.77267,227.96,-1
30.43633,94.77450,227.50,-1
30.43633,94.77633,225.66,-1
30.43633,94.77817,230.18,-1
30.43633,94.78000,230.85,-1
30.43633,94.78183,230.88,-1
30.43633,94.78367,230.58,-1
30.43633,94.78550,229.91,-1
30.43633,94.78733,229.40,-1
30.43633,94.78917,228.99,-1
30.43633,94.79100,228.26,-1
30.43633,94.79283,227.74,-1
30.43633,94.79467,227.30,-1
30.43633,94.79650,227.22,-1
30.43633,94.79833,226.25,-1
30.43633,94.80017,225.90,-1
30.43633,94.80200,225.88,-1
30.43633,94.80383,226.49,-1
30.43633,94.80567,226.67,-1
30.43633,94.80750,225.87,-1
30.43633,94.80933,225.27,-1
30.43633,94.81117,224.53,-1
30.43633,94.81300,201.04,-1
30.43633,94.81483,205.21,-1
30.43633,94.81667,207.24,-1
30.43633,94.81850,209.56,-1
30.43633,94.82033,211.78,-1
30.43633,94.82217,212.42,-1
30.43633,94.82400,219.62,-1
30.43633,94.82583,216.45,-1
30.43633,94.82767,213.41,-1
30.43633,94.82950,214.69,-1
30.43633,94.83133,216.65,-1
30.43633,94.83317,220.54,-1
30.43633,94.83500,226.55,-1
30.43633,94.83683,228.39,-1
30.43633,94.83867,229.37,-1
30.43633,94.84050,226.33,-1
30.43633,94.84233,227.08,-1
30.43633,94.84417,229.84,-1
30.43633,94.84600,229.93,-1
30.43633,94.84783,229.10,-1
30.43633,94.84967,228.21,-1
30.43633,94.85150,228.28,-1
30.43633,94.85333,226.67,-1
30.43633,94.85517,226.53,-1
30.43633,94.85700,225.40,-1
30.43633,94.85883,224.44,-1
30.43633,94.86067,223.47,-1
30.43633,94.86250,221.58,-1
30.43633,94.86433,220.03,-1
30.43633,94.86617,217.73,-1
30.43633,94.86800,215.31,-1
30.43633,94.86983,192.56,-1
30.43633,94.87167,215.18,-1
30.43633,94.87350,212.96,-1
30.43633,94.87533,214.33,-1
30.43633,94.87717,214.73,-1
30.43633,94.87900,214.03,-1
30.43633,94.88083,213.51,-1
30.43633,94.88267,214.02,-1
30.43633,94.88450,189.82,-1
30.43633,94.88633,200.20,-1
30.43633,94.88817,212.05,-1
30.43633,94.89000,210.09,-1
30.43817,94.67000,231.96,-1
30.43817,94.67183,231.55,-1
30.43817,94.67367,229.87,-1
30.43817,94.67550,229.92,-1
30.43817,94.67733,227.04,-1
30.43817,94.67917,226.91,-1
30.43817,94.68100,227.45,-1
30.43817,94.68283,225.83,-1
30.43817,94.68467,225.16,-1
30.43817,94.68650,219.82,-1
30.43817,94.68833,210.19,-1
30.43817,94.69017,208.16,-1
30.43817,94.69200,194.96,-1
30.43817,94.69383,193.36,-1
30.43817,94.69567,198.43,-1
30.43817,94.69750,213.86,-1
30.43817,94.69933,200.23,-1
30.43817,94.70117,215.44,-1
30.43817,94.70300,215.92,-1
30.43817,94.70483,213.19,-1
30.43817,94.70667,213.34,-1
30.43817,94.70850,213.02,-1
30.43817,94.71033,213.37,-1
30.43817,94.71217,215.32,-1
30.43817,94.71400,214.94,-1
30.43817,94.71583,215.66,-1
30.43817,94.71767,211.06,-1
30.43817,94.71950,217.33,-1
30.43817,94.72133,203.30,-1
30.43817,94.72317,213.20,-1
30.43817,94.72500,217.15,-1
30.43817,94.72683,216.02,-1
30.43817,94.72867,208.22,-1
30.43817,94.73050,205.55,-1
30.43817,94.73233,208.47,-1
30.43817,94.73417,222.55,-1
30.43817,94.73600,224.92,-1
30.43817,94.73783,226.83,-1
30.43817,94.73967,226.77,-1
30.43817,94.74150,227.68,-1
30.43817,94.74333,228.76,-1
30.43817,94.74517,229.48,-1
30.43817,94.74700,231.06,-1
30.43817,94.74883,231.65,-1
30.43817,94.75067,232.46,-1
30.43817,94.75250,231.29,-1
30.43817,94.75433,229.44,-1
30.43817,94.75617,228.86,-1
30.43817,94.75800,227.37,-1
30.43817,94.75983,226.39,-1
30.43817,94.76167,224.23,-1
30.43817,94.76350,224.28,-1
30.43817,94.76533,228.65,-1
30.43817,94.76717,227.15,-1
30.43817,94.76900,227.53,-1
30.43817,94.77083,227.34,-1
30.43817,94.77267,227.71,-1
30.43817,94.77450,227.10,-1
30.43817,94.77633,226.01,-1
30.43817,94.77817,231.00,-1
30.43817,94.78000,231.15,-1
30.43817,94.78183,230.77,-1
30.43817,94.78367,230.26,-1
30.43817,94.78550,229.54,-1
30.43817,94.78733,229.08,-1
30.43817,94.78917,228.49,-1
30.43817,94.79100,228.29,-1
30.43817,94.79283,204.31,-1
30.43817,94.79467,227.37,-1
30.43817,94.79650,227.06,-1
30.43817,94.79833,226.03,-1
30.43817,94.80017,225.57,-1
30.43817,94.80200,225.54,-1
30.43817,94.80383,226.26,-1
30.43817,94.80567,226.22,-1
30.43817,94.80750,226.17,-1
30.43817,94.80933,199.65,-1
30.43817,94.81117,203.83,-1
30.43817,94.81300,207.36,-1
30.43817,94.81483,208.94,-1
30.43817,94.81667,210.37,-1
30.43817,94.81850,211.90,-1
30.43817,94.82033,212.77,-1
30.43817,94.82217,213.42,-1
30.43817,94.82400,222.39,-1
30.43817,94.82583,219.65,-1
30.43817,94.82767,214.53,-1
30.43817,94.82950,218.14,-1
30.43817,94.83133,221.55,-1
30.43817,94.83317,227.91,-1
30.43817,94.83500,227.32,-1
30.43817,94.83683,227.77,-1
30.43817,94.83867,229.58,-1
30.43817,94.84050,229.62,-1
30.43817,94.84233,228.32,-1
30.43817,94.84417,230.05,-1
30.43817,94.84600,230.30,-1
30.43817,94.84783,229.88,-1
30.43817,94.84967,229.11,-1
30.43817,94.85150,228.31,-1
30.43817,94.85333,226.49,-1
30.43817,94.85517,227.06,-1
30.43817,94.85700,224.85,-1
30.43817,94.85883,223.18,-1
30.43817,94.86067,222.34,-1
30.43817,94.86250,221.29,-1
30.43817,94.86433,219.60,-1
30.43817,94.86617,217.66,-1
30.43817,94.86800,215.11,-1
30.43817,94.86983,215.64,-1
30.43817,94.87167,197.04,-1
30.43817,94.87350,195.70,-1
30.43817,94.87533,197.43,-1
30.43817,94.87717,191.19,-1
30.43817,94.87900,214.15,-1
30.43817,94.88083,200.10,-1
30.43817,94.88267,200.80,-1
30.43817,94.88450,200.06,-1
30.43817,94.88633,197.01,-1
30.43817,94.88817,202.05,-1
30.43817,94.89000,211.64,-1
30.44000,94.67000,231.55,-1
30.44000,94.67183,229.78,-1
30.44000,94.67367,229.24,-1
30.44000,94.67550,226.39,-1
30.44000,94.67733,226.66,-1
30.44000,94.67917,227.19,-1
30.44000,94.68100,225.70,-1
30.44000,94.68283,224.26,-1
30.44000,94.68467,220.74,-1
30.44000,94.68650,214.36,-1
30.44000,94.68833,207.80,-1
30.44000,94.69017,212.26,-1
30.44000,94.69200,212.97,-1
30.44000,94.69383,201.22,-1
30.44000,94.69567,199.63,-1
30.44000,94.69750,216.34,-1
30.44000,94.69933,215.70,-1
30.44000,94.70117,216.49,-1
30.44000,94.70300,214.23,-1
30.44000,94.70483,212.24,-1
30.44000,94.70667,213.47,-1
30.44000,94.70850,213.69,-1
30.44000,94.71033,213.84,-1
30.44000,94.71217,212.50,-1
30.44000,94.71400,214.43,-1
30.44000,94.71583,218.68,-1
30.44000,94.71767,223.53,-1
30.44000,94.71950,215.98,-1
30.44000,94.72133,214.69,-1
30.44000,94.72317,213.06,-1
30.44000,94.72500,212.12,-1
30.44000,94.72683,212.66,-1
30.44000,94.72867,214.40,-1
30.44000,94.73050,210.53,-1
30.44000,94.73233,214.18,-1
30.44000,94.73417,220.36,-1
30.44000,94.73600,215.94,-1
30.44000,94.73783,225.77,-1
30.44000,94.73967,226.74,-1
30.44000,94.74150,227.76,-1
30.44000,94.74333,228.98,-1
30.44000,94.74517,229.70,-1
30.44000,94.74700,231.38,-1
30.44000,94.74883,232.01,-1
30.44000,94.75067,232.95,-1
30.44000,94.75250,231.75,-1
30.44000,94.75433,229.70,-1
30.44000,94.75617,230.04,-1
30.44000,94.75800,228.45,-1
30.44000,94.75983,227.23,-1
30.44000,94.76167,227.34,-1
30.44000,94.76350,228.62,-1
30.44000,94.76533,229.42,-1
30.44000,94.76717,227.54,-1
30.44000,94.76900,227.34,-1
30.44000,94.77083,227.34,-1
30.44000,94.77267,230.73,-1
30.44000,94.77450,231.21,-1
30.44000,94.77633,231.14,-1
30.44000,94.77817,231.12,-1
30.44000,94.78000,230.82,-1
30.44000,94.78183,230.48,-1
30.44000,94.78367,230.15,-1
30.44000,94.78550,229.28,-1
30.44000,94.78733,228.88,-1
30.44000,94.78917,228.46,-1
30.44000,94.79100,227.85,-1
30.44000,94.79283,227.36,-1
30.44000,94.79467,226.73,-1
30.44000,94.79650,226.66,-1
30.44000,94.79833,225.67,-1
30.44000,94.80017,224.98,-1
30.44000,94.80200,201.09,-1
30.44000,94.80383,201.89,-1
30.44000,94.80567,209.57,-1
30.44000,94.80750,211.30,-1
30.44000,94.80933,209.80,-1
30.44000,94.81117,213.27,-1
30.44000,94.81300,214.26,-1
30.44000,94.81483,215.15,-1
30.44000,94.81667,214.77,-1
30.44000,94.81850,214.04,-1
30.44000,94.82033,217.88,-1
30.44000,94.82217,214.39,-1
30.44000,94.82400,219.96,-1
30.44000,94.82583,218.21,-1
30.44000,94.82767,215.80,-1
30.44000,94.82950,222.87,-1
30.44000,94.83133,225.23,-1
30.44000,94.83317,221.72,-1
30.44000,94.83500,226.49,-1
30.44000,94.83683,228.96,-1
30.44000,94.83867,229.30,-1
30.44000,94.84050,229.91,-1
30.44000,94.84233,230.24,-1
30.44000,94.84417,230.43,-1
30.44000,94.84600,230.76,-1
30.44000,94.84783,230.60,-1
30.44000,94.84967,229.64,-1
30.44000,94.85150,227.45,-1
30.44000,94.85333,227.43,-1
30.44000,94.85517,225.62,-1
30.44000,94.85700,224.01,-1
30.44000,94.85883,221.82,-1
30.44000,94.86067,221.58,-1
30.44000,94.86250,220.10,-1
30.44000,94.86433,218.42,-1
30.44000,94.86617,216.81,-1
30.44000,94.86800,214.98,-1
30.44000,94.86983,215.45,-1
30.44000,94.87167,214.19,-1
30.44000,94.87350,213.95,-1
30.44000,94.87533,214.40,-1
30.44000,94.87717,214.46,-1
30.44000,94.87900,213.18,-1
30.44000,94.88083,214.04,-1
30.44000,94.88267,199.96,-1
30.44000,94.88450,200.41,-1
30.44000,94.88633,201.83,-1
30.44000,94.88817,212.93,-1
30.44000,94.89000,211.99,-1
