# terrain mesh from SRTM1 N30E094, local ENU metres, origin at gateway
v -10569.215 -12245.200 1463.750
v -10393.061 -12245.200 1445.900
v -10216.908 -12245.200 1455.200
v -10040.754 -12245.200 1299.250
v -9864.601 -12245.200 1140.950
v -9688.447 -12245.200 1042.500
v -9512.293 -12245.200 957.000
v -9336.140 -12245.200 904.500
v -9159.986 -12245.200 873.350
v -8983.833 -12245.200 870.950
v -8807.679 -12245.200 896.500
v -8631.526 -12245.200 958.600
v -8455.372 -12245.200 997.800
v -8279.218 -12245.200 1145.350
v -8103.065 -12245.200 1275.950
v -7926.911 -12245.200 1360.000
v -7750.758 -12245.200 1468.550
v -7574.604 -12245.200 1522.550
v -7398.450 -12245.200 1621.550
v -7222.297 -12245.200 1714.350
v -7046.143 -12245.200 1837.500
v -6869.990 -12245.200 1955.450
v -6693.836 -12245.200 2083.350
v -6517.683 -12245.200 2180.200
v -6341.529 -12245.200 2207.550
v -6165.375 -12245.200 2176.000
v -5989.222 -12245.200 2149.550
v -5813.068 -12245.200 2123.500
v -5636.915 -12245.200 2072.500
v -5460.761 -12245.200 1989.500
v -5284.607 -12245.200 1894.500
v -5108.454 -12245.200 1798.500
v -4932.300 -12245.200 1696.350
v -4756.147 -12245.200 1574.850
v -4579.993 -12245.200 1395.150
v -4403.840 -12245.200 1370.500
v -4227.686 -12245.200 1336.550
v -4051.532 -12245.200 1295.050
v -3875.379 -12245.200 1225.550
v -3699.225 -12245.200 1196.800
v -3523.072 -12245.200 1089.250
v -3346.918 -12245.200 974.000
v -3170.764 -12245.200 856.000
v -2994.611 -12245.200 751.550
v -2818.457 -12245.200 633.250
v -2642.304 -12245.200 532.500
v -2466.150 -12245.200 532.550
v -2289.997 -12245.200 546.450
v -2113.843 -12245.200 641.800
v -1937.689 -12245.200 820.850
v -1761.536 -12245.200 906.750
v -1585.382 -12245.200 1010.800
v -1409.229 -12245.200 1121.450
v -1233.075 -12245.200 1177.850
v -1056.921 -12245.200 1170.350
v -880.768 -12245.200 1187.000
v -704.614 -12245.200 1179.750
v -528.461 -12245.200 1107.850
v -352.307 -12245.200 849.700
v -176.154 -12245.200 743.500
v 0.000 -12245.200 614.500
v 176.154 -12245.200 668.050
v 352.307 -12245.200 778.750
v 528.461 -12245.200 881.200
v 704.614 -12245.200 1005.550
v 880.768 -12245.200 1089.000
v 1056.921 -12245.200 1163.150
v 1233.075 -12245.200 1261.900
v 1409.229 -12245.200 1405.800
v 1585.382 -12245.200 1471.250
v 1761.536 -12245.200 1338.250
v 1937.689 -12245.200 1250.350
v 2113.843 -12245.200 1245.700
v 2289.997 -12245.200 1284.100
v 2466.150 -12245.200 1319.750
v 2642.304 -12245.200 1342.250
v 2818.457 -12245.200 1469.100
v 2994.611 -12245.200 1492.000
v 3170.764 -12245.200 1378.700
v 3346.918 -12245.200 1321.800
v 3523.072 -12245.200 1391.500
v 3699.225 -12245.200 1448.600
v 3875.379 -12245.200 1535.000
v 4051.532 -12245.200 1565.700
v 4227.686 -12245.200 1485.500
v 4403.840 -12245.200 1386.750
v 4579.993 -12245.200 1297.650
v 4756.147 -12245.200 1209.400
v 4932.300 -12245.200 1086.750
v 5108.454 -12245.200 954.100
v 5284.607 -12245.200 799.750
v 5460.761 -12245.200 601.450
v 5636.915 -12245.200 395.350
v 5813.068 -12245.200 290.450
v 5989.222 -12245.200 247.950
v 6165.375 -12245.200 348.250
v 6341.529 -12245.200 465.250
v 6517.683 -12245.200 565.300
v 6693.836 -12245.200 703.300
v 6869.990 -12245.200 861.950
v 7046.143 -12245.200 1000.500
v 7222.297 -12245.200 1111.750
v 7398.450 -12245.200 1232.000
v 7574.604 -12245.200 1197.350
v 7750.758 -12245.200 1102.400
v 7926.911 -12245.200 1072.500
v 8103.065 -12245.200 924.200
v 8279.218 -12245.200 779.050
v 8455.372 -12245.200 642.550
v 8631.526 -12245.200 499.450
v 8807.679 -12245.200 330.500
v 8983.833 -12245.200 189.900
v 9159.986 -12245.200 179.350
v 9336.140 -12245.200 51.400
v 9512.293 -12245.200 -57.300
v 9688.447 -12245.200 -90.500
v 9864.601 -12245.200 -103.550
v 10040.754 -12245.200 -104.500
v 10216.908 -12245.200 -104.500
v 10393.061 -12245.200 -104.500
v 10569.215 -12245.200 -104.500
v -10569.215 -12041.113 1532.150
v -10393.061 -12041.113 1682.080
v -10216.908 -12041.113 1616.640
v -10040.754 -12041.113 1338.510
v -9864.601 -12041.113 1142.030
v -9688.447 -12041.113 1148.200
v -9512.293 -12041.113 974.710
v -9336.140 -12041.113 898.100
v -9159.986 -12041.113 850.660
v -8983.833 -12041.113 852.880
v -8807.679 -12041.113 888.050
v -8631.526 -12041.113 916.780
v -8455.372 -12041.113 916.630
v -8279.218 -12041.113 998.220
v -8103.065 -12041.113 1056.110
v -7926.911 -12041.113 1148.050
v -7750.758 -12041.113 1173.100
v -7574.604 -12041.113 1251.810
v -7398.450 -12041.113 1398.880
v -7222.297 -12041.113 1549.580
v -7046.143 -12041.113 1692.550
v -6869.990 -12041.113 1872.490
v -6693.836 -12041.113 2039.700
v -6517.683 -12041.113 2157.200
v -6341.529 -12041.113 2198.600
v -6165.375 -12041.113 2177.350
v -5989.222 -12041.113 2159.890
v -5813.068 -12041.113 2145.100
v -5636.915 -12041.113 2100.670
v -5460.761 -12041.113 2019.090
v -5284.607 -12041.113 1923.200
v -5108.454 -12041.113 1827.300
v -4932.300 -12041.113 1723.600
v -4756.147 -12041.113 1612.870
v -4579.993 -12041.113 1459.670
v -4403.840 -12041.113 1385.100
v -4227.686 -12041.113 1389.090
v -4051.532 -12041.113 1368.500
v -3875.379 -12041.113 1346.830
v -3699.225 -12041.113 1321.800
v -3523.072 -12041.113 1180.750
v -3346.918 -12041.113 1081.360
v -3170.764 -12041.113 941.470
v -2994.611 -12041.113 829.340
v -2818.457 -12041.113 705.420
v -2642.304 -12041.113 560.500
v -2466.150 -12041.113 510.380
v -2289.997 -12041.113 514.360
v -2113.843 -12041.113 534.870
v -1937.689 -12041.113 628.550
v -1761.536 -12041.113 748.450
v -1585.382 -12041.113 862.160
v -1409.229 -12041.113 1091.450
v -1233.075 -12041.113 1394.150
v -1056.921 -12041.113 1158.630
v -880.768 -12041.113 1149.400
v -704.614 -12041.113 1235.840
v -528.461 -12041.113 1136.790
v -352.307 -12041.113 982.010
v -176.154 -12041.113 804.160
v 0.000 -12041.113 615.900
v 176.154 -12041.113 586.700
v 352.307 -12041.113 644.600
v 528.461 -12041.113 776.070
v 704.614 -12041.113 850.980
v 880.768 -12041.113 990.350
v 1056.921 -12041.113 1133.820
v 1233.075 -12041.113 1202.340
v 1409.229 -12041.113 1350.330
v 1585.382 -12041.113 1439.180
v 1761.536 -12041.113 1387.250
v 1937.689 -12041.113 1249.260
v 2113.843 -12041.113 1139.850
v 2289.997 -12041.113 1142.450
v 2466.150 -12041.113 1189.660
v 2642.304 -12041.113 1260.200
v 2818.457 -12041.113 1325.700
v 2994.611 -12041.113 1396.990
v 3170.764 -12041.113 1278.740
v 3346.918 -12041.113 1173.770
v 3523.072 -12041.113 1254.450
v 3699.225 -12041.113 1314.580
v 3875.379 -12041.113 1313.630
v 4051.532 -12041.113 1405.180
v 4227.686 -12041.113 1341.280
v 4403.840 -12041.113 1368.750
v 4579.993 -12041.113 1386.900
v 4756.147 -12041.113 1284.670
v 4932.300 -12041.113 1179.030
v 5108.454 -12041.113 1047.890
v 5284.607 -12041.113 890.050
v 5460.761 -12041.113 676.490
v 5636.915 -12041.113 516.890
v 5813.068 -12041.113 301.640
v 5989.222 -12041.113 203.330
v 6165.375 -12041.113 305.850
v 6341.529 -12041.113 409.620
v 6517.683 -12041.113 530.430
v 6693.836 -12041.113 638.630
v 6869.990 -12041.113 785.710
v 7046.143 -12041.113 867.400
v 7222.297 -12041.113 987.080
v 7398.450 -12041.113 1137.020
v 7574.604 -12041.113 1181.300
v 7750.758 -12041.113 1022.370
v 7926.911 -12041.113 940.850
v 8103.065 -12041.113 895.470
v 8279.218 -12041.113 768.000
v 8455.372 -12041.113 621.830
v 8631.526 -12041.113 490.260
v 8807.679 -12041.113 339.300
v 8983.833 -12041.113 156.310
v 9159.986 -12041.113 36.750
v 9336.140 -12041.113 -32.010
v 9512.293 -12041.113 -89.920
v 9688.447 -12041.113 -104.500
v 9864.601 -12041.113 -104.500
v 10040.754 -12041.113 -104.500
v 10216.908 -12041.113 -104.500
v 10393.061 -12041.113 -104.500
v 10569.215 -12041.113 -104.500
v -10569.215 -11837.027 1781.300
v -10393.061 -11837.027 1801.870
v -10216.908 -11837.027 1691.160
v -10040.754 -11837.027 1572.680
v -9864.601 -11837.027 1281.940
v -9688.447 -11837.027 1306.150
v -9512.293 -11837.027 1161.450
v -9336.140 -11837.027 972.660
v -9159.986 -11837.027 846.390
v -8983.833 -11837.027 841.330
v -8807.679 -11837.027 842.850
v -8631.526 -11837.027 873.670
v -8455.372 -11837.027 916.120
v -8279.218 -11837.027 954.460
v -8103.065 -11837.027 991.540
v -7926.911 -11837.027 1060.650
v -7750.758 -11837.027 1111.480
v -7574.604 -11837.027 1314.350
v -7398.450 -11837.027 1516.200
v -7222.297 -11837.027 1646.350
v -7046.143 -11837.027 1799.050
v -6869.990 -11837.027 1872.530
v -6693.836 -11837.027 1980.710
v -6517.683 -11837.027 2083.310
v -6341.529 -11837.027 2124.900
v -6165.375 -11837.027 2114.850
v -5989.222 -11837.027 2107.070
v -5813.068 -11837.027 2102.200
v -5636.915 -11837.027 2070.900
v -5460.761 -11837.027 2005.600
v -5284.607 -11837.027 1925.500
v -5108.454 -11837.027 1845.300
v -4932.300 -11837.027 1762.300
v -4756.147 -11837.027 1663.700
v -4579.993 -11837.027 1511.190
v -4403.840 -11837.027 1481.150
v -4227.686 -11837.027 1497.530
v -4051.532 -11837.027 1474.070
v -3875.379 -11837.027 1470.500
v -3699.225 -11837.027 1394.910
v -3523.072 -11837.027 1288.550
v -3346.918 -11837.027 1185.630
v -3170.764 -11837.027 1058.400
v -2994.611 -11837.027 918.830
v -2818.457 -11837.027 774.450
v -2642.304 -11837.027 661.300
v -2466.150 -11837.027 541.620
v -2289.997 -11837.027 503.290
v -2113.843 -11837.027 486.980
v -1937.689 -11837.027 520.610
v -1761.536 -11837.027 602.550
v -1585.382 -11837.027 717.200
v -1409.229 -11837.027 846.770
v -1233.075 -11837.027 865.120
v -1056.921 -11837.027 980.990
v -880.768 -11837.027 1152.300
v -704.614 -11837.027 1274.400
v -528.461 -11837.027 1202.590
v -352.307 -11837.027 1025.070
v -176.154 -11837.027 839.950
v 0.000 -11837.027 698.000
v 176.154 -11837.027 557.760
v 352.307 -11837.027 556.490
v 528.461 -11837.027 662.960
v 704.614 -11837.027 759.990
v 880.768 -11837.027 923.150
v 1056.921 -11837.027 1077.080
v 1233.075 -11837.027 1130.810
v 1409.229 -11837.027 1239.290
v 1585.382 -11837.027 1322.850
v 1761.536 -11837.027 1351.300
v 1937.689 -11837.027 1287.290
v 2113.843 -11837.027 1135.500
v 2289.997 -11837.027 996.040
v 2466.150 -11837.027 1032.600
v 2642.304 -11837.027 1125.450
v 2818.457 -11837.027 1218.730
v 2994.611 -11837.027 1304.840
v 3170.764 -11837.027 1231.390
v 3346.918 -11837.027 1160.770
v 3523.072 -11837.027 1150.350
v 3699.225 -11837.027 1142.690
v 3875.379 -11837.027 1216.680
v 4051.532 -11837.027 1266.630
v 4227.686 -11837.027 1282.820
v 4403.840 -11837.027 1139.950
v 4579.993 -11837.027 1164.780
v 4756.147 -11837.027 1183.490
v 4932.300 -11837.027 1178.910
v 5108.454 -11837.027 1062.110
v 5284.607 -11837.027 937.950
v 5460.761 -11837.027 784.240
v 5636.915 -11837.027 616.590
v 5813.068 -11837.027 376.040
v 5989.222 -11837.027 229.510
v 6165.375 -11837.027 190.600
v 6341.529 -11837.027 283.210
v 6517.683 -11837.027 390.450
v 6693.836 -11837.027 489.680
v 6869.990 -11837.027 708.560
v 7046.143 -11837.027 859.400
v 7222.297 -11837.027 989.680
v 7398.450 -11837.027 1064.870
v 7574.604 -11837.027 1121.080
v 7750.758 -11837.027 985.200
v 7926.911 -11837.027 852.150
v 8103.065 -11837.027 737.480
v 8279.218 -11837.027 688.290
v 8455.372 -11837.027 584.740
v 8631.526 -11837.027 404.560
v 8807.679 -11837.027 280.250
v 8983.833 -11837.027 116.260
v 9159.986 -11837.027 -31.390
v 9336.140 -11837.027 -73.080
v 9512.293 -11837.027 -97.000
v 9688.447 -11837.027 -104.500
v 9864.601 -11837.027 -104.500
v 10040.754 -11837.027 -104.500
v 10216.908 -11837.027 -104.500
v 10393.061 -11837.027 -104.500
v 10569.215 -11837.027 -104.500
v -10569.215 -11632.940 1917.750
v -10393.061 -11632.940 1786.080
v -10216.908 -11632.940 1640.900
v -10040.754 -11632.940 1450.570
v -9864.601 -11632.940 1358.940
v -9688.447 -11632.940 1365.600
v -9512.293 -11632.940 1341.810
v -9336.140 -11632.940 1223.460
v -9159.986 -11632.940 938.780
v -8983.833 -11632.940 836.060
v -8807.679 -11632.940 836.900
v -8631.526 -11632.940 866.890
v -8455.372 -11632.940 880.010
v -8279.218 -11632.940 909.890
v -8103.065 -11632.940 921.530
v -7926.911 -11632.940 967.200
v -7750.758 -11632.940 1018.770
v -7574.604 -11632.940 1139.940
v -7398.450 -11632.940 1385.880
v -7222.297 -11632.940 1519.300
v -7046.143 -11632.940 1656.950
v -6869.990 -11632.940 1773.000
v -6693.836 -11632.940 1893.700
v -6517.683 -11632.940 1999.110
v -6341.529 -11632.940 2049.530
v -6165.375 -11632.940 2049.650
v -5989.222 -11632.940 2053.830
v -5813.068 -11632.940 2058.700
v -5636.915 -11632.940 2041.290
v -5460.761 -11632.940 1991.600
v -5284.607 -11632.940 1928.000
v -5108.454 -11632.940 1863.430
v -4932.300 -11632.940 1787.600
v -4756.147 -11632.940 1676.100
v -4579.993 -11632.940 1573.070
v -4403.840 -11632.940 1598.900
v -4227.686 -11632.940 1622.690
v -4051.532 -11632.940 1602.530
v -3875.379 -11632.940 1581.160
v -3699.225 -11632.940 1451.390
v -3523.072 -11632.940 1309.600
v -3346.918 -11632.940 1221.190
v -3170.764 -11632.940 1140.520
v -2994.611 -11632.940 1048.890
v -2818.457 -11632.940 922.670
v -2642.304 -11632.940 794.600
v -2466.150 -11632.940 599.910
v -2289.997 -11632.940 496.710
v -2113.843 -11632.940 468.930
v -1937.689 -11632.940 472.880
v -1761.536 -11632.940 493.950
v -1585.382 -11632.940 562.670
v -1409.229 -11632.940 678.470
v -1233.075 -11632.940 798.130
v -1056.921 -11632.940 919.900
v -880.768 -11632.940 1101.150
v -704.614 -11632.940 1160.220
v -528.461 -11632.940 1229.770
v -352.307 -11632.940 1136.570
v -176.154 -11632.940 983.330
v 0.000 -11632.940 831.550
v 176.154 -11632.940 568.240
v 352.307 -11632.940 523.400
v 528.461 -11632.940 574.080
v 704.614 -11632.940 707.250
v 880.768 -11632.940 832.100
v 1056.921 -11632.940 958.460
v 1233.075 -11632.940 1115.000
v 1409.229 -11632.940 1224.940
v 1585.382 -11632.940 1245.750
v 1761.536 -11632.940 1243.850
v 1937.689 -11632.940 1237.930
v 2113.843 -11632.940 1173.450
v 2289.997 -11632.940 1039.980
v 2466.150 -11632.940 911.560
v 2642.304 -11632.940 983.400
v 2818.457 -11632.940 1137.260
v 2994.611 -11632.940 1178.300
v 3170.764 -11632.940 1179.190
v 3346.918 -11632.940 1037.440
v 3523.072 -11632.940 920.250
v 3699.225 -11632.940 1005.440
v 3875.379 -11632.940 1027.070
v 4051.532 -11632.940 1104.020
v 4227.686 -11632.940 1147.810
v 4403.840 -11632.940 1095.850
v 4579.993 -11632.940 962.700
v 4756.147 -11632.940 994.670
v 4932.300 -11632.940 1028.000
v 5108.454 -11632.940 1039.540
v 5284.607 -11632.940 1020.300
v 5460.761 -11632.940 863.570
v 5636.915 -11632.940 662.260
v 5813.068 -11632.940 478.450
v 5989.222 -11632.940 308.680
v 6165.375 -11632.940 182.850
v 6341.529 -11632.940 165.020
v 6517.683 -11632.940 267.680
v 6693.836 -11632.940 364.840
v 6869.990 -11632.940 521.930
v 7046.143 -11632.940 596.450
v 7222.297 -11632.940 771.500
v 7398.450 -11632.940 900.170
v 7574.604 -11632.940 1026.880
v 7750.758 -11632.940 960.950
v 7926.911 -11632.940 815.250
v 8103.065 -11632.940 674.160
v 8279.218 -11632.940 544.350
v 8455.372 -11632.940 455.390
v 8631.526 -11632.940 317.020
v 8807.679 -11632.940 145.050
v 8983.833 -11632.940 -20.150
v 9159.986 -11632.940 -96.390
v 9336.140 -11632.940 -101.620
v 9512.293 -11632.940 -102.800
v 9688.447 -11632.940 -104.500
v 9864.601 -11632.940 -104.500
v 10040.754 -11632.940 -104.500
v 10216.908 -11632.940 -104.500
v 10393.061 -11632.940 -104.500
v 10569.215 -11632.940 -104.500
v -10569.215 -11428.853 1923.950
v -10393.061 -11428.853 1712.580
v -10216.908 -11428.853 1560.190
v -10040.754 -11428.853 1428.370
v -9864.601 -11428.853 1417.970
v -9688.447 -11428.853 1444.250
v -9512.293 -11428.853 1471.420
v -9336.140 -11428.853 1358.270
v -9159.986 -11428.853 1152.050
v -8983.833 -11428.853 913.080
v -8807.679 -11428.853 842.900
v -8631.526 -11428.853 834.060
v -8455.372 -11428.853 842.440
v -8279.218 -11428.853 841.300
v -8103.065 -11428.853 860.180
v -7926.911 -11428.853 898.150
v -7750.758 -11428.853 948.980
v -7574.604 -11428.853 996.470
v -7398.450 -11428.853 1282.250
v -7222.297 -11428.853 1438.500
v -7046.143 -11428.853 1556.800
v -6869.990 -11428.853 1677.500
v -6693.836 -11428.853 1802.460
v -6517.683 -11428.853 1914.600
v -6341.529 -11428.853 1975.200
v -6165.375 -11428.853 1988.000
v -5989.222 -11428.853 2001.500
v -5813.068 -11428.853 2018.800
v -5636.915 -11428.853 2015.000
v -5460.761 -11428.853 1980.400
v -5284.607 -11428.853 1931.950
v -5108.454 -11428.853 1885.490
v -4932.300 -11428.853 1813.070
v -4756.147 -11428.853 1683.680
v -4579.993 -11428.853 1709.350
v -4403.840 -11428.853 1720.450
v -4227.686 -11428.853 1726.770
v -4051.532 -11428.853 1715.610
v -3875.379 -11428.853 1657.600
v -3699.225 -11428.853 1497.800
v -3523.072 -11428.853 1363.900
v -3346.918 -11428.853 1337.330
v -3170.764 -11428.853 1250.900
v -2994.611 -11428.853 1111.650
v -2818.457 -11428.853 980.550
v -2642.304 -11428.853 857.250
v -2466.150 -11428.853 726.280
v -2289.997 -11428.853 582.460
v -2113.843 -11428.853 513.840
v -1937.689 -11428.853 463.230
v -1761.536 -11428.853 454.650
v -1585.382 -11428.853 477.560
v -1409.229 -11428.853 570.740
v -1233.075 -11428.853 692.420
v -1056.921 -11428.853 766.220
v -880.768 -11428.853 996.400
v -704.614 -11428.853 1035.180
v -528.461 -11428.853 1133.080
v -352.307 -11428.853 1128.140
v -176.154 -11428.853 1022.690
v 0.000 -11428.853 1057.500
v 176.154 -11428.853 607.150
v 352.307 -11428.853 472.850
v 528.461 -11428.853 509.760
v 704.614 -11428.853 585.080
v 880.768 -11428.853 771.850
v 1056.921 -11428.853 916.760
v 1233.075 -11428.853 983.940
v 1409.229 -11428.853 1073.710
v 1585.382 -11428.853 1100.250
v 1761.536 -11428.853 1083.750
v 1937.689 -11428.853 1116.450
v 2113.843 -11428.853 1118.060
v 2289.997 -11428.853 1016.030
v 2466.150 -11428.853 885.370
v 2642.304 -11428.853 870.750
v 2818.457 -11428.853 910.820
v 2994.611 -11428.853 1033.770
v 3170.764 -11428.853 1138.760
v 3346.918 -11428.853 1005.080
v 3523.072 -11428.853 824.800
v 3699.225 -11428.853 866.200
v 3875.379 -11428.853 894.690
v 4051.532 -11428.853 941.190
v 4227.686 -11428.853 995.670
v 4403.840 -11428.853 945.050
v 4579.993 -11428.853 871.180
v 4756.147 -11428.853 824.820
v 4932.300 -11428.853 842.550
v 5108.454 -11428.853 857.100
v 5284.607 -11428.853 889.200
v 5460.761 -11428.853 880.060
v 5636.915 -11428.853 748.620
v 5813.068 -11428.853 592.200
v 5989.222 -11428.853 403.230
v 6165.375 -11428.853 254.000
v 6341.529 -11428.853 119.710
v 6517.683 -11428.853 164.220
v 6693.836 -11428.853 438.960
v 6869.990 -11428.853 429.340
v 7046.143 -11428.853 641.650
v 7222.297 -11428.853 763.740
v 7398.450 -11428.853 858.960
v 7574.604 -11428.853 956.010
v 7750.758 -11428.853 917.650
v 7926.911 -11428.853 765.850
v 8103.065 -11428.853 613.510
v 8279.218 -11428.853 457.080
v 8455.372 -11428.853 334.060
v 8631.526 -11428.853 207.690
v 8807.679 -11428.853 102.700
v 8983.833 -11428.853 -98.780
v 9159.986 -11428.853 -97.970
v 9336.140 -11428.853 -103.500
v 9512.293 -11428.853 -104.500
v 9688.447 -11428.853 -104.500
v 9864.601 -11428.853 -104.500
v 10040.754 -11428.853 -104.500
v 10216.908 -11428.853 -104.500
v 10393.061 -11428.853 -104.500
v 10569.215 -11428.853 -104.500
v -10569.215 -11224.767 1809.000
v -10393.061 -11224.767 1649.050
v -10216.908 -11224.767 1541.800
v -10040.754 -11224.767 1560.350
v -9864.601 -11224.767 1520.000
v -9688.447 -11224.767 1542.000
v -9512.293 -11224.767 1588.300
v -9336.140 -11224.767 1481.500
v -9159.986 -11224.767 1296.400
v -8983.833 -11224.767 1182.750
v -8807.679 -11224.767 909.500
v -8631.526 -11224.767 851.250
v -8455.372 -11224.767 815.500
v -8279.218 -11224.767 814.250
v -8103.065 -11224.767 833.050
v -7926.911 -11224.767 845.250
v -7750.758 -11224.767 869.100
v -7574.604 -11224.767 901.900
v -7398.450 -11224.767 1067.550
v -7222.297 -11224.767 1321.050
v -7046.143 -11224.767 1462.250
v -6869.990 -11224.767 1578.900
v -6693.836 -11224.767 1703.150
v -6517.683 -11224.767 1814.250
v -6341.529 -11224.767 1882.350
v -6165.375 -11224.767 1907.500
v -5989.222 -11224.767 1930.350
v -5813.068 -11224.767 1960.150
v -5636.915 -11224.767 1975.000
v -5460.761 -11224.767 1958.050
v -5284.607 -11224.767 1918.250
v -5108.454 -11224.767 1886.650
v -4932.300 -11224.767 1852.250
v -4756.147 -11224.767 1840.800
v -4579.993 -11224.767 1833.900
v -4403.840 -11224.767 1825.000
v -4227.686 -11224.767 1816.100
v -4051.532 -11224.767 1736.650
v -3875.379 -11224.767 1644.500
v -3699.225 -11224.767 1552.000
v -3523.072 -11224.767 1477.750
v -3346.918 -11224.767 1384.350
v -3170.764 -11224.767 1260.000
v -2994.611 -11224.767 1185.050
v -2818.457 -11224.767 1091.650
v -2642.304 -11224.767 950.500
v -2466.150 -11224.767 799.550
v -2289.997 -11224.767 676.900
v -2113.843 -11224.767 577.600
v -1937.689 -11224.767 491.400
v -1761.536 -11224.767 442.000
v -1585.382 -11224.767 438.700
v -1409.229 -11224.767 455.100
v -1233.075 -11224.767 584.500
v -1056.921 -11224.767 726.800
v -880.768 -11224.767 826.500
v -704.614 -11224.767 874.650
v -528.461 -11224.767 1015.150
v -352.307 -11224.767 1126.500
v -176.154 -11224.767 991.750
v 0.000 -11224.767 872.250
v 176.154 -11224.767 614.700
v 352.307 -11224.767 466.050
v 528.461 -11224.767 452.750
v 704.614 -11224.767 503.900
v 880.768 -11224.767 625.750
v 1056.921 -11224.767 744.450
v 1233.075 -11224.767 908.600
v 1409.229 -11224.767 1014.900
v 1585.382 -11224.767 989.800
v 1761.536 -11224.767 925.750
v 1937.689 -11224.767 972.950
v 2113.843 -11224.767 990.450
v 2289.997 -11224.767 951.900
v 2466.150 -11224.767 859.900
v 2642.304 -11224.767 751.750
v 2818.457 -11224.767 790.050
v 2994.611 -11224.767 947.100
v 3170.764 -11224.767 1021.400
v 3346.918 -11224.767 945.450
v 3523.072 -11224.767 721.000
v 3699.225 -11224.767 669.150
v 3875.379 -11224.767 755.250
v 4051.532 -11224.767 792.800
v 4227.686 -11224.767 839.300
v 4403.840 -11224.767 792.000
v 4579.993 -11224.767 800.800
v 4756.147 -11224.767 677.900
v 4932.300 -11224.767 645.400
v 5108.454 -11224.767 670.650
v 5284.607 -11224.767 699.750
v 5460.761 -11224.767 711.800
v 5636.915 -11224.767 734.200
v 5813.068 -11224.767 638.000
v 5989.222 -11224.767 489.450
v 6165.375 -11224.767 391.750
v 6341.529 -11224.767 222.700
v 6517.683 -11224.767 84.800
v 6693.836 -11224.767 151.550
v 6869.990 -11224.767 462.700
v 7046.143 -11224.767 755.000
v 7222.297 -11224.767 857.200
v 7398.450 -11224.767 905.350
v 7574.604 -11224.767 956.050
v 7750.758 -11224.767 839.600
v 7926.911 -11224.767 712.000
v 8103.065 -11224.767 528.850
v 8279.218 -11224.767 381.050
v 8455.372 -11224.767 216.850
v 8631.526 -11224.767 62.650
v 8807.679 -11224.767 -48.500
v 8983.833 -11224.767 -102.800
v 9159.986 -11224.767 -103.850
v 9336.140 -11224.767 -104.500
v 9512.293 -11224.767 -104.500
v 9688.447 -11224.767 -104.500
v 9864.601 -11224.767 -104.500
v 10040.754 -11224.767 -104.500
v 10216.908 -11224.767 -104.500
v 10393.061 -11224.767 -104.500
v 10569.215 -11224.767 -104.500
v -10569.215 -11020.680 1763.600
v -10393.061 -11020.680 1731.670
v -10216.908 -11020.680 1698.450
v -10040.754 -11020.680 1606.570
v -9864.601 -11020.680 1604.820
v -9688.447 -11020.680 1628.300
v -9512.293 -11020.680 1654.050
v -9336.140 -11020.680 1515.990
v -9159.986 -11020.680 1435.580
v -8983.833 -11020.680 1358.750
v -8807.679 -11020.680 1072.500
v -8631.526 -11020.680 891.710
v -8455.372 -11020.680 817.020
v -8279.218 -11020.680 810.540
v -8103.065 -11020.680 827.120
v -7926.911 -11020.680 815.450
v -7750.758 -11020.680 810.380
v -7574.604 -11020.680 844.030
v -7398.450 -11020.680 866.750
v -7222.297 -11020.680 1109.460
v -7046.143 -11020.680 1315.100
v -6869.990 -11020.680 1452.000
v -6693.836 -11020.680 1568.300
v -6517.683 -11020.680 1677.300
v -6341.529 -11020.680 1750.300
v -6165.375 -11020.680 1785.300
v -5989.222 -11020.680 1819.810
v -5813.068 -11020.680 1857.330
v -5636.915 -11020.680 1897.420
v -5460.761 -11020.680 1934.430
v -5284.607 -11020.680 1897.000
v -5108.454 -11020.680 1839.910
v -4932.300 -11020.680 1822.930
v -4756.147 -11020.680 1832.330
v -4579.993 -11020.680 1937.540
v -4403.840 -11020.680 1977.500
v -4227.686 -11020.680 1919.210
v -4051.532 -11020.680 1793.140
v -3875.379 -11020.680 1723.700
v -3699.225 -11020.680 1631.660
v -3523.072 -11020.680 1511.150
v -3346.918 -11020.680 1427.010
v -3170.764 -11020.680 1349.900
v -2994.611 -11020.680 1279.910
v -2818.457 -11020.680 1138.080
v -2642.304 -11020.680 1010.650
v -2466.150 -11020.680 883.140
v -2289.997 -11020.680 830.810
v -2113.843 -11020.680 735.560
v -1937.689 -11020.680 539.310
v -1761.536 -11020.680 448.900
v -1585.382 -11020.680 416.390
v -1409.229 -11020.680 404.520
v -1233.075 -11020.680 448.410
v -1056.921 -11020.680 571.450
v -880.768 -11020.680 666.550
v -704.614 -11020.680 745.240
v -528.461 -11020.680 913.070
v -352.307 -11020.680 1058.280
v -176.154 -11020.680 1024.930
v 0.000 -11020.680 759.800
v 176.154 -11020.680 633.650
v 352.307 -11020.680 506.380
v 528.461 -11020.680 459.010
v 704.614 -11020.680 434.540
v 880.768 -11020.680 525.900
v 1056.921 -11020.680 629.190
v 1233.075 -11020.680 771.250
v 1409.229 -11020.680 910.270
v 1585.382 -11020.680 889.840
v 1761.536 -11020.680 791.700
v 1937.689 -11020.680 844.210
v 2113.843 -11020.680 810.260
v 2289.997 -11020.680 778.940
v 2466.150 -11020.680 714.170
v 2642.304 -11020.680 648.450
v 2818.457 -11020.680 641.800
v 2994.611 -11020.680 761.390
v 3170.764 -11020.680 867.420
v 3346.918 -11020.680 845.320
v 3523.072 -11020.680 793.900
v 3699.225 -11020.680 588.170
v 3875.379 -11020.680 593.470
v 4051.532 -11020.680 695.800
v 4227.686 -11020.680 693.940
v 4403.840 -11020.680 603.300
v 4579.993 -11020.680 631.740
v 4756.147 -11020.680 565.560
v 4932.300 -11020.680 489.700
v 5108.454 -11020.680 516.150
v 5284.607 -11020.680 538.500
v 5460.761 -11020.680 527.190
v 5636.915 -11020.680 545.640
v 5813.068 -11020.680 601.030
v 5989.222 -11020.680 622.160
v 6165.375 -11020.680 548.100
v 6341.529 -11020.680 364.680
v 6517.683 -11020.680 98.120
v 6693.836 -11020.680 102.650
v 6869.990 -11020.680 429.210
v 7046.143 -11020.680 475.150
v 7222.297 -11020.680 635.850
v 7398.450 -11020.680 765.360
v 7574.604 -11020.680 788.110
v 7750.758 -11020.680 759.970
v 7926.911 -11020.680 602.350
v 8103.065 -11020.680 438.010
v 8279.218 -11020.680 290.040
v 8455.372 -11020.680 166.920
v 8631.526 -11020.680 6.290
v 8807.679 -11020.680 -103.550
v 8983.833 -11020.680 -102.600
v 9159.986 -11020.680 -104.500
v 9336.140 -11020.680 -104.500
v 9512.293 -11020.680 -104.500
v 9688.447 -11020.680 -104.500
v 9864.601 -11020.680 -104.500
v 10040.754 -11020.680 -104.500
v 10216.908 -11020.680 -104.500
v 10393.061 -11020.680 -104.500
v 10569.215 -11020.680 -104.500
v -10569.215 -10816.593 1872.350
v -10393.061 -10816.593 1691.710
v -10216.908 -10816.593 1694.190
v -10040.754 -10816.593 1691.320
v -9864.601 -10816.593 1696.140
v -9688.447 -10816.593 1710.150
v -9512.293 -10816.593 1730.180
v -9336.140 -10816.593 1615.210
v -9159.986 -10816.593 1561.110
v -8983.833 -10816.593 1508.910
v -8807.679 -10816.593 1221.500
v -8631.526 -10816.593 1090.890
v -8455.372 -10816.593 885.220
v -8279.218 -10816.593 818.710
v -8103.065 -10816.593 818.970
v -7926.911 -10816.593 811.500
v -7750.758 -10816.593 799.220
v -7574.604 -10816.593 805.980
v -7398.450 -10816.593 850.380
v -7222.297 -10816.593 903.590
v -7046.143 -10816.593 1067.550
v -6869.990 -10816.593 1240.570
v -6693.836 -10816.593 1349.580
v -6517.683 -10816.593 1480.140
v -6341.529 -10816.593 1591.230
v -6165.375 -10816.593 1637.600
v -5989.222 -10816.593 1682.930
v -5813.068 -10816.593 1730.430
v -5636.915 -10816.593 1827.440
v -5460.761 -10816.593 1943.700
v -5284.607 -10816.593 1849.000
v -5108.454 -10816.593 1756.130
v -4932.300 -10816.593 1748.800
v -4756.147 -10816.593 1747.100
v -4579.993 -10816.593 1779.670
v -4403.840 -10816.593 1901.150
v -4227.686 -10816.593 1966.630
v -4051.532 -10816.593 1870.710
v -3875.379 -10816.593 1764.280
v -3699.225 -10816.593 1688.470
v -3523.072 -10816.593 1583.450
v -3346.918 -10816.593 1472.540
v -3170.764 -10816.593 1318.610
v -2994.611 -10816.593 1403.820
v -2818.457 -10816.593 1176.510
v -2642.304 -10816.593 1081.700
v -2466.150 -10816.593 1051.000
v -2289.997 -10816.593 1004.420
v -2113.843 -10816.593 879.910
v -1937.689 -10816.593 702.360
v -1761.536 -10816.593 518.000
v -1585.382 -10816.593 427.020
v -1409.229 -10816.593 398.890
v -1233.075 -10816.593 413.540
v -1056.921 -10816.593 458.480
v -880.768 -10816.593 546.100
v -704.614 -10816.593 670.960
v -528.461 -10816.593 812.340
v -352.307 -10816.593 915.940
v -176.154 -10816.593 934.420
v 0.000 -10816.593 815.700
v 176.154 -10816.593 681.580
v 352.307 -10816.593 543.190
v 528.461 -10816.593 431.740
v 704.614 -10816.593 362.500
v 880.768 -10816.593 394.800
v 1056.921 -10816.593 528.990
v 1233.075 -10816.593 750.090
v 1409.229 -10816.593 827.310
v 1585.382 -10816.593 775.440
v 1761.536 -10816.593 698.400
v 1937.689 -10816.593 683.740
v 2113.843 -10816.593 680.560
v 2289.997 -10816.593 626.080
v 2466.150 -10816.593 522.670
v 2642.304 -10816.593 454.400
v 2818.457 -10816.593 515.090
v 2994.611 -10816.593 696.690
v 3170.764 -10816.593 724.430
v 3346.918 -10816.593 675.080
v 3523.072 -10816.593 627.450
v 3699.225 -10816.593 520.070
v 3875.379 -10816.593 463.180
v 4051.532 -10816.593 541.230
v 4227.686 -10816.593 581.860
v 4403.840 -10816.593 456.350
v 4579.993 -10816.593 492.070
v 4756.147 -10816.593 459.170
v 4932.300 -10816.593 357.110
v 5108.454 -10816.593 369.540
v 5284.607 -10816.593 386.700
v 5460.761 -10816.593 352.500
v 5636.915 -10816.593 370.520
v 5813.068 -10816.593 434.920
v 5989.222 -10816.593 573.540
v 6165.375 -10816.593 631.750
v 6341.529 -10816.593 504.210
v 6517.683 -10816.593 152.000
v 6693.836 -10816.593 27.090
v 6869.990 -10816.593 256.970
v 7046.143 -10816.593 429.450
v 7222.297 -10816.593 527.280
v 7398.450 -10816.593 597.760
v 7574.604 -10816.593 577.910
v 7750.758 -10816.593 567.550
v 7926.911 -10816.593 544.600
v 8103.065 -10816.593 321.300
v 8279.218 -10816.593 179.930
v 8455.372 -10816.593 51.000
v 8631.526 -10816.593 -78.530
v 8807.679 -10816.593 -103.850
v 8983.833 -10816.593 -104.500
v 9159.986 -10816.593 -104.500
v 9336.140 -10816.593 -104.500
v 9512.293 -10816.593 -104.500
v 9688.447 -10816.593 -104.500
v 9864.601 -10816.593 -104.500
v 10040.754 -10816.593 -104.500
v 10216.908 -10816.593 -104.500
v 10393.061 -10816.593 -104.500
v 10569.215 -10816.593 -104.500
v -10569.215 -10612.507 1875.500
v -10393.061 -10612.507 1774.650
v -10216.908 -10612.507 1764.850
v -10040.754 -10612.507 1806.030
v -9864.601 -10612.507 1814.660
v -9688.447 -10612.507 1819.350
v -9512.293 -10612.507 1784.490
v -9336.140 -10612.507 1729.240
v -9159.986 -10612.507 1692.270
v -8983.833 -10612.507 1726.290
v -8807.679 -10612.507 1454.400
v -8631.526 -10612.507 1392.130
v -8455.372 -10612.507 1042.640
v -8279.218 -10612.507 866.390
v -8103.065 -10612.507 827.660
v -7926.911 -10612.507 807.400
v -7750.758 -10612.507 814.200
v -7574.604 -10612.507 790.950
v -7398.450 -10612.507 846.030
v -7222.297 -10612.507 928.430
v -7046.143 -10612.507 895.500
v -6869.990 -10612.507 933.740
v -6693.836 -10612.507 1114.610
v -6517.683 -10612.507 1260.470
v -6341.529 -10612.507 1433.570
v -6165.375 -10612.507 1489.600
v -5989.222 -10612.507 1553.530
v -5813.068 -10612.507 1626.320
v -5636.915 -10612.507 1817.080
v -5460.761 -10612.507 1787.590
v -5284.607 -10612.507 1699.500
v -5108.454 -10612.507 1667.730
v -4932.300 -10612.507 1679.110
v -4756.147 -10612.507 1690.090
v -4579.993 -10612.507 1711.500
v -4403.840 -10612.507 1766.950
v -4227.686 -10612.507 1991.990
v -4051.532 -10612.507 1950.940
v -3875.379 -10612.507 1831.080
v -3699.225 -10612.507 1706.090
v -3523.072 -10612.507 1588.900
v -3346.918 -10612.507 1486.960
v -3170.764 -10612.507 1400.380
v -2994.611 -10612.507 1381.310
v -2818.457 -10612.507 1258.410
v -2642.304 -10612.507 1265.500
v -2466.150 -10612.507 1197.490
v -2289.997 -10612.507 1150.510
v -2113.843 -10612.507 1034.190
v -1937.689 -10612.507 823.030
v -1761.536 -10612.507 622.600
v -1585.382 -10612.507 481.680
v -1409.229 -10612.507 438.130
v -1233.075 -10612.507 406.910
v -1056.921 -10612.507 406.320
v -880.768 -10612.507 398.950
v -704.614 -10612.507 432.810
v -528.461 -10612.507 518.600
v -352.307 -10612.507 691.990
v -176.154 -10612.507 808.340
v 0.000 -10612.507 885.500
v 176.154 -10612.507 801.670
v 352.307 -10612.507 598.390
v 528.461 -10612.507 469.120
v 704.614 -10612.507 377.750
v 880.768 -10612.507 277.000
v 1056.921 -10612.507 426.370
v 1233.075 -10612.507 664.580
v 1409.229 -10612.507 666.530
v 1585.382 -10612.507 617.360
v 1761.536 -10612.507 564.750
v 1937.689 -10612.507 541.230
v 2113.843 -10612.507 533.500
v 2289.997 -10612.507 481.210
v 2466.150 -10612.507 400.550
v 2642.304 -10612.507 343.900
v 2818.457 -10612.507 499.110
v 2994.611 -10612.507 495.710
v 3170.764 -10612.507 486.190
v 3346.918 -10612.507 468.540
v 3523.072 -10612.507 452.550
v 3699.225 -10612.507 416.850
v 3875.379 -10612.507 372.360
v 4051.532 -10612.507 453.870
v 4227.686 -10612.507 448.430
v 4403.840 -10612.507 332.850
v 4579.993 -10612.507 321.460
v 4756.147 -10612.507 307.870
v 4932.300 -10612.507 233.080
v 5108.454 -10612.507 242.470
v 5284.607 -10612.507 209.050
v 5460.761 -10612.507 185.410
v 5636.915 -10612.507 188.440
v 5813.068 -10612.507 223.320
v 5989.222 -10612.507 342.830
v 6165.375 -10612.507 428.500
v 6341.529 -10612.507 469.910
v 6517.683 -10612.507 274.120
v 6693.836 -10612.507 47.390
v 6869.990 -10612.507 73.200
v 7046.143 -10612.507 192.850
v 7222.297 -10612.507 378.470
v 7398.450 -10612.507 362.360
v 7574.604 -10612.507 352.860
v 7750.758 -10612.507 414.380
v 7926.911 -10612.507 349.150
v 8103.065 -10612.507 257.610
v 8279.218 -10612.507 138.920
v 8455.372 -10612.507 1.820
v 8631.526 -10612.507 -100.370
v 8807.679 -10612.507 -103.500
v 8983.833 -10612.507 -104.500
v 9159.986 -10612.507 -104.500
v 9336.140 -10612.507 -104.500
v 9512.293 -10612.507 -104.500
v 9688.447 -10612.507 -104.500
v 9864.601 -10612.507 -104.500
v 10040.754 -10612.507 -104.500
v 10216.908 -10612.507 -104.500
v 10393.061 -10612.507 -104.500
v 10569.215 -10612.507 -104.500
v -10569.215 -10408.420 1874.450
v -10393.061 -10408.420 1835.520
v -10216.908 -10408.420 1867.510
v -10040.754 -10408.420 1953.460
v -9864.601 -10408.420 1929.600
v -9688.447 -10408.420 1923.650
v -9512.293 -10408.420 1883.600
v -9336.140 -10408.420 1829.080
v -9159.986 -10408.420 1800.170
v -8983.833 -10408.420 1882.240
v -8807.679 -10408.420 1688.900
v -8631.526 -10408.420 1230.870
v -8455.372 -10408.420 1167.590
v -8279.218 -10408.420 1074.850
v -8103.065 -10408.420 851.210
v -7926.911 -10408.420 830.950
v -7750.758 -10408.420 804.700
v -7574.604 -10408.420 796.270
v -7398.450 -10408.420 829.910
v -7222.297 -10408.420 864.370
v -7046.143 -10408.420 882.300
v -6869.990 -10408.420 850.050
v -6693.836 -10408.420 921.300
v -6517.683 -10408.420 1047.840
v -6341.529 -10408.420 1261.040
v -6165.375 -10408.420 1340.200
v -5989.222 -10408.420 1421.910
v -5813.068 -10408.420 1520.030
v -5636.915 -10408.420 1571.920
v -5460.761 -10408.420 1614.760
v -5284.607 -10408.420 1548.200
v -5108.454 -10408.420 1576.400
v -4932.300 -10408.420 1602.700
v -4756.147 -10408.420 1633.200
v -4579.993 -10408.420 1672.010
v -4403.840 -10408.420 1708.700
v -4227.686 -10408.420 1842.490
v -4051.532 -10408.420 1904.670
v -3875.379 -10408.420 1874.490
v -3699.225 -10408.420 1805.740
v -3523.072 -10408.420 1664.250
v -3346.918 -10408.420 1581.670
v -3170.764 -10408.420 1565.480
v -2994.611 -10408.420 1490.010
v -2818.457 -10408.420 1402.320
v -2642.304 -10408.420 1424.450
v -2466.150 -10408.420 1331.010
v -2289.997 -10408.420 1215.130
v -2113.843 -10408.420 1051.920
v -1937.689 -10408.420 892.390
v -1761.536 -10408.420 735.100
v -1585.382 -10408.420 596.920
v -1409.229 -10408.420 510.240
v -1233.075 -10408.420 449.820
v -1056.921 -10408.420 373.130
v -880.768 -10408.420 365.300
v -704.614 -10408.420 361.530
v -528.461 -10408.420 408.250
v -352.307 -10408.420 549.310
v -176.154 -10408.420 712.380
v 0.000 -10408.420 837.400
v 176.154 -10408.420 799.770
v 352.307 -10408.420 628.890
v 528.461 -10408.420 552.370
v 704.614 -10408.420 383.170
v 880.768 -10408.420 267.650
v 1056.921 -10408.420 311.740
v 1233.075 -10408.420 482.420
v 1409.229 -10408.420 523.970
v 1585.382 -10408.420 461.010
v 1761.536 -10408.420 433.850
v 1937.689 -10408.420 431.300
v 2113.843 -10408.420 396.090
v 2289.997 -10408.420 358.880
v 2466.150 -10408.420 322.900
v 2642.304 -10408.420 240.600
v 2818.457 -10408.420 300.330
v 2994.611 -10408.420 301.420
v 3170.764 -10408.420 338.100
v 3346.918 -10408.420 334.230
v 3523.072 -10408.420 310.000
v 3699.225 -10408.420 276.080
v 3875.379 -10408.420 324.140
v 4051.532 -10408.420 328.390
v 4227.686 -10408.420 310.690
v 4403.840 -10408.420 222.700
v 4579.993 -10408.420 152.210
v 4756.147 -10408.420 132.020
v 4932.300 -10408.420 108.830
v 5108.454 -10408.420 105.790
v 5284.607 -10408.420 60.500
v 5460.761 -10408.420 48.350
v 5636.915 -10408.420 48.230
v 5813.068 -10408.420 73.000
v 5989.222 -10408.420 161.350
v 6165.375 -10408.420 226.300
v 6341.529 -10408.420 249.020
v 6517.683 -10408.420 283.340
v 6693.836 -10408.420 110.020
v 6869.990 -10408.420 -3.610
v 7046.143 -10408.420 72.000
v 7222.297 -10408.420 229.210
v 7398.450 -10408.420 224.900
v 7574.604 -10408.420 206.340
v 7750.758 -10408.420 264.680
v 7926.911 -10408.420 218.550
v 8103.065 -10408.420 156.580
v 8279.218 -10408.420 69.330
v 8455.372 -10408.420 -81.140
v 8631.526 -10408.420 -102.990
v 8807.679 -10408.420 -104.500
v 8983.833 -10408.420 -104.500
v 9159.986 -10408.420 -104.500
v 9336.140 -10408.420 -104.500
v 9512.293 -10408.420 -104.500
v 9688.447 -10408.420 -104.500
v 9864.601 -10408.420 -104.500
v 10040.754 -10408.420 -104.500
v 10216.908 -10408.420 -104.500
v 10393.061 -10408.420 -104.500
v 10569.215 -10408.420 -104.500
v -10569.215 -10204.333 1999.250
v -10393.061 -10204.333 1937.750
v -10216.908 -10204.333 2002.600
v -10040.754 -10204.333 2080.750
v -9864.601 -10204.333 2071.600
v -9688.447 -10204.333 2041.750
v -9512.293 -10204.333 1974.050
v -9336.140 -10204.333 1933.700
v -9159.986 -10204.333 1903.100
v -8983.833 -10204.333 2003.100
v -8807.679 -10204.333 1874.000
v -8631.526 -10204.333 1305.250
v -8455.372 -10204.333 1271.400
v -8279.218 -10204.333 1064.250
v -8103.065 -10204.333 966.600
v -7926.911 -10204.333 910.750
v -7750.758 -10204.333 839.800
v -7574.604 -10204.333 807.350
v -7398.450 -10204.333 783.200
v -7222.297 -10204.333 785.350
v -7046.143 -10204.333 770.000
v -6869.990 -10204.333 787.300
v -6693.836 -10204.333 777.350
v -6517.683 -10204.333 802.100
v -6341.529 -10204.333 941.800
v -6165.375 -10204.333 1196.000
v -5989.222 -10204.333 1302.200
v -5813.068 -10204.333 1408.150
v -5636.915 -10204.333 1420.500
v -5460.761 -10204.333 1416.050
v -5284.607 -10204.333 1395.750
v -5108.454 -10204.333 1443.150
v -4932.300 -10204.333 1482.050
v -4756.147 -10204.333 1518.700
v -4579.993 -10204.333 1521.300
v -4403.840 -10204.333 1506.250
v -4227.686 -10204.333 1634.300
v -4051.532 -10204.333 1706.100
v -3875.379 -10204.333 1738.700
v -3699.225 -10204.333 1766.000
v -3523.072 -10204.333 1769.750
v -3346.918 -10204.333 1719.050
v -3170.764 -10204.333 1693.200
v -2994.611 -10204.333 1612.300
v -2818.457 -10204.333 1596.400
v -2642.304 -10204.333 1449.000
v -2466.150 -10204.333 1292.800
v -2289.997 -10204.333 1133.000
v -2113.843 -10204.333 1018.400
v -1937.689 -10204.333 888.550
v -1761.536 -10204.333 782.000
v -1585.382 -10204.333 694.400
v -1409.229 -10204.333 611.100
v -1233.075 -10204.333 515.100
v -1056.921 -10204.333 408.800
v -880.768 -10204.333 333.500
v -704.614 -10204.333 296.300
v -528.461 -10204.333 318.850
v -352.307 -10204.333 375.800
v -176.154 -10204.333 507.900
v 0.000 -10204.333 632.750
v 176.154 -10204.333 753.950
v 352.307 -10204.333 740.750
v 528.461 -10204.333 635.400
v 704.614 -10204.333 420.200
v 880.768 -10204.333 245.500
v 1056.921 -10204.333 257.700
v 1233.075 -10204.333 364.550
v 1409.229 -10204.333 373.450
v 1585.382 -10204.333 350.450
v 1761.536 -10204.333 350.750
v 1937.689 -10204.333 350.500
v 2113.843 -10204.333 329.400
v 2289.997 -10204.333 262.950
v 2466.150 -10204.333 215.100
v 2642.304 -10204.333 135.500
v 2818.457 -10204.333 123.300
v 2994.611 -10204.333 167.300
v 3170.764 -10204.333 221.100
v 3346.918 -10204.333 207.250
v 3523.072 -10204.333 192.750
v 3699.225 -10204.333 156.650
v 3875.379 -10204.333 185.850
v 4051.532 -10204.333 174.400
v 4227.686 -10204.333 124.300
v 4403.840 -10204.333 58.250
v 4579.993 -10204.333 21.000
v 4756.147 -10204.333 -5.050
v 4932.300 -10204.333 3.450
v 5108.454 -10204.333 2.750
v 5284.607 -10204.333 -41.000
v 5460.761 -10204.333 -64.250
v 5636.915 -10204.333 -80.650
v 5813.068 -10204.333 -42.650
v 5989.222 -10204.333 17.600
v 6165.375 -10204.333 30.000
v 6341.529 -10204.333 34.850
v 6517.683 -10204.333 34.350
v 6693.836 -10204.333 135.100
v 6869.990 -10204.333 -22.100
v 7046.143 -10204.333 25.750
v 7222.297 -10204.333 146.300
v 7398.450 -10204.333 79.200
v 7574.604 -10204.333 41.300
v 7750.758 -10204.333 75.750
v 7926.911 -10204.333 135.750
v 8103.065 -10204.333 5.550
v 8279.218 -10204.333 -90.800
v 8455.372 -10204.333 -95.900
v 8631.526 -10204.333 -104.400
v 8807.679 -10204.333 -104.500
v 8983.833 -10204.333 -104.500
v 9159.986 -10204.333 -104.500
v 9336.140 -10204.333 -104.500
v 9512.293 -10204.333 -104.500
v 9688.447 -10204.333 -104.500
v 9864.601 -10204.333 -104.500
v 10040.754 -10204.333 -104.500
v 10216.908 -10204.333 -104.500
v 10393.061 -10204.333 -104.500
v 10569.215 -10204.333 -104.500
v -10569.215 -10000.247 2130.700
v -10393.061 -10000.247 2127.660
v -10216.908 -10000.247 2218.420
v -10040.754 -10000.247 2214.200
v -9864.601 -10000.247 2187.330
v -9688.447 -10000.247 2129.500
v -9512.293 -10000.247 2082.130
v -9336.140 -10000.247 2007.590
v -9159.986 -10000.247 1920.310
v -8983.833 -10000.247 1908.460
v -8807.679 -10000.247 1851.450
v -8631.526 -10000.247 1553.230
v -8455.372 -10000.247 1461.830
v -8279.218 -10000.247 1201.840
v -8103.065 -10000.247 1062.900
v -7926.911 -10000.247 955.650
v -7750.758 -10000.247 907.020
v -7574.604 -10000.247 852.440
v -7398.450 -10000.247 805.540
v -7222.297 -10000.247 744.290
v -7046.143 -10000.247 721.900
v -6869.990 -10000.247 754.980
v -6693.836 -10000.247 742.470
v -6517.683 -10000.247 712.580
v -6341.529 -10000.247 754.480
v -6165.375 -10000.247 882.650
v -5989.222 -10000.247 1139.710
v -5813.068 -10000.247 1250.600
v -5636.915 -10000.247 1196.540
v -5460.761 -10000.247 1151.390
v -5284.607 -10000.247 1128.900
v -5108.454 -10000.247 1130.200
v -4932.300 -10000.247 1191.890
v -4756.147 -10000.247 1265.310
v -4579.993 -10000.247 1245.170
v -4403.840 -10000.247 1337.200
v -4227.686 -10000.247 1423.120
v -4051.532 -10000.247 1466.170
v -3875.379 -10000.247 1519.130
v -3699.225 -10000.247 1600.480
v -3523.072 -10000.247 1731.450
v -3346.918 -10000.247 1842.470
v -3170.764 -10000.247 1826.230
v -2994.611 -10000.247 1717.070
v -2818.457 -10000.247 1591.340
v -2642.304 -10000.247 1396.550
v -2466.150 -10000.247 1309.350
v -2289.997 -10000.247 1226.940
v -2113.843 -10000.247 1107.340
v -1937.689 -10000.247 979.560
v -1761.536 -10000.247 887.800
v -1585.382 -10000.247 827.600
v -1409.229 -10000.247 770.430
v -1233.075 -10000.247 656.450
v -1056.921 -10000.247 494.550
v -880.768 -10000.247 400.850
v -704.614 -10000.247 320.730
v -528.461 -10000.247 237.400
v -352.307 -10000.247 274.490
v -176.154 -10000.247 358.940
v 0.000 -10000.247 498.750
v 176.154 -10000.247 617.730
v 352.307 -10000.247 610.550
v 528.461 -10000.247 618.130
v 704.614 -10000.247 464.790
v 880.768 -10000.247 252.600
v 1056.921 -10000.247 182.310
v 1233.075 -10000.247 217.160
v 1409.229 -10000.247 267.570
v 1585.382 -10000.247 307.970
v 1761.536 -10000.247 300.500
v 1937.689 -10000.247 271.390
v 2113.843 -10000.247 288.170
v 2289.997 -10000.247 282.030
v 2466.150 -10000.247 263.940
v 2642.304 -10000.247 172.300
v 2818.457 -10000.247 72.240
v 2994.611 -10000.247 45.660
v 3170.764 -10000.247 98.020
v 3346.918 -10000.247 106.090
v 3523.072 -10000.247 66.450
v 3699.225 -10000.247 16.220
v 3875.379 -10000.247 19.510
v 4051.532 -10000.247 15.900
v 4227.686 -10000.247 -34.670
v 4403.840 -10000.247 -81.650
v 4579.993 -10000.247 -77.300
v 4756.147 -10000.247 -79.400
v 4932.300 -10000.247 -65.940
v 5108.454 -10000.247 -77.080
v 5284.607 -10000.247 -82.650
v 5460.761 -10000.247 -92.510
v 5636.915 -10000.247 -97.400
v 5813.068 -10000.247 -103.670
v 5989.222 -10000.247 -98.710
v 6165.375 -10000.247 -97.650
v 6341.529 -10000.247 -96.680
v 6517.683 -10000.247 -97.140
v 6693.836 -10000.247 -46.850
v 6869.990 -10000.247 -48.320
v 7046.143 -10000.247 -9.300
v 7222.297 -10000.247 40.860
v 7398.450 -10000.247 -66.240
v 7574.604 -10000.247 -98.370
v 7750.758 -10000.247 -98.810
v 7926.911 -10000.247 -88.000
v 8103.065 -10000.247 -85.470
v 8279.218 -10000.247 -99.630
v 8455.372 -10000.247 -103.600
v 8631.526 -10000.247 -104.500
v 8807.679 -10000.247 -104.500
v 8983.833 -10000.247 -104.500
v 9159.986 -10000.247 -104.500
v 9336.140 -10000.247 -104.500
v 9512.293 -10000.247 -104.500
v 9688.447 -10000.247 -104.500
v 9864.601 -10000.247 -104.500
v 10040.754 -10000.247 -104.500
v 10216.908 -10000.247 -104.500
v 10393.061 -10000.247 -104.500
v 10569.215 -10000.247 -102.450
v -10569.215 -9796.160 2198.950
v -10393.061 -9796.160 2281.200
v -10216.908 -9796.160 2348.590
v -10040.754 -9796.160 2352.240
v -9864.601 -9796.160 2286.410
v -9688.447 -9796.160 2223.150
v -9512.293 -9796.160 2156.370
v -9336.140 -9796.160 2077.500
v -9159.986 -9796.160 1965.650
v -8983.833 -9796.160 1802.580
v -8807.679 -9796.160 1669.100
v -8631.526 -9796.160 1634.070
v -8455.372 -9796.160 1642.290
v -8279.218 -9796.160 1558.290
v -8103.065 -9796.160 1231.620
v -7926.911 -9796.160 1016.250
v -7750.758 -9796.160 967.420
v -7574.604 -9796.160 908.540
v -7398.450 -9796.160 849.910
v -7222.297 -9796.160 782.430
v -7046.143 -9796.160 747.350
v -6869.990 -9796.160 718.360
v -6693.836 -9796.160 687.660
v -6517.683 -9796.160 669.610
v -6341.529 -9796.160 679.940
v -6165.375 -9796.160 731.200
v -5989.222 -9796.160 935.310
v -5813.068 -9796.160 1020.590
v -5636.915 -9796.160 980.790
v -5460.761 -9796.160 921.050
v -5284.607 -9796.160 899.750
v -5108.454 -9796.160 959.460
v -4932.300 -9796.160 909.020
v -4756.147 -9796.160 1037.120
v -4579.993 -9796.160 1066.480
v -4403.840 -9796.160 1136.750
v -4227.686 -9796.160 1220.980
v -4051.532 -9796.160 1334.110
v -3875.379 -9796.160 1404.520
v -3699.225 -9796.160 1551.440
v -3523.072 -9796.160 1623.000
v -3346.918 -9796.160 1685.710
v -3170.764 -9796.160 1752.020
v -2994.611 -9796.160 1678.170
v -2818.457 -9796.160 1567.650
v -2642.304 -9796.160 1508.550
v -2466.150 -9796.160 1419.720
v -2289.997 -9796.160 1331.540
v -2113.843 -9796.160 1211.230
v -1937.689 -9796.160 1110.410
v -1761.536 -9796.160 1015.050
v -1585.382 -9796.160 964.130
v -1409.229 -9796.160 923.290
v -1233.075 -9796.160 738.140
v -1056.921 -9796.160 591.660
v -880.768 -9796.160 494.800
v -704.614 -9796.160 384.540
v -528.461 -9796.160 256.440
v -352.307 -9796.160 182.890
v -176.154 -9796.160 237.690
v 0.000 -9796.160 359.950
v 176.154 -9796.160 456.280
v 352.307 -9796.160 461.130
v 528.461 -9796.160 463.650
v 704.614 -9796.160 453.650
v 880.768 -9796.160 391.400
v 1056.921 -9796.160 221.110
v 1233.075 -9796.160 150.610
v 1409.229 -9796.160 134.580
v 1585.382 -9796.160 191.240
v 1761.536 -9796.160 226.050
v 1937.689 -9796.160 205.380
v 2113.843 -9796.160 210.630
v 2289.997 -9796.160 186.290
v 2466.150 -9796.160 131.870
v 2642.304 -9796.160 111.850
v 2818.457 -9796.160 49.630
v 2994.611 -9796.160 21.300
v 3170.764 -9796.160 -4.890
v 3346.918 -9796.160 -31.700
v 3523.072 -9796.160 -39.400
v 3699.225 -9796.160 -34.610
v 3875.379 -9796.160 -36.610
v 4051.532 -9796.160 -58.280
v 4227.686 -9796.160 -84.660
v 4403.840 -9796.160 -93.000
v 4579.993 -9796.160 -94.530
v 4756.147 -9796.160 -95.690
v 4932.300 -9796.160 -96.290
v 5108.454 -9796.160 -96.630
v 5284.607 -9796.160 -98.650
v 5460.761 -9796.160 -98.500
v 5636.915 -9796.160 -99.500
v 5813.068 -9796.160 -99.290
v 5989.222 -9796.160 -98.570
v 6165.375 -9796.160 -98.350
v 6341.529 -9796.160 -98.070
v 6517.683 -9796.160 -88.100
v 6693.836 -9796.160 -71.510
v 6869.990 -9796.160 -62.260
v 7046.143 -9796.160 -58.400
v 7222.297 -9796.160 -96.950
v 7398.450 -9796.160 -100.780
v 7574.604 -9796.160 -101.490
v 7750.758 -9796.160 -100.000
v 7926.911 -9796.160 -102.200
v 8103.065 -9796.160 -101.000
v 8279.218 -9796.160 -104.500
v 8455.372 -9796.160 -104.500
v 8631.526 -9796.160 -104.500
v 8807.679 -9796.160 -104.500
v 8983.833 -9796.160 -104.500
v 9159.986 -9796.160 -104.500
v 9336.140 -9796.160 -104.500
v 9512.293 -9796.160 -104.500
v 9688.447 -9796.160 -104.500
v 9864.601 -9796.160 -104.500
v 10040.754 -9796.160 -104.500
v 10216.908 -9796.160 -104.500
v 10393.061 -9796.160 -102.530
v 10569.215 -9796.160 -94.500
v -10569.215 -9592.073 2154.300
v -10393.061 -9592.073 2180.820
v -10216.908 -9592.073 2306.700
v -10040.754 -9592.073 2395.030
v -9864.601 -9592.073 2333.420
v -9688.447 -9592.073 2300.250
v -9512.293 -9592.073 2231.090
v -9336.140 -9592.073 2131.290
v -9159.986 -9592.073 1968.560
v -8983.833 -9592.073 1823.390
v -8807.679 -9592.073 1754.100
v -8631.526 -9592.073 1745.100
v -8455.372 -9592.073 1713.530
v -8279.218 -9592.073 1630.860
v -8103.065 -9592.073 1260.810
v -7926.911 -9592.073 1100.300
v -7750.758 -9592.073 1040.480
v -7574.604 -9592.073 976.050
v -7398.450 -9592.073 910.740
v -7222.297 -9592.073 823.870
v -7046.143 -9592.073 777.250
v -6869.990 -9592.073 720.140
v -6693.836 -9592.073 655.350
v -6517.683 -9592.073 626.490
v -6341.529 -9592.073 633.340
v -6165.375 -9592.073 614.600
v -5989.222 -9592.073 668.410
v -5813.068 -9592.073 760.210
v -5636.915 -9592.073 777.200
v -5460.761 -9592.073 729.490
v -5284.607 -9592.073 799.550
v -5108.454 -9592.073 828.270
v -4932.300 -9592.073 756.660
v -4756.147 -9592.073 867.130
v -4579.993 -9592.073 927.140
v -4403.840 -9592.073 1009.650
v -4227.686 -9592.073 1054.400
v -4051.532 -9592.073 1164.430
v -3875.379 -9592.073 1263.490
v -3699.225 -9592.073 1379.500
v -3523.072 -9592.073 1464.800
v -3346.918 -9592.073 1530.680
v -3170.764 -9592.073 1572.720
v -2994.611 -9592.073 1707.880
v -2818.457 -9592.073 1701.450
v -2642.304 -9592.073 1617.200
v -2466.150 -9592.073 1525.470
v -2289.997 -9592.073 1458.010
v -2113.843 -9592.073 1361.270
v -1937.689 -9592.073 1261.360
v -1761.536 -9592.073 1175.250
v -1585.382 -9592.073 1070.070
v -1409.229 -9592.073 935.340
v -1233.075 -9592.073 808.210
v -1056.921 -9592.073 692.090
v -880.768 -9592.073 569.400
v -704.614 -9592.073 434.230
v -528.461 -9592.073 321.440
v -352.307 -9592.073 225.010
v -176.154 -9592.073 162.280
v 0.000 -9592.073 197.300
v 176.154 -9592.073 280.420
v 352.307 -9592.073 302.740
v 528.461 -9592.073 299.820
v 704.614 -9592.073 300.800
v 880.768 -9592.073 276.550
v 1056.921 -9592.073 283.480
v 1233.075 -9592.073 173.750
v 1409.229 -9592.073 112.790
v 1585.382 -9592.073 97.700
v 1761.536 -9592.073 85.400
v 1937.689 -9592.073 71.750
v 2113.843 -9592.073 73.980
v 2289.997 -9592.073 54.420
v 2466.150 -9592.073 17.340
v 2642.304 -9592.073 -18.600
v 2818.457 -9592.073 -12.130
v 2994.611 -9592.073 -12.000
v 3170.764 -9592.073 -22.970
v 3346.918 -9592.073 -44.500
v 3523.072 -9592.073 -65.500
v 3699.225 -9592.073 -68.300
v 3875.379 -9592.073 -64.190
v 4051.532 -9592.073 -72.020
v 4227.686 -9592.073 -86.830
v 4403.840 -9592.073 -92.500
v 4579.993 -9592.073 -94.840
v 4756.147 -9592.073 -98.290
v 4932.300 -9592.073 -96.800
v 5108.454 -9592.073 -98.130
v 5284.607 -9592.073 -99.200
v 5460.761 -9592.073 -99.500
v 5636.915 -9592.073 -100.290
v 5813.068 -9592.073 -100.410
v 5989.222 -9592.073 -100.400
v 6165.375 -9592.073 -99.450
v 6341.529 -9592.073 -97.600
v 6517.683 -9592.073 -93.800
v 6693.836 -9592.073 -84.990
v 6869.990 -9592.073 -78.600
v 7046.143 -9592.073 -84.250
v 7222.297 -9592.073 -97.230
v 7398.450 -9592.073 -103.410
v 7574.604 -9592.073 -104.500
v 7750.758 -9592.073 -104.500
v 7926.911 -9592.073 -104.500
v 8103.065 -9592.073 -104.500
v 8279.218 -9592.073 -104.500
v 8455.372 -9592.073 -104.500
v 8631.526 -9592.073 -104.500
v 8807.679 -9592.073 -104.500
v 8983.833 -9592.073 -104.500
v 9159.986 -9592.073 -104.500
v 9336.140 -9592.073 -104.500
v 9512.293 -9592.073 -104.500
v 9688.447 -9592.073 -104.500
v 9864.601 -9592.073 -104.500
v 10040.754 -9592.073 -104.500
v 10216.908 -9592.073 -103.500
v 10393.061 -9592.073 -100.630
v 10569.215 -9592.073 -88.800
v -10569.215 -9387.987 2117.200
v -10393.061 -9387.987 2167.620
v -10216.908 -9387.987 2212.160
v -10040.754 -9387.987 2350.480
v -9864.601 -9387.987 2395.170
v -9688.447 -9387.987 2331.950
v -9512.293 -9387.987 2297.750
v -9336.140 -9387.987 2168.550
v -9159.986 -9387.987 1995.290
v -8983.833 -9387.987 1928.290
v -8807.679 -9387.987 1880.500
v -8631.526 -9387.987 1844.010
v -8455.372 -9387.987 1785.430
v -8279.218 -9387.987 1722.110
v -8103.065 -9387.987 1414.160
v -7926.911 -9387.987 1178.350
v -7750.758 -9387.987 1119.380
v -7574.604 -9387.987 1107.700
v -7398.450 -9387.987 1028.550
v -7222.297 -9387.987 914.730
v -7046.143 -9387.987 824.550
v -6869.990 -9387.987 740.510
v -6693.836 -9387.987 648.040
v -6517.683 -9387.987 596.370
v -6341.529 -9387.987 567.490
v -6165.375 -9387.987 533.550
v -5989.222 -9387.987 533.190
v -5813.068 -9387.987 521.990
v -5636.915 -9387.987 563.710
v -5460.761 -9387.987 568.560
v -5284.607 -9387.987 623.200
v -5108.454 -9387.987 650.940
v -4932.300 -9387.987 669.090
v -4756.147 -9387.987 726.690
v -4579.993 -9387.987 843.010
v -4403.840 -9387.987 846.800
v -4227.686 -9387.987 972.190
v -4051.532 -9387.987 1072.540
v -3875.379 -9387.987 1137.140
v -3699.225 -9387.987 1218.220
v -3523.072 -9387.987 1332.850
v -3346.918 -9387.987 1369.400
v -3170.764 -9387.987 1455.440
v -2994.611 -9387.987 1604.680
v -2818.457 -9387.987 1721.700
v -2642.304 -9387.987 1710.850
v -2466.150 -9387.987 1644.630
v -2289.997 -9387.987 1535.160
v -2113.843 -9387.987 1428.290
v -1937.689 -9387.987 1382.950
v -1761.536 -9387.987 1251.800
v -1585.382 -9387.987 1180.310
v -1409.229 -9387.987 1034.020
v -1233.075 -9387.987 951.260
v -1056.921 -9387.987 833.530
v -880.768 -9387.987 667.150
v -704.614 -9387.987 586.980
v -528.461 -9387.987 383.720
v -352.307 -9387.987 309.140
v -176.154 -9387.987 240.630
v 0.000 -9387.987 141.950
v 176.154 -9387.987 128.540
v 352.307 -9387.987 134.040
v 528.461 -9387.987 132.300
v 704.614 -9387.987 137.190
v 880.768 -9387.987 146.700
v 1056.921 -9387.987 199.710
v 1233.075 -9387.987 241.200
v 1409.229 -9387.987 117.430
v 1585.382 -9387.987 78.820
v 1761.536 -9387.987 65.800
v 1937.689 -9387.987 51.400
v 2113.843 -9387.987 29.700
v 2289.997 -9387.987 13.040
v 2466.150 -9387.987 -5.910
v 2642.304 -9387.987 -21.750
v 2818.457 -9387.987 -36.400
v 2994.611 -9387.987 -40.130
v 3170.764 -9387.987 -47.900
v 3346.918 -9387.987 -64.100
v 3523.072 -9387.987 -78.250
v 3699.225 -9387.987 -86.310
v 3875.379 -9387.987 -84.300
v 4051.532 -9387.987 -86.970
v 4227.686 -9387.987 -91.320
v 4403.840 -9387.987 -93.400
v 4579.993 -9387.987 -95.310
v 4756.147 -9387.987 -95.170
v 4932.300 -9387.987 -97.500
v 5108.454 -9387.987 -97.500
v 5284.607 -9387.987 -98.050
v 5460.761 -9387.987 -96.790
v 5636.915 -9387.987 -98.570
v 5813.068 -9387.987 -98.430
v 5989.222 -9387.987 -99.600
v 6165.375 -9387.987 -99.850
v 6341.529 -9387.987 -99.500
v 6517.683 -9387.987 -92.530
v 6693.836 -9387.987 -93.400
v 6869.990 -9387.987 -83.500
v 7046.143 -9387.987 -92.950
v 7222.297 -9387.987 -99.590
v 7398.450 -9387.987 -104.200
v 7574.604 -9387.987 -104.500
v 7750.758 -9387.987 -104.500
v 7926.911 -9387.987 -104.500
v 8103.065 -9387.987 -104.500
v 8279.218 -9387.987 -104.500
v 8455.372 -9387.987 -104.500
v 8631.526 -9387.987 -104.500
v 8807.679 -9387.987 -104.500
v 8983.833 -9387.987 -104.500
v 9159.986 -9387.987 -104.500
v 9336.140 -9387.987 -104.500
v 9512.293 -9387.987 -102.690
v 9688.447 -9387.987 -101.550
v 9864.601 -9387.987 -100.050
v 10040.754 -9387.987 -101.860
v 10216.908 -9387.987 -102.130
v 10393.061 -9387.987 -99.500
v 10569.215 -9387.987 -92.850
v -10569.215 -9183.900 2039.500
v -10393.061 -9183.900 2010.800
v -10216.908 -9183.900 2071.500
v -10040.754 -9183.900 2241.700
v -9864.601 -9183.900 2353.050
v -9688.447 -9183.900 2365.250
v -9512.293 -9183.900 2300.950
v -9336.140 -9183.900 2183.550
v -9159.986 -9183.900 2085.800
v -8983.833 -9183.900 2034.250
v -8807.679 -9183.900 1982.250
v -8631.526 -9183.900 1931.250
v -8455.372 -9183.900 1868.850
v -8279.218 -9183.900 1752.600
v -8103.065 -9183.900 1556.300
v -7926.911 -9183.900 1277.250
v -7750.758 -9183.900 1244.800
v -7574.604 -9183.900 1247.450
v -7398.450 -9183.900 1245.950
v -7222.297 -9183.900 1058.550
v -7046.143 -9183.900 1040.750
v -6869.990 -9183.900 934.500
v -6693.836 -9183.900 729.700
v -6517.683 -9183.900 598.350
v -6341.529 -9183.900 589.400
v -6165.375 -9183.900 554.000
v -5989.222 -9183.900 501.800
v -5813.068 -9183.900 468.650
v -5636.915 -9183.900 448.250
v -5460.761 -9183.900 465.550
v -5284.607 -9183.900 509.750
v -5108.454 -9183.900 522.000
v -4932.300 -9183.900 537.750
v -4756.147 -9183.900 575.200
v -4579.993 -9183.900 708.700
v -4403.840 -9183.900 741.250
v -4227.686 -9183.900 861.400
v -4051.532 -9183.900 912.050
v -3875.379 -9183.900 1024.850
v -3699.225 -9183.900 1056.850
v -3523.072 -9183.900 1206.250
v -3346.918 -9183.900 1363.650
v -3170.764 -9183.900 1532.150
v -2994.611 -9183.900 1672.100
v -2818.457 -9183.900 1685.650
v -2642.304 -9183.900 1658.000
v -2466.150 -9183.900 1646.150
v -2289.997 -9183.900 1610.600
v -2113.843 -9183.900 1541.300
v -1937.689 -9183.900 1443.800
v -1761.536 -9183.900 1359.000
v -1585.382 -9183.900 1277.150
v -1409.229 -9183.900 1180.450
v -1233.075 -9183.900 1061.150
v -1056.921 -9183.900 940.900
v -880.768 -9183.900 825.500
v -704.614 -9183.900 744.600
v -528.461 -9183.900 549.400
v -352.307 -9183.900 433.300
v -176.154 -9183.900 330.150
v 0.000 -9183.900 260.750
v 176.154 -9183.900 181.750
v 352.307 -9183.900 127.050
v 528.461 -9183.900 83.950
v 704.614 -9183.900 64.650
v 880.768 -9183.900 55.750
v 1056.921 -9183.900 79.300
v 1233.075 -9183.900 112.200
v 1409.229 -9183.900 72.200
v 1585.382 -9183.900 66.650
v 1761.536 -9183.900 45.000
v 1937.689 -9183.900 34.350
v 2113.843 -9183.900 17.750
v 2289.997 -9183.900 1.000
v 2466.150 -9183.900 -16.850
v 2642.304 -9183.900 -32.500
v 2818.457 -9183.900 -46.450
v 2994.611 -9183.900 -60.650
v 3170.764 -9183.900 -68.650
v 3346.918 -9183.900 -77.750
v 3523.072 -9183.900 -83.500
v 3699.225 -9183.900 -89.500
v 3875.379 -9183.900 -90.650
v 4051.532 -9183.900 -92.500
v 4227.686 -9183.900 -93.600
v 4403.840 -9183.900 -93.500
v 4579.993 -9183.900 -96.050
v 4756.147 -9183.900 -96.300
v 4932.300 -9183.900 -96.500
v 5108.454 -9183.900 -97.600
v 5284.607 -9183.900 -98.750
v 5460.761 -9183.900 -101.550
v 5636.915 -9183.900 -103.500
v 5813.068 -9183.900 -103.450
v 5989.222 -9183.900 -98.500
v 6165.375 -9183.900 -103.250
v 6341.529 -9183.900 -102.450
v 6517.683 -9183.900 -99.000
v 6693.836 -9183.900 -93.150
v 6869.990 -9183.900 -96.900
v 7046.143 -9183.900 -95.750
v 7222.297 -9183.900 -103.550
v 7398.450 -9183.900 -104.500
v 7574.604 -9183.900 -104.500
v 7750.758 -9183.900 -104.500
v 7926.911 -9183.900 -104.500
v 8103.065 -9183.900 -104.500
v 8279.218 -9183.900 -104.500
v 8455.372 -9183.900 -104.500
v 8631.526 -9183.900 -104.500
v 8807.679 -9183.900 -104.500
v 8983.833 -9183.900 -104.500
v 9159.986 -9183.900 -103.500
v 9336.140 -9183.900 -101.650
v 9512.293 -9183.900 -100.050
v 9688.447 -9183.900 -88.750
v 9864.601 -9183.900 -91.000
v 10040.754 -9183.900 -91.250
v 10216.908 -9183.900 -92.300
v 10393.061 -9183.900 -91.500
v 10569.215 -9183.900 -96.000
v -10569.215 -8979.813 1940.250
v -10393.061 -8979.813 1940.500
v -10216.908 -8979.813 1999.780
v -10040.754 -8979.813 2167.220
v -9864.601 -8979.813 2275.310
v -9688.447 -8979.813 2304.700
v -9512.293 -8979.813 2279.840
v -9336.140 -8979.813 2250.830
v -9159.986 -8979.813 2196.240
v -8983.833 -8979.813 2131.440
v -8807.679 -8979.813 2056.750
v -8631.526 -8979.813 2000.910
v -8455.372 -8979.813 1938.630
v -8279.218 -8979.813 1866.880
v -8103.065 -8979.813 1722.050
v -7926.911 -8979.813 1411.250
v -7750.758 -8979.813 1348.910
v -7574.604 -8979.813 1389.660
v -7398.450 -8979.813 1391.330
v -7222.297 -8979.813 1286.570
v -7046.143 -8979.813 1228.000
v -6869.990 -8979.813 1091.190
v -6693.836 -8979.813 926.170
v -6517.683 -8979.813 699.470
v -6341.529 -8979.813 589.650
v -6165.375 -8979.813 526.800
v -5989.222 -8979.813 511.650
v -5813.068 -8979.813 462.900
v -5636.915 -8979.813 428.530
v -5460.761 -8979.813 442.390
v -5284.607 -8979.813 458.000
v -5108.454 -8979.813 468.620
v -4932.300 -8979.813 457.270
v -4756.147 -8979.813 478.040
v -4579.993 -8979.813 554.050
v -4403.840 -8979.813 616.600
v -4227.686 -8979.813 704.050
v -4051.532 -8979.813 821.280
v -3875.379 -8979.813 984.830
v -3699.225 -8979.813 1156.850
v -3523.072 -8979.813 1310.600
v -3346.918 -8979.813 1417.840
v -3170.764 -8979.813 1509.550
v -2994.611 -8979.813 1574.010
v -2818.457 -8979.813 1547.310
v -2642.304 -8979.813 1506.950
v -2466.150 -8979.813 1485.640
v -2289.997 -8979.813 1524.730
v -2113.843 -8979.813 1553.560
v -1937.689 -8979.813 1507.290
v -1761.536 -8979.813 1429.000
v -1585.382 -8979.813 1354.550
v -1409.229 -8979.813 1245.420
v -1233.075 -8979.813 1157.360
v -1056.921 -8979.813 1040.510
v -880.768 -8979.813 1058.450
v -704.614 -8979.813 918.520
v -528.461 -8979.813 722.360
v -352.307 -8979.813 597.080
v -176.154 -8979.813 496.100
v 0.000 -8979.813 394.250
v 176.154 -8979.813 317.150
v 352.307 -8979.813 234.170
v 528.461 -8979.813 192.210
v 704.614 -8979.813 113.330
v 880.768 -8979.813 44.700
v 1056.921 -8979.813 30.300
v 1233.075 -8979.813 36.630
v 1409.229 -8979.813 47.070
v 1585.382 -8979.813 44.100
v 1761.536 -8979.813 34.200
v 1937.689 -8979.813 15.020
v 2113.843 -8979.813 4.870
v 2289.997 -8979.813 -11.560
v 2466.150 -8979.813 -28.380
v 2642.304 -8979.813 -48.050
v 2818.457 -8979.813 -58.800
v 2994.611 -8979.813 -66.830
v 3170.764 -8979.813 -75.870
v 3346.918 -8979.813 -86.030
v 3523.072 -8979.813 -89.200
v 3699.225 -8979.813 -89.500
v 3875.379 -8979.813 -94.430
v 4051.532 -8979.813 -94.270
v 4227.686 -8979.813 -95.110
v 4403.840 -8979.813 -97.500
v 4579.993 -8979.813 -97.420
v 4756.147 -8979.813 -100.370
v 4932.300 -8979.813 -98.400
v 5108.454 -8979.813 -99.410
v 5284.607 -8979.813 -101.050
v 5460.761 -8979.813 -103.690
v 5636.915 -8979.813 -104.500
v 5813.068 -8979.813 -103.500
v 5989.222 -8979.813 -102.680
v 6165.375 -8979.813 -104.000
v 6341.529 -8979.813 -104.500
v 6517.683 -8979.813 -103.500
v 6693.836 -8979.813 -102.500
v 6869.990 -8979.813 -102.410
v 7046.143 -8979.813 -103.550
v 7222.297 -8979.813 -104.500
v 7398.450 -8979.813 -104.500
v 7574.604 -8979.813 -104.500
v 7750.758 -8979.813 -104.500
v 7926.911 -8979.813 -104.500
v 8103.065 -8979.813 -104.500
v 8279.218 -8979.813 -104.500
v 8455.372 -8979.813 -104.500
v 8631.526 -8979.813 -104.500
v 8807.679 -8979.813 -104.500
v 8983.833 -8979.813 -103.500
v 9159.986 -8979.813 -102.100
v 9336.140 -8979.813 -97.130
v 9512.293 -8979.813 -87.610
v 9688.447 -8979.813 -81.900
v 9864.601 -8979.813 -82.300
v 10040.754 -8979.813 -82.700
v 10216.908 -8979.813 -81.870
v 10393.061 -8979.813 -90.820
v 10569.215 -8979.813 -94.350
v -10569.215 -8775.727 1865.600
v -10393.061 -8775.727 1924.260
v -10216.908 -8775.727 2082.620
v -10040.754 -8775.727 2186.060
v -9864.601 -8775.727 2312.560
v -9688.447 -8775.727 2385.350
v -9512.293 -8775.727 2256.260
v -9336.140 -8775.727 2222.500
v -9159.986 -8775.727 2212.440
v -8983.833 -8775.727 2170.560
v -8807.679 -8775.727 2131.400
v -8631.526 -8775.727 2068.170
v -8455.372 -8775.727 2007.680
v -8279.218 -8775.727 1908.560
v -8103.065 -8775.727 1812.980
v -7926.911 -8775.727 1577.850
v -7750.758 -8775.727 1531.500
v -7574.604 -8775.727 1534.810
v -7398.450 -8775.727 1538.270
v -7222.297 -8775.727 1469.370
v -7046.143 -8775.727 1305.450
v -6869.990 -8775.727 1172.740
v -6693.836 -8775.727 1047.150
v -6517.683 -8775.727 886.660
v -6341.529 -8775.727 714.410
v -6165.375 -8775.727 593.500
v -5989.222 -8775.727 546.190
v -5813.068 -8775.727 500.830
v -5636.915 -8775.727 479.500
v -5460.761 -8775.727 447.550
v -5284.607 -8775.727 428.850
v -5108.454 -8775.727 409.160
v -4932.300 -8775.727 412.200
v -4756.147 -8775.727 436.470
v -4579.993 -8775.727 473.840
v -4403.840 -8775.727 623.400
v -4227.686 -8775.727 776.040
v -4051.532 -8775.727 923.630
v -3875.379 -8775.727 1011.260
v -3699.225 -8775.727 1101.980
v -3523.072 -8775.727 1204.650
v -3346.918 -8775.727 1305.870
v -3170.764 -8775.727 1395.640
v -2994.611 -8775.727 1495.880
v -2818.457 -8775.727 1448.360
v -2642.304 -8775.727 1346.900
v -2466.150 -8775.727 1359.410
v -2289.997 -8775.727 1385.200
v -2113.843 -8775.727 1420.370
v -1937.689 -8775.727 1474.390
v -1761.536 -8775.727 1418.650
v -1585.382 -8775.727 1340.130
v -1409.229 -8775.727 1305.440
v -1233.075 -8775.727 1218.310
v -1056.921 -8775.727 1147.000
v -880.768 -8775.727 1095.000
v -704.614 -8775.727 982.970
v -528.461 -8775.727 850.160
v -352.307 -8775.727 731.570
v -176.154 -8775.727 628.250
v 0.000 -8775.727 531.200
v 176.154 -8775.727 474.960
v 352.307 -8775.727 417.420
v 528.461 -8775.727 325.090
v 704.614 -8775.727 185.710
v 880.768 -8775.727 51.850
v 1056.921 -8775.727 23.640
v 1233.075 -8775.727 20.420
v 1409.229 -8775.727 23.700
v 1585.382 -8775.727 22.170
v 1761.536 -8775.727 18.250
v 1937.689 -8775.727 5.700
v 2113.843 -8775.727 -7.810
v 2289.997 -8775.727 -20.520
v 2466.150 -8775.727 -34.870
v 2642.304 -8775.727 -49.700
v 2818.457 -8775.727 -64.630
v 2994.611 -8775.727 -77.580
v 3170.764 -8775.727 -83.410
v 3346.918 -8775.727 -87.400
v 3523.072 -8775.727 -91.550
v 3699.225 -8775.727 -94.770
v 3875.379 -8775.727 -96.500
v 4051.532 -8775.727 -95.010
v 4227.686 -8775.727 -95.530
v 4403.840 -8775.727 -97.600
v 4579.993 -8775.727 -99.400
v 4756.147 -8775.727 -100.290
v 4932.300 -8775.727 -99.100
v 5108.454 -8775.727 -99.160
v 5284.607 -8775.727 -103.500
v 5460.761 -8775.727 -104.500
v 5636.915 -8775.727 -104.500
v 5813.068 -8775.727 -104.500
v 5989.222 -8775.727 -104.500
v 6165.375 -8775.727 -104.500
v 6341.529 -8775.727 -104.500
v 6517.683 -8775.727 -104.500
v 6693.836 -8775.727 -104.500
v 6869.990 -8775.727 -104.500
v 7046.143 -8775.727 -104.500
v 7222.297 -8775.727 -104.500
v 7398.450 -8775.727 -104.500
v 7574.604 -8775.727 -104.500
v 7750.758 -8775.727 -104.500
v 7926.911 -8775.727 -104.500
v 8103.065 -8775.727 -104.500
v 8279.218 -8775.727 -104.500
v 8455.372 -8775.727 -104.500
v 8631.526 -8775.727 -104.500
v 8807.679 -8775.727 -104.500
v 8983.833 -8775.727 -101.770
v 9159.986 -8775.727 -90.300
v 9336.140 -8775.727 -89.700
v 9512.293 -8775.727 -79.530
v 9688.447 -8775.727 -73.400
v 9864.601 -8775.727 -72.760
v 10040.754 -8775.727 -70.100
v 10216.908 -8775.727 -71.100
v 10393.061 -8775.727 -78.400
v 10569.215 -8775.727 -79.400
v -10569.215 -8571.640 1756.800
v -10393.061 -8571.640 1852.390
v -10216.908 -8571.640 2046.410
v -10040.754 -8571.640 2141.900
v -9864.601 -8571.640 2142.190
v -9688.447 -8571.640 2207.850
v -9512.293 -8571.640 2273.360
v -9336.140 -8571.640 2196.360
v -9159.986 -8571.640 2169.790
v -8983.833 -8571.640 2097.820
v -8807.679 -8571.640 2096.700
v -8631.526 -8571.640 2021.280
v -8455.372 -8571.640 2029.930
v -8279.218 -8571.640 1979.020
v -8103.065 -8571.640 1923.130
v -7926.911 -8571.640 1805.300
v -7750.758 -8571.640 1738.160
v -7574.604 -8571.640 1691.220
v -7398.450 -8571.640 1612.170
v -7222.297 -8571.640 1480.270
v -7046.143 -8571.640 1353.050
v -6869.990 -8571.640 1253.850
v -6693.836 -8571.640 1090.340
v -6517.683 -8571.640 936.920
v -6341.529 -8571.640 903.240
v -6165.375 -8571.640 778.750
v -5989.222 -8571.640 720.190
v -5813.068 -8571.640 632.260
v -5636.915 -8571.640 612.240
v -5460.761 -8571.640 570.730
v -5284.607 -8571.640 485.100
v -5108.454 -8571.640 410.150
v -4932.300 -8571.640 375.370
v -4756.147 -8571.640 385.600
v -4579.993 -8571.640 416.120
v -4403.840 -8571.640 522.900
v -4227.686 -8571.640 646.140
v -4051.532 -8571.640 757.570
v -3875.379 -8571.640 892.230
v -3699.225 -8571.640 1017.230
v -3523.072 -8571.640 1123.800
v -3346.918 -8571.640 1229.080
v -3170.764 -8571.640 1376.410
v -2994.611 -8571.640 1414.250
v -2818.457 -8571.640 1313.330
v -2642.304 -8571.640 1225.500
v -2466.150 -8571.640 1242.020
v -2289.997 -8571.640 1233.230
v -2113.843 -8571.640 1296.460
v -1937.689 -8571.640 1383.180
v -1761.536 -8571.640 1359.600
v -1585.382 -8571.640 1246.310
v -1409.229 -8571.640 1208.690
v -1233.075 -8571.640 1200.270
v -1056.921 -8571.640 1176.640
v -880.768 -8571.640 1130.350
v -704.614 -8571.640 1073.900
v -528.461 -8571.640 992.260
v -352.307 -8571.640 899.360
v -176.154 -8571.640 778.600
v 0.000 -8571.640 675.250
v 176.154 -8571.640 578.970
v 352.307 -8571.640 478.660
v 528.461 -8571.640 379.370
v 704.614 -8571.640 222.500
v 880.768 -8571.640 31.300
v 1056.921 -8571.640 9.730
v 1233.075 -8571.640 7.290
v 1409.229 -8571.640 6.900
v 1585.382 -8571.640 8.730
v 1761.536 -8571.640 2.400
v 1937.689 -8571.640 -4.900
v 2113.843 -8571.640 -16.300
v 2289.997 -8571.640 -32.330
v 2466.150 -8571.640 -44.370
v 2642.304 -8571.640 -61.300
v 2818.457 -8571.640 -77.290
v 2994.611 -8571.640 -86.520
v 3170.764 -8571.640 -90.790
v 3346.918 -8571.640 -92.230
v 3523.072 -8571.640 -95.200
v 3699.225 -8571.640 -95.070
v 3875.379 -8571.640 -95.710
v 4051.532 -8571.640 -96.500
v 4227.686 -8571.640 -97.300
v 4403.840 -8571.640 -97.150
v 4579.993 -8571.640 -97.600
v 4756.147 -8571.640 -98.800
v 4932.300 -8571.640 -98.710
v 5108.454 -8571.640 -101.420
v 5284.607 -8571.640 -104.500
v 5460.761 -8571.640 -104.500
v 5636.915 -8571.640 -104.500
v 5813.068 -8571.640 -104.500
v 5989.222 -8571.640 -104.500
v 6165.375 -8571.640 -104.500
v 6341.529 -8571.640 -104.500
v 6517.683 -8571.640 -104.500
v 6693.836 -8571.640 -104.500
v 6869.990 -8571.640 -104.500
v 7046.143 -8571.640 -104.500
v 7222.297 -8571.640 -104.500
v 7398.450 -8571.640 -104.500
v 7574.604 -8571.640 -104.500
v 7750.758 -8571.640 -104.500
v 7926.911 -8571.640 -104.500
v 8103.065 -8571.640 -104.500
v 8279.218 -8571.640 -104.500
v 8455.372 -8571.640 -104.500
v 8631.526 -8571.640 -104.200
v 8807.679 -8571.640 -102.650
v 8983.833 -8571.640 -95.130
v 9159.986 -8571.640 -87.200
v 9336.140 -8571.640 -78.720
v 9512.293 -8571.640 -69.570
v 9688.447 -8571.640 -64.750
v 9864.601 -8571.640 -60.100
v 10040.754 -8571.640 -59.010
v 10216.908 -8571.640 -51.500
v 10393.061 -8571.640 -26.600
v 10569.215 -8571.640 -4.700
v -10569.215 -8367.553 1594.950
v -10393.061 -8367.553 1769.760
v -10216.908 -8367.553 1908.420
v -10040.754 -8367.553 1987.350
v -9864.601 -8367.553 2055.730
v -9688.447 -8367.553 2152.850
v -9512.293 -8367.553 2161.470
v -9336.140 -8367.553 2174.800
v -9159.986 -8367.553 2091.690
v -8983.833 -8367.553 2041.970
v -8807.679 -8367.553 1998.050
v -8631.526 -8367.553 1903.600
v -8455.372 -8367.553 1883.490
v -8279.218 -8367.553 1862.290
v -8103.065 -8367.553 1882.220
v -7926.911 -8367.553 1838.700
v -7750.758 -8367.553 1764.440
v -7574.604 -8367.553 1675.930
v -7398.450 -8367.553 1628.450
v -7222.297 -8367.553 1509.790
v -7046.143 -8367.553 1413.750
v -6869.990 -8367.553 1295.520
v -6693.836 -8367.553 1126.620
v -6517.683 -8367.553 1072.880
v -6341.529 -8367.553 1029.600
v -6165.375 -8367.553 902.900
v -5989.222 -8367.553 909.220
v -5813.068 -8367.553 813.350
v -5636.915 -8367.553 776.670
v -5460.761 -8367.553 723.700
v -5284.607 -8367.553 678.300
v -5108.454 -8367.553 578.140
v -4932.300 -8367.553 337.180
v -4756.147 -8367.553 342.540
v -4579.993 -8367.553 340.640
v -4403.840 -8367.553 397.100
v -4227.686 -8367.553 577.900
v -4051.532 -8367.553 704.300
v -3875.379 -8367.553 845.830
v -3699.225 -8367.553 1001.230
v -3523.072 -8367.553 1097.100
v -3346.918 -8367.553 1263.950
v -3170.764 -8367.553 1358.370
v -2994.611 -8367.553 1319.410
v -2818.457 -8367.553 1213.920
v -2642.304 -8367.553 1120.800
v -2466.150 -8367.553 1126.600
v -2289.997 -8367.553 1136.170
v -2113.843 -8367.553 1204.470
v -1937.689 -8367.553 1294.410
v -1761.536 -8367.553 1319.550
v -1585.382 -8367.553 1214.190
v -1409.229 -8367.553 1142.960
v -1233.075 -8367.553 1118.310
v -1056.921 -8367.553 1068.100
v -880.768 -8367.553 1004.350
v -704.614 -8367.553 974.990
v -528.461 -8367.553 875.650
v -352.307 -8367.553 820.090
v -176.154 -8367.553 696.210
v 0.000 -8367.553 608.550
v 176.154 -8367.553 495.050
v 352.307 -8367.553 386.060
v 528.461 -8367.553 233.040
v 704.614 -8367.553 61.130
v 880.768 -8367.553 -8.100
v 1056.921 -8367.553 -8.590
v 1233.075 -8367.553 -3.870
v 1409.229 -8367.553 -10.000
v 1585.382 -8367.553 -12.200
v 1761.536 -8367.553 -11.950
v 1937.689 -8367.553 -20.480
v 2113.843 -8367.553 -33.130
v 2289.997 -8367.553 -41.800
v 2466.150 -8367.553 -54.310
v 2642.304 -8367.553 -67.800
v 2818.457 -8367.553 -81.500
v 2994.611 -8367.553 -91.070
v 3170.764 -8367.553 -91.670
v 3346.918 -8367.553 -93.410
v 3523.072 -8367.553 -95.850
v 3699.225 -8367.553 -95.410
v 3875.379 -8367.553 -98.270
v 4051.532 -8367.553 -97.310
v 4227.686 -8367.553 -96.400
v 4403.840 -8367.553 -95.500
v 4579.993 -8367.553 -97.500
v 4756.147 -8367.553 -100.700
v 4932.300 -8367.553 -102.770
v 5108.454 -8367.553 -104.490
v 5284.607 -8367.553 -104.500
v 5460.761 -8367.553 -104.500
v 5636.915 -8367.553 -104.500
v 5813.068 -8367.553 -104.500
v 5989.222 -8367.553 -104.500
v 6165.375 -8367.553 -104.500
v 6341.529 -8367.553 -104.500
v 6517.683 -8367.553 -104.500
v 6693.836 -8367.553 -104.500
v 6869.990 -8367.553 -104.500
v 7046.143 -8367.553 -104.500
v 7222.297 -8367.553 -104.500
v 7398.450 -8367.553 -104.500
v 7574.604 -8367.553 -104.500
v 7750.758 -8367.553 -104.500
v 7926.911 -8367.553 -104.500
v 8103.065 -8367.553 -104.500
v 8279.218 -8367.553 -104.500
v 8455.372 -8367.553 -103.740
v 8631.526 -8367.553 -97.680
v 8807.679 -8367.553 -94.200
v 8983.833 -8367.553 -84.690
v 9159.986 -8367.553 -75.160
v 9336.140 -8367.553 -71.100
v 9512.293 -8367.553 -64.490
v 9688.447 -8367.553 -54.650
v 9864.601 -8367.553 -44.810
v 10040.754 -8367.553 -45.870
v 10216.908 -8367.553 -30.730
v 10393.061 -8367.553 38.990
v 10569.215 -8367.553 51.950
v -10569.215 -8163.467 1551.500
v -10393.061 -8163.467 1659.900
v -10216.908 -8163.467 1773.950
v -10040.754 -8163.467 1886.200
v -9864.601 -8163.467 1959.950
v -9688.447 -8163.467 2029.000
v -9512.293 -8163.467 2140.100
v -9336.140 -8163.467 2173.750
v -9159.986 -8163.467 2109.100
v -8983.833 -8163.467 1956.050
v -8807.679 -8163.467 1915.750
v -8631.526 -8163.467 1859.650
v -8455.372 -8163.467 1761.450
v -8279.218 -8163.467 1762.250
v -8103.065 -8163.467 1682.250
v -7926.911 -8163.467 1657.000
v -7750.758 -8163.467 1603.300
v -7574.604 -8163.467 1512.700
v -7398.450 -8163.467 1453.350
v -7222.297 -8163.467 1441.600
v -7046.143 -8163.467 1462.250
v -6869.990 -8163.467 1375.850
v -6693.836 -8163.467 1271.100
v -6517.683 -8163.467 1260.200
v -6341.529 -8163.467 1130.150
v -6165.375 -8163.467 1051.000
v -5989.222 -8163.467 1060.500
v -5813.068 -8163.467 974.300
v -5636.915 -8163.467 943.250
v -5460.761 -8163.467 882.900
v -5284.607 -8163.467 840.500
v -5108.454 -8163.467 726.300
v -4932.300 -8163.467 404.550
v -4756.147 -8163.467 305.550
v -4579.993 -8163.467 305.050
v -4403.840 -8163.467 309.000
v -4227.686 -8163.467 459.200
v -4051.532 -8163.467 632.350
v -3875.379 -8163.467 774.350
v -3699.225 -8163.467 893.400
v -3523.072 -8163.467 1039.750
v -3346.918 -8163.467 1142.350
v -3170.764 -8163.467 1231.750
v -2994.611 -8163.467 1169.750
v -2818.457 -8163.467 1100.050
v -2642.304 -8163.467 1027.750
v -2466.150 -8163.467 986.000
v -2289.997 -8163.467 1023.700
v -2113.843 -8163.467 1117.650
v -1937.689 -8163.467 1152.300
v -1761.536 -8163.467 1203.000
v -1585.382 -8163.467 1180.500
v -1409.229 -8163.467 1052.900
v -1233.075 -8163.467 968.850
v -1056.921 -8163.467 928.750
v -880.768 -8163.467 843.500
v -704.614 -8163.467 776.700
v -528.461 -8163.467 734.350
v -352.307 -8163.467 670.400
v -176.154 -8163.467 589.100
v 0.000 -8163.467 487.750
v 176.154 -8163.467 398.650
v 352.307 -8163.467 292.600
v 528.461 -8163.467 150.050
v 704.614 -8163.467 24.750
v 880.768 -8163.467 -12.750
v 1056.921 -8163.467 -18.950
v 1233.075 -8163.467 -20.150
v 1409.229 -8163.467 -27.700
v 1585.382 -8163.467 -29.300
v 1761.536 -8163.467 -37.250
v 1937.689 -8163.467 -41.950
v 2113.843 -8163.467 -50.700
v 2289.997 -8163.467 -54.550
v 2466.150 -8163.467 -70.100
v 2642.304 -8163.467 -78.250
v 2818.457 -8163.467 -89.100
v 2994.611 -8163.467 -94.000
v 3170.764 -8163.467 -91.600
v 3346.918 -8163.467 -94.400
v 3523.072 -8163.467 -94.750
v 3699.225 -8163.467 -93.500
v 3875.379 -8163.467 -95.650
v 4051.532 -8163.467 -96.050
v 4227.686 -8163.467 -95.400
v 4403.840 -8163.467 -95.500
v 4579.993 -8163.467 -99.100
v 4756.147 -8163.467 -101.850
v 4932.300 -8163.467 -104.500
v 5108.454 -8163.467 -104.500
v 5284.607 -8163.467 -104.500
v 5460.761 -8163.467 -104.500
v 5636.915 -8163.467 -104.500
v 5813.068 -8163.467 -104.500
v 5989.222 -8163.467 -104.500
v 6165.375 -8163.467 -104.500
v 6341.529 -8163.467 -104.500
v 6517.683 -8163.467 -104.500
v 6693.836 -8163.467 -104.500
v 6869.990 -8163.467 -104.500
v 7046.143 -8163.467 -104.500
v 7222.297 -8163.467 -104.500
v 7398.450 -8163.467 -104.500
v 7574.604 -8163.467 -104.500
v 7750.758 -8163.467 -104.500
v 7926.911 -8163.467 -104.500
v 8103.065 -8163.467 -104.500
v 8279.218 -8163.467 -103.500
v 8455.372 -8163.467 -99.500
v 8631.526 -8163.467 -96.550
v 8807.679 -8163.467 -95.000
v 8983.833 -8163.467 -88.850
v 9159.986 -8163.467 -77.750
v 9336.140 -8163.467 -65.200
v 9512.293 -8163.467 -55.100
v 9688.447 -8163.467 -46.750
v 9864.601 -8163.467 -35.400
v 10040.754 -8163.467 -31.500
v 10216.908 -8163.467 -6.050
v 10393.061 -8163.467 68.350
v 10569.215 -8163.467 111.250
v -10569.215 -7959.380 1618.300
v -10393.061 -7959.380 1652.480
v -10216.908 -7959.380 1758.020
v -10040.754 -7959.380 1818.550
v -9864.601 -7959.380 1878.840
v -9688.447 -7959.380 1976.400
v -9512.293 -7959.380 2054.850
v -9336.140 -7959.380 2061.160
v -9159.986 -7959.380 2049.640
v -8983.833 -7959.380 1957.180
v -8807.679 -7959.380 1857.450
v -8631.526 -7959.380 1769.120
v -8455.372 -7959.380 1668.050
v -8279.218 -7959.380 1604.620
v -8103.065 -7959.380 1560.290
v -7926.911 -7959.380 1553.500
v -7750.758 -7959.380 1509.770
v -7574.604 -7959.380 1443.320
v -7398.450 -7959.380 1352.880
v -7222.297 -7959.380 1321.150
v -7046.143 -7959.380 1334.200
v -6869.990 -7959.380 1401.420
v -6693.836 -7959.380 1416.710
v -6517.683 -7959.380 1333.890
v -6341.529 -7959.380 1249.720
v -6165.375 -7959.380 1248.150
v -5989.222 -7959.380 1197.820
v -5813.068 -7959.380 1144.580
v -5636.915 -7959.380 1094.700
v -5460.761 -7959.380 1023.250
v -5284.607 -7959.380 995.200
v -5108.454 -7959.380 948.520
v -4932.300 -7959.380 643.650
v -4756.147 -7959.380 459.150
v -4579.993 -7959.380 244.700
v -4403.840 -7959.380 262.800
v -4227.686 -7959.380 334.510
v -4051.532 -7959.380 425.240
v -3875.379 -7959.380 605.070
v -3699.225 -7959.380 735.820
v -3523.072 -7959.380 911.850
v -3346.918 -7959.380 1064.370
v -3170.764 -7959.380 1170.850
v -2994.611 -7959.380 1011.570
v -2818.457 -7959.380 946.940
v -2642.304 -7959.380 868.800
v -2466.150 -7959.380 832.560
v -2289.997 -7959.380 913.040
v -2113.843 -7959.380 960.370
v -1937.689 -7959.380 1006.010
v -1761.536 -7959.380 1044.150
v -1585.382 -7959.380 1065.920
v -1409.229 -7959.380 1023.710
v -1233.075 -7959.380 923.310
v -1056.921 -7959.380 804.250
v -880.768 -7959.380 735.300
v -704.614 -7959.380 630.860
v -528.461 -7959.380 580.090
v -352.307 -7959.380 565.370
v -176.154 -7959.380 473.360
v 0.000 -7959.380 396.800
v 176.154 -7959.380 297.600
v 352.307 -7959.380 200.450
v 528.461 -7959.380 72.630
v 704.614 -7959.380 -29.170
v 880.768 -7959.380 -36.600
v 1056.921 -7959.380 -33.690
v 1233.075 -7959.380 -34.270
v 1409.229 -7959.380 -41.090
v 1585.382 -7959.380 -49.300
v 1761.536 -7959.380 -53.300
v 1937.689 -7959.380 -57.280
v 2113.843 -7959.380 -64.200
v 2289.997 -7959.380 -68.100
v 2466.150 -7959.380 -81.580
v 2642.304 -7959.380 -87.700
v 2818.457 -7959.380 -86.500
v 2994.611 -7959.380 -89.870
v 3170.764 -7959.380 -94.600
v 3346.918 -7959.380 -92.500
v 3523.072 -7959.380 -96.800
v 3699.225 -7959.380 -94.510
v 3875.379 -7959.380 -97.130
v 4051.532 -7959.380 -97.330
v 4227.686 -7959.380 -97.600
v 4403.840 -7959.380 -96.950
v 4579.993 -7959.380 -96.600
v 4756.147 -7959.380 -99.560
v 4932.300 -7959.380 -103.430
v 5108.454 -7959.380 -104.490
v 5284.607 -7959.380 -104.500
v 5460.761 -7959.380 -102.490
v 5636.915 -7959.380 -100.100
v 5813.068 -7959.380 -101.270
v 5989.222 -7959.380 -100.400
v 6165.375 -7959.380 -99.950
v 6341.529 -7959.380 -103.590
v 6517.683 -7959.380 -104.500
v 6693.836 -7959.380 -104.500
v 6869.990 -7959.380 -104.500
v 7046.143 -7959.380 -104.500
v 7222.297 -7959.380 -104.500
v 7398.450 -7959.380 -104.500
v 7574.604 -7959.380 -104.130
v 7750.758 -7959.380 -102.500
v 7926.911 -7959.380 -102.400
v 8103.065 -7959.380 -102.570
v 8279.218 -7959.380 -100.230
v 8455.372 -7959.380 -102.100
v 8631.526 -7959.380 -96.420
v 8807.679 -7959.380 -92.450
v 8983.833 -7959.380 -88.300
v 9159.986 -7959.380 -78.600
v 9336.140 -7959.380 -68.060
v 9512.293 -7959.380 -55.010
v 9688.447 -7959.380 -47.350
v 9864.601 -7959.380 -27.100
v 10040.754 -7959.380 -16.660
v 10216.908 -7959.380 -4.430
v 10393.061 -7959.380 109.490
v 10569.215 -7959.380 148.550
v -10569.215 -7755.293 1517.450
v -10393.061 -7755.293 1576.610
v -10216.908 -7755.293 1648.700
v -10040.754 -7755.293 1751.230
v -9864.601 -7755.293 1882.840
v -9688.447 -7755.293 2028.400
v -9512.293 -7755.293 2011.770
v -9336.140 -7755.293 1990.350
v -9159.986 -7755.293 1973.180
v -8983.833 -7755.293 2040.210
v -8807.679 -7755.293 1945.850
v -8631.526 -7755.293 1836.760
v -8455.372 -7755.293 1737.090
v -8279.218 -7755.293 1642.890
v -8103.065 -7755.293 1609.070
v -7926.911 -7755.293 1561.400
v -7750.758 -7755.293 1500.280
v -7574.604 -7755.293 1429.670
v -7398.450 -7755.293 1314.170
v -7222.297 -7755.293 1206.850
v -7046.143 -7755.293 1202.650
v -6869.990 -7755.293 1277.580
v -6693.836 -7755.293 1350.740
v -6517.683 -7755.293 1387.800
v -6341.529 -7755.293 1381.890
v -6165.375 -7755.293 1389.550
v -5989.222 -7755.293 1342.620
v -5813.068 -7755.293 1272.260
v -5636.915 -7755.293 1223.230
v -5460.761 -7755.293 1201.270
v -5284.607 -7755.293 1086.650
v -5108.454 -7755.293 911.160
v -4932.300 -7755.293 676.920
v -4756.147 -7755.293 385.120
v -4579.993 -7755.293 272.200
v -4403.840 -7755.293 222.950
v -4227.686 -7755.293 299.240
v -4051.532 -7755.293 385.490
v -3875.379 -7755.293 667.790
v -3699.225 -7755.293 864.400
v -3523.072 -7755.293 1032.450
v -3346.918 -7755.293 1173.520
v -3170.764 -7755.293 1115.030
v -2994.611 -7755.293 974.540
v -2818.457 -7755.293 846.740
v -2642.304 -7755.293 747.800
v -2466.150 -7755.293 701.620
v -2289.997 -7755.293 796.620
v -2113.843 -7755.293 844.490
v -1937.689 -7755.293 878.700
v -1761.536 -7755.293 904.850
v -1585.382 -7755.293 909.030
v -1409.229 -7755.293 992.210
v -1233.075 -7755.293 936.580
v -1056.921 -7755.293 816.250
v -880.768 -7755.293 682.100
v -704.614 -7755.293 547.920
v -528.461 -7755.293 416.300
v -352.307 -7755.293 385.850
v -176.154 -7755.293 292.890
v 0.000 -7755.293 234.400
v 176.154 -7755.293 193.590
v 352.307 -7755.293 101.360
v 528.461 -7755.293 3.210
v 704.614 -7755.293 -58.580
v 880.768 -7755.293 -53.900
v 1056.921 -7755.293 -47.290
v 1233.075 -7755.293 -51.900
v 1409.229 -7755.293 -57.900
v 1585.382 -7755.293 -63.200
v 1761.536 -7755.293 -72.600
v 1937.689 -7755.293 -77.940
v 2113.843 -7755.293 -81.810
v 2289.997 -7755.293 -83.220
v 2466.150 -7755.293 -90.820
v 2642.304 -7755.293 -88.850
v 2818.457 -7755.293 -94.470
v 2994.611 -7755.293 -96.190
v 3170.764 -7755.293 -90.590
v 3346.918 -7755.293 -91.400
v 3523.072 -7755.293 -94.150
v 3699.225 -7755.293 -94.230
v 3875.379 -7755.293 -96.010
v 4051.532 -7755.293 -96.410
v 4227.686 -7755.293 -97.430
v 4403.840 -7755.293 -98.450
v 4579.993 -7755.293 -98.070
v 4756.147 -7755.293 -96.810
v 4932.300 -7755.293 -97.510
v 5108.454 -7755.293 -97.110
v 5284.607 -7755.293 -95.100
v 5460.761 -7755.293 -88.530
v 5636.915 -7755.293 -83.610
v 5813.068 -7755.293 -83.890
v 5989.222 -7755.293 -84.470
v 6165.375 -7755.293 -91.850
v 6341.529 -7755.293 -94.310
v 6517.683 -7755.293 -100.800
v 6693.836 -7755.293 -103.500
v 6869.990 -7755.293 -104.500
v 7046.143 -7755.293 -104.500
v 7222.297 -7755.293 -104.500
v 7398.450 -7755.293 -103.010
v 7574.604 -7755.293 -97.850
v 7750.758 -7755.293 -94.270
v 7926.911 -7755.293 -93.250
v 8103.065 -7755.293 -95.100
v 8279.218 -7755.293 -98.080
v 8455.372 -7755.293 -97.800
v 8631.526 -7755.293 -96.600
v 8807.679 -7755.293 -82.600
v 8983.833 -7755.293 -68.270
v 9159.986 -7755.293 -76.170
v 9336.140 -7755.293 -70.020
v 9512.293 -7755.293 -59.240
v 9688.447 -7755.293 24.900
v 9864.601 -7755.293 25.310
v 10040.754 -7755.293 5.610
v 10216.908 -7755.293 8.480
v 10393.061 -7755.293 68.720
v 10569.215 -7755.293 132.250
v -10569.215 -7551.207 1399.900
v -10393.061 -7551.207 1515.450
v -10216.908 -7551.207 1666.830
v -10040.754 -7551.207 1814.260
v -9864.601 -7551.207 1913.460
v -9688.447 -7551.207 1988.550
v -9512.293 -7551.207 1964.270
v -9336.140 -7551.207 1879.970
v -9159.986 -7551.207 1894.210
v -8983.833 -7551.207 1905.940
v -8807.679 -7551.207 1927.400
v -8631.526 -7551.207 1863.760
v -8455.372 -7551.207 1772.190
v -8279.218 -7551.207 1726.940
v -8103.065 -7551.207 1682.620
v -7926.911 -7551.207 1620.050
v -7750.758 -7551.207 1530.900
v -7574.604 -7551.207 1440.600
v -7398.450 -7551.207 1371.580
v -7222.297 -7551.207 1266.860
v -7046.143 -7551.207 1138.750
v -6869.990 -7551.207 1135.830
v -6693.836 -7551.207 1223.050
v -6517.683 -7551.207 1244.880
v -6341.529 -7551.207 1248.550
v -6165.375 -7551.207 1343.750
v -5989.222 -7551.207 1390.470
v -5813.068 -7551.207 1373.080
v -5636.915 -7551.207 1359.400
v -5460.761 -7551.207 1142.280
v -5284.607 -7551.207 1014.300
v -5108.454 -7551.207 923.760
v -4932.300 -7551.207 659.420
v -4756.147 -7551.207 403.950
v -4579.993 -7551.207 288.610
v -4403.840 -7551.207 209.600
v -4227.686 -7551.207 249.730
v -4051.532 -7551.207 365.760
v -3875.379 -7551.207 645.970
v -3699.225 -7551.207 840.610
v -3523.072 -7551.207 996.500
v -3346.918 -7551.207 1066.910
v -3170.764 -7551.207 1016.900
v -2994.611 -7551.207 889.970
v -2818.457 -7551.207 740.810
v -2642.304 -7551.207 620.150
v -2466.150 -7551.207 566.770
v -2289.997 -7551.207 650.320
v -2113.843 -7551.207 700.110
v -1937.689 -7551.207 747.520
v -1761.536 -7551.207 725.500
v -1585.382 -7551.207 776.770
v -1409.229 -7551.207 850.930
v -1233.075 -7551.207 829.820
v -1056.921 -7551.207 714.340
v -880.768 -7551.207 616.150
v -704.614 -7551.207 494.980
v -528.461 -7551.207 316.180
v -352.307 -7551.207 243.010
v -176.154 -7551.207 167.320
v 0.000 -7551.207 107.450
v 176.154 -7551.207 63.710
v 352.307 -7551.207 3.040
v 528.461 -7551.207 -61.090
v 704.614 -7551.207 -72.760
v 880.768 -7551.207 -66.200
v 1056.921 -7551.207 -67.300
v 1233.075 -7551.207 -62.130
v 1409.229 -7551.207 -68.100
v 1585.382 -7551.207 -71.660
v 1761.536 -7551.207 -80.800
v 1937.689 -7551.207 -86.590
v 2113.843 -7551.207 -92.920
v 2289.997 -7551.207 -87.100
v 2466.150 -7551.207 -89.500
v 2642.304 -7551.207 -90.350
v 2818.457 -7551.207 -94.470
v 2994.611 -7551.207 -89.310
v 3170.764 -7551.207 -91.920
v 3346.918 -7551.207 -88.400
v 3523.072 -7551.207 -92.650
v 3699.225 -7551.207 -96.500
v 3875.379 -7551.207 -94.690
v 4051.532 -7551.207 -94.500
v 4227.686 -7551.207 -94.070
v 4403.840 -7551.207 -97.250
v 4579.993 -7551.207 -94.570
v 4756.147 -7551.207 -95.990
v 4932.300 -7551.207 -88.990
v 5108.454 -7551.207 -85.330
v 5284.607 -7551.207 -77.700
v 5460.761 -7551.207 -71.600
v 5636.915 -7551.207 -67.200
v 5813.068 -7551.207 -67.090
v 5989.222 -7551.207 -67.240
v 6165.375 -7551.207 -75.600
v 6341.529 -7551.207 -84.730
v 6517.683 -7551.207 -91.390
v 6693.836 -7551.207 -95.690
v 6869.990 -7551.207 -102.200
v 7046.143 -7551.207 -103.500
v 7222.297 -7551.207 -103.470
v 7398.450 -7551.207 -99.640
v 7574.604 -7551.207 -86.900
v 7750.758 -7551.207 -73.660
v 7926.911 -7551.207 -72.600
v 8103.065 -7551.207 -77.700
v 8279.218 -7551.207 -89.600
v 8455.372 -7551.207 -89.300
v 8631.526 -7551.207 -86.270
v 8807.679 -7551.207 -64.700
v 8983.833 -7551.207 -42.130
v 9159.986 -7551.207 -29.280
v 9336.140 -7551.207 7.030
v 9512.293 -7551.207 65.970
v 9688.447 -7551.207 131.450
v 9864.601 -7551.207 140.910
v 10040.754 -7551.207 36.510
v 10216.908 -7551.207 25.910
v 10393.061 -7551.207 96.640
v 10569.215 -7551.207 169.750
v -10569.215 -7347.120 1383.650
v -10393.061 -7347.120 1518.460
v -10216.908 -7347.120 1629.540
v -10040.754 -7347.120 1711.290
v -9864.601 -7347.120 1832.020
v -9688.447 -7347.120 1901.300
v -9512.293 -7347.120 1846.980
v -9336.140 -7347.120 1788.600
v -9159.986 -7347.120 1784.110
v -8983.833 -7347.120 1789.010
v -8807.679 -7347.120 1807.350
v -8631.526 -7347.120 1901.950
v -8455.372 -7347.120 1828.910
v -8279.218 -7347.120 1762.190
v -8103.065 -7347.120 1694.650
v -7926.911 -7347.120 1649.650
v -7750.758 -7347.120 1581.960
v -7574.604 -7347.120 1518.370
v -7398.450 -7347.120 1447.030
v -7222.297 -7347.120 1341.280
v -7046.143 -7347.120 1193.950
v -6869.990 -7347.120 1039.190
v -6693.836 -7347.120 1064.130
v -6517.683 -7347.120 1109.470
v -6341.529 -7347.120 1170.740
v -6165.375 -7347.120 1263.000
v -5989.222 -7347.120 1245.490
v -5813.068 -7347.120 1320.570
v -5636.915 -7347.120 1341.240
v -5460.761 -7347.120 1185.200
v -5284.607 -7347.120 1024.250
v -5108.454 -7347.120 864.910
v -4932.300 -7347.120 641.280
v -4756.147 -7347.120 448.300
v -4579.993 -7347.120 298.740
v -4403.840 -7347.120 254.050
v -4227.686 -7347.120 262.510
v -4051.532 -7347.120 374.120
v -3875.379 -7347.120 737.570
v -3699.225 -7347.120 787.760
v -3523.072 -7347.120 911.450
v -3346.918 -7347.120 1029.830
v -3170.764 -7347.120 940.990
v -2994.611 -7347.120 822.480
v -2818.457 -7347.120 694.690
v -2642.304 -7347.120 558.200
v -2466.150 -7347.120 459.750
v -2289.997 -7347.120 532.120
v -2113.843 -7347.120 581.210
v -1937.689 -7347.120 585.740
v -1761.536 -7347.120 585.100
v -1585.382 -7347.120 640.160
v -1409.229 -7347.120 723.300
v -1233.075 -7347.120 768.140
v -1056.921 -7347.120 657.740
v -880.768 -7347.120 513.150
v -704.614 -7347.120 395.940
v -528.461 -7347.120 233.340
v -352.307 -7347.120 136.640
v -176.154 -7347.120 54.840
v 0.000 -7347.120 9.000
v 176.154 -7347.120 -27.880
v 352.307 -7347.120 -74.980
v 528.461 -7347.120 -86.160
v 704.614 -7347.120 -81.390
v 880.768 -7347.120 -78.300
v 1056.921 -7347.120 -74.300
v 1233.075 -7347.120 -74.270
v 1409.229 -7347.120 -80.970
v 1585.382 -7347.120 -83.000
v 1761.536 -7347.120 -90.500
v 1937.689 -7347.120 -88.700
v 2113.843 -7347.120 -89.230
v 2289.997 -7347.120 -88.240
v 2466.150 -7347.120 -90.490
v 2642.304 -7347.120 -89.050
v 2818.457 -7347.120 -91.590
v 2994.611 -7347.120 -89.670
v 3170.764 -7347.120 -88.830
v 3346.918 -7347.120 -92.400
v 3523.072 -7347.120 -92.100
v 3699.225 -7347.120 -91.510
v 3875.379 -7347.120 -91.530
v 4051.532 -7347.120 -95.430
v 4227.686 -7347.120 -98.400
v 4403.840 -7347.120 -96.800
v 4579.993 -7347.120 -87.140
v 4756.147 -7347.120 -73.730
v 4932.300 -7347.120 -81.770
v 5108.454 -7347.120 -76.900
v 5284.607 -7347.120 -68.400
v 5460.761 -7347.120 -53.700
v 5636.915 -7347.120 -47.440
v 5813.068 -7347.120 -48.770
v 5989.222 -7347.120 -52.600
v 6165.375 -7347.120 -64.650
v 6341.529 -7347.120 -71.800
v 6517.683 -7347.120 -79.370
v 6693.836 -7347.120 -87.960
v 6869.990 -7347.120 -95.890
v 7046.143 -7347.120 -99.050
v 7222.297 -7347.120 -102.310
v 7398.450 -7347.120 -94.800
v 7574.604 -7347.120 -82.630
v 7750.758 -7347.120 -59.400
v 7926.911 -7347.120 -50.500
v 8103.065 -7347.120 -62.710
v 8279.218 -7347.120 -54.790
v 8455.372 -7347.120 -57.800
v 8631.526 -7347.120 -22.250
v 8807.679 -7347.120 44.150
v 8983.833 -7347.120 70.350
v 9159.986 -7347.120 64.750
v 9336.140 -7347.120 144.930
v 9512.293 -7347.120 198.370
v 9688.447 -7347.120 245.800
v 9864.601 -7347.120 228.760
v 10040.754 -7347.120 134.090
v 10216.908 -7347.120 43.040
v 10393.061 -7347.120 92.740
v 10569.215 -7347.120 260.300
v -10569.215 -7143.033 1293.000
v -10393.061 -7143.033 1411.750
v -10216.908 -7143.033 1568.300
v -10040.754 -7143.033 1708.600
v -9864.601 -7143.033 1809.450
v -9688.447 -7143.033 1851.750
v -9512.293 -7143.033 1709.350
v -9336.140 -7143.033 1667.050
v -9159.986 -7143.033 1663.900
v -8983.833 -7143.033 1715.950
v -8807.679 -7143.033 1713.000
v -8631.526 -7143.033 1770.800
v -8455.372 -7143.033 1801.700
v -8279.218 -7143.033 1834.800
v -8103.065 -7143.033 1797.250
v -7926.911 -7143.033 1743.500
v -7750.758 -7143.033 1667.450
v -7574.604 -7143.033 1574.750
v -7398.450 -7143.033 1473.400
v -7222.297 -7143.033 1405.300
v -7046.143 -7143.033 1177.750
v -6869.990 -7143.033 1018.750
v -6693.836 -7143.033 944.900
v -6517.683 -7143.033 1024.750
v -6341.529 -7143.033 1122.150
v -6165.375 -7143.033 1100.500
v -5989.222 -7143.033 1130.650
v -5813.068 -7143.033 1247.600
v -5636.915 -7143.033 1202.500
v -5460.761 -7143.033 1096.700
v -5284.607 -7143.033 954.750
v -5108.454 -7143.033 764.800
v -4932.300 -7143.033 747.950
v -4756.147 -7143.033 402.700
v -4579.993 -7143.033 352.000
v -4403.840 -7143.033 431.000
v -4227.686 -7143.033 246.250
v -4051.532 -7143.033 362.750
v -3875.379 -7143.033 667.100
v -3699.225 -7143.033 844.900
v -3523.072 -7143.033 865.500
v -3346.918 -7143.033 994.100
v -3170.764 -7143.033 923.000
v -2994.611 -7143.033 786.750
v -2818.457 -7143.033 632.000
v -2642.304 -7143.033 497.250
v -2466.150 -7143.033 392.300
v -2289.997 -7143.033 462.450
v -2113.843 -7143.033 421.700
v -1937.689 -7143.033 426.550
v -1761.536 -7143.033 456.750
v -1585.382 -7143.033 497.700
v -1409.229 -7143.033 646.250
v -1233.075 -7143.033 683.200
v -1056.921 -7143.033 571.350
v -880.768 -7143.033 466.250
v -704.614 -7143.033 305.450
v -528.461 -7143.033 89.800
v -352.307 -7143.033 20.900
v -176.154 -7143.033 -11.450
v 0.000 -7143.033 -46.250
v 176.154 -7143.033 -78.350
v 352.307 -7143.033 -85.150
v 528.461 -7143.033 -88.150
v 704.614 -7143.033 -87.950
v 880.768 -7143.033 -87.000
v 1056.921 -7143.033 -91.150
v 1233.075 -7143.033 -88.850
v 1409.229 -7143.033 -91.500
v 1585.382 -7143.033 -88.550
v 1761.536 -7143.033 -87.250
v 1937.689 -7143.033 -86.500
v 2113.843 -7143.033 -87.300
v 2289.997 -7143.033 -84.650
v 2466.150 -7143.033 -87.500
v 2642.304 -7143.033 -88.250
v 2818.457 -7143.033 -88.300
v 2994.611 -7143.033 -91.550
v 3170.764 -7143.033 -89.650
v 3346.918 -7143.033 -89.050
v 3523.072 -7143.033 -88.500
v 3699.225 -7143.033 -92.550
v 3875.379 -7143.033 -91.150
v 4051.532 -7143.033 -93.650
v 4227.686 -7143.033 -96.350
v 4403.840 -7143.033 -96.250
v 4579.993 -7143.033 -52.800
v 4756.147 -7143.033 5.700
v 4932.300 -7143.033 21.150
v 5108.454 -7143.033 34.700
v 5284.607 -7143.033 11.750
v 5460.761 -7143.033 -12.150
v 5636.915 -7143.033 -24.350
v 5813.068 -7143.033 -21.800
v 5989.222 -7143.033 -34.100
v 6165.375 -7143.033 -43.750
v 6341.529 -7143.033 -62.300
v 6517.683 -7143.033 -69.850
v 6693.836 -7143.033 -83.150
v 6869.990 -7143.033 -88.750
v 7046.143 -7143.033 -82.500
v 7222.297 -7143.033 -87.850
v 7398.450 -7143.033 -46.850
v 7574.604 -7143.033 5.800
v 7750.758 -7143.033 57.850
v 7926.911 -7143.033 -30.500
v 8103.065 -7143.033 -17.700
v 8279.218 -7143.033 70.300
v 8455.372 -7143.033 92.000
v 8631.526 -7143.033 111.950
v 8807.679 -7143.033 182.250
v 8983.833 -7143.033 233.250
v 9159.986 -7143.033 187.650
v 9336.140 -7143.033 278.750
v 9512.293 -7143.033 338.600
v 9688.447 -7143.033 343.500
v 9864.601 -7143.033 308.200
v 10040.754 -7143.033 256.500
v 10216.908 -7143.033 87.950
v 10393.061 -7143.033 94.850
v 10569.215 -7143.033 247.250
v -10569.215 -6938.947 1228.300
v -10393.061 -6938.947 1474.220
v -10216.908 -6938.947 1605.990
v -10040.754 -6938.947 1690.110
v -9864.601 -6938.947 1801.310
v -9688.447 -6938.947 1819.300
v -9512.293 -6938.947 1659.870
v -9336.140 -6938.947 1583.700
v -9159.986 -6938.947 1545.250
v -8983.833 -6938.947 1612.900
v -8807.679 -6938.947 1609.900
v -8631.526 -6938.947 1595.170
v -8455.372 -6938.947 1656.000
v -8279.218 -6938.947 1676.980
v -8103.065 -6938.947 1672.230
v -7926.911 -6938.947 1681.450
v -7750.758 -6938.947 1649.990
v -7574.604 -6938.947 1553.070
v -7398.450 -6938.947 1444.620
v -7222.297 -6938.947 1332.810
v -7046.143 -6938.947 1174.300
v -6869.990 -6938.947 1045.330
v -6693.836 -6938.947 878.110
v -6517.683 -6938.947 888.650
v -6341.529 -6938.947 955.630
v -6165.375 -6938.947 950.600
v -5989.222 -6938.947 1032.100
v -5813.068 -6938.947 1114.520
v -5636.915 -6938.947 1112.320
v -5460.761 -6938.947 996.770
v -5284.607 -6938.947 858.400
v -5108.454 -6938.947 680.350
v -4932.300 -6938.947 602.760
v -4756.147 -6938.947 426.320
v -4579.993 -6938.947 308.770
v -4403.840 -6938.947 206.450
v -4227.686 -6938.947 197.390
v -4051.532 -6938.947 269.070
v -3875.379 -6938.947 478.150
v -3699.225 -6938.947 570.330
v -3523.072 -6938.947 842.900
v -3346.918 -6938.947 912.640
v -3170.764 -6938.947 860.560
v -2994.611 -6938.947 740.940
v -2818.457 -6938.947 646.280
v -2642.304 -6938.947 451.250
v -2466.150 -6938.947 296.550
v -2289.997 -6938.947 281.130
v -2113.843 -6938.947 264.340
v -1937.689 -6938.947 307.560
v -1761.536 -6938.947 330.800
v -1585.382 -6938.947 376.850
v -1409.229 -6938.947 480.320
v -1233.075 -6938.947 580.330
v -1056.921 -6938.947 517.770
v -880.768 -6938.947 410.250
v -704.614 -6938.947 205.060
v -528.461 -6938.947 26.850
v -352.307 -6938.947 -47.000
v -176.154 -6938.947 -75.120
v 0.000 -6938.947 -82.600
v 176.154 -6938.947 -87.490
v 352.307 -6938.947 -89.200
v 528.461 -6938.947 -87.400
v 704.614 -6938.947 -86.500
v 880.768 -6938.947 -87.450
v 1056.921 -6938.947 -89.500
v 1233.075 -6938.947 -91.300
v 1409.229 -6938.947 -89.240
v 1585.382 -6938.947 -55.070
v 1761.536 -6938.947 -35.950
v 1937.689 -6938.947 -85.700
v 2113.843 -6938.947 -85.130
v 2289.997 -6938.947 -84.530
v 2466.150 -6938.947 -84.690
v 2642.304 -6938.947 -86.400
v 2818.457 -6938.947 -90.490
v 2994.611 -6938.947 -88.360
v 3170.764 -6938.947 -89.800
v 3346.918 -6938.947 -87.590
v 3523.072 -6938.947 -88.950
v 3699.225 -6938.947 -89.410
v 3875.379 -6938.947 -91.600
v 4051.532 -6938.947 -93.230
v 4227.686 -6938.947 -93.690
v 4403.840 -6938.947 -81.000
v 4579.993 -6938.947 22.380
v 4756.147 -6938.947 116.530
v 4932.300 -6938.947 171.120
v 5108.454 -6938.947 213.470
v 5284.607 -6938.947 143.450
v 5460.761 -6938.947 73.390
v 5636.915 -6938.947 9.000
v 5813.068 -6938.947 -1.520
v 5989.222 -6938.947 -15.810
v 6165.375 -6938.947 -5.400
v 6341.529 -6938.947 18.210
v 6517.683 -6938.947 11.550
v 6693.836 -6938.947 -0.490
v 6869.990 -6938.947 4.350
v 7046.143 -6938.947 5.400
v 7222.297 -6938.947 52.700
v 7398.450 -6938.947 137.650
v 7574.604 -6938.947 172.760
v 7750.758 -6938.947 159.670
v 7926.911 -6938.947 60.750
v 8103.065 -6938.947 135.970
v 8279.218 -6938.947 195.690
v 8455.372 -6938.947 232.490
v 8631.526 -6938.947 265.400
v 8807.679 -6938.947 323.500
v 8983.833 -6938.947 365.730
v 9159.986 -6938.947 308.370
v 9336.140 -6938.947 349.540
v 9512.293 -6938.947 409.510
v 9688.447 -6938.947 466.750
v 9864.601 -6938.947 384.900
v 10040.754 -6938.947 294.560
v 10216.908 -6938.947 189.670
v 10393.061 -6938.947 92.160
v 10569.215 -6938.947 169.400
v -10569.215 -6734.860 1326.400
v -10393.061 -6734.860 1454.510
v -10216.908 -6734.860 1540.790
v -10040.754 -6734.860 1573.200
v -9864.601 -6734.860 1646.300
v -9688.447 -6734.860 1683.100
v -9512.293 -6734.860 1647.160
v -9336.140 -6734.860 1533.650
v -9159.986 -6734.860 1473.070
v -8983.833 -6734.860 1518.270
v -8807.679 -6734.860 1576.550
v -8631.526 -6734.860 1458.800
v -8455.372 -6734.860 1520.140
v -8279.218 -6734.860 1557.930
v -8103.065 -6734.860 1514.140
v -7926.911 -6734.860 1554.600
v -7750.758 -6734.860 1612.700
v -7574.604 -6734.860 1525.450
v -7398.450 -6734.860 1416.340
v -7222.297 -6734.860 1314.180
v -7046.143 -6734.860 1131.450
v -6869.990 -6734.860 1025.490
v -6693.836 -6734.860 886.970
v -6517.683 -6734.860 797.260
v -6341.529 -6734.860 805.000
v -6165.375 -6734.860 851.250
v -5989.222 -6734.860 952.420
v -5813.068 -6734.860 970.620
v -5636.915 -6734.860 980.960
v -5460.761 -6734.860 912.480
v -5284.607 -6734.860 846.800
v -5108.454 -6734.860 652.260
v -4932.300 -6734.860 521.350
v -4756.147 -6734.860 418.590
v -4579.993 -6734.860 330.550
v -4403.840 -6734.860 189.950
v -4227.686 -6734.860 161.280
v -4051.532 -6734.860 242.570
v -3875.379 -6734.860 435.680
v -3699.225 -6734.860 563.700
v -3523.072 -6734.860 750.900
v -3346.918 -6734.860 802.540
v -3170.764 -6734.860 715.670
v -2994.611 -6734.860 646.050
v -2818.457 -6734.860 600.350
v -2642.304 -6734.860 303.700
v -2466.150 -6734.860 240.460
v -2289.997 -6734.860 174.820
v -2113.843 -6734.860 178.840
v -1937.689 -6734.860 215.470
v -1761.536 -6734.860 220.400
v -1585.382 -6734.860 234.800
v -1409.229 -6734.860 322.890
v -1233.075 -6734.860 431.960
v -1056.921 -6734.860 380.170
v -880.768 -6734.860 289.800
v -704.614 -6734.860 90.380
v -528.461 -6734.860 -49.890
v -352.307 -6734.860 -82.970
v -176.154 -6734.860 -87.700
v 0.000 -6734.860 -87.500
v 176.154 -6734.860 -86.600
v 352.307 -6734.860 -86.290
v 528.461 -6734.860 -88.410
v 704.614 -6734.860 -88.470
v 880.768 -6734.860 -87.000
v 1056.921 -6734.860 -89.700
v 1233.075 -6734.860 -86.800
v 1409.229 -6734.860 -35.110
v 1585.382 -6734.860 6.020
v 1761.536 -6734.860 21.900
v 1937.689 -6734.860 -37.970
v 2113.843 -6734.860 -84.800
v 2289.997 -6734.860 -83.620
v 2466.150 -6734.860 -84.500
v 2642.304 -6734.860 -85.350
v 2818.457 -6734.860 -89.500
v 2994.611 -6734.860 -85.710
v 3170.764 -6734.860 -86.380
v 3346.918 -6734.860 -88.270
v 3523.072 -6734.860 -87.000
v 3699.225 -6734.860 -89.200
v 3875.379 -6734.860 -90.200
v 4051.532 -6734.860 -92.920
v 4227.686 -6734.860 -92.100
v 4403.840 -6734.860 -34.750
v 4579.993 -6734.860 92.460
v 4756.147 -6734.860 193.000
v 4932.300 -6734.860 262.460
v 5108.454 -6734.860 231.660
v 5284.607 -6734.860 231.700
v 5460.761 -6734.860 191.390
v 5636.915 -6734.860 17.040
v 5813.068 -6734.860 19.000
v 5989.222 -6734.860 44.470
v 6165.375 -6734.860 113.150
v 6341.529 -6734.860 208.580
v 6517.683 -6734.860 216.260
v 6693.836 -6734.860 211.210
v 6869.990 -6734.860 212.640
v 7046.143 -6734.860 190.100
v 7222.297 -6734.860 207.620
v 7398.450 -6734.860 223.990
v 7574.604 -6734.860 238.780
v 7750.758 -6734.860 270.700
v 7926.911 -6734.860 154.100
v 8103.065 -6734.860 214.780
v 8279.218 -6734.860 319.780
v 8455.372 -6734.860 373.480
v 8631.526 -6734.860 440.110
v 8807.679 -6734.860 460.650
v 8983.833 -6734.860 460.330
v 9159.986 -6734.860 405.960
v 9336.140 -6734.860 408.350
v 9512.293 -6734.860 462.110
v 9688.447 -6734.860 533.400
v 9864.601 -6734.860 474.840
v 10040.754 -6734.860 363.390
v 10216.908 -6734.860 308.560
v 10393.061 -6734.860 203.520
v 10569.215 -6734.860 123.700
v -10569.215 -6530.773 1252.600
v -10393.061 -6530.773 1326.520
v -10216.908 -6530.773 1428.120
v -10040.754 -6530.773 1460.500
v -9864.601 -6530.773 1534.210
v -9688.447 -6530.773 1547.750
v -9512.293 -6530.773 1550.050
v -9336.140 -6530.773 1454.130
v -9159.986 -6530.773 1387.920
v -8983.833 -6530.773 1464.820
v -8807.679 -6530.773 1466.500
v -8631.526 -6530.773 1348.030
v -8455.372 -6530.773 1380.310
v -8279.218 -6530.773 1402.240
v -8103.065 -6530.773 1397.400
v -7926.911 -6530.773 1418.300
v -7750.758 -6530.773 1506.050
v -7574.604 -6530.773 1495.140
v -7398.450 -6530.773 1422.290
v -7222.297 -6530.773 1316.210
v -7046.143 -6530.773 1340.100
v -6869.990 -6530.773 1146.120
v -6693.836 -6530.773 893.830
v -6517.683 -6530.773 795.490
v -6341.529 -6530.773 691.740
v -6165.375 -6530.773 720.600
v -5989.222 -6530.773 814.500
v -5813.068 -6530.773 831.990
v -5636.915 -6530.773 854.110
v -5460.761 -6530.773 827.510
v -5284.607 -6530.773 865.450
v -5108.454 -6530.773 753.700
v -4932.300 -6530.773 641.820
v -4756.147 -6530.773 541.860
v -4579.993 -6530.773 423.720
v -4403.840 -6530.773 211.200
v -4227.686 -6530.773 134.540
v -4051.532 -6530.773 198.010
v -3875.379 -6530.773 457.160
v -3699.225 -6530.773 524.970
v -3523.072 -6530.773 730.400
v -3346.918 -6530.773 681.590
v -3170.764 -6530.773 584.010
v -2994.611 -6530.773 486.000
v -2818.457 -6530.773 327.980
v -2642.304 -6530.773 219.200
v -2466.150 -6530.773 155.250
v -2289.997 -6530.773 124.340
v -2113.843 -6530.773 110.220
v -1937.689 -6530.773 124.960
v -1761.536 -6530.773 134.300
v -1585.382 -6530.773 146.000
v -1409.229 -6530.773 215.450
v -1233.075 -6530.773 304.290
v -1056.921 -6530.773 241.070
v -880.768 -6530.773 116.950
v -704.614 -6530.773 -12.920
v -528.461 -6530.773 -84.320
v -352.307 -6530.773 -81.200
v -176.154 -6530.773 -81.060
v 0.000 -6530.773 -82.600
v 176.154 -6530.773 -81.900
v 352.307 -6530.773 -86.090
v 528.461 -6530.773 -88.500
v 704.614 -6530.773 -89.400
v 880.768 -6530.773 -85.400
v 1056.921 -6530.773 -80.870
v 1233.075 -6530.773 -74.950
v 1409.229 -6530.773 13.840
v 1585.382 -6530.773 57.250
v 1761.536 -6530.773 35.600
v 1937.689 -6530.773 -31.670
v 2113.843 -6530.773 -70.510
v 2289.997 -6530.773 -64.520
v 2466.150 -6530.773 -83.340
v 2642.304 -6530.773 -84.500
v 2818.457 -6530.773 -84.970
v 2994.611 -6530.773 -83.620
v 3170.764 -6530.773 -85.690
v 3346.918 -6530.773 -86.200
v 3523.072 -6530.773 -81.000
v 3699.225 -6530.773 -77.170
v 3875.379 -6530.773 -84.900
v 4051.532 -6530.773 -86.710
v 4227.686 -6530.773 -85.460
v 4403.840 -6530.773 -6.100
v 4579.993 -6530.773 101.220
v 4756.147 -6530.773 263.710
v 4932.300 -6530.773 271.320
v 5108.454 -6530.773 276.170
v 5284.607 -6530.773 239.950
v 5460.761 -6530.773 115.570
v 5636.915 -6530.773 57.000
v 5813.068 -6530.773 83.640
v 5989.222 -6530.773 157.860
v 6165.375 -6530.773 260.000
v 6341.529 -6530.773 350.300
v 6517.683 -6530.773 385.470
v 6693.836 -6530.773 361.510
v 6869.990 -6530.773 330.540
v 7046.143 -6530.773 334.000
v 7222.297 -6530.773 341.570
v 7398.450 -6530.773 372.010
v 7574.604 -6530.773 377.800
v 7750.758 -6530.773 344.640
v 7926.911 -6530.773 150.200
v 8103.065 -6530.773 286.530
v 8279.218 -6530.773 391.790
v 8455.372 -6530.773 528.960
v 8631.526 -6530.773 593.630
v 8807.679 -6530.773 604.400
v 8983.833 -6530.773 561.970
v 9159.986 -6530.773 500.230
v 9336.140 -6530.773 464.720
v 9512.293 -6530.773 505.790
v 9688.447 -6530.773 550.950
v 9864.601 -6530.773 560.770
v 10040.754 -6530.773 526.330
v 10216.908 -6530.773 465.880
v 10393.061 -6530.773 344.670
v 10569.215 -6530.773 293.050
v -10569.215 -6326.687 1119.850
v -10393.061 -6326.687 1189.410
v -10216.908 -6326.687 1298.930
v -10040.754 -6326.687 1358.920
v -9864.601 -6326.687 1402.420
v -9688.447 -6326.687 1442.650
v -9512.293 -6326.687 1437.090
v -9336.140 -6326.687 1368.680
v -9159.986 -6326.687 1336.630
v -8983.833 -6326.687 1392.260
v -8807.679 -6326.687 1416.550
v -8631.526 -6326.687 1240.520
v -8455.372 -6326.687 1247.020
v -8279.218 -6326.687 1269.330
v -8103.065 -6326.687 1245.100
v -7926.911 -6326.687 1284.350
v -7750.758 -6326.687 1430.930
v -7574.604 -6326.687 1473.130
v -7398.450 -6326.687 1359.900
v -7222.297 -6326.687 1257.850
v -7046.143 -6326.687 1202.250
v -6869.990 -6326.687 980.560
v -6693.836 -6326.687 901.110
v -6517.683 -6326.687 820.890
v -6341.529 -6326.687 693.030
v -6165.375 -6326.687 622.650
v -5989.222 -6326.687 609.450
v -5813.068 -6326.687 670.040
v -5636.915 -6326.687 709.780
v -5460.761 -6326.687 758.830
v -5284.607 -6326.687 822.750
v -5108.454 -6326.687 792.390
v -4932.300 -6326.687 716.150
v -4756.147 -6326.687 558.260
v -4579.993 -6326.687 418.050
v -4403.840 -6326.687 240.000
v -4227.686 -6326.687 119.710
v -4051.532 -6326.687 209.030
v -3875.379 -6326.687 423.650
v -3699.225 -6326.687 509.430
v -3523.072 -6326.687 668.050
v -3346.918 -6326.687 586.810
v -3170.764 -6326.687 459.860
v -2994.611 -6326.687 322.370
v -2818.457 -6326.687 231.690
v -2642.304 -6326.687 141.450
v -2466.150 -6326.687 72.670
v -2289.997 -6326.687 47.380
v -2113.843 -6326.687 64.960
v -1937.689 -6326.687 59.490
v -1761.536 -6326.687 60.300
v -1585.382 -6326.687 75.090
v -1409.229 -6326.687 132.900
v -1233.075 -6326.687 197.590
v -1056.921 -6326.687 142.410
v -880.768 -6326.687 37.250
v -704.614 -6326.687 -81.480
v -528.461 -6326.687 -74.700
v -352.307 -6326.687 -81.100
v -176.154 -6326.687 -83.010
v 0.000 -6326.687 -83.450
v 176.154 -6326.687 -80.680
v 352.307 -6326.687 -86.970
v 528.461 -6326.687 -86.300
v 704.614 -6326.687 -82.090
v 880.768 -6326.687 -80.950
v 1056.921 -6326.687 -81.490
v 1233.075 -6326.687 45.530
v 1409.229 -6326.687 136.020
v 1585.382 -6326.687 134.090
v 1761.536 -6326.687 65.100
v 1937.689 -6326.687 -3.780
v 2113.843 -6326.687 -74.990
v 2289.997 -6326.687 -51.250
v 2466.150 -6326.687 -49.170
v 2642.304 -6326.687 -63.750
v 2818.457 -6326.687 -48.500
v 2994.611 -6326.687 -81.900
v 3170.764 -6326.687 -85.500
v 3346.918 -6326.687 -81.600
v 3523.072 -6326.687 -74.600
v 3699.225 -6326.687 -69.510
v 3875.379 -6326.687 -64.570
v 4051.532 -6326.687 -63.930
v 4227.686 -6326.687 -64.090
v 4403.840 -6326.687 27.200
v 4579.993 -6326.687 166.800
v 4756.147 -6326.687 277.330
v 4932.300 -6326.687 295.600
v 5108.454 -6326.687 272.950
v 5284.607 -6326.687 142.300
v 5460.761 -6326.687 139.140
v 5636.915 -6326.687 146.240
v 5813.068 -6326.687 197.330
v 5989.222 -6326.687 312.560
v 6165.375 -6326.687 392.100
v 6341.529 -6326.687 441.390
v 6517.683 -6326.687 451.360
v 6693.836 -6326.687 456.010
v 6869.990 -6326.687 456.190
v 7046.143 -6326.687 431.050
v 7222.297 -6326.687 464.200
v 7398.450 -6326.687 501.430
v 7574.604 -6326.687 447.320
v 7750.758 -6326.687 288.870
v 7926.911 -6326.687 161.600
v 8103.065 -6326.687 208.620
v 8279.218 -6326.687 400.180
v 8455.372 -6326.687 505.510
v 8631.526 -6326.687 620.620
v 8807.679 -6326.687 706.500
v 8983.833 -6326.687 640.080
v 9159.986 -6326.687 574.730
v 9336.140 -6326.687 553.070
v 9512.293 -6326.687 601.780
v 9688.447 -6326.687 638.250
v 9864.601 -6326.687 681.260
v 10040.754 -6326.687 707.360
v 10216.908 -6326.687 598.370
v 10393.061 -6326.687 510.420
v 10569.215 -6326.687 417.800
v -10569.215 -6122.600 944.750
v -10393.061 -6122.600 1052.150
v -10216.908 -6122.600 1151.450
v -10040.754 -6122.600 1248.650
v -9864.601 -6122.600 1306.350
v -9688.447 -6122.600 1364.000
v -9512.293 -6122.600 1319.450
v -9336.140 -6122.600 1215.450
v -9159.986 -6122.600 1231.300
v -8983.833 -6122.600 1300.950
v -8807.679 -6122.600 1326.750
v -8631.526 -6122.600 1209.500
v -8455.372 -6122.600 1177.550
v -8279.218 -6122.600 1074.200
v -8103.065 -6122.600 1119.750
v -7926.911 -6122.600 1176.500
v -7750.758 -6122.600 1286.800
v -7574.604 -6122.600 1426.900
v -7398.450 -6122.600 1400.500
v -7222.297 -6122.600 1223.550
v -7046.143 -6122.600 1125.500
v -6869.990 -6122.600 1053.450
v -6693.836 -6122.600 961.450
v -6517.683 -6122.600 838.200
v -6341.529 -6122.600 717.000
v -6165.375 -6122.600 654.250
v -5989.222 -6122.600 601.100
v -5813.068 -6122.600 556.500
v -5636.915 -6122.600 675.250
v -5460.761 -6122.600 767.200
v -5284.607 -6122.600 772.750
v -5108.454 -6122.600 716.000
v -4932.300 -6122.600 640.500
v -4756.147 -6122.600 502.000
v -4579.993 -6122.600 366.800
v -4403.840 -6122.600 237.500
v -4227.686 -6122.600 104.050
v -4051.532 -6122.600 162.800
v -3875.379 -6122.600 367.300
v -3699.225 -6122.600 493.650
v -3523.072 -6122.600 571.000
v -3346.918 -6122.600 475.250
v -3170.764 -6122.600 349.500
v -2994.611 -6122.600 233.400
v -2818.457 -6122.600 156.700
v -2642.304 -6122.600 64.500
v -2466.150 -6122.600 21.500
v -2289.997 -6122.600 3.600
v -2113.843 -6122.600 -30.600
v -1937.689 -6122.600 -31.950
v -1761.536 -6122.600 -38.250
v -1585.382 -6122.600 18.250
v -1409.229 -6122.600 78.050
v -1233.075 -6122.600 122.100
v -1056.921 -6122.600 58.050
v -880.768 -6122.600 -51.500
v -704.614 -6122.600 -80.200
v -528.461 -6122.600 -72.350
v -352.307 -6122.600 -72.000
v -176.154 -6122.600 -71.500
v 0.000 -6122.600 -85.750
v 176.154 -6122.600 -80.950
v 352.307 -6122.600 -80.550
v 528.461 -6122.600 -78.500
v 704.614 -6122.600 -75.500
v 880.768 -6122.600 -80.250
v 1056.921 -6122.600 -14.450
v 1233.075 -6122.600 134.050
v 1409.229 -6122.600 211.050
v 1585.382 -6122.600 193.900
v 1761.536 -6122.600 105.000
v 1937.689 -6122.600 -78.150
v 2113.843 -6122.600 -78.200
v 2289.997 -6122.600 -79.750
v 2466.150 -6122.600 -75.500
v 2642.304 -6122.600 -76.750
v 2818.457 -6122.600 -45.650
v 2994.611 -6122.600 -80.300
v 3170.764 -6122.600 -82.500
v 3346.918 -6122.600 -78.200
v 3523.072 -6122.600 -70.750
v 3699.225 -6122.600 -56.100
v 3875.379 -6122.600 -38.750
v 4051.532 -6122.600 -30.600
v 4227.686 -6122.600 -19.800
v 4403.840 -6122.600 54.750
v 4579.993 -6122.600 199.550
v 4756.147 -6122.600 347.750
v 4932.300 -6122.600 392.300
v 5108.454 -6122.600 287.450
v 5284.607 -6122.600 174.000
v 5460.761 -6122.600 301.000
v 5636.915 -6122.600 274.200
v 5813.068 -6122.600 156.200
v 5989.222 -6122.600 331.850
v 6165.375 -6122.600 425.000
v 6341.529 -6122.600 477.150
v 6517.683 -6122.600 516.200
v 6693.836 -6122.600 556.100
v 6869.990 -6122.600 550.150
v 7046.143 -6122.600 568.000
v 7222.297 -6122.600 603.550
v 7398.450 -6122.600 526.650
v 7574.604 -6122.600 435.950
v 7750.758 -6122.600 325.650
v 7926.911 -6122.600 230.250
v 8103.065 -6122.600 329.050
v 8279.218 -6122.600 421.800
v 8455.372 -6122.600 566.200
v 8631.526 -6122.600 712.100
v 8807.679 -6122.600 818.750
v 8983.833 -6122.600 749.200
v 9159.986 -6122.600 664.650
v 9336.140 -6122.600 633.700
v 9512.293 -6122.600 741.950
v 9688.447 -6122.600 785.500
v 9864.601 -6122.600 819.200
v 10040.754 -6122.600 851.850
v 10216.908 -6122.600 749.050
v 10393.061 -6122.600 621.850
v 10569.215 -6122.600 525.000
v -10569.215 -5918.513 926.550
v -10393.061 -5918.513 1007.420
v -10216.908 -5918.513 1046.590
v -10040.754 -5918.513 1150.190
v -9864.601 -5918.513 1231.350
v -9688.447 -5918.513 1256.800
v -9512.293 -5918.513 1135.570
v -9336.140 -5918.513 1078.370
v -9159.986 -5918.513 1119.040
v -8983.833 -5918.513 1207.100
v -8807.679 -5918.513 1248.150
v -8631.526 -5918.513 1207.990
v -8455.372 -5918.513 1047.000
v -8279.218 -5918.513 991.150
v -8103.065 -5918.513 1007.380
v -7926.911 -5918.513 1074.500
v -7750.758 -5918.513 1241.100
v -7574.604 -5918.513 1385.080
v -7398.450 -5918.513 1285.830
v -7222.297 -5918.513 1223.910
v -7046.143 -5918.513 1196.200
v -6869.990 -5918.513 1179.680
v -6693.836 -5918.513 1093.320
v -6517.683 -5918.513 951.360
v -6341.529 -5918.513 817.210
v -6165.375 -5918.513 719.550
v -5989.222 -5918.513 625.950
v -5813.068 -5918.513 506.170
v -5636.915 -5918.513 598.400
v -5460.761 -5918.513 696.950
v -5284.607 -5918.513 704.650
v -5108.454 -5918.513 662.440
v -4932.300 -5918.513 552.930
v -4756.147 -5918.513 406.250
v -4579.993 -5918.513 274.060
v -4403.840 -5918.513 162.200
v -4227.686 -5918.513 93.160
v -4051.532 -5918.513 127.810
v -3875.379 -5918.513 295.170
v -3699.225 -5918.513 426.400
v -3523.072 -5918.513 476.950
v -3346.918 -5918.513 374.060
v -3170.764 -5918.513 258.950
v -2994.611 -5918.513 143.790
v -2818.457 -5918.513 86.030
v -2642.304 -5918.513 18.600
v -2466.150 -5918.513 -40.620
v -2289.997 -5918.513 -32.840
v -2113.843 -5918.513 -51.300
v -1937.689 -5918.513 -62.410
v -1761.536 -5918.513 -61.650
v -1585.382 -5918.513 -68.720
v -1409.229 -5918.513 9.060
v -1233.075 -5918.513 54.010
v -1056.921 -5918.513 49.240
v -880.768 -5918.513 -3.500
v -704.614 -5918.513 -55.240
v -528.461 -5918.513 -70.830
v -352.307 -5918.513 -71.470
v -176.154 -5918.513 -78.400
v 0.000 -5918.513 -82.900
v 176.154 -5918.513 -80.300
v 352.307 -5918.513 -74.740
v 528.461 -5918.513 -75.900
v 704.614 -5918.513 -79.210
v 880.768 -5918.513 -74.800
v 1056.921 -5918.513 27.880
v 1233.075 -5918.513 217.920
v 1409.229 -5918.513 204.950
v 1585.382 -5918.513 60.820
v 1761.536 -5918.513 -75.050
v 1937.689 -5918.513 -77.210
v 2113.843 -5918.513 -79.100
v 2289.997 -5918.513 -77.930
v 2466.150 -5918.513 -78.500
v 2642.304 -5918.513 -78.450
v 2818.457 -5918.513 -79.510
v 2994.611 -5918.513 -81.230
v 3170.764 -5918.513 -82.330
v 3346.918 -5918.513 -75.690
v 3523.072 -5918.513 -56.250
v 3699.225 -5918.513 -25.990
v 3875.379 -5918.513 -3.810
v 4051.532 -5918.513 20.930
v 4227.686 -5918.513 48.570
v 4403.840 -5918.513 184.100
v 4579.993 -5918.513 317.030
v 4756.147 -5918.513 422.000
v 4932.300 -5918.513 415.360
v 5108.454 -5918.513 316.350
v 5284.607 -5918.513 225.150
v 5460.761 -5918.513 346.600
v 5636.915 -5918.513 380.920
v 5813.068 -5918.513 324.110
v 5989.222 -5918.513 329.690
v 6165.375 -5918.513 455.950
v 6341.529 -5918.513 566.230
v 6517.683 -5918.513 591.710
v 6693.836 -5918.513 591.280
v 6869.990 -5918.513 642.270
v 7046.143 -5918.513 693.900
v 7222.297 -5918.513 694.070
v 7398.450 -5918.513 580.970
v 7574.604 -5918.513 471.460
v 7750.758 -5918.513 367.930
v 7926.911 -5918.513 266.000
v 8103.065 -5918.513 251.120
v 8279.218 -5918.513 446.070
v 8455.372 -5918.513 658.940
v 8631.526 -5918.513 768.330
v 8807.679 -5918.513 796.250
v 8983.833 -5918.513 865.150
v 9159.986 -5918.513 776.760
v 9336.140 -5918.513 719.030
v 9512.293 -5918.513 796.210
v 9688.447 -5918.513 895.400
v 9864.601 -5918.513 968.840
v 10040.754 -5918.513 956.550
v 10216.908 -5918.513 826.440
v 10393.061 -5918.513 726.100
v 10569.215 -5918.513 653.100
v -10569.215 -5714.427 870.300
v -10393.061 -5714.427 912.560
v -10216.908 -5714.427 950.920
v -10040.754 -5714.427 1003.680
v -9864.601 -5714.427 1084.420
v -9688.447 -5714.427 1151.150
v -9512.293 -5714.427 1031.900
v -9336.140 -5714.427 1065.970
v -9159.986 -5714.427 1126.800
v -8983.833 -5714.427 1224.260
v -8807.679 -5714.427 1155.050
v -8631.526 -5714.427 1051.840
v -8455.372 -5714.427 983.310
v -8279.218 -5714.427 875.930
v -8103.065 -5714.427 889.030
v -7926.911 -5714.427 958.200
v -7750.758 -5714.427 1118.910
v -7574.604 -5714.427 1267.700
v -7398.450 -5714.427 1336.810
v -7222.297 -5714.427 1300.440
v -7046.143 -5714.427 1267.100
v -6869.990 -5714.427 1208.270
v -6693.836 -5714.427 1115.910
v -6517.683 -5714.427 996.150
v -6341.529 -5714.427 851.920
v -6165.375 -5714.427 749.900
v -5989.222 -5714.427 664.140
v -5813.068 -5714.427 533.110
v -5636.915 -5714.427 506.800
v -5460.761 -5714.427 533.720
v -5284.607 -5714.427 538.100
v -5108.454 -5714.427 550.890
v -4932.300 -5714.427 462.370
v -4756.147 -5714.427 319.310
v -4579.993 -5714.427 185.990
v -4403.840 -5714.427 91.550
v -4227.686 -5714.427 55.220
v -4051.532 -5714.427 127.230
v -3875.379 -5714.427 209.940
v -3699.225 -5714.427 369.480
v -3523.072 -5714.427 370.950
v -3346.918 -5714.427 292.360
v -3170.764 -5714.427 186.530
v -2994.611 -5714.427 87.750
v -2818.457 -5714.427 13.570
v -2642.304 -5714.427 -36.850
v -2466.150 -5714.427 -66.400
v -2289.997 -5714.427 -71.260
v -2113.843 -5714.427 -75.070
v -1937.689 -5714.427 -55.280
v -1761.536 -5714.427 -19.350
v -1585.382 -5714.427 -18.110
v -1409.229 -5714.427 -76.680
v -1233.075 -5714.427 -75.980
v -1056.921 -5714.427 -48.480
v -880.768 -5714.427 17.450
v -704.614 -5714.427 -30.560
v -528.461 -5714.427 -71.880
v -352.307 -5714.427 -86.780
v -176.154 -5714.427 -82.260
v 0.000 -5714.427 -78.000
v 176.154 -5714.427 -73.300
v 352.307 -5714.427 -72.290
v 528.461 -5714.427 -73.710
v 704.614 -5714.427 -69.370
v 880.768 -5714.427 9.100
v 1056.921 -5714.427 134.280
v 1233.075 -5714.427 231.930
v 1409.229 -5714.427 130.580
v 1585.382 -5714.427 -44.030
v 1761.536 -5714.427 -74.000
v 1937.689 -5714.427 -71.800
v 2113.843 -5714.427 -76.500
v 2289.997 -5714.427 -75.290
v 2466.150 -5714.427 -75.500
v 2642.304 -5714.427 -78.200
v 2818.457 -5714.427 -79.370
v 2994.611 -5714.427 -77.200
v 3170.764 -5714.427 -78.010
v 3346.918 -5714.427 -76.400
v 3523.072 -5714.427 13.350
v 3699.225 -5714.427 48.450
v 3875.379 -5714.427 84.960
v 4051.532 -5714.427 110.700
v 4227.686 -5714.427 117.620
v 4403.840 -5714.427 300.050
v 4579.993 -5714.427 376.190
v 4756.147 -5714.427 446.970
v 4932.300 -5714.427 431.890
v 5108.454 -5714.427 358.880
v 5284.607 -5714.427 280.200
v 5460.761 -5714.427 412.160
v 5636.915 -5714.427 523.810
v 5813.068 -5714.427 479.060
v 5989.222 -5714.427 394.600
v 6165.375 -5714.427 389.550
v 6341.529 -5714.427 532.190
v 6517.683 -5714.427 629.740
v 6693.836 -5714.427 710.240
v 6869.990 -5714.427 796.530
v 7046.143 -5714.427 826.400
v 7222.297 -5714.427 740.860
v 7398.450 -5714.427 629.740
v 7574.604 -5714.427 566.140
v 7750.758 -5714.427 461.900
v 7926.911 -5714.427 407.300
v 8103.065 -5714.427 298.680
v 8279.218 -5714.427 468.130
v 8455.372 -5714.427 596.700
v 8631.526 -5714.427 646.600
v 8807.679 -5714.427 830.050
v 8983.833 -5714.427 901.760
v 9159.986 -5714.427 854.620
v 9336.140 -5714.427 800.910
v 9512.293 -5714.427 915.010
v 9688.447 -5714.427 1001.300
v 9864.601 -5714.427 1034.360
v 10040.754 -5714.427 1035.770
v 10216.908 -5714.427 962.310
v 10393.061 -5714.427 874.890
v 10569.215 -5714.427 846.850
v -10569.215 -5510.340 698.600
v -10393.061 -5510.340 732.620
v -10216.908 -5510.340 784.290
v -10040.754 -5510.340 914.100
v -9864.601 -5510.340 1036.870
v -9688.447 -5510.340 1056.900
v -9512.293 -5510.340 963.500
v -9336.140 -5510.340 1094.610
v -9159.986 -5510.340 1058.720
v -8983.833 -5510.340 1136.030
v -8807.679 -5510.340 1048.450
v -8631.526 -5510.340 885.550
v -8455.372 -5510.340 808.100
v -8279.218 -5510.340 688.820
v -8103.065 -5510.340 799.680
v -7926.911 -5510.340 928.300
v -7750.758 -5510.340 1089.320
v -7574.604 -5510.340 1187.180
v -7398.450 -5510.340 1268.040
v -7222.297 -5510.340 1320.550
v -7046.143 -5510.340 1281.350
v -6869.990 -5510.340 1193.420
v -6693.836 -5510.340 1043.720
v -6517.683 -5510.340 952.890
v -6341.529 -5510.340 876.990
v -6165.375 -5510.340 734.550
v -5989.222 -5510.340 633.380
v -5813.068 -5510.340 518.630
v -5636.915 -5510.340 407.820
v -5460.761 -5510.340 361.070
v -5284.607 -5510.340 349.500
v -5108.454 -5510.340 362.160
v -4932.300 -5510.340 356.140
v -4756.147 -5510.340 245.480
v -4579.993 -5510.340 118.970
v -4403.840 -5510.340 31.950
v -4227.686 -5510.340 41.150
v -4051.532 -5510.340 141.420
v -3875.379 -5510.340 212.920
v -3699.225 -5510.340 293.290
v -3523.072 -5510.340 268.900
v -3346.918 -5510.340 211.390
v -3170.764 -5510.340 148.010
v -2994.611 -5510.340 42.310
v -2818.457 -5510.340 -52.570
v -2642.304 -5510.340 -11.000
v -2466.150 -5510.340 -6.270
v -2289.997 -5510.340 -9.930
v -2113.843 -5510.340 19.510
v -1937.689 -5510.340 32.320
v -1761.536 -5510.340 30.750
v -1585.382 -5510.340 8.140
v -1409.229 -5510.340 -25.430
v -1233.075 -5510.340 -53.650
v -1056.921 -5510.340 -80.340
v -880.768 -5510.340 -76.100
v -704.614 -5510.340 -84.080
v -528.461 -5510.340 -81.900
v -352.307 -5510.340 -79.420
v -176.154 -5510.340 -74.530
v 0.000 -5510.340 -58.600
v 176.154 -5510.340 -71.560
v 352.307 -5510.340 -70.270
v 528.461 -5510.340 -42.320
v 704.614 -5510.340 8.610
v 880.768 -5510.340 180.300
v 1056.921 -5510.340 296.620
v 1233.075 -5510.340 195.250
v 1409.229 -5510.340 41.700
v 1585.382 -5510.340 -72.230
v 1761.536 -5510.340 -72.200
v 1937.689 -5510.340 -74.370
v 2113.843 -5510.340 -74.500
v 2289.997 -5510.340 -71.800
v 2466.150 -5510.340 -74.000
v 2642.304 -5510.340 -75.200
v 2818.457 -5510.340 -76.530
v 2994.611 -5510.340 -75.800
v 3170.764 -5510.340 -75.930
v 3346.918 -5510.340 61.680
v 3523.072 -5510.340 113.050
v 3699.225 -5510.340 132.570
v 3875.379 -5510.340 168.800
v 4051.532 -5510.340 257.170
v 4227.686 -5510.340 268.100
v 4403.840 -5510.340 230.200
v 4579.993 -5510.340 340.540
v 4756.147 -5510.340 444.450
v 4932.300 -5510.340 485.030
v 5108.454 -5510.340 447.660
v 5284.607 -5510.340 357.750
v 5460.761 -5510.340 472.740
v 5636.915 -5510.340 591.560
v 5813.068 -5510.340 607.080
v 5989.222 -5510.340 509.440
v 6165.375 -5510.340 401.600
v 6341.529 -5510.340 519.040
v 6517.683 -5510.340 660.820
v 6693.836 -5510.340 808.600
v 6869.990 -5510.340 913.730
v 7046.143 -5510.340 918.300
v 7222.297 -5510.340 840.470
v 7398.450 -5510.340 770.870
v 7574.604 -5510.340 708.300
v 7750.758 -5510.340 661.600
v 7926.911 -5510.340 585.600
v 8103.065 -5510.340 454.860
v 8279.218 -5510.340 411.080
v 8455.372 -5510.340 462.260
v 8631.526 -5510.340 692.350
v 8807.679 -5510.340 771.400
v 8983.833 -5510.340 897.590
v 9159.986 -5510.340 964.660
v 9336.140 -5510.340 952.570
v 9512.293 -5510.340 909.350
v 9688.447 -5510.340 1043.850
v 9864.601 -5510.340 1130.580
v 10040.754 -5510.340 1171.610
v 10216.908 -5510.340 1133.690
v 10393.061 -5510.340 1037.370
v 10569.215 -5510.340 1029.450
v -10569.215 -5306.253 553.100
v -10393.061 -5306.253 641.990
v -10216.908 -5306.253 783.460
v -10040.754 -5306.253 980.460
v -9864.601 -5306.253 1077.760
v -9688.447 -5306.253 1068.200
v -9512.293 -5306.253 879.860
v -9336.140 -5306.253 923.930
v -9159.986 -5306.253 991.670
v -8983.833 -5306.253 1014.750
v -8807.679 -5306.253 1054.750
v -8631.526 -5306.253 876.060
v -8455.372 -5306.253 689.320
v -8279.218 -5306.253 587.420
v -8103.065 -5306.253 762.380
v -7926.911 -5306.253 918.600
v -7750.758 -5306.253 995.630
v -7574.604 -5306.253 1074.570
v -7398.450 -5306.253 1144.030
v -7222.297 -5306.253 1159.490
v -7046.143 -5306.253 1181.650
v -6869.990 -5306.253 1115.670
v -6693.836 -5306.253 995.310
v -6517.683 -5306.253 884.790
v -6341.529 -5306.253 822.720
v -6165.375 -5306.253 738.350
v -5989.222 -5306.253 682.110
v -5813.068 -5306.253 608.560
v -5636.915 -5306.253 557.880
v -5460.761 -5306.253 505.110
v -5284.607 -5306.253 379.850
v -5108.454 -5306.253 227.790
v -4932.300 -5306.253 195.650
v -4756.147 -5306.253 168.320
v -4579.993 -5306.253 66.310
v -4403.840 -5306.253 50.050
v -4227.686 -5306.253 40.200
v -4051.532 -5306.253 131.780
v -3875.379 -5306.253 179.500
v -3699.225 -5306.253 262.300
v -3523.072 -5306.253 216.700
v -3346.918 -5306.253 154.900
v -3170.764 -5306.253 83.950
v -2994.611 -5306.253 -16.010
v -2818.457 -5306.253 -43.320
v -2642.304 -5306.253 45.500
v -2466.150 -5306.253 48.660
v -2289.997 -5306.253 68.930
v -2113.843 -5306.253 83.870
v -1937.689 -5306.253 84.070
v -1761.536 -5306.253 67.200
v -1585.382 -5306.253 40.780
v -1409.229 -5306.253 3.800
v -1233.075 -5306.253 -35.640
v -1056.921 -5306.253 -46.190
v -880.768 -5306.253 -72.650
v -704.614 -5306.253 -62.790
v -528.461 -5306.253 -53.800
v -352.307 -5306.253 -12.400
v -176.154 -5306.253 3.690
v 0.000 -5306.253 -4.550
v 176.154 -5306.253 8.300
v 352.307 -5306.253 6.990
v 528.461 -5306.253 54.230
v 704.614 -5306.253 114.490
v 880.768 -5306.253 251.950
v 1056.921 -5306.253 303.960
v 1233.075 -5306.253 33.900
v 1409.229 -5306.253 -16.500
v 1585.382 -5306.253 -70.310
v 1761.536 -5306.253 -70.950
v 1937.689 -5306.253 -69.590
v 2113.843 -5306.253 -69.530
v 2289.997 -5306.253 -68.500
v 2466.150 -5306.253 -68.700
v 2642.304 -5306.253 -68.750
v 2818.457 -5306.253 -74.600
v 2994.611 -5306.253 -71.510
v 3170.764 -5306.253 -34.640
v 3346.918 -5306.253 131.380
v 3523.072 -5306.253 171.850
v 3699.225 -5306.253 199.710
v 3875.379 -5306.253 255.620
v 4051.532 -5306.253 357.060
v 4227.686 -5306.253 380.910
v 4403.840 -5306.253 317.550
v 4579.993 -5306.253 404.510
v 4756.147 -5306.253 498.270
v 4932.300 -5306.253 528.100
v 5108.454 -5306.253 460.960
v 5284.607 -5306.253 399.700
v 5460.761 -5306.253 541.510
v 5636.915 -5306.253 666.880
v 5813.068 -5306.253 724.540
v 5989.222 -5306.253 695.620
v 6165.375 -5306.253 535.300
v 6341.529 -5306.253 511.480
v 6517.683 -5306.253 685.840
v 6693.836 -5306.253 784.790
v 6869.990 -5306.253 897.520
v 7046.143 -5306.253 969.750
v 7222.297 -5306.253 936.090
v 7398.450 -5306.253 937.480
v 7574.604 -5306.253 874.160
v 7750.758 -5306.253 846.220
v 7926.911 -5306.253 792.250
v 8103.065 -5306.253 522.530
v 8279.218 -5306.253 373.890
v 8455.372 -5306.253 489.770
v 8631.526 -5306.253 593.890
v 8807.679 -5306.253 807.100
v 8983.833 -5306.253 930.970
v 9159.986 -5306.253 962.370
v 9336.140 -5306.253 1059.170
v 9512.293 -5306.253 1082.510
v 9688.447 -5306.253 1105.150
v 9864.601 -5306.253 1173.180
v 10040.754 -5306.253 1214.590
v 10216.908 -5306.253 1244.960
v 10393.061 -5306.253 1184.970
v 10569.215 -5306.253 1123.100
v -10569.215 -5102.167 430.750
v -10393.061 -5102.167 639.400
v -10216.908 -5102.167 797.550
v -10040.754 -5102.167 850.100
v -9864.601 -5102.167 955.150
v -9688.447 -5102.167 957.250
v -9512.293 -5102.167 964.900
v -9336.140 -5102.167 1302.350
v -9159.986 -5102.167 1089.600
v -8983.833 -5102.167 988.450
v -8807.679 -5102.167 1126.500
v -8631.526 -5102.167 1084.150
v -8455.372 -5102.167 776.100
v -8279.218 -5102.167 561.250
v -8103.065 -5102.167 684.450
v -7926.911 -5102.167 812.750
v -7750.758 -5102.167 948.950
v -7574.604 -5102.167 1046.700
v -7398.450 -5102.167 1038.300
v -7222.297 -5102.167 1004.650
v -7046.143 -5102.167 1022.000
v -6869.990 -5102.167 1044.350
v -6693.836 -5102.167 919.300
v -6517.683 -5102.167 775.800
v -6341.529 -5102.167 757.700
v -6165.375 -5102.167 753.250
v -5989.222 -5102.167 675.450
v -5813.068 -5102.167 590.300
v -5636.915 -5102.167 578.300
v -5460.761 -5102.167 537.200
v -5284.607 -5102.167 496.750
v -5108.454 -5102.167 389.450
v -4932.300 -5102.167 276.800
v -4756.147 -5102.167 129.350
v -4579.993 -5102.167 33.400
v -4403.840 -5102.167 9.500
v -4227.686 -5102.167 5.800
v -4051.532 -5102.167 28.600
v -3875.379 -5102.167 121.900
v -3699.225 -5102.167 203.800
v -3523.072 -5102.167 193.500
v -3346.918 -5102.167 117.550
v -3170.764 -5102.167 8.000
v -2994.611 -5102.167 -56.200
v -2818.457 -5102.167 30.800
v -2642.304 -5102.167 70.750
v -2466.150 -5102.167 100.850
v -2289.997 -5102.167 141.550
v -2113.843 -5102.167 158.750
v -1937.689 -5102.167 150.000
v -1761.536 -5102.167 120.750
v -1585.382 -5102.167 88.150
v -1409.229 -5102.167 82.700
v -1233.075 -5102.167 32.050
v -1056.921 -5102.167 2.050
v -880.768 -5102.167 27.500
v -704.614 -5102.167 31.350
v -528.461 -5102.167 58.050
v -352.307 -5102.167 87.400
v -176.154 -5102.167 104.800
v 0.000 -5102.167 118.000
v 176.154 -5102.167 139.650
v 352.307 -5102.167 139.850
v 528.461 -5102.167 207.600
v 704.614 -5102.167 299.600
v 880.768 -5102.167 359.250
v 1056.921 -5102.167 187.500
v 1233.075 -5102.167 34.000
v 1409.229 -5102.167 -64.600
v 1585.382 -5102.167 -68.100
v 1761.536 -5102.167 -68.500
v 1937.689 -5102.167 -66.500
v 2113.843 -5102.167 -66.300
v 2289.997 -5102.167 -68.300
v 2466.150 -5102.167 -70.050
v 2642.304 -5102.167 -68.000
v 2818.457 -5102.167 -70.300
v 2994.611 -5102.167 79.300
v 3170.764 -5102.167 177.900
v 3346.918 -5102.167 214.000
v 3523.072 -5102.167 223.500
v 3699.225 -5102.167 245.150
v 3875.379 -5102.167 362.200
v 4051.532 -5102.167 387.850
v 4227.686 -5102.167 444.650
v 4403.840 -5102.167 439.000
v 4579.993 -5102.167 500.400
v 4756.147 -5102.167 555.200
v 4932.300 -5102.167 603.650
v 5108.454 -5102.167 525.100
v 5284.607 -5102.167 463.000
v 5460.761 -5102.167 596.650
v 5636.915 -5102.167 768.250
v 5813.068 -5102.167 834.650
v 5989.222 -5102.167 836.900
v 6165.375 -5102.167 648.500
v 6341.529 -5102.167 513.550
v 6517.683 -5102.167 598.550
v 6693.836 -5102.167 732.300
v 6869.990 -5102.167 864.800
v 7046.143 -5102.167 1045.000
v 7222.297 -5102.167 1108.150
v 7398.450 -5102.167 1101.150
v 7574.604 -5102.167 1065.600
v 7750.758 -5102.167 883.200
v 7926.911 -5102.167 722.250
v 8103.065 -5102.167 632.750
v 8279.218 -5102.167 462.450
v 8455.372 -5102.167 375.600
v 8631.526 -5102.167 477.200
v 8807.679 -5102.167 642.250
v 8983.833 -5102.167 768.300
v 9159.986 -5102.167 877.650
v 9336.140 -5102.167 978.050
v 9512.293 -5102.167 1115.350
v 9688.447 -5102.167 1126.250
v 9864.601 -5102.167 1085.450
v 10040.754 -5102.167 1157.000
v 10216.908 -5102.167 1262.000
v 10393.061 -5102.167 1230.600
v 10569.215 -5102.167 1111.250
v -10569.215 -4898.080 356.550
v -10393.061 -4898.080 476.820
v -10216.908 -4898.080 601.400
v -10040.754 -4898.080 726.340
v -9864.601 -4898.080 888.180
v -9688.447 -4898.080 855.550
v -9512.293 -4898.080 832.490
v -9336.140 -4898.080 947.180
v -9159.986 -4898.080 986.750
v -8983.833 -4898.080 989.110
v -8807.679 -4898.080 1205.350
v -8631.526 -4898.080 1250.990
v -8455.372 -4898.080 681.440
v -8279.218 -4898.080 479.000
v -8103.065 -4898.080 628.920
v -7926.911 -4898.080 819.900
v -7750.758 -4898.080 882.340
v -7574.604 -4898.080 959.560
v -7398.450 -4898.080 998.400
v -7222.297 -4898.080 864.600
v -7046.143 -4898.080 886.800
v -6869.990 -4898.080 891.570
v -6693.836 -4898.080 804.810
v -6517.683 -4898.080 683.000
v -6341.529 -4898.080 615.370
v -6165.375 -4898.080 669.250
v -5989.222 -4898.080 685.500
v -5813.068 -4898.080 593.140
v -5636.915 -4898.080 507.850
v -5460.761 -4898.080 424.100
v -5284.607 -4898.080 432.800
v -5108.454 -4898.080 371.160
v -4932.300 -4898.080 304.530
v -4756.147 -4898.080 79.540
v -4579.993 -4898.080 -8.510
v -4403.840 -4898.080 -35.600
v -4227.686 -4898.080 -12.790
v -4051.532 -4898.080 -43.400
v -3875.379 -4898.080 -10.020
v -3699.225 -4898.080 101.920
v -3523.072 -4898.080 180.000
v -3346.918 -4898.080 57.400
v -3170.764 -4898.080 -61.600
v -2994.611 -4898.080 -13.840
v -2818.457 -4898.080 82.650
v -2642.304 -4898.080 109.450
v -2466.150 -4898.080 133.200
v -2289.997 -4898.080 192.440
v -2113.843 -4898.080 197.100
v -1937.689 -4898.080 189.070
v -1761.536 -4898.080 161.350
v -1585.382 -4898.080 175.610
v -1409.229 -4898.080 188.910
v -1233.075 -4898.080 154.040
v -1056.921 -4898.080 128.070
v -880.768 -4898.080 155.200
v -704.614 -4898.080 145.020
v -528.461 -4898.080 187.700
v -352.307 -4898.080 215.600
v -176.154 -4898.080 261.740
v 0.000 -4898.080 282.400
v 176.154 -4898.080 268.730
v 352.307 -4898.080 323.720
v 528.461 -4898.080 416.830
v 704.614 -4898.080 429.560
v 880.768 -4898.080 328.050
v 1056.921 -4898.080 186.310
v 1233.075 -4898.080 -53.310
v 1409.229 -4898.080 -65.740
v 1585.382 -4898.080 -66.410
v 1761.536 -4898.080 -68.400
v 1937.689 -4898.080 -64.590
v 2113.843 -4898.080 -63.500
v 2289.997 -4898.080 -65.800
v 2466.150 -4898.080 -64.490
v 2642.304 -4898.080 -68.300
v 2818.457 -4898.080 -10.270
v 2994.611 -4898.080 145.980
v 3170.764 -4898.080 284.870
v 3346.918 -4898.080 309.580
v 3523.072 -4898.080 359.850
v 3699.225 -4898.080 351.280
v 3875.379 -4898.080 395.700
v 4051.532 -4898.080 483.810
v 4227.686 -4898.080 507.370
v 4403.840 -4898.080 510.750
v 4579.993 -4898.080 576.600
v 4756.147 -4898.080 650.870
v 4932.300 -4898.080 669.460
v 5108.454 -4898.080 584.070
v 5284.607 -4898.080 515.950
v 5460.761 -4898.080 641.770
v 5636.915 -4898.080 772.050
v 5813.068 -4898.080 906.890
v 5989.222 -4898.080 821.430
v 6165.375 -4898.080 687.600
v 6341.529 -4898.080 560.780
v 6517.683 -4898.080 623.970
v 6693.836 -4898.080 784.940
v 6869.990 -4898.080 1002.480
v 7046.143 -4898.080 1139.250
v 7222.297 -4898.080 1193.280
v 7398.450 -4898.080 1228.690
v 7574.604 -4898.080 1090.170
v 7750.758 -4898.080 965.550
v 7926.911 -4898.080 811.950
v 8103.065 -4898.080 682.580
v 8279.218 -4898.080 632.450
v 8455.372 -4898.080 490.990
v 8631.526 -4898.080 454.250
v 8807.679 -4898.080 558.400
v 8983.833 -4898.080 672.250
v 9159.986 -4898.080 826.810
v 9336.140 -4898.080 982.710
v 9512.293 -4898.080 961.870
v 9688.447 -4898.080 972.250
v 9864.601 -4898.080 1057.470
v 10040.754 -4898.080 1195.720
v 10216.908 -4898.080 1315.410
v 10393.061 -4898.080 1315.620
v 10569.215 -4898.080 1222.700
v -10569.215 -4693.993 351.900
v -10393.061 -4693.993 403.080
v -10216.908 -4693.993 486.280
v -10040.754 -4693.993 676.870
v -9864.601 -4693.993 751.820
v -9688.447 -4693.993 709.600
v -9512.293 -4693.993 630.960
v -9336.140 -4693.993 743.320
v -9159.986 -4693.993 879.070
v -8983.833 -4693.993 858.520
v -8807.679 -4693.993 840.700
v -8631.526 -4693.993 736.130
v -8455.372 -4693.993 499.710
v -8279.218 -4693.993 406.220
v -8103.065 -4693.993 574.440
v -7926.911 -4693.993 678.900
v -7750.758 -4693.993 757.300
v -7574.604 -4693.993 886.420
v -7398.450 -4693.993 835.770
v -7222.297 -4693.993 717.440
v -7046.143 -4693.993 741.850
v -6869.990 -4693.993 750.230
v -6693.836 -4693.993 679.740
v -6517.683 -4693.993 551.250
v -6341.529 -4693.993 514.050
v -6165.375 -4693.993 546.450
v -5989.222 -4693.993 584.860
v -5813.068 -4693.993 627.540
v -5636.915 -4693.993 561.380
v -5460.761 -4693.993 514.590
v -5284.607 -4693.993 455.950
v -5108.454 -4693.993 461.090
v -4932.300 -4693.993 219.470
v -4756.147 -4693.993 -18.690
v -4579.993 -4693.993 -33.150
v -4403.840 -4693.993 82.650
v -4227.686 -4693.993 125.510
v -4051.532 -4693.993 98.810
v -3875.379 -4693.993 48.170
v -3699.225 -4693.993 -38.520
v -3523.072 -4693.993 -17.200
v -3346.918 -4693.993 -26.100
v -3170.764 -4693.993 38.160
v -2994.611 -4693.993 301.430
v -2818.457 -4693.993 323.440
v -2642.304 -4693.993 365.500
v -2466.150 -4693.993 328.420
v -2289.997 -4693.993 214.480
v -2113.843 -4693.993 241.440
v -1937.689 -4693.993 239.860
v -1761.536 -4693.993 244.250
v -1585.382 -4693.993 278.990
v -1409.229 -4693.993 298.750
v -1233.075 -4693.993 295.700
v -1056.921 -4693.993 257.730
v -880.768 -4693.993 284.900
v -704.614 -4693.993 300.590
v -528.461 -4693.993 310.600
v -352.307 -4693.993 334.550
v -176.154 -4693.993 417.920
v 0.000 -4693.993 449.200
v 176.154 -4693.993 443.090
v 352.307 -4693.993 466.430
v 528.461 -4693.993 420.980
v 704.614 -4693.993 287.540
v 880.768 -4693.993 173.400
v 1056.921 -4693.993 69.300
v 1233.075 -4693.993 -44.720
v 1409.229 -4693.993 -66.310
v 1585.382 -4693.993 -64.800
v 1761.536 -4693.993 -61.600
v 1937.689 -4693.993 -65.400
v 2113.843 -4693.993 -61.620
v 2289.997 -4693.993 -62.590
v 2466.150 -4693.993 -64.170
v 2642.304 -4693.993 -44.100
v 2818.457 -4693.993 153.430
v 2994.611 -4693.993 237.290
v 3170.764 -4693.993 333.690
v 3346.918 -4693.993 390.030
v 3523.072 -4693.993 447.750
v 3699.225 -4693.993 457.210
v 3875.379 -4693.993 431.060
v 4051.532 -4693.993 528.900
v 4227.686 -4693.993 561.240
v 4403.840 -4693.993 623.700
v 4579.993 -4693.993 694.140
v 4756.147 -4693.993 761.300
v 4932.300 -4693.993 799.560
v 5108.454 -4693.993 699.800
v 5284.607 -4693.993 550.500
v 5460.761 -4693.993 612.500
v 5636.915 -4693.993 776.130
v 5813.068 -4693.993 967.230
v 5989.222 -4693.993 979.000
v 6165.375 -4693.993 767.550
v 6341.529 -4693.993 662.580
v 6517.683 -4693.993 659.780
v 6693.836 -4693.993 875.220
v 6869.990 -4693.993 926.030
v 7046.143 -4693.993 993.100
v 7222.297 -4693.993 1204.870
v 7398.450 -4693.993 1305.770
v 7574.604 -4693.993 1260.170
v 7750.758 -4693.993 1049.460
v 7926.911 -4693.993 924.950
v 8103.065 -4693.993 851.400
v 8279.218 -4693.993 792.890
v 8455.372 -4693.993 678.640
v 8631.526 -4693.993 538.370
v 8807.679 -4693.993 528.450
v 8983.833 -4693.993 707.910
v 9159.986 -4693.993 832.400
v 9336.140 -4693.993 795.090
v 9512.293 -4693.993 828.020
v 9688.447 -4693.993 1000.200
v 9864.601 -4693.993 1093.740
v 10040.754 -4693.993 1187.710
v 10216.908 -4693.993 1327.860
v 10393.061 -4693.993 1412.660
v 10569.215 -4693.993 1364.550
v -10569.215 -4489.907 312.050
v -10393.061 -4489.907 342.010
v -10216.908 -4489.907 352.370
v -10040.754 -4489.907 418.820
v -9864.601 -4489.907 571.720
v -9688.447 -4489.907 615.000
v -9512.293 -4489.907 578.880
v -9336.140 -4489.907 551.280
v -9159.986 -4489.907 658.620
v -8983.833 -4489.907 636.310
v -8807.679 -4489.907 551.750
v -8631.526 -4489.907 457.510
v -8455.372 -4489.907 455.360
v -8279.218 -4489.907 359.640
v -8103.065 -4489.907 443.210
v -7926.911 -4489.907 603.550
v -7750.758 -4489.907 709.810
v -7574.604 -4489.907 799.920
v -7398.450 -4489.907 811.360
v -7222.297 -4489.907 668.560
v -7046.143 -4489.907 599.350
v -6869.990 -4489.907 579.550
v -6693.836 -4489.907 572.790
v -6517.683 -4489.907 468.600
v -6341.529 -4489.907 394.330
v -6165.375 -4489.907 419.500
v -5989.222 -4489.907 464.180
v -5813.068 -4489.907 544.180
v -5636.915 -4489.907 603.480
v -5460.761 -4489.907 573.850
v -5284.607 -4489.907 593.050
v -5108.454 -4489.907 592.090
v -4932.300 -4489.907 150.390
v -4756.147 -4489.907 -63.760
v -4579.993 -4489.907 60.790
v -4403.840 -4489.907 223.550
v -4227.686 -4489.907 371.440
v -4051.532 -4489.907 327.050
v -3875.379 -4489.907 214.750
v -3699.225 -4489.907 123.320
v -3523.072 -4489.907 106.700
v -3346.918 -4489.907 92.350
v -3170.764 -4489.907 203.660
v -2994.611 -4489.907 412.770
v -2818.457 -4489.907 510.880
v -2642.304 -4489.907 479.400
v -2466.150 -4489.907 463.440
v -2289.997 -4489.907 435.480
v -2113.843 -4489.907 423.140
v -1937.689 -4489.907 364.690
v -1761.536 -4489.907 449.550
v -1585.382 -4489.907 451.850
v -1409.229 -4489.907 452.100
v -1233.075 -4489.907 465.730
v -1056.921 -4489.907 452.810
v -880.768 -4489.907 416.400
v -704.614 -4489.907 448.500
v -528.461 -4489.907 518.110
v -352.307 -4489.907 574.240
v -176.154 -4489.907 649.900
v 0.000 -4489.907 648.900
v 176.154 -4489.907 607.010
v 352.307 -4489.907 517.680
v 528.461 -4489.907 390.670
v 704.614 -4489.907 228.850
v 880.768 -4489.907 111.850
v 1056.921 -4489.907 4.490
v 1233.075 -4489.907 -63.600
v 1409.229 -4489.907 -60.500
v 1585.382 -4489.907 -59.400
v 1761.536 -4489.907 -60.350
v 1937.689 -4489.907 -59.300
v 2113.843 -4489.907 -59.900
v 2289.997 -4489.907 -61.510
v 2466.150 -4489.907 -62.060
v 2642.304 -4489.907 -3.350
v 2818.457 -4489.907 201.880
v 2994.611 -4489.907 310.390
v 3170.764 -4489.907 417.450
v 3346.918 -4489.907 492.070
v 3523.072 -4489.907 518.700
v 3699.225 -4489.907 545.610
v 3875.379 -4489.907 547.290
v 4051.532 -4489.907 599.090
v 4227.686 -4489.907 666.570
v 4403.840 -4489.907 716.350
v 4579.993 -4489.907 850.330
v 4756.147 -4489.907 923.920
v 4932.300 -4489.907 948.970
v 5108.454 -4489.907 782.070
v 5284.607 -4489.907 585.000
v 5460.761 -4489.907 626.710
v 5636.915 -4489.907 892.840
v 5813.068 -4489.907 1018.610
v 5989.222 -4489.907 1060.150
v 6165.375 -4489.907 978.900
v 6341.529 -4489.907 822.120
v 6517.683 -4489.907 671.790
v 6693.836 -4489.907 721.810
v 6869.990 -4489.907 947.460
v 7046.143 -4489.907 1149.900
v 7222.297 -4489.907 1256.640
v 7398.450 -4489.907 1247.050
v 7574.604 -4489.907 1284.300
v 7750.758 -4489.907 1230.280
v 7926.911 -4489.907 1142.850
v 8103.065 -4489.907 1030.270
v 8279.218 -4489.907 957.380
v 8455.372 -4489.907 835.190
v 8631.526 -4489.907 716.400
v 8807.679 -4489.907 624.800
v 8983.833 -4489.907 502.100
v 9159.986 -4489.907 645.710
v 9336.140 -4489.907 756.310
v 9512.293 -4489.907 895.240
v 9688.447 -4489.907 1068.900
v 9864.601 -4489.907 1234.700
v 10040.754 -4489.907 1301.220
v 10216.908 -4489.907 1363.480
v 10393.061 -4489.907 1435.860
v 10569.215 -4489.907 1470.000
v -10569.215 -4285.820 346.100
v -10393.061 -4285.820 315.710
v -10216.908 -4285.820 321.440
v -10040.754 -4285.820 305.130
v -9864.601 -4285.820 372.450
v -9688.447 -4285.820 437.600
v -9512.293 -4285.820 499.700
v -9336.140 -4285.820 454.710
v -9159.986 -4285.820 545.910
v -8983.833 -4285.820 499.490
v -8807.679 -4285.820 417.300
v -8631.526 -4285.820 368.020
v -8455.372 -4285.820 350.890
v -8279.218 -4285.820 318.300
v -8103.065 -4285.820 429.920
v -7926.911 -4285.820 541.100
v -7750.758 -4285.820 598.910
v -7574.604 -4285.820 686.570
v -7398.450 -4285.820 729.210
v -7222.297 -4285.820 620.700
v -7046.143 -4285.820 503.700
v -6869.990 -4285.820 441.070
v -6693.836 -4285.820 429.570
v -6517.683 -4285.820 356.800
v -6341.529 -4285.820 231.660
v -6165.375 -4285.820 234.300
v -5989.222 -4285.820 221.140
v -5813.068 -4285.820 413.060
v -5636.915 -4285.820 604.690
v -5460.761 -4285.820 664.180
v -5284.607 -4285.820 705.700
v -5108.454 -4285.820 625.670
v -4932.300 -4285.820 292.300
v -4756.147 -4285.820 34.670
v -4579.993 -4285.820 -8.590
v -4403.840 -4285.820 326.550
v -4227.686 -4285.820 529.280
v -4051.532 -4285.820 536.530
v -3875.379 -4285.820 333.670
v -3699.225 -4285.820 292.960
v -3523.072 -4285.820 341.150
v -3346.918 -4285.820 388.180
v -3170.764 -4285.820 418.740
v -2994.611 -4285.820 620.180
v -2818.457 -4285.820 624.010
v -2642.304 -4285.820 596.800
v -2466.150 -4285.820 586.050
v -2289.997 -4285.820 547.020
v -2113.843 -4285.820 496.460
v -1937.689 -4285.820 488.260
v -1761.536 -4285.820 561.300
v -1585.382 -4285.820 697.940
v -1409.229 -4285.820 647.690
v -1233.075 -4285.820 697.820
v -1056.921 -4285.820 719.930
v -880.768 -4285.820 649.900
v -704.614 -4285.820 676.800
v -528.461 -4285.820 699.070
v -352.307 -4285.820 761.940
v -176.154 -4285.820 783.230
v 0.000 -4285.820 710.000
v 176.154 -4285.820 693.330
v 352.307 -4285.820 537.690
v 528.461 -4285.820 416.280
v 704.614 -4285.820 239.790
v 880.768 -4285.820 30.500
v 1056.921 -4285.820 -58.230
v 1233.075 -4285.820 -58.300
v 1409.229 -4285.820 -57.430
v 1585.382 -4285.820 -57.510
v 1761.536 -4285.820 -56.500
v 1937.689 -4285.820 -58.310
v 2113.843 -4285.820 -57.300
v 2289.997 -4285.820 -62.900
v 2466.150 -4285.820 -55.280
v 2642.304 -4285.820 22.550
v 2818.457 -4285.820 181.040
v 2994.611 -4285.820 342.050
v 3170.764 -4285.820 464.650
v 3346.918 -4285.820 541.880
v 3523.072 -4285.820 585.200
v 3699.225 -4285.820 605.180
v 3875.379 -4285.820 654.710
v 4051.532 -4285.820 736.720
v 4227.686 -4285.820 779.760
v 4403.840 -4285.820 824.450
v 4579.993 -4285.820 899.870
v 4756.147 -4285.820 1030.550
v 4932.300 -4285.820 980.190
v 5108.454 -4285.820 773.140
v 5284.607 -4285.820 627.450
v 5460.761 -4285.820 724.470
v 5636.915 -4285.820 813.310
v 5813.068 -4285.820 1006.520
v 5989.222 -4285.820 1094.620
v 6165.375 -4285.820 1112.450
v 6341.529 -4285.820 975.340
v 6517.683 -4285.820 841.510
v 6693.836 -4285.820 775.350
v 6869.990 -4285.820 936.650
v 7046.143 -4285.820 1049.050
v 7222.297 -4285.820 1118.750
v 7398.450 -4285.820 1212.530
v 7574.604 -4285.820 1344.100
v 7750.758 -4285.820 1278.530
v 7926.911 -4285.820 1185.000
v 8103.065 -4285.820 1080.680
v 8279.218 -4285.820 975.900
v 8455.372 -4285.820 875.140
v 8631.526 -4285.820 791.760
v 8807.679 -4285.820 668.050
v 8983.833 -4285.820 605.170
v 9159.986 -4285.820 576.460
v 9336.140 -4285.820 771.670
v 9512.293 -4285.820 897.230
v 9688.447 -4285.820 987.750
v 9864.601 -4285.820 1122.150
v 10040.754 -4285.820 1189.830
v 10216.908 -4285.820 1228.950
v 10393.061 -4285.820 1345.720
v 10569.215 -4285.820 1476.100
v -10569.215 -4081.733 552.750
v -10393.061 -4081.733 347.450
v -10216.908 -4081.733 306.200
v -10040.754 -4081.733 304.850
v -9864.601 -4081.733 292.500
v -9688.447 -4081.733 307.750
v -9512.293 -4081.733 361.450
v -9336.140 -4081.733 379.650
v -9159.986 -4081.733 469.600
v -8983.833 -4081.733 415.900
v -8807.679 -4081.733 309.000
v -8631.526 -4081.733 293.900
v -8455.372 -4081.733 280.850
v -8279.218 -4081.733 252.800
v -8103.065 -4081.733 284.900
v -7926.911 -4081.733 385.000
v -7750.758 -4081.733 500.300
v -7574.604 -4081.733 593.700
v -7398.450 -4081.733 555.450
v -7222.297 -4081.733 540.950
v -7046.143 -4081.733 433.500
v -6869.990 -4081.733 330.050
v -6693.836 -4081.733 261.150
v -6517.683 -4081.733 185.950
v -6341.529 -4081.733 76.300
v -6165.375 -4081.733 2.000
v -5989.222 -4081.733 4.650
v -5813.068 -4081.733 63.550
v -5636.915 -4081.733 311.200
v -5460.761 -4081.733 563.400
v -5284.607 -4081.733 650.000
v -5108.454 -4081.733 574.250
v -4932.300 -4081.733 372.200
v -4756.147 -4081.733 152.500
v -4579.993 -4081.733 187.950
v -4403.840 -4081.733 349.250
v -4227.686 -4081.733 468.450
v -4051.532 -4081.733 527.050
v -3875.379 -4081.733 519.700
v -3699.225 -4081.733 563.500
v -3523.072 -4081.733 596.000
v -3346.918 -4081.733 592.750
v -3170.764 -4081.733 744.100
v -2994.611 -4081.733 817.000
v -2818.457 -4081.733 758.700
v -2642.304 -4081.733 662.500
v -2466.150 -4081.733 737.000
v -2289.997 -4081.733 682.200
v -2113.843 -4081.733 595.250
v -1937.689 -4081.733 620.750
v -1761.536 -4081.733 690.750
v -1585.382 -4081.733 814.600
v -1409.229 -4081.733 888.900
v -1233.075 -4081.733 952.450
v -1056.921 -4081.733 923.650
v -880.768 -4081.733 844.250
v -704.614 -4081.733 921.850
v -528.461 -4081.733 974.350
v -352.307 -4081.733 968.300
v -176.154 -4081.733 876.650
v 0.000 -4081.733 794.750
v 176.154 -4081.733 630.500
v 352.307 -4081.733 472.400
v 528.461 -4081.733 320.650
v 704.614 -4081.733 91.200
v 880.768 -4081.733 -27.000
v 1056.921 -4081.733 -56.950
v 1233.075 -4081.733 -51.650
v 1409.229 -4081.733 -56.150
v 1585.382 -4081.733 -52.150
v 1761.536 -4081.733 -51.500
v 1937.689 -4081.733 -55.200
v 2113.843 -4081.733 -57.150
v 2289.997 -4081.733 -53.650
v 2466.150 -4081.733 -16.000
v 2642.304 -4081.733 56.750
v 2818.457 -4081.733 169.300
v 2994.611 -4081.733 312.500
v 3170.764 -4081.733 447.800
v 3346.918 -4081.733 576.050
v 3523.072 -4081.733 661.750
v 3699.225 -4081.733 733.100
v 3875.379 -4081.733 694.900
v 4051.532 -4081.733 789.100
v 4227.686 -4081.733 902.000
v 4403.840 -4081.733 930.750
v 4579.993 -4081.733 1002.850
v 4756.147 -4081.733 1081.500
v 4932.300 -4081.733 1008.850
v 5108.454 -4081.733 845.650
v 5284.607 -4081.733 654.500
v 5460.761 -4081.733 736.650
v 5636.915 -4081.733 894.350
v 5813.068 -4081.733 932.650
v 5989.222 -4081.733 1056.000
v 6165.375 -4081.733 1115.000
v 6341.529 -4081.733 999.100
v 6517.683 -4081.733 903.350
v 6693.836 -4081.733 807.000
v 6869.990 -4081.733 859.850
v 7046.143 -4081.733 991.500
v 7222.297 -4081.733 1133.550
v 7398.450 -4081.733 1253.250
v 7574.604 -4081.733 1396.050
v 7750.758 -4081.733 1422.000
v 7926.911 -4081.733 1327.000
v 8103.065 -4081.733 1242.900
v 8279.218 -4081.733 1131.200
v 8455.372 -4081.733 1005.050
v 8631.526 -4081.733 922.350
v 8807.679 -4081.733 809.000
v 8983.833 -4081.733 756.950
v 9159.986 -4081.733 710.400
v 9336.140 -4081.733 683.000
v 9512.293 -4081.733 823.050
v 9688.447 -4081.733 945.750
v 9864.601 -4081.733 1001.500
v 10040.754 -4081.733 1094.650
v 10216.908 -4081.733 1223.800
v 10393.061 -4081.733 1358.350
v 10569.215 -4081.733 1496.250
v -10569.215 -3877.647 747.800
v -10393.061 -3877.647 456.310
v -10216.908 -3877.647 298.530
v -10040.754 -3877.647 292.750
v -9864.601 -3877.647 288.320
v -9688.447 -3877.647 281.250
v -9512.293 -3877.647 298.010
v -9336.140 -3877.647 327.240
v -9159.986 -3877.647 344.500
v -8983.833 -3877.647 293.730
v -8807.679 -3877.647 267.100
v -8631.526 -3877.647 255.790
v -8455.372 -3877.647 218.730
v -8279.218 -3877.647 221.660
v -8103.065 -3877.647 207.040
v -7926.911 -3877.647 243.650
v -7750.758 -3877.647 348.290
v -7574.604 -3877.647 415.850
v -7398.450 -3877.647 377.410
v -7222.297 -3877.647 379.770
v -7046.143 -3877.647 266.400
v -6869.990 -3877.647 225.100
v -6693.836 -3877.647 138.660
v -6517.683 -3877.647 32.610
v -6341.529 -3877.647 27.790
v -6165.375 -3877.647 66.850
v -5989.222 -3877.647 68.150
v -5813.068 -3877.647 63.270
v -5636.915 -3877.647 62.920
v -5460.761 -3877.647 356.280
v -5284.607 -3877.647 369.200
v -5108.454 -3877.647 364.200
v -4932.300 -3877.647 277.780
v -4756.147 -3877.647 283.990
v -4579.993 -3877.647 348.040
v -4403.840 -3877.647 415.050
v -4227.686 -3877.647 472.100
v -4051.532 -3877.647 537.740
v -3875.379 -3877.647 622.100
v -3699.225 -3877.647 826.170
v -3523.072 -3877.647 860.350
v -3346.918 -3877.647 1034.060
v -3170.764 -3877.647 1046.020
v -2994.611 -3877.647 980.130
v -2818.457 -3877.647 859.800
v -2642.304 -3877.647 766.900
v -2466.150 -3877.647 813.910
v -2289.997 -3877.647 711.960
v -2113.843 -3877.647 763.830
v -1937.689 -3877.647 805.850
v -1761.536 -3877.647 884.750
v -1585.382 -3877.647 922.200
v -1409.229 -3877.647 993.680
v -1233.075 -3877.647 1073.190
v -1056.921 -3877.647 1102.230
v -880.768 -3877.647 1034.300
v -704.614 -3877.647 963.530
v -528.461 -3877.647 882.240
v -352.307 -3877.647 815.860
v -176.154 -3877.647 726.700
v 0.000 -3877.647 683.250
v 176.154 -3877.647 505.890
v 352.307 -3877.647 286.820
v 528.461 -3877.647 154.430
v 704.614 -3877.647 22.050
v 880.768 -3877.647 -39.100
v 1056.921 -3877.647 -52.110
v 1233.075 -3877.647 -48.030
v 1409.229 -3877.647 -51.200
v 1585.382 -3877.647 -50.590
v 1761.536 -3877.647 -54.550
v 1937.689 -3877.647 -53.500
v 2113.843 -3877.647 -52.140
v 2289.997 -3877.647 -25.940
v 2466.150 -3877.647 10.620
v 2642.304 -3877.647 97.100
v 2818.457 -3877.647 200.270
v 2994.611 -3877.647 402.970
v 3170.764 -3877.647 571.500
v 3346.918 -3877.647 669.970
v 3523.072 -3877.647 776.450
v 3699.225 -3877.647 910.910
v 3875.379 -3877.647 851.450
v 4051.532 -3877.647 879.310
v 4227.686 -3877.647 1003.170
v 4403.840 -3877.647 1078.450
v 4579.993 -3877.647 1121.760
v 4756.147 -3877.647 1138.350
v 4932.300 -3877.647 1031.270
v 5108.454 -3877.647 946.810
v 5284.607 -3877.647 720.050
v 5460.761 -3877.647 732.690
v 5636.915 -3877.647 834.250
v 5813.068 -3877.647 979.930
v 5989.222 -3877.647 1156.670
v 6165.375 -3877.647 1243.400
v 6341.529 -3877.647 1071.130
v 6517.683 -3877.647 932.180
v 6693.836 -3877.647 831.650
v 6869.990 -3877.647 954.610
v 7046.143 -3877.647 1106.450
v 7222.297 -3877.647 1211.170
v 7398.450 -3877.647 1297.710
v 7574.604 -3877.647 1438.860
v 7750.758 -3877.647 1541.150
v 7926.911 -3877.647 1373.450
v 8103.065 -3877.647 1231.570
v 8279.218 -3877.647 1127.980
v 8455.372 -3877.647 1077.380
v 8631.526 -3877.647 1063.570
v 8807.679 -3877.647 952.600
v 8983.833 -3877.647 913.350
v 9159.986 -3877.647 876.030
v 9336.140 -3877.647 780.030
v 9512.293 -3877.647 857.530
v 9688.447 -3877.647 979.200
v 9864.601 -3877.647 1045.470
v 10040.754 -3877.647 1140.300
v 10216.908 -3877.647 1236.470
v 10393.061 -3877.647 1343.620
v 10569.215 -3877.647 1438.150
v -10569.215 -3673.560 785.600
v -10393.061 -3673.560 607.870
v -10216.908 -3673.560 389.770
v -10040.754 -3673.560 303.660
v -9864.601 -3673.560 279.570
v -9688.447 -3673.560 287.950
v -9512.293 -3673.560 290.310
v -9336.140 -3673.560 313.630
v -9159.986 -3673.560 293.410
v -8983.833 -3673.560 272.830
v -8807.679 -3673.560 246.450
v -8631.526 -3673.560 220.370
v -8455.372 -3673.560 177.720
v -8279.218 -3673.560 156.120
v -8103.065 -3673.560 149.990
v -7926.911 -3673.560 173.000
v -7750.758 -3673.560 217.710
v -7574.604 -3673.560 239.230
v -7398.450 -3673.560 231.000
v -7222.297 -3673.560 194.460
v -7046.143 -3673.560 153.950
v -6869.990 -3673.560 109.250
v -6693.836 -3673.560 88.950
v -6517.683 -3673.560 85.610
v -6341.529 -3673.560 124.040
v -6165.375 -3673.560 150.700
v -5989.222 -3673.560 195.750
v -5813.068 -3673.560 286.320
v -5636.915 -3673.560 157.030
v -5460.761 -3673.560 336.410
v -5284.607 -3673.560 33.600
v -5108.454 -3673.560 137.590
v -4932.300 -3673.560 292.870
v -4756.147 -3673.560 360.720
v -4579.993 -3673.560 425.470
v -4403.840 -3673.560 479.500
v -4227.686 -3673.560 521.670
v -4051.532 -3673.560 589.480
v -3875.379 -3673.560 697.960
v -3699.225 -3673.560 901.350
v -3523.072 -3673.560 1119.850
v -3346.918 -3673.560 1263.240
v -3170.764 -3673.560 1248.530
v -2994.611 -3673.560 1089.360
v -2818.457 -3673.560 940.370
v -2642.304 -3673.560 900.600
v -2466.150 -3673.560 891.990
v -2289.997 -3673.560 850.400
v -2113.843 -3673.560 969.990
v -1937.689 -3673.560 949.830
v -1761.536 -3673.560 1001.650
v -1585.382 -3673.560 1048.890
v -1409.229 -3673.560 1153.390
v -1233.075 -3673.560 1203.570
v -1056.921 -3673.560 1107.450
v -880.768 -3673.560 983.450
v -704.614 -3673.560 843.950
v -528.461 -3673.560 698.720
v -352.307 -3673.560 597.720
v -176.154 -3673.560 493.400
v 0.000 -3673.560 403.450
v 176.154 -3673.560 364.660
v 352.307 -3673.560 171.380
v 528.461 -3673.560 18.320
v 704.614 -3673.560 -54.370
v 880.768 -3673.560 -48.500
v 1056.921 -3673.560 -49.270
v 1233.075 -3673.560 -47.290
v 1409.229 -3673.560 -48.220
v 1585.382 -3673.560 -48.740
v 1761.536 -3673.560 -52.150
v 1937.689 -3673.560 -42.100
v 2113.843 -3673.560 -17.280
v 2289.997 -3673.560 21.410
v 2466.150 -3673.560 87.100
v 2642.304 -3673.560 198.450
v 2818.457 -3673.560 353.570
v 2994.611 -3673.560 559.440
v 3170.764 -3673.560 698.380
v 3346.918 -3673.560 851.450
v 3523.072 -3673.560 907.550
v 3699.225 -3673.560 1005.990
v 3875.379 -3673.560 978.020
v 4051.532 -3673.560 991.420
v 4227.686 -3673.560 1073.490
v 4403.840 -3673.560 1181.650
v 4579.993 -3673.560 1261.120
v 4756.147 -3673.560 1206.690
v 4932.300 -3673.560 1091.340
v 5108.454 -3673.560 989.860
v 5284.607 -3673.560 1062.850
v 5460.761 -3673.560 827.330
v 5636.915 -3673.560 965.560
v 5813.068 -3673.560 1037.200
v 5989.222 -3673.560 1145.830
v 6165.375 -3673.560 1262.600
v 6341.529 -3673.560 1152.970
v 6517.683 -3673.560 1030.350
v 6693.836 -3673.560 898.540
v 6869.990 -3673.560 913.760
v 7046.143 -3673.560 1022.200
v 7222.297 -3673.560 1153.760
v 7398.450 -3673.560 1290.710
v 7574.604 -3673.560 1416.450
v 7750.758 -3673.560 1502.240
v 7926.911 -3673.560 1509.950
v 8103.065 -3673.560 1300.410
v 8279.218 -3673.560 1256.600
v 8455.372 -3673.560 1205.500
v 8631.526 -3673.560 1090.110
v 8807.679 -3673.560 1088.650
v 8983.833 -3673.560 1073.650
v 9159.986 -3673.560 994.120
v 9336.140 -3673.560 887.100
v 9512.293 -3673.560 809.600
v 9688.447 -3673.560 930.650
v 9864.601 -3673.560 1066.160
v 10040.754 -3673.560 1206.300
v 10216.908 -3673.560 1333.560
v 10393.061 -3673.560 1446.980
v 10569.215 -3673.560 1523.850
v -10569.215 -3469.473 741.100
v -10393.061 -3469.473 659.410
v -10216.908 -3469.473 492.220
v -10040.754 -3469.473 468.350
v -9864.601 -3469.473 400.380
v -9688.447 -3469.473 299.800
v -9512.293 -3469.473 298.060
v -9336.140 -3469.473 279.280
v -9159.986 -3469.473 299.170
v -8983.833 -3469.473 260.370
v -8807.679 -3469.473 189.500
v -8631.526 -3469.473 163.410
v -8455.372 -3469.473 119.900
v -8279.218 -3469.473 153.840
v -8103.065 -3469.473 158.860
v -7926.911 -3469.473 121.150
v -7750.758 -3469.473 91.210
v -7574.604 -3469.473 93.770
v -7398.450 -3469.473 97.480
v -7222.297 -3469.473 72.020
v -7046.143 -3469.473 93.100
v -6869.990 -3469.473 123.810
v -6693.836 -3469.473 140.710
v -6517.683 -3469.473 193.300
v -6341.529 -3469.473 227.750
v -6165.375 -3469.473 282.600
v -5989.222 -3469.473 319.330
v -5813.068 -3469.473 359.690
v -5636.915 -3469.473 382.920
v -5460.761 -3469.473 366.920
v -5284.607 -3469.473 217.900
v -5108.454 -3469.473 315.470
v -4932.300 -3469.473 399.080
v -4756.147 -3469.473 449.410
v -4579.993 -3469.473 501.970
v -4403.840 -3469.473 551.850
v -4227.686 -3469.473 593.230
v -4051.532 -3469.473 662.990
v -3875.379 -3469.473 774.540
v -3699.225 -3469.473 970.870
v -3523.072 -3469.473 1237.350
v -3346.918 -3469.473 1411.560
v -3170.764 -3469.473 1383.270
v -2994.611 -3469.473 1246.870
v -2818.457 -3469.473 1089.900
v -2642.304 -3469.473 1016.650
v -2466.150 -3469.473 1028.690
v -2289.997 -3469.473 1006.710
v -2113.843 -3469.473 1140.090
v -1937.689 -3469.473 1124.200
v -1761.536 -3469.473 1132.100
v -1585.382 -3469.473 1203.890
v -1409.229 -3469.473 1291.300
v -1233.075 -3469.473 1172.180
v -1056.921 -3469.473 1086.440
v -880.768 -3469.473 961.450
v -704.614 -3469.473 828.320
v -528.461 -3469.473 700.270
v -352.307 -3469.473 584.220
v -176.154 -3469.473 426.790
v 0.000 -3469.473 293.500
v 176.154 -3469.473 196.940
v 352.307 -3469.473 97.540
v 528.461 -3469.473 -3.510
v 704.614 -3469.473 -37.560
v 880.768 -3469.473 -47.650
v 1056.921 -3469.473 -45.970
v 1233.075 -3469.473 -49.590
v 1409.229 -3469.473 -49.200
v 1585.382 -3469.473 -46.400
v 1761.536 -3469.473 -44.150
v 1937.689 -3469.473 -17.840
v 2113.843 -3469.473 28.870
v 2289.997 -3469.473 105.890
v 2466.150 -3469.473 174.100
v 2642.304 -3469.473 277.900
v 2818.457 -3469.473 503.200
v 2994.611 -3469.473 663.190
v 3170.764 -3469.473 785.580
v 3346.918 -3469.473 959.070
v 3523.072 -3469.473 1077.050
v 3699.225 -3469.473 1076.900
v 3875.379 -3469.473 1075.690
v 4051.532 -3469.473 1091.830
v 4227.686 -3469.473 1184.180
v 4403.840 -3469.473 1257.000
v 4579.993 -3469.473 1332.910
v 4756.147 -3469.473 1250.990
v 4932.300 -3469.473 1117.070
v 5108.454 -3469.473 958.590
v 5284.607 -3469.473 922.150
v 5460.761 -3469.473 816.970
v 5636.915 -3469.473 990.720
v 5813.068 -3469.473 1128.170
v 5989.222 -3469.473 1230.810
v 6165.375 -3469.473 1317.050
v 6341.529 -3469.473 1217.970
v 6517.683 -3469.473 1105.160
v 6693.836 -3469.473 1029.290
v 6869.990 -3469.473 963.750
v 7046.143 -3469.473 1078.500
v 7222.297 -3469.473 1209.520
v 7398.450 -3469.473 1312.010
v 7574.604 -3469.473 1420.980
v 7750.758 -3469.473 1540.720
v 7926.911 -3469.473 1497.600
v 8103.065 -3469.473 1419.790
v 8279.218 -3469.473 1362.910
v 8455.372 -3469.473 1240.420
v 8631.526 -3469.473 1152.850
v 8807.679 -3469.473 1212.400
v 8983.833 -3469.473 1209.990
v 9159.986 -3469.473 1093.360
v 9336.140 -3469.473 1021.920
v 9512.293 -3469.473 889.060
v 9688.447 -3469.473 942.300
v 9864.601 -3469.473 1088.490
v 10040.754 -3469.473 1161.160
v 10216.908 -3469.473 1274.050
v 10393.061 -3469.473 1386.090
v 10569.215 -3469.473 1474.100
v -10569.215 -3265.387 559.350
v -10393.061 -3265.387 484.540
v -10216.908 -3265.387 407.910
v -10040.754 -3265.387 415.400
v -9864.601 -3265.387 396.770
v -9688.447 -3265.387 345.750
v -9512.293 -3265.387 311.370
v -9336.140 -3265.387 217.090
v -9159.986 -3265.387 186.800
v -8983.833 -3265.387 115.380
v -8807.679 -3265.387 128.600
v -8631.526 -3265.387 165.740
v -8455.372 -3265.387 220.610
v -8279.218 -3265.387 239.340
v -8103.065 -3265.387 288.720
v -7926.911 -3265.387 251.150
v -7750.758 -3265.387 214.490
v -7574.604 -3265.387 185.620
v -7398.450 -3265.387 174.520
v -7222.297 -3265.387 154.330
v -7046.143 -3265.387 163.950
v -6869.990 -3265.387 199.790
v -6693.836 -3265.387 234.940
v -6517.683 -3265.387 221.880
v -6341.529 -3265.387 293.530
v -6165.375 -3265.387 393.950
v -5989.222 -3265.387 431.380
v -5813.068 -3265.387 461.200
v -5636.915 -3265.387 489.200
v -5460.761 -3265.387 473.530
v -5284.607 -3265.387 429.100
v -5108.454 -3265.387 463.090
v -4932.300 -3265.387 495.900
v -4756.147 -3265.387 529.130
v -4579.993 -3265.387 575.790
v -4403.840 -3265.387 620.450
v -4227.686 -3265.387 665.210
v -4051.532 -3265.387 738.400
v -3875.379 -3265.387 848.700
v -3699.225 -3265.387 1027.390
v -3523.072 -3265.387 1332.650
v -3346.918 -3265.387 1438.960
v -3170.764 -3265.387 1410.270
v -2994.611 -3265.387 1333.660
v -2818.457 -3265.387 1237.200
v -2642.304 -3265.387 1188.150
v -2466.150 -3265.387 1150.910
v -2289.997 -3265.387 1174.860
v -2113.843 -3265.387 1327.260
v -1937.689 -3265.387 1247.920
v -1761.536 -3265.387 1283.700
v -1585.382 -3265.387 1353.750
v -1409.229 -3265.387 1343.980
v -1233.075 -3265.387 1257.140
v -1056.921 -3265.387 1122.870
v -880.768 -3265.387 978.450
v -704.614 -3265.387 849.220
v -528.461 -3265.387 735.380
v -352.307 -3265.387 687.260
v -176.154 -3265.387 551.880
v 0.000 -3265.387 381.700
v 176.154 -3265.387 177.000
v 352.307 -3265.387 52.370
v 528.461 -3265.387 -7.020
v 704.614 -3265.387 -22.600
v 880.768 -3265.387 -39.650
v 1056.921 -3265.387 -43.600
v 1233.075 -3265.387 -43.800
v 1409.229 -3265.387 -45.330
v 1585.382 -3265.387 -47.800
v 1761.536 -3265.387 -44.950
v 1937.689 -3265.387 16.690
v 2113.843 -3265.387 102.200
v 2289.997 -3265.387 192.140
v 2466.150 -3265.387 269.620
v 2642.304 -3265.387 380.700
v 2818.457 -3265.387 560.380
v 2994.611 -3265.387 713.680
v 3170.764 -3265.387 799.120
v 3346.918 -3265.387 935.630
v 3523.072 -3265.387 1123.550
v 3699.225 -3265.387 1204.340
v 3875.379 -3265.387 1194.200
v 4051.532 -3265.387 1184.200
v 4227.686 -3265.387 1286.750
v 4403.840 -3265.387 1371.750
v 4579.993 -3265.387 1390.210
v 4756.147 -3265.387 1261.080
v 4932.300 -3265.387 1141.370
v 5108.454 -3265.387 1066.160
v 5284.607 -3265.387 977.100
v 5460.761 -3265.387 869.480
v 5636.915 -3265.387 1016.060
v 5813.068 -3265.387 1122.240
v 5989.222 -3265.387 1256.330
v 6165.375 -3265.387 1360.200
v 6341.529 -3265.387 1302.840
v 6517.683 -3265.387 1229.720
v 6693.836 -3265.387 1141.620
v 6869.990 -3265.387 1061.180
v 7046.143 -3265.387 1109.600
v 7222.297 -3265.387 1235.690
v 7398.450 -3265.387 1328.960
v 7574.604 -3265.387 1468.550
v 7750.758 -3265.387 1591.950
v 7926.911 -3265.387 1624.550
v 8103.065 -3265.387 1521.070
v 8279.218 -3265.387 1405.840
v 8455.372 -3265.387 1346.360
v 8631.526 -3265.387 1257.430
v 8807.679 -3265.387 1337.450
v 8983.833 -3265.387 1289.990
v 9159.986 -3265.387 1218.350
v 9336.140 -3265.387 1096.370
v 9512.293 -3265.387 998.880
v 9688.447 -3265.387 902.050
v 9864.601 -3265.387 1046.950
v 10040.754 -3265.387 1201.050
v 10216.908 -3265.387 1320.890
v 10393.061 -3265.387 1389.030
v 10569.215 -3265.387 1474.750
v -10569.215 -3061.300 399.000
v -10393.061 -3061.300 349.850
v -10216.908 -3061.300 363.350
v -10040.754 -3061.300 379.350
v -9864.601 -3061.300 346.950
v -9688.447 -3061.300 311.750
v -9512.293 -3061.300 233.350
v -9336.140 -3061.300 102.250
v -9159.986 -3061.300 87.650
v -8983.833 -3061.300 168.600
v -8807.679 -3061.300 202.750
v -8631.526 -3061.300 251.500
v -8455.372 -3061.300 333.500
v -8279.218 -3061.300 414.400
v -8103.065 -3061.300 456.900
v -7926.911 -3061.300 406.250
v -7750.758 -3061.300 353.200
v -7574.604 -3061.300 322.400
v -7398.450 -3061.300 271.750
v -7222.297 -3061.300 263.000
v -7046.143 -3061.300 234.250
v -6869.990 -3061.300 279.050
v -6693.836 -3061.300 355.350
v -6517.683 -3061.300 405.000
v -6341.529 -3061.300 421.500
v -6165.375 -3061.300 499.000
v -5989.222 -3061.300 546.050
v -5813.068 -3061.300 576.950
v -5636.915 -3061.300 592.000
v -5460.761 -3061.300 580.900
v -5284.607 -3061.300 561.500
v -5108.454 -3061.300 563.000
v -4932.300 -3061.300 575.450
v -4756.147 -3061.300 605.800
v -4579.993 -3061.300 651.800
v -4403.840 -3061.300 694.250
v -4227.686 -3061.300 739.900
v -4051.532 -3061.300 812.750
v -3875.379 -3061.300 923.650
v -3699.225 -3061.300 1067.600
v -3523.072 -3061.300 1253.000
v -3346.918 -3061.300 1376.400
v -3170.764 -3061.300 1453.600
v -2994.611 -3061.300 1437.800
v -2818.457 -3061.300 1425.300
v -2642.304 -3061.300 1398.250
v -2466.150 -3061.300 1385.650
v -2289.997 -3061.300 1312.800
v -2113.843 -3061.300 1601.100
v -1937.689 -3061.300 1572.950
v -1761.536 -3061.300 1429.000
v -1585.382 -3061.300 1607.350
v -1409.229 -3061.300 1328.500
v -1233.075 -3061.300 1198.550
v -1056.921 -3061.300 1060.300
v -880.768 -3061.300 930.500
v -704.614 -3061.300 840.100
v -528.461 -3061.300 727.000
v -352.307 -3061.300 685.500
v -176.154 -3061.300 559.100
v 0.000 -3061.300 290.750
v 176.154 -3061.300 151.000
v 352.307 -3061.300 1.800
v 528.461 -3061.300 -28.450
v 704.614 -3061.300 -28.450
v 880.768 -3061.300 -45.000
v 1056.921 -3061.300 -43.950
v 1233.075 -3061.300 -43.500
v 1409.229 -3061.300 -43.950
v 1585.382 -3061.300 -49.050
v 1761.536 -3061.300 26.000
v 1937.689 -3061.300 199.000
v 2113.843 -3061.300 248.250
v 2289.997 -3061.300 288.550
v 2466.150 -3061.300 388.200
v 2642.304 -3061.300 463.750
v 2818.457 -3061.300 607.100
v 2994.611 -3061.300 822.750
v 3170.764 -3061.300 895.350
v 3346.918 -3061.300 987.800
v 3523.072 -3061.300 1087.500
v 3699.225 -3061.300 1204.950
v 3875.379 -3061.300 1300.600
v 4051.532 -3061.300 1257.250
v 4227.686 -3061.300 1404.650
v 4403.840 -3061.300 1470.500
v 4579.993 -3061.300 1431.300
v 4756.147 -3061.300 1325.500
v 4932.300 -3061.300 1222.050
v 5108.454 -3061.300 1127.050
v 5284.607 -3061.300 1041.250
v 5460.761 -3061.300 1018.950
v 5636.915 -3061.300 1006.950
v 5813.068 -3061.300 1119.100
v 5989.222 -3061.300 1224.700
v 6165.375 -3061.300 1376.500
v 6341.529 -3061.300 1437.800
v 6517.683 -3061.300 1338.550
v 6693.836 -3061.300 1268.850
v 6869.990 -3061.300 1153.100
v 7046.143 -3061.300 1091.000
v 7222.297 -3061.300 1229.550
v 7398.450 -3061.300 1334.550
v 7574.604 -3061.300 1472.300
v 7750.758 -3061.300 1600.450
v 7926.911 -3061.300 1710.500
v 8103.065 -3061.300 1605.100
v 8279.218 -3061.300 1534.100
v 8455.372 -3061.300 1437.200
v 8631.526 -3061.300 1392.400
v 8807.679 -3061.300 1455.000
v 8983.833 -3061.300 1391.500
v 9159.986 -3061.300 1265.100
v 9336.140 -3061.300 1217.900
v 9512.293 -3061.300 1143.600
v 9688.447 -3061.300 1022.750
v 9864.601 -3061.300 1002.050
v 10040.754 -3061.300 1135.000
v 10216.908 -3061.300 1263.700
v 10393.061 -3061.300 1418.600
v 10569.215 -3061.300 1533.500
v -10569.215 -2857.213 295.100
v -10393.061 -2857.213 308.820
v -10216.908 -2857.213 322.380
v -10040.754 -2857.213 269.620
v -9864.601 -2857.213 279.920
v -9688.447 -2857.213 210.600
v -9512.293 -2857.213 112.060
v -9336.140 -2857.213 121.200
v -9159.986 -2857.213 189.860
v -8983.833 -2857.213 242.290
v -8807.679 -2857.213 267.050
v -8631.526 -2857.213 354.500
v -8455.372 -2857.213 460.390
v -8279.218 -2857.213 525.050
v -8103.065 -2857.213 475.060
v -7926.911 -2857.213 592.150
v -7750.758 -2857.213 512.600
v -7574.604 -2857.213 446.900
v -7398.450 -2857.213 385.760
v -7222.297 -2857.213 448.630
v -7046.143 -2857.213 416.150
v -6869.990 -2857.213 439.620
v -6693.836 -2857.213 517.640
v -6517.683 -2857.213 555.990
v -6341.529 -2857.213 575.430
v -6165.375 -2857.213 608.650
v -5989.222 -2857.213 642.390
v -5813.068 -2857.213 673.500
v -5636.915 -2857.213 683.700
v -5460.761 -2857.213 677.100
v -5284.607 -2857.213 665.900
v -5108.454 -2857.213 659.720
v -4932.300 -2857.213 661.030
v -4756.147 -2857.213 688.700
v -4579.993 -2857.213 736.390
v -4403.840 -2857.213 779.450
v -4227.686 -2857.213 824.800
v -4051.532 -2857.213 897.630
v -3875.379 -2857.213 1002.840
v -3699.225 -2857.213 1129.690
v -3523.072 -2857.213 1266.500
v -3346.918 -2857.213 1371.320
v -3170.764 -2857.213 1440.510
v -2994.611 -2857.213 1505.040
v -2818.457 -2857.213 1528.640
v -2642.304 -2857.213 1519.600
v -2466.150 -2857.213 1469.550
v -2289.997 -2857.213 1506.240
v -2113.843 -2857.213 1826.820
v -1937.689 -2857.213 1694.140
v -1761.536 -2857.213 1775.000
v -1585.382 -2857.213 1903.750
v -1409.229 -2857.213 1313.610
v -1233.075 -2857.213 1199.230
v -1056.921 -2857.213 1105.550
v -880.768 -2857.213 987.350
v -704.614 -2857.213 779.880
v -528.461 -2857.213 649.680
v -352.307 -2857.213 483.470
v -176.154 -2857.213 316.110
v 0.000 -2857.213 187.150
v 176.154 -2857.213 85.250
v 352.307 -2857.213 6.920
v 528.461 -2857.213 -15.370
v 704.614 -2857.213 -33.770
v 880.768 -2857.213 -44.850
v 1056.921 -2857.213 -40.780
v 1233.075 -2857.213 -40.800
v 1409.229 -2857.213 -38.300
v 1585.382 -2857.213 19.400
v 1761.536 -2857.213 294.500
v 1937.689 -2857.213 360.480
v 2113.843 -2857.213 393.980
v 2289.997 -2857.213 410.980
v 2466.150 -2857.213 490.320
v 2642.304 -2857.213 630.300
v 2818.457 -2857.213 692.480
v 2994.611 -2857.213 845.460
v 3170.764 -2857.213 998.170
v 3346.918 -2857.213 1073.790
v 3523.072 -2857.213 1172.800
v 3699.225 -2857.213 1284.430
v 3875.379 -2857.213 1385.080
v 4051.532 -2857.213 1351.400
v 4227.686 -2857.213 1461.170
v 4403.840 -2857.213 1568.450
v 4579.993 -2857.213 1480.960
v 4756.147 -2857.213 1391.150
v 4932.300 -2857.213 1315.760
v 5108.454 -2857.213 1253.750
v 5284.607 -2857.213 1115.150
v 5460.761 -2857.213 1123.040
v 5636.915 -2857.213 1056.460
v 5813.068 -2857.213 1209.940
v 5989.222 -2857.213 1280.900
v 6165.375 -2857.213 1403.900
v 6341.529 -2857.213 1521.350
v 6517.683 -2857.213 1407.820
v 6693.836 -2857.213 1322.340
v 6869.990 -2857.213 1241.990
v 7046.143 -2857.213 1177.000
v 7222.297 -2857.213 1192.540
v 7398.450 -2857.213 1325.750
v 7574.604 -2857.213 1458.540
v 7750.758 -2857.213 1593.550
v 7926.911 -2857.213 1716.600
v 8103.065 -2857.213 1703.180
v 8279.218 -2857.213 1625.630
v 8455.372 -2857.213 1558.050
v 8631.526 -2857.213 1543.270
v 8807.679 -2857.213 1532.100
v 8983.833 -2857.213 1450.270
v 9159.986 -2857.213 1349.370
v 9336.140 -2857.213 1358.020
v 9512.293 -2857.213 1228.140
v 9688.447 -2857.213 1126.300
v 9864.601 -2857.213 1083.690
v 10040.754 -2857.213 1144.780
v 10216.908 -2857.213 1302.690
v 10393.061 -2857.213 1449.690
v 10569.215 -2857.213 1537.550
v -10569.215 -2653.127 225.500
v -10393.061 -2653.127 166.350
v -10216.908 -2653.127 157.580
v -10040.754 -2653.127 155.950
v -9864.601 -2653.127 167.330
v -9688.447 -2653.127 221.100
v -9512.293 -2653.127 291.050
v -9336.140 -2653.127 339.060
v -9159.986 -2653.127 374.880
v -8983.833 -2653.127 404.640
v -8807.679 -2653.127 450.950
v -8631.526 -2653.127 518.470
v -8455.372 -2653.127 605.230
v -8279.218 -2653.127 692.520
v -8103.065 -2653.127 740.050
v -7926.911 -2653.127 830.250
v -7750.758 -2653.127 758.160
v -7574.604 -2653.127 588.420
v -7398.450 -2653.127 523.000
v -7222.297 -2653.127 522.370
v -7046.143 -2653.127 625.750
v -6869.990 -2653.127 536.670
v -6693.836 -2653.127 617.500
v -6517.683 -2653.127 654.400
v -6341.529 -2653.127 682.000
v -6165.375 -2653.127 706.150
v -5989.222 -2653.127 722.500
v -5813.068 -2653.127 740.500
v -5636.915 -2653.127 752.610
v -5460.761 -2653.127 755.500
v -5284.607 -2653.127 757.450
v -5108.454 -2653.127 760.040
v -4932.300 -2653.127 766.710
v -4756.147 -2653.127 793.390
v -4579.993 -2653.127 840.330
v -4403.840 -2653.127 883.750
v -4227.686 -2653.127 929.230
v -4051.532 -2653.127 995.890
v -3875.379 -2653.127 1088.120
v -3699.225 -2653.127 1203.200
v -3523.072 -2653.127 1317.850
v -3346.918 -2653.127 1423.630
v -3170.764 -2653.127 1497.410
v -2994.611 -2653.127 1529.640
v -2818.457 -2653.127 1614.810
v -2642.304 -2653.127 1642.550
v -2466.150 -2653.127 1703.130
v -2289.997 -2653.127 1822.680
v -2113.843 -2653.127 1754.440
v -1937.689 -2653.127 1670.000
v -1761.536 -2653.127 1737.450
v -1585.382 -2653.127 1717.730
v -1409.229 -2653.127 1284.780
v -1233.075 -2653.127 1134.300
v -1056.921 -2653.127 1091.510
v -880.768 -2653.127 1034.000
v -704.614 -2653.127 874.910
v -528.461 -2653.127 706.360
v -352.307 -2653.127 422.600
v -176.154 -2653.127 270.920
v 0.000 -2653.127 168.250
v 176.154 -2653.127 97.270
v 352.307 -2653.127 36.100
v 528.461 -2653.127 -4.000
v 704.614 -2653.127 -37.390
v 880.768 -2653.127 -38.600
v 1056.921 -2653.127 -38.300
v 1233.075 -2653.127 -36.500
v 1409.229 -2653.127 -17.370
v 1585.382 -2653.127 254.110
v 1761.536 -2653.127 403.650
v 1937.689 -2653.127 480.560
v 2113.843 -2653.127 538.730
v 2289.997 -2653.127 601.990
v 2466.150 -2653.127 704.460
v 2642.304 -2653.127 828.150
v 2818.457 -2653.127 908.920
v 2994.611 -2653.127 861.160
v 3170.764 -2653.127 1002.690
v 3346.918 -2653.127 1148.410
v 3523.072 -2653.127 1250.350
v 3699.225 -2653.127 1379.010
v 3875.379 -2653.127 1487.630
v 4051.532 -2653.127 1478.670
v 4227.686 -2653.127 1508.260
v 4403.840 -2653.127 1637.950
v 4579.993 -2653.127 1592.750
v 4756.147 -2653.127 1504.180
v 4932.300 -2653.127 1380.620
v 5108.454 -2653.127 1247.150
v 5284.607 -2653.127 1160.000
v 5460.761 -2653.127 1190.240
v 5636.915 -2653.127 1110.820
v 5813.068 -2653.127 1250.190
v 5989.222 -2653.127 1367.210
v 6165.375 -2653.127 1470.700
v 6341.529 -2653.127 1559.680
v 6517.683 -2653.127 1511.250
v 6693.836 -2653.127 1466.110
v 6869.990 -2653.127 1368.970
v 7046.143 -2653.127 1273.900
v 7222.297 -2653.127 1221.450
v 7398.450 -2653.127 1292.870
v 7574.604 -2653.127 1424.620
v 7750.758 -2653.127 1553.220
v 7926.911 -2653.127 1684.400
v 8103.065 -2653.127 1795.880
v 8279.218 -2653.127 1732.610
v 8455.372 -2653.127 1685.500
v 8631.526 -2653.127 1662.240
v 8807.679 -2653.127 1621.950
v 8983.833 -2653.127 1507.030
v 9159.986 -2653.127 1483.700
v 9336.140 -2653.127 1395.090
v 9512.293 -2653.127 1320.040
v 9688.447 -2653.127 1311.050
v 9864.601 -2653.127 1241.360
v 10040.754 -2653.127 1116.080
v 10216.908 -2653.127 1230.440
v 10393.061 -2653.127 1394.570
v 10569.215 -2653.127 1560.400
v -10569.215 -2449.040 342.250
v -10393.061 -2449.040 277.730
v -10216.908 -2449.040 279.090
v -10040.754 -2449.040 296.610
v -9864.601 -2449.040 323.580
v -9688.447 -2449.040 357.200
v -9512.293 -2449.040 401.700
v -9336.140 -2449.040 544.730
v -9159.986 -2449.040 620.470
v -8983.833 -2449.040 654.830
v -8807.679 -2449.040 695.650
v -8631.526 -2449.040 749.630
v -8455.372 -2449.040 813.980
v -8279.218 -2449.040 881.410
v -8103.065 -2449.040 930.300
v -7926.911 -2449.040 963.450
v -7750.758 -2449.040 944.640
v -7574.604 -2449.040 862.390
v -7398.450 -2449.040 760.800
v -7222.297 -2449.040 731.490
v -7046.143 -2449.040 761.400
v -6869.990 -2449.040 774.900
v -6693.836 -2449.040 787.400
v -6517.683 -2449.040 785.500
v -6341.529 -2449.040 793.230
v -6165.375 -2449.040 799.900
v -5989.222 -2449.040 800.730
v -5813.068 -2449.040 798.200
v -5636.915 -2449.040 805.800
v -5460.761 -2449.040 823.270
v -5284.607 -2449.040 842.750
v -5108.454 -2449.040 860.930
v -4932.300 -2449.040 881.310
v -4756.147 -2449.040 912.490
v -4579.993 -2449.040 954.930
v -4403.840 -2449.040 998.750
v -4227.686 -2449.040 1043.300
v -4051.532 -2449.040 1100.210
v -3875.379 -2449.040 1181.900
v -3699.225 -2449.040 1285.100
v -3523.072 -2449.040 1396.250
v -3346.918 -2449.040 1491.060
v -3170.764 -2449.040 1589.270
v -2994.611 -2449.040 1643.570
v -2818.457 -2449.040 1616.710
v -2642.304 -2449.040 1713.550
v -2466.150 -2449.040 1813.810
v -2289.997 -2449.040 1832.910
v -2113.843 -2449.040 1789.690
v -1937.689 -2449.040 1724.010
v -1761.536 -2449.040 1652.250
v -1585.382 -2449.040 1478.330
v -1409.229 -2449.040 1242.900
v -1233.075 -2449.040 1023.620
v -1056.921 -2449.040 981.080
v -880.768 -2449.040 879.800
v -704.614 -2449.040 730.570
v -528.461 -2449.040 567.780
v -352.307 -2449.040 430.350
v -176.154 -2449.040 278.800
v 0.000 -2449.040 174.050
v 176.154 -2449.040 89.380
v 352.307 -2449.040 33.790
v 528.461 -2449.040 -17.210
v 704.614 -2449.040 -34.700
v 880.768 -2449.040 -36.000
v 1056.921 -2449.040 -33.300
v 1233.075 -2449.040 -15.400
v 1409.229 -2449.040 84.760
v 1585.382 -2449.040 214.010
v 1761.536 -2449.040 486.650
v 1937.689 -2449.040 601.950
v 2113.843 -2449.040 695.140
v 2289.997 -2449.040 805.830
v 2466.150 -2449.040 915.660
v 2642.304 -2449.040 934.600
v 2818.457 -2449.040 1023.180
v 2994.611 -2449.040 1064.640
v 3170.764 -2449.040 1099.790
v 3346.918 -2449.040 1224.780
v 3523.072 -2449.040 1368.350
v 3699.225 -2449.040 1493.060
v 3875.379 -2449.040 1595.500
v 4051.532 -2449.040 1624.480
v 4227.686 -2449.040 1579.730
v 4403.840 -2449.040 1668.550
v 4579.993 -2449.040 1603.610
v 4756.147 -2449.040 1454.240
v 4932.300 -2449.040 1348.250
v 5108.454 -2449.040 1280.860
v 5284.607 -2449.040 1237.750
v 5460.761 -2449.040 1229.980
v 5636.915 -2449.040 1160.390
v 5813.068 -2449.040 1264.990
v 5989.222 -2449.040 1367.550
v 6165.375 -2449.040 1485.550
v 6341.529 -2449.040 1604.430
v 6517.683 -2449.040 1637.480
v 6693.836 -2449.040 1549.790
v 6869.990 -2449.040 1470.730
v 7046.143 -2449.040 1398.550
v 7222.297 -2449.040 1318.300
v 7398.450 -2449.040 1290.150
v 7574.604 -2449.040 1392.090
v 7750.758 -2449.040 1512.900
v 7926.911 -2449.040 1651.500
v 8103.065 -2449.040 1810.760
v 8279.218 -2449.040 1876.010
v 8455.372 -2449.040 1828.000
v 8631.526 -2449.040 1780.790
v 8807.679 -2449.040 1683.050
v 8983.833 -2449.040 1618.190
v 9159.986 -2449.040 1543.480
v 9336.140 -2449.040 1459.730
v 9512.293 -2449.040 1452.260
v 9688.447 -2449.040 1489.450
v 9864.601 -2449.040 1391.270
v 10040.754 -2449.040 1204.470
v 10216.908 -2449.040 1250.160
v 10393.061 -2449.040 1358.450
v 10569.215 -2449.040 1468.250
v -10569.215 -2244.953 556.800
v -10393.061 -2244.953 428.770
v -10216.908 -2244.953 434.960
v -10040.754 -2244.953 433.010
v -9864.601 -2244.953 444.240
v -9688.447 -2244.953 518.800
v -9512.293 -2244.953 635.400
v -9336.140 -2244.953 785.200
v -9159.986 -2244.953 854.640
v -8983.833 -2244.953 895.210
v -8807.679 -2244.953 931.850
v -8631.526 -2244.953 978.710
v -8455.372 -2244.953 1029.070
v -8279.218 -2244.953 1081.430
v -8103.065 -2244.953 1117.290
v -7926.911 -2244.953 1120.350
v -7750.758 -2244.953 1087.500
v -7574.604 -2244.953 1046.500
v -7398.450 -2244.953 983.100
v -7222.297 -2244.953 945.900
v -7046.143 -2244.953 935.050
v -6869.990 -2244.953 931.010
v -6693.836 -2244.953 921.240
v -6517.683 -2244.953 910.200
v -6341.529 -2244.953 897.100
v -6165.375 -2244.953 885.250
v -5989.222 -2244.953 873.290
v -5813.068 -2244.953 856.930
v -5636.915 -2244.953 859.700
v -5460.761 -2244.953 888.820
v -5284.607 -2244.953 924.350
v -5108.454 -2244.953 959.500
v -4932.300 -2244.953 994.930
v -4756.147 -2244.953 1032.770
v -4579.993 -2244.953 1074.900
v -4403.840 -2244.953 1116.150
v -4227.686 -2244.953 1158.210
v -4051.532 -2244.953 1209.370
v -3875.379 -2244.953 1273.600
v -3699.225 -2244.953 1359.510
v -3523.072 -2244.953 1492.100
v -3346.918 -2244.953 1628.640
v -3170.764 -2244.953 1720.340
v -2994.611 -2244.953 1868.900
v -2818.457 -2244.953 1625.650
v -2642.304 -2244.953 1758.000
v -2466.150 -2244.953 1608.400
v -2289.997 -2244.953 1711.410
v -2113.843 -2244.953 1741.420
v -1937.689 -2244.953 1580.360
v -1761.536 -2244.953 1426.000
v -1585.382 -2244.953 1255.810
v -1409.229 -2244.953 1184.990
v -1233.075 -2244.953 1000.260
v -1056.921 -2244.953 926.590
v -880.768 -2244.953 772.050
v -704.614 -2244.953 662.890
v -528.461 -2244.953 495.560
v -352.307 -2244.953 395.190
v -176.154 -2244.953 285.730
v 0.000 -2244.953 187.850
v 176.154 -2244.953 83.910
v 352.307 -2244.953 -9.960
v 528.461 -2244.953 -37.760
v 704.614 -2244.953 -30.700
v 880.768 -2244.953 -35.000
v 1056.921 -2244.953 -32.600
v 1233.075 -2244.953 0.360
v 1409.229 -2244.953 98.590
v 1585.382 -2244.953 227.070
v 1761.536 -2244.953 531.500
v 1937.689 -2244.953 667.520
v 2113.843 -2244.953 782.580
v 2289.997 -2244.953 986.000
v 2466.150 -2244.953 1047.930
v 2642.304 -2244.953 1113.900
v 2818.457 -2244.953 1169.090
v 2994.611 -2244.953 1193.140
v 3170.764 -2244.953 1273.110
v 3346.918 -2244.953 1313.440
v 3523.072 -2244.953 1454.200
v 3699.225 -2244.953 1589.680
v 3875.379 -2244.953 1659.230
v 4051.532 -2244.953 1749.370
v 4227.686 -2244.953 1690.840
v 4403.840 -2244.953 1696.900
v 4579.993 -2244.953 1596.540
v 4756.147 -2244.953 1513.520
v 4932.300 -2244.953 1443.910
v 5108.454 -2244.953 1394.940
v 5284.607 -2244.953 1388.850
v 5460.761 -2244.953 1328.700
v 5636.915 -2244.953 1216.960
v 5813.068 -2244.953 1308.890
v 5989.222 -2244.953 1420.500
v 6165.375 -2244.953 1537.250
v 6341.529 -2244.953 1646.260
v 6517.683 -2244.953 1718.370
v 6693.836 -2244.953 1690.520
v 6869.990 -2244.953 1646.360
v 7046.143 -2244.953 1524.850
v 7222.297 -2244.953 1425.780
v 7398.450 -2244.953 1349.070
v 7574.604 -2244.953 1371.740
v 7750.758 -2244.953 1494.970
v 7926.911 -2244.953 1624.200
v 8103.065 -2244.953 1739.180
v 8279.218 -2244.953 1859.860
v 8455.372 -2244.953 1957.410
v 8631.526 -2244.953 1852.980
v 8807.679 -2244.953 1768.800
v 8983.833 -2244.953 1661.180
v 9159.986 -2244.953 1626.590
v 9336.140 -2244.953 1625.300
v 9512.293 -2244.953 1651.820
v 9688.447 -2244.953 1556.650
v 9864.601 -2244.953 1472.830
v 10040.754 -2244.953 1329.960
v 10216.908 -2244.953 1287.130
v 10393.061 -2244.953 1375.770
v 10569.215 -2244.953 1464.500
v -10569.215 -2040.867 695.500
v -10393.061 -2040.867 583.150
v -10216.908 -2040.867 560.700
v -10040.754 -2040.867 630.800
v -9864.601 -2040.867 628.000
v -9688.447 -2040.867 764.250
v -9512.293 -2040.867 893.000
v -9336.140 -2040.867 1024.600
v -9159.986 -2040.867 1084.800
v -8983.833 -2040.867 1122.450
v -8807.679 -2040.867 1158.750
v -8631.526 -2040.867 1198.100
v -8455.372 -2040.867 1238.200
v -8279.218 -2040.867 1279.450
v -8103.065 -2040.867 1305.350
v -7926.911 -2040.867 1291.750
v -7750.758 -2040.867 1249.800
v -7574.604 -2040.867 1202.750
v -7398.450 -2040.867 1153.200
v -7222.297 -2040.867 1114.050
v -7046.143 -2040.867 1085.500
v -6869.990 -2040.867 1061.650
v -6693.836 -2040.867 1038.550
v -6517.683 -2040.867 1015.950
v -6341.529 -2040.867 992.900
v -6165.375 -2040.867 970.000
v -5989.222 -2040.867 944.650
v -5813.068 -2040.867 916.550
v -5636.915 -2040.867 917.750
v -5460.761 -2040.867 955.200
v -5284.607 -2040.867 1007.750
v -5108.454 -2040.867 1058.800
v -4932.300 -2040.867 1108.900
v -4756.147 -2040.867 1154.150
v -4579.993 -2040.867 1192.400
v -4403.840 -2040.867 1232.750
v -4227.686 -2040.867 1273.050
v -4051.532 -2040.867 1315.050
v -3875.379 -2040.867 1364.400
v -3699.225 -2040.867 1429.750
v -3523.072 -2040.867 1552.000
v -3346.918 -2040.867 1741.850
v -3170.764 -2040.867 1690.950
v -2994.611 -2040.867 1617.600
v -2818.457 -2040.867 1469.100
v -2642.304 -2040.867 1482.500
v -2466.150 -2040.867 1446.600
v -2289.997 -2040.867 1491.300
v -2113.843 -2040.867 1560.850
v -1937.689 -2040.867 1493.850
v -1761.536 -2040.867 1411.750
v -1585.382 -2040.867 1338.100
v -1409.229 -2040.867 1197.200
v -1233.075 -2040.867 1110.450
v -1056.921 -2040.867 989.300
v -880.768 -2040.867 878.750
v -704.614 -2040.867 748.650
v -528.461 -2040.867 522.850
v -352.307 -2040.867 417.700
v -176.154 -2040.867 246.150
v 0.000 -2040.867 135.500
v 176.154 -2040.867 34.650
v 352.307 -2040.867 -31.700
v 528.461 -2040.867 -31.400
v 704.614 -2040.867 -28.100
v 880.768 -2040.867 -29.000
v 1056.921 -2040.867 -26.800
v 1233.075 -2040.867 2.700
v 1409.229 -2040.867 93.650
v 1585.382 -2040.867 292.400
v 1761.536 -2040.867 598.250
v 1937.689 -2040.867 739.600
v 2113.843 -2040.867 903.200
v 2289.997 -2040.867 1087.750
v 2466.150 -2040.867 1197.950
v 2642.304 -2040.867 1222.250
v 2818.457 -2040.867 1305.400
v 2994.611 -2040.867 1350.400
v 3170.764 -2040.867 1439.150
v 3346.918 -2040.867 1469.650
v 3523.072 -2040.867 1531.000
v 3699.225 -2040.867 1659.650
v 3875.379 -2040.867 1767.350
v 4051.532 -2040.867 1839.300
v 4227.686 -2040.867 1824.750
v 4403.840 -2040.867 1763.250
v 4579.993 -2040.867 1690.700
v 4756.147 -2040.867 1653.350
v 4932.300 -2040.867 1629.800
v 5108.454 -2040.867 1560.300
v 5284.607 -2040.867 1470.250
v 5460.761 -2040.867 1420.700
v 5636.915 -2040.867 1341.450
v 5813.068 -2040.867 1284.650
v 5989.222 -2040.867 1379.300
v 6165.375 -2040.867 1490.500
v 6341.529 -2040.867 1596.700
v 6517.683 -2040.867 1752.200
v 6693.836 -2040.867 1824.350
v 6869.990 -2040.867 1784.050
v 7046.143 -2040.867 1674.250
v 7222.297 -2040.867 1576.150
v 7398.450 -2040.867 1469.500
v 7574.604 -2040.867 1426.500
v 7750.758 -2040.867 1467.900
v 7926.911 -2040.867 1554.000
v 8103.065 -2040.867 1682.800
v 8279.218 -2040.867 1824.850
v 8455.372 -2040.867 1949.550
v 8631.526 -2040.867 1950.100
v 8807.679 -2040.867 1846.000
v 8983.833 -2040.867 1766.300
v 9159.986 -2040.867 1783.150
v 9336.140 -2040.867 1743.300
v 9512.293 -2040.867 1709.650
v 9688.447 -2040.867 1615.250
v 9864.601 -2040.867 1517.200
v 10040.754 -2040.867 1415.500
v 10216.908 -2040.867 1375.050
v 10393.061 -2040.867 1386.600
v 10569.215 -2040.867 1490.250
v -10569.215 -1836.780 815.100
v -10393.061 -1836.780 752.740
v -10216.908 -1836.780 902.750
v -10040.754 -1836.780 869.010
v -9864.601 -1836.780 955.910
v -9688.447 -1836.780 955.850
v -9512.293 -1836.780 1152.460
v -9336.140 -1836.780 1230.260
v -9159.986 -1836.780 1277.230
v -8983.833 -1836.780 1310.200
v -8807.679 -1836.780 1340.700
v -8631.526 -1836.780 1373.010
v -8455.372 -1836.780 1404.200
v -8279.218 -1836.780 1437.800
v -8103.065 -1836.780 1456.190
v -7926.911 -1836.780 1432.500
v -7750.758 -1836.780 1377.100
v -7574.604 -1836.780 1322.130
v -7398.450 -1836.780 1267.500
v -7222.297 -1836.780 1226.110
v -7046.143 -1836.780 1195.800
v -6869.990 -1836.780 1172.410
v -6693.836 -1836.780 1147.200
v -6517.683 -1836.780 1121.600
v -6341.529 -1836.780 1092.500
v -6165.375 -1836.780 1059.950
v -5989.222 -1836.780 1030.500
v -5813.068 -1836.780 995.230
v -5636.915 -1836.780 994.830
v -5460.761 -1836.780 1039.000
v -5284.607 -1836.780 1101.600
v -5108.454 -1836.780 1161.910
v -4932.300 -1836.780 1220.360
v -4756.147 -1836.780 1264.140
v -4579.993 -1836.780 1297.310
v -4403.840 -1836.780 1329.200
v -4227.686 -1836.780 1362.810
v -4051.532 -1836.780 1392.760
v -3875.379 -1836.780 1421.100
v -3699.225 -1836.780 1452.710
v -3523.072 -1836.780 1510.350
v -3346.918 -1836.780 1661.430
v -3170.764 -1836.780 1605.130
v -2994.611 -1836.780 1494.330
v -2818.457 -1836.780 1296.590
v -2642.304 -1836.780 1264.650
v -2466.150 -1836.780 1311.110
v -2289.997 -1836.780 1375.680
v -2113.843 -1836.780 1334.170
v -1937.689 -1836.780 1344.360
v -1761.536 -1836.780 1296.600
v -1585.382 -1836.780 1350.950
v -1409.229 -1836.780 1334.600
v -1233.075 -1836.780 1258.070
v -1056.921 -1836.780 1120.250
v -880.768 -1836.780 1012.550
v -704.614 -1836.780 848.330
v -528.461 -1836.780 668.480
v -352.307 -1836.780 372.270
v -176.154 -1836.780 217.830
v 0.000 -1836.780 89.050
v 176.154 -1836.780 -12.170
v 352.307 -1836.780 -26.670
v 528.461 -1836.780 -28.470
v 704.614 -1836.780 -27.290
v 880.768 -1836.780 -25.400
v 1056.921 -1836.780 -17.870
v 1233.075 -1836.780 18.030
v 1409.229 -1836.780 132.200
v 1585.382 -1836.780 323.680
v 1761.536 -1836.780 515.800
v 1937.689 -1836.780 684.400
v 2113.843 -1836.780 867.810
v 2289.997 -1836.780 1098.050
v 2466.150 -1836.780 1290.140
v 2642.304 -1836.780 1397.600
v 2818.457 -1836.780 1430.350
v 2994.611 -1836.780 1531.610
v 3170.764 -1836.780 1561.770
v 3346.918 -1836.780 1627.290
v 3523.072 -1836.780 1629.150
v 3699.225 -1836.780 1721.870
v 3875.379 -1836.780 1849.110
v 4051.532 -1836.780 1945.510
v 4227.686 -1836.780 1962.190
v 4403.840 -1836.780 1884.450
v 4579.993 -1836.780 1845.500
v 4756.147 -1836.780 1797.480
v 4932.300 -1836.780 1719.870
v 5108.454 -1836.780 1638.720
v 5284.607 -1836.780 1599.000
v 5460.761 -1836.780 1543.080
v 5636.915 -1836.780 1462.950
v 5813.068 -1836.780 1407.160
v 5989.222 -1836.780 1447.150
v 6165.375 -1836.780 1468.900
v 6341.529 -1836.780 1571.110
v 6517.683 -1836.780 1689.200
v 6693.836 -1836.780 1804.750
v 6869.990 -1836.780 1951.360
v 7046.143 -1836.780 1812.950
v 7222.297 -1836.780 1734.560
v 7398.450 -1836.780 1580.960
v 7574.604 -1836.780 1519.770
v 7750.758 -1836.780 1564.420
v 7926.911 -1836.780 1632.450
v 8103.065 -1836.780 1686.490
v 8279.218 -1836.780 1767.710
v 8455.372 -1836.780 1914.910
v 8631.526 -1836.780 2020.760
v 8807.679 -1836.780 1949.750
v 8983.833 -1836.780 1936.490
v 9159.986 -1836.780 1922.690
v 9336.140 -1836.780 1865.470
v 9512.293 -1836.780 1758.300
v 9688.447 -1836.780 1695.600
v 9864.601 -1836.780 1575.290
v 10040.754 -1836.780 1508.240
v 10216.908 -1836.780 1451.500
v 10393.061 -1836.780 1466.630
v 10569.215 -1836.780 1501.900
v -10569.215 -1632.693 1044.000
v -10393.061 -1632.693 1018.110
v -10216.908 -1632.693 1204.370
v -10040.754 -1632.693 1206.540
v -9864.601 -1632.693 1194.120
v -9688.447 -1632.693 1262.350
v -9512.293 -1632.693 1329.420
v -9336.140 -1632.693 1372.120
v -9159.986 -1632.693 1405.090
v -8983.833 -1632.693 1435.400
v -8807.679 -1632.693 1462.250
v -8631.526 -1632.693 1485.100
v -8455.372 -1632.693 1508.010
v -8279.218 -1632.693 1533.500
v -8103.065 -1632.693 1543.330
v -7926.911 -1632.693 1515.950
v -7750.758 -1632.693 1450.930
v -7574.604 -1632.693 1383.120
v -7398.450 -1632.693 1316.900
v -7222.297 -1632.693 1285.500
v -7046.143 -1632.693 1268.150
v -6869.990 -1632.693 1255.800
v -6693.836 -1632.693 1241.900
v -6517.683 -1632.693 1223.710
v -6341.529 -1632.693 1198.900
v -6165.375 -1632.693 1170.900
v -5989.222 -1632.693 1142.900
v -5813.068 -1632.693 1106.600
v -5636.915 -1632.693 1104.300
v -5460.761 -1632.693 1148.400
v -5284.607 -1632.693 1210.200
v -5108.454 -1632.693 1270.400
v -4932.300 -1632.693 1326.390
v -4756.147 -1632.693 1361.500
v -4579.993 -1632.693 1378.700
v -4403.840 -1632.693 1397.000
v -4227.686 -1632.693 1413.300
v -4051.532 -1632.693 1423.790
v -3875.379 -1632.693 1427.290
v -3699.225 -1632.693 1429.670
v -3523.072 -1632.693 1445.100
v -3346.918 -1632.693 1493.750
v -3170.764 -1632.693 1611.040
v -2994.611 -1632.693 1481.630
v -2818.457 -1632.693 1183.670
v -2642.304 -1632.693 1039.050
v -2466.150 -1632.693 1201.970
v -2289.997 -1632.693 1193.510
v -2113.843 -1632.693 1216.510
v -1937.689 -1632.693 1187.920
v -1761.536 -1632.693 1159.750
v -1585.382 -1632.693 1181.580
v -1409.229 -1632.693 1143.780
v -1233.075 -1632.693 1187.720
v -1056.921 -1632.693 1179.130
v -880.768 -1632.693 1061.800
v -704.614 -1632.693 777.820
v -528.461 -1632.693 611.130
v -352.307 -1632.693 394.720
v -176.154 -1632.693 207.380
v 0.000 -1632.693 57.850
v 176.154 -1632.693 -27.850
v 352.307 -1632.693 -22.010
v 528.461 -1632.693 -30.710
v 704.614 -1632.693 -22.500
v 880.768 -1632.693 -24.000
v 1056.921 -1632.693 -8.570
v 1233.075 -1632.693 61.190
v 1409.229 -1632.693 150.400
v 1585.382 -1632.693 310.590
v 1761.536 -1632.693 490.400
v 1937.689 -1632.693 632.970
v 2113.843 -1632.693 872.110
v 2289.997 -1632.693 1074.760
v 2466.150 -1632.693 1296.690
v 2642.304 -1632.693 1436.650
v 2818.457 -1632.693 1525.370
v 2994.611 -1632.693 1641.200
v 3170.764 -1632.693 1726.540
v 3346.918 -1632.693 1761.310
v 3523.072 -1632.693 1763.800
v 3699.225 -1632.693 1828.220
v 3875.379 -1632.693 1908.470
v 4051.532 -1632.693 1941.020
v 4227.686 -1632.693 1952.750
v 4403.840 -1632.693 1961.800
v 4579.993 -1632.693 1975.040
v 4756.147 -1632.693 1895.880
v 4932.300 -1632.693 1841.210
v 5108.454 -1632.693 1783.910
v 5284.607 -1632.693 1714.750
v 5460.761 -1632.693 1638.280
v 5636.915 -1632.693 1589.680
v 5813.068 -1632.693 1546.510
v 5989.222 -1632.693 1525.220
v 6165.375 -1632.693 1551.600
v 6341.529 -1632.693 1569.790
v 6517.683 -1632.693 1671.670
v 6693.836 -1632.693 1812.360
v 6869.990 -1632.693 1963.420
v 7046.143 -1632.693 1905.200
v 7222.297 -1632.693 1774.500
v 7398.450 -1632.693 1669.660
v 7574.604 -1632.693 1659.530
v 7750.758 -1632.693 1712.180
v 7926.911 -1632.693 1724.200
v 8103.065 -1632.693 1762.100
v 8279.218 -1632.693 1814.460
v 8455.372 -1632.693 1947.200
v 8631.526 -1632.693 2084.000
v 8807.679 -1632.693 2122.750
v 8983.833 -1632.693 2079.630
v 9159.986 -1632.693 2009.570
v 9336.140 -1632.693 1922.910
v 9512.293 -1632.693 1836.710
v 9688.447 -1632.693 1732.250
v 9864.601 -1632.693 1687.750
v 10040.754 -1632.693 1591.790
v 10216.908 -1632.693 1564.000
v 10393.061 -1632.693 1570.560
v 10569.215 -1632.693 1550.200
v -10569.215 -1428.607 1287.500
v -10393.061 -1428.607 1256.410
v -10216.908 -1428.607 1675.580
v -10040.754 -1428.607 1398.910
v -9864.601 -1428.607 1401.110
v -9688.447 -1428.607 1432.900
v -9512.293 -1428.607 1471.770
v -9336.140 -1428.607 1501.910
v -9159.986 -1428.607 1531.190
v -8983.833 -1428.607 1560.430
v -8807.679 -1428.607 1582.550
v -8631.526 -1428.607 1597.800
v -8455.372 -1428.607 1612.700
v -8279.218 -1428.607 1629.900
v -8103.065 -1428.607 1632.630
v -7926.911 -1428.607 1597.050
v -7750.758 -1428.607 1532.470
v -7574.604 -1428.607 1434.280
v -7398.450 -1428.607 1337.060
v -7222.297 -1428.607 1333.100
v -7046.143 -1428.607 1335.950
v -6869.990 -1428.607 1345.770
v -6693.836 -1428.607 1345.990
v -6517.683 -1428.607 1332.490
v -6341.529 -1428.607 1313.610
v -6165.375 -1428.607 1288.400
v -5989.222 -1428.607 1256.370
v -5813.068 -1428.607 1217.010
v -5636.915 -1428.607 1214.200
v -5460.761 -1428.607 1257.300
v -5284.607 -1428.607 1319.500
v -5108.454 -1428.607 1378.600
v -4932.300 -1428.607 1431.710
v -4756.147 -1428.607 1456.300
v -4579.993 -1428.607 1456.730
v -4403.840 -1428.607 1459.350
v -4227.686 -1428.607 1461.230
v -4051.532 -1428.607 1447.300
v -3875.379 -1428.607 1424.610
v -3699.225 -1428.607 1404.670
v -3523.072 -1428.607 1399.150
v -3346.918 -1428.607 1424.080
v -3170.764 -1428.607 1295.290
v -2994.611 -1428.607 1254.710
v -2818.457 -1428.607 1120.050
v -2642.304 -1428.607 954.250
v -2466.150 -1428.607 1001.030
v -2289.997 -1428.607 1063.910
v -2113.843 -1428.607 1000.480
v -1937.689 -1428.607 1011.810
v -1761.536 -1428.607 1000.700
v -1585.382 -1428.607 1013.180
v -1409.229 -1428.607 964.370
v -1233.075 -1428.607 988.410
v -1056.921 -1428.607 1021.940
v -880.768 -1428.607 944.200
v -704.614 -1428.607 777.820
v -528.461 -1428.607 550.970
v -352.307 -1428.607 269.210
v -176.154 -1428.607 151.860
v 0.000 -1428.607 22.400
v 176.154 -1428.607 -25.900
v 352.307 -1428.607 -20.900
v 528.461 -1428.607 -21.290
v 704.614 -1428.607 -22.600
v 880.768 -1428.607 -19.700
v 1056.921 -1428.607 -18.070
v 1233.075 -1428.607 52.610
v 1409.229 -1428.607 180.990
v 1585.382 -1428.607 314.710
v 1761.536 -1428.607 608.450
v 1937.689 -1428.607 760.860
v 2113.843 -1428.607 961.950
v 2289.997 -1428.607 1081.770
v 2466.150 -1428.607 1158.340
v 2642.304 -1428.607 1283.750
v 2818.457 -1428.607 1426.760
v 2994.611 -1428.607 1521.980
v 3170.764 -1428.607 1609.150
v 3346.918 -1428.607 1600.840
v 3523.072 -1428.607 1661.200
v 3699.225 -1428.607 1747.600
v 3875.379 -1428.607 1801.840
v 4051.532 -1428.607 1747.960
v 4227.686 -1428.607 1791.930
v 4403.840 -1428.607 1831.350
v 4579.993 -1428.607 1868.730
v 4756.147 -1428.607 1931.240
v 4932.300 -1428.607 1970.200
v 5108.454 -1428.607 1899.430
v 5284.607 -1428.607 1848.200
v 5460.761 -1428.607 1828.140
v 5636.915 -1428.607 1743.260
v 5813.068 -1428.607 1674.640
v 5989.222 -1428.607 1640.980
v 6165.375 -1428.607 1673.150
v 6341.529 -1428.607 1667.020
v 6517.683 -1428.607 1697.600
v 6693.836 -1428.607 1766.250
v 6869.990 -1428.607 1894.340
v 7046.143 -1428.607 1985.150
v 7222.297 -1428.607 1864.440
v 7398.450 -1428.607 1791.430
v 7574.604 -1428.607 1804.000
v 7750.758 -1428.607 1805.490
v 7926.911 -1428.607 1817.250
v 8103.065 -1428.607 1859.840
v 8279.218 -1428.607 1862.490
v 8455.372 -1428.607 1943.190
v 8631.526 -1428.607 2074.880
v 8807.679 -1428.607 2210.350
v 8983.833 -1428.607 2177.400
v 9159.986 -1428.607 2083.380
v 9336.140 -1428.607 2054.360
v 9512.293 -1428.607 1937.470
v 9688.447 -1428.607 1862.550
v 9864.601 -1428.607 1800.310
v 10040.754 -1428.607 1698.090
v 10216.908 -1428.607 1665.950
v 10393.061 -1428.607 1659.910
v 10569.215 -1428.607 1643.450
v -10569.215 -1224.520 1390.650
v -10393.061 -1224.520 1632.360
v -10216.908 -1224.520 1629.810
v -10040.754 -1224.520 1522.370
v -9864.601 -1224.520 1545.580
v -9688.447 -1224.520 1562.450
v -9512.293 -1224.520 1595.910
v -9336.140 -1224.520 1624.200
v -9159.986 -1224.520 1654.170
v -8983.833 -1224.520 1684.290
v -8807.679 -1224.520 1703.700
v -8631.526 -1224.520 1711.890
v -8455.372 -1224.520 1717.600
v -8279.218 -1224.520 1727.600
v -8103.065 -1224.520 1722.590
v -7926.911 -1224.520 1686.150
v -7750.758 -1224.520 1603.530
v -7574.604 -1224.520 1441.850
v -7398.450 -1224.520 1293.560
v -7222.297 -1224.520 1375.320
v -7046.143 -1224.520 1422.000
v -6869.990 -1224.520 1484.590
v -6693.836 -1224.520 1485.270
v -6517.683 -1224.520 1451.840
v -6341.529 -1224.520 1436.900
v -6165.375 -1224.520 1405.250
v -5989.222 -1224.520 1369.210
v -5813.068 -1224.520 1329.370
v -5636.915 -1224.520 1324.700
v -5460.761 -1224.520 1368.800
v -5284.607 -1224.520 1429.900
v -5108.454 -1224.520 1490.900
v -4932.300 -1224.520 1543.400
v -4756.147 -1224.520 1557.700
v -4579.993 -1224.520 1537.610
v -4403.840 -1224.520 1521.600
v -4227.686 -1224.520 1504.690
v -4051.532 -1224.520 1465.040
v -3875.379 -1224.520 1405.030
v -3699.225 -1224.520 1323.990
v -3523.072 -1224.520 1241.950
v -3346.918 -1224.520 1282.790
v -3170.764 -1224.520 1182.870
v -2994.611 -1224.520 1063.490
v -2818.457 -1224.520 954.400
v -2642.304 -1224.520 748.300
v -2466.150 -1224.520 919.690
v -2289.997 -1224.520 882.370
v -2113.843 -1224.520 848.100
v -1937.689 -1224.520 805.150
v -1761.536 -1224.520 839.450
v -1585.382 -1224.520 795.630
v -1409.229 -1224.520 807.100
v -1233.075 -1224.520 783.230
v -1056.921 -1224.520 836.530
v -880.768 -1224.520 871.950
v -704.614 -1224.520 724.580
v -528.461 -1224.520 467.790
v -352.307 -1224.520 292.170
v -176.154 -1224.520 156.560
v 0.000 -1224.520 55.000
v 176.154 -1224.520 -23.400
v 352.307 -1224.520 -20.370
v 528.461 -1224.520 -16.530
v 704.614 -1224.520 -19.800
v 880.768 -1224.520 -18.550
v 1056.921 -1224.520 -14.390
v 1233.075 -1224.520 22.710
v 1409.229 -1224.520 152.100
v 1585.382 -1224.520 386.310
v 1761.536 -1224.520 652.950
v 1937.689 -1224.520 753.210
v 2113.843 -1224.520 883.860
v 2289.997 -1224.520 1013.040
v 2466.150 -1224.520 1145.940
v 2642.304 -1224.520 1256.050
v 2818.457 -1224.520 1322.120
v 2994.611 -1224.520 1374.310
v 3170.764 -1224.520 1427.730
v 3346.918 -1224.520 1455.100
v 3523.072 -1224.520 1599.900
v 3699.225 -1224.520 1693.660
v 3875.379 -1224.520 1596.900
v 4051.532 -1224.520 1589.650
v 4227.686 -1224.520 1659.370
v 4403.840 -1224.520 1685.400
v 4579.993 -1224.520 1698.740
v 4756.147 -1224.520 1771.410
v 4932.300 -1224.520 1874.160
v 5108.454 -1224.520 1994.540
v 5284.607 -1224.520 2027.400
v 5460.761 -1224.520 1963.390
v 5636.915 -1224.520 1886.330
v 5813.068 -1224.520 1816.100
v 5989.222 -1224.520 1774.900
v 6165.375 -1224.520 1777.600
v 6341.529 -1224.520 1805.280
v 6517.683 -1224.520 1790.680
v 6693.836 -1224.520 1804.900
v 6869.990 -1224.520 1891.710
v 7046.143 -1224.520 1938.650
v 7222.297 -1224.520 1970.800
v 7398.450 -1224.520 1916.440
v 7574.604 -1224.520 1945.370
v 7750.758 -1224.520 1983.730
v 7926.911 -1224.520 1954.950
v 8103.065 -1224.520 1938.460
v 8279.218 -1224.520 1969.170
v 8455.372 -1224.520 1984.890
v 8631.526 -1224.520 2015.310
v 8807.679 -1224.520 2105.650
v 8983.833 -1224.520 2216.010
v 9159.986 -1224.520 2225.530
v 9336.140 -1224.520 2137.240
v 9512.293 -1224.520 2061.250
v 9688.447 -1224.520 2001.850
v 9864.601 -1224.520 1888.080
v 10040.754 -1224.520 1809.010
v 10216.908 -1224.520 1760.640
v 10393.061 -1224.520 1771.470
v 10569.215 -1224.520 1740.550
v -10569.215 -1020.433 1471.500
v -10393.061 -1020.433 1635.900
v -10216.908 -1020.433 1726.450
v -10040.754 -1020.433 1641.550
v -9864.601 -1020.433 1661.350
v -9688.447 -1020.433 1686.500
v -9512.293 -1020.433 1714.000
v -9336.140 -1020.433 1741.300
v -9159.986 -1020.433 1771.850
v -8983.833 -1020.433 1803.150
v -8807.679 -1020.433 1820.000
v -8631.526 -1020.433 1819.450
v -8455.372 -1020.433 1819.350
v -8279.218 -1020.433 1822.300
v -8103.065 -1020.433 1808.450
v -7926.911 -1020.433 1763.750
v -7750.758 -1020.433 1685.000
v -7574.604 -1020.433 1526.000
v -7398.450 -1020.433 1414.450
v -7222.297 -1020.433 1395.250
v -7046.143 -1020.433 1455.000
v -6869.990 -1020.433 1608.300
v -6693.836 -1020.433 1646.500
v -6517.683 -1020.433 1571.150
v -6341.529 -1020.433 1547.450
v -6165.375 -1020.433 1508.500
v -5989.222 -1020.433 1472.450
v -5813.068 -1020.433 1429.000
v -5636.915 -1020.433 1421.600
v -5460.761 -1020.433 1459.650
v -5284.607 -1020.433 1514.000
v -5108.454 -1020.433 1565.450
v -4932.300 -1020.433 1609.800
v -4756.147 -1020.433 1613.950
v -4579.993 -1020.433 1573.600
v -4403.840 -1020.433 1534.500
v -4227.686 -1020.433 1496.300
v -4051.532 -1020.433 1422.500
v -3875.379 -1020.433 1278.800
v -3699.225 -1020.433 1102.200
v -3523.072 -1020.433 1037.500
v -3346.918 -1020.433 1004.200
v -3170.764 -1020.433 984.150
v -2994.611 -1020.433 971.000
v -2818.457 -1020.433 859.350
v -2642.304 -1020.433 655.250
v -2466.150 -1020.433 667.800
v -2289.997 -1020.433 726.650
v -2113.843 -1020.433 631.400
v -1937.689 -1020.433 595.950
v -1761.536 -1020.433 683.500
v -1585.382 -1020.433 627.050
v -1409.229 -1020.433 665.700
v -1233.075 -1020.433 646.500
v -1056.921 -1020.433 659.100
v -880.768 -1020.433 682.500
v -704.614 -1020.433 652.600
v -528.461 -1020.433 452.100
v -352.307 -1020.433 299.850
v -176.154 -1020.433 171.200
v 0.000 -1020.433 68.250
v 176.154 -1020.433 4.800
v 352.307 -1020.433 -20.150
v 528.461 -1020.433 -18.500
v 704.614 -1020.433 -18.450
v 880.768 -1020.433 -12.750
v 1056.921 -1020.433 -13.450
v 1233.075 -1020.433 -0.900
v 1409.229 -1020.433 133.200
v 1585.382 -1020.433 361.400
v 1761.536 -1020.433 566.250
v 1937.689 -1020.433 691.500
v 2113.843 -1020.433 806.400
v 2289.997 -1020.433 925.200
v 2466.150 -1020.433 1093.000
v 2642.304 -1020.433 1165.250
v 2818.457 -1020.433 1172.400
v 2994.611 -1020.433 1212.500
v 3170.764 -1020.433 1276.350
v 3346.918 -1020.433 1526.900
v 3523.072 -1020.433 1548.500
v 3699.225 -1020.433 1437.350
v 3875.379 -1020.433 1428.850
v 4051.532 -1020.433 1487.650
v 4227.686 -1020.433 1538.800
v 4403.840 -1020.433 1540.750
v 4579.993 -1020.433 1545.150
v 4756.147 -1020.433 1632.050
v 4932.300 -1020.433 1710.650
v 5108.454 -1020.433 1836.400
v 5284.607 -1020.433 1945.250
v 5460.761 -1020.433 2036.000
v 5636.915 -1020.433 2011.700
v 5813.068 -1020.433 1956.600
v 5989.222 -1020.433 1928.650
v 6165.375 -1020.433 1885.500
v 6341.529 -1020.433 1918.900
v 6517.683 -1020.433 1915.750
v 6693.836 -1020.433 1926.700
v 6869.990 -1020.433 1943.950
v 7046.143 -1020.433 1990.250
v 7222.297 -1020.433 2045.650
v 7398.450 -1020.433 2025.800
v 7574.604 -1020.433 2042.150
v 7750.758 -1020.433 2127.750
v 7926.911 -1020.433 2189.250
v 8103.065 -1020.433 2058.050
v 8279.218 -1020.433 2066.900
v 8455.372 -1020.433 2030.100
v 8631.526 -1020.433 2034.400
v 8807.679 -1020.433 2163.250
v 8983.833 -1020.433 2255.100
v 9159.986 -1020.433 2331.250
v 9336.140 -1020.433 2246.000
v 9512.293 -1020.433 2212.250
v 9688.447 -1020.433 2092.000
v 9864.601 -1020.433 1972.500
v 10040.754 -1020.433 1890.600
v 10216.908 -1020.433 1832.800
v 10393.061 -1020.433 1866.800
v 10569.215 -1020.433 1870.750
v -10569.215 -816.347 1513.450
v -10393.061 -816.347 1655.520
v -10216.908 -816.347 1806.480
v -10040.754 -816.347 1785.900
v -9864.601 -816.347 1768.050
v -9688.447 -816.347 1797.650
v -9512.293 -816.347 1826.510
v -9336.140 -816.347 1853.660
v -9159.986 -816.347 1880.230
v -8983.833 -816.347 1910.600
v -8807.679 -816.347 1924.450
v -8631.526 -816.347 1915.610
v -8455.372 -816.347 1912.530
v -8279.218 -816.347 1914.670
v -8103.065 -816.347 1889.400
v -7926.911 -816.347 1830.250
v -7750.758 -816.347 1740.800
v -7574.604 -816.347 1614.700
v -7398.450 -816.347 1437.960
v -7222.297 -816.347 1461.510
v -7046.143 -816.347 1525.900
v -6869.990 -816.347 1636.930
v -6693.836 -816.347 1733.180
v -6517.683 -816.347 1656.640
v -6341.529 -816.347 1635.100
v -6165.375 -816.347 1594.100
v -5989.222 -816.347 1552.800
v -5813.068 -816.347 1506.200
v -5636.915 -816.347 1488.100
v -5460.761 -816.347 1505.300
v -5284.607 -816.347 1536.650
v -5108.454 -816.347 1564.290
v -4932.300 -816.347 1586.560
v -4756.147 -816.347 1571.000
v -4579.993 -816.347 1513.500
v -4403.840 -816.347 1450.800
v -4227.686 -816.347 1390.550
v -4051.532 -816.347 1302.230
v -3875.379 -816.347 1132.750
v -3699.225 -816.347 1015.670
v -3523.072 -816.347 861.950
v -3346.918 -816.347 832.190
v -3170.764 -816.347 689.900
v -2994.611 -816.347 702.240
v -2818.457 -816.347 607.760
v -2642.304 -816.347 528.750
v -2466.150 -816.347 531.970
v -2289.997 -816.347 472.090
v -2113.843 -816.347 479.690
v -1937.689 -816.347 473.790
v -1761.536 -816.347 450.350
v -1585.382 -816.347 482.330
v -1409.229 -816.347 471.560
v -1233.075 -816.347 515.540
v -1056.921 -816.347 536.480
v -880.768 -816.347 538.850
v -704.614 -816.347 584.840
v -528.461 -816.347 487.560
v -352.307 -816.347 330.610
v -176.154 -816.347 186.210
v 0.000 -816.347 43.950
v 176.154 -816.347 -5.390
v 352.307 -816.347 -15.800
v 528.461 -816.347 -14.000
v 704.614 -816.347 -14.410
v 880.768 -816.347 -16.400
v 1056.921 -816.347 -7.300
v 1233.075 -816.347 6.500
v 1409.229 -816.347 97.100
v 1585.382 -816.347 266.000
v 1761.536 -816.347 379.200
v 1937.689 -816.347 544.280
v 2113.843 -816.347 646.840
v 2289.997 -816.347 833.930
v 2466.150 -816.347 979.930
v 2642.304 -816.347 1013.250
v 2818.457 -816.347 999.550
v 2994.611 -816.347 1121.310
v 3170.764 -816.347 1203.800
v 3346.918 -816.347 1315.530
v 3523.072 -816.347 1251.900
v 3699.225 -816.347 1290.110
v 3875.379 -816.347 1274.740
v 4051.532 -816.347 1322.290
v 4227.686 -816.347 1421.150
v 4403.840 -816.347 1380.200
v 4579.993 -816.347 1427.440
v 4756.147 -816.347 1492.670
v 4932.300 -816.347 1604.590
v 5108.454 -816.347 1747.290
v 5284.607 -816.347 1837.150
v 5460.761 -816.347 1871.520
v 5636.915 -816.347 1916.180
v 5813.068 -816.347 1942.700
v 5989.222 -816.347 1927.010
v 6165.375 -816.347 1932.900
v 6341.529 -816.347 2003.780
v 6517.683 -816.347 2054.060
v 6693.836 -816.347 2006.680
v 6869.990 -816.347 1994.580
v 7046.143 -816.347 2043.350
v 7222.297 -816.347 2108.670
v 7398.450 -816.347 2173.460
v 7574.604 -816.347 2152.780
v 7750.758 -816.347 2163.470
v 7926.911 -816.347 2150.600
v 8103.065 -816.347 2118.370
v 8279.218 -816.347 2124.280
v 8455.372 -816.347 2135.170
v 8631.526 -816.347 2155.140
v 8807.679 -816.347 2225.050
v 8983.833 -816.347 2293.990
v 9159.986 -816.347 2276.360
v 9336.140 -816.347 2215.660
v 9512.293 -816.347 2252.980
v 9688.447 -816.347 2154.100
v 9864.601 -816.347 2049.120
v 10040.754 -816.347 1986.770
v 10216.908 -816.347 1919.630
v 10393.061 -816.347 1947.000
v 10569.215 -816.347 1967.500
v -10569.215 -612.260 1591.900
v -10393.061 -612.260 1712.640
v -10216.908 -612.260 1878.380
v -10040.754 -612.260 1942.070
v -9864.601 -612.260 1887.190
v -9688.447 -612.260 1916.800
v -9512.293 -612.260 1948.430
v -9336.140 -612.260 1960.120
v -9159.986 -612.260 1981.570
v -8983.833 -612.260 2012.300
v -8807.679 -612.260 2021.500
v -8631.526 -612.260 2004.900
v -8455.372 -612.260 2009.660
v -8279.218 -612.260 2058.020
v -8103.065 -612.260 1964.990
v -7926.911 -612.260 1878.850
v -7750.758 -612.260 1763.320
v -7574.604 -612.260 1695.810
v -7398.450 -612.260 1631.200
v -7222.297 -612.260 1578.370
v -7046.143 -612.260 1599.550
v -6869.990 -612.260 1709.750
v -6693.836 -612.260 1812.270
v -6517.683 -612.260 1743.050
v -6341.529 -612.260 1718.930
v -6165.375 -612.260 1667.550
v -5989.222 -612.260 1618.430
v -5813.068 -612.260 1568.810
v -5636.915 -612.260 1534.690
v -5460.761 -612.260 1517.000
v -5284.607 -612.260 1510.350
v -5108.454 -612.260 1512.660
v -4932.300 -612.260 1510.430
v -4756.147 -612.260 1467.700
v -4579.993 -612.260 1387.640
v -4403.840 -612.260 1314.200
v -4227.686 -612.260 1233.830
v -4051.532 -612.260 1160.990
v -3875.379 -612.260 1170.930
v -3699.225 -612.260 1031.860
v -3523.072 -612.260 869.650
v -3346.918 -612.260 685.620
v -3170.764 -612.260 584.550
v -2994.611 -612.260 500.320
v -2818.457 -612.260 425.310
v -2642.304 -612.260 404.950
v -2466.150 -612.260 374.390
v -2289.997 -612.260 337.850
v -2113.843 -612.260 354.360
v -1937.689 -612.260 349.830
v -1761.536 -612.260 328.900
v -1585.382 -612.260 346.170
v -1409.229 -612.260 355.560
v -1233.075 -612.260 374.100
v -1056.921 -612.260 406.500
v -880.768 -612.260 415.150
v -704.614 -612.260 406.280
v -528.461 -612.260 478.760
v -352.307 -612.260 498.000
v -176.154 -612.260 205.070
v 0.000 -612.260 -0.150
v 176.154 -612.260 -7.770
v 352.307 -612.260 -11.080
v 528.461 -612.260 -11.500
v 704.614 -612.260 -9.700
v 880.768 -612.260 -11.500
v 1056.921 -612.260 -10.070
v 1233.075 -612.260 -0.280
v 1409.229 -612.260 109.430
v 1585.382 -612.260 220.010
v 1761.536 -612.260 330.250
v 1937.689 -612.260 475.680
v 2113.843 -612.260 604.240
v 2289.997 -612.260 756.780
v 2466.150 -612.260 831.110
v 2642.304 -612.260 821.300
v 2818.457 -612.260 900.820
v 2994.611 -612.260 979.800
v 3170.764 -612.260 1042.910
v 3346.918 -612.260 1082.500
v 3523.072 -612.260 1049.900
v 3699.225 -612.260 1057.790
v 3875.379 -612.260 1261.280
v 4051.532 -612.260 1292.220
v 4227.686 -612.260 1269.350
v 4403.840 -612.260 1203.650
v 4579.993 -612.260 1269.810
v 4756.147 -612.260 1361.260
v 4932.300 -612.260 1396.370
v 5108.454 -612.260 1536.050
v 5284.607 -612.260 1661.450
v 5460.761 -612.260 1716.160
v 5636.915 -612.260 1797.060
v 5813.068 -612.260 1819.110
v 5989.222 -612.260 1790.380
v 6165.375 -612.260 1814.600
v 6341.529 -612.260 1863.180
v 6517.683 -612.260 1911.760
v 6693.836 -612.260 2010.090
v 6869.990 -612.260 2104.510
v 7046.143 -612.260 2131.650
v 7222.297 -612.260 2206.660
v 7398.450 -612.260 2202.810
v 7574.604 -612.260 2181.200
v 7750.758 -612.260 2222.290
v 7926.911 -612.260 2247.000
v 8103.065 -612.260 2216.080
v 8279.218 -612.260 2239.180
v 8455.372 -612.260 2269.770
v 8631.526 -612.260 2273.030
v 8807.679 -612.260 2332.000
v 8983.833 -612.260 2296.620
v 9159.986 -612.260 2194.390
v 9336.140 -612.260 2195.260
v 9512.293 -612.260 2198.930
v 9688.447 -612.260 2264.750
v 9864.601 -612.260 2138.160
v 10040.754 -612.260 2079.860
v 10216.908 -612.260 2017.310
v 10393.061 -612.260 2027.270
v 10569.215 -612.260 2059.800
v -10569.215 -408.173 1741.800
v -10393.061 -408.173 1841.550
v -10216.908 -408.173 1890.280
v -10040.754 -408.173 2099.290
v -9864.601 -408.173 2030.140
v -9688.447 -408.173 2071.700
v -9512.293 -408.173 2089.510
v -9336.140 -408.173 2064.090
v -9159.986 -408.173 2083.800
v -8983.833 -408.173 2117.270
v -8807.679 -408.173 2120.950
v -8631.526 -408.173 2094.800
v -8455.372 -408.173 2080.200
v -8279.218 -408.173 2161.350
v -8103.065 -408.173 2030.700
v -7926.911 -408.173 1912.350
v -7750.758 -408.173 1841.950
v -7574.604 -408.173 1776.770
v -7398.450 -408.173 1720.300
v -7222.297 -408.173 1700.940
v -7046.143 -408.173 1713.450
v -6869.990 -408.173 1835.330
v -6693.836 -408.173 1889.620
v -6517.683 -408.173 1828.010
v -6341.529 -408.173 1802.730
v -6165.375 -408.173 1741.600
v -5989.222 -408.173 1686.370
v -5813.068 -408.173 1633.410
v -5636.915 -408.173 1579.410
v -5460.761 -408.173 1524.530
v -5284.607 -408.173 1470.850
v -5108.454 -408.173 1432.390
v -4932.300 -408.173 1402.250
v -4756.147 -408.173 1334.150
v -4579.993 -408.173 1264.730
v -4403.840 -408.173 1181.800
v -4227.686 -408.173 1090.400
v -4051.532 -408.173 942.660
v -3875.379 -408.173 911.780
v -3699.225 -408.173 887.630
v -3523.072 -408.173 794.200
v -3346.918 -408.173 595.510
v -3170.764 -408.173 519.160
v -2994.611 -408.173 429.160
v -2818.457 -408.173 390.140
v -2642.304 -408.173 335.050
v -2466.150 -408.173 283.000
v -2289.997 -408.173 257.370
v -2113.843 -408.173 231.300
v -1937.689 -408.173 238.440
v -1761.536 -408.173 220.950
v -1585.382 -408.173 231.660
v -1409.229 -408.173 207.630
v -1233.075 -408.173 213.800
v -1056.921 -408.173 241.560
v -880.768 -408.173 249.100
v -704.614 -408.173 234.360
v -528.461 -408.173 235.690
v -352.307 -408.173 231.690
v -176.154 -408.173 70.710
v 0.000 -408.173 -0.300
v 176.154 -408.173 -7.970
v 352.307 -408.173 -7.020
v 528.461 -408.173 -9.310
v 704.614 -408.173 -7.100
v 880.768 -408.173 -6.350
v 1056.921 -408.173 -7.700
v 1233.075 -408.173 -7.390
v 1409.229 -408.173 37.610
v 1585.382 -408.173 134.640
v 1761.536 -408.173 236.700
v 1937.689 -408.173 378.530
v 2113.843 -408.173 466.540
v 2289.997 -408.173 547.380
v 2466.150 -408.173 621.570
v 2642.304 -408.173 701.550
v 2818.457 -408.173 702.240
v 2994.611 -408.173 815.370
v 3170.764 -408.173 895.630
v 3346.918 -408.173 867.300
v 3523.072 -408.173 870.800
v 3699.225 -408.173 1069.060
v 3875.379 -408.173 1152.590
v 4051.532 -408.173 1063.870
v 4227.686 -408.173 1057.320
v 4403.840 -408.173 1054.050
v 4579.993 -408.173 1106.670
v 4756.147 -408.173 1130.970
v 4932.300 -408.173 1294.220
v 5108.454 -408.173 1406.710
v 5284.607 -408.173 1481.050
v 5460.761 -408.173 1506.340
v 5636.915 -408.173 1554.230
v 5813.068 -408.173 1630.970
v 5989.222 -408.173 1673.170
v 6165.375 -408.173 1728.750
v 6341.529 -408.173 1725.540
v 6517.683 -408.173 1773.940
v 6693.836 -408.173 1883.800
v 6869.990 -408.173 2006.620
v 7046.143 -408.173 2045.600
v 7222.297 -408.173 2020.080
v 7398.450 -408.173 2037.980
v 7574.604 -408.173 2054.880
v 7750.758 -408.173 2045.510
v 7926.911 -408.173 2124.050
v 8103.065 -408.173 2117.110
v 8279.218 -408.173 2103.120
v 8455.372 -408.173 2159.030
v 8631.526 -408.173 2238.980
v 8807.679 -408.173 2328.850
v 8983.833 -408.173 2264.430
v 9159.986 -408.173 2134.920
v 9336.140 -408.173 2128.600
v 9512.293 -408.173 2143.090
v 9688.447 -408.173 2192.500
v 9864.601 -408.173 2239.580
v 10040.754 -408.173 2155.220
v 10216.908 -408.173 2112.570
v 10393.061 -408.173 2102.100
v 10569.215 -408.173 2144.850
v -10569.215 -204.087 1741.450
v -10393.061 -204.087 1861.860
v -10216.908 -204.087 1955.940
v -10040.754 -204.087 2060.960
v -9864.601 -204.087 2164.400
v -9688.447 -204.087 2165.400
v -9512.293 -204.087 2157.810
v -9336.140 -204.087 2160.060
v -9159.986 -204.087 2186.530
v -8983.833 -204.087 2225.600
v -8807.679 -204.087 2224.100
v -8631.526 -204.087 2179.740
v -8455.372 -204.087 2242.580
v -8279.218 -204.087 2167.710
v -8103.065 -204.087 2069.100
v -7926.911 -204.087 1988.950
v -7750.758 -204.087 1920.070
v -7574.604 -204.087 1854.570
v -7398.450 -204.087 1797.600
v -7222.297 -204.087 1794.200
v -7046.143 -204.087 1849.750
v -6869.990 -204.087 1925.180
v -6693.836 -204.087 1935.200
v -6517.683 -204.087 1911.630
v -6341.529 -204.087 1877.600
v -6165.375 -204.087 1809.800
v -5989.222 -204.087 1751.100
v -5813.068 -204.087 1689.030
v -5636.915 -204.087 1610.960
v -5460.761 -204.087 1506.160
v -5284.607 -204.087 1400.250
v -5108.454 -204.087 1290.580
v -4932.300 -204.087 1191.690
v -4756.147 -204.087 1138.350
v -4579.993 -204.087 1063.090
v -4403.840 -204.087 1032.050
v -4227.686 -204.087 942.300
v -4051.532 -204.087 829.390
v -3875.379 -204.087 777.900
v -3699.225 -204.087 790.650
v -3523.072 -204.087 658.150
v -3346.918 -204.087 526.330
v -3170.764 -204.087 406.370
v -2994.611 -204.087 357.070
v -2818.457 -204.087 314.830
v -2642.304 -204.087 274.650
v -2466.150 -204.087 230.180
v -2289.997 -204.087 210.740
v -2113.843 -204.087 170.610
v -1937.689 -204.087 135.870
v -1761.536 -204.087 137.100
v -1585.382 -204.087 107.600
v -1409.229 -204.087 100.210
v -1233.075 -204.087 108.820
v -1056.921 -204.087 122.410
v -880.768 -204.087 119.750
v -704.614 -204.087 96.210
v -528.461 -204.087 61.220
v -352.307 -204.087 19.380
v -176.154 -204.087 -0.290
v 0.000 -204.087 -6.400
v 176.154 -204.087 -5.310
v 352.307 -204.087 -4.400
v 528.461 -204.087 -10.400
v 704.614 -204.087 -7.600
v 880.768 -204.087 -5.550
v 1056.921 -204.087 -4.400
v 1233.075 -204.087 -5.800
v 1409.229 -204.087 -2.330
v 1585.382 -204.087 -1.470
v 1761.536 -204.087 83.400
v 1937.689 -204.087 159.820
v 2113.843 -204.087 282.680
v 2289.997 -204.087 337.540
v 2466.150 -204.087 375.650
v 2642.304 -204.087 417.750
v 2818.457 -204.087 520.500
v 2994.611 -204.087 552.660
v 3170.764 -204.087 599.200
v 3346.918 -204.087 669.800
v 3523.072 -204.087 797.350
v 3699.225 -204.087 973.830
v 3875.379 -204.087 923.980
v 4051.532 -204.087 880.320
v 4227.686 -204.087 834.660
v 4403.840 -204.087 853.400
v 4579.993 -204.087 881.430
v 4756.147 -204.087 960.520
v 4932.300 -204.087 1023.590
v 5108.454 -204.087 1129.440
v 5284.607 -204.087 1334.200
v 5460.761 -204.087 1407.760
v 5636.915 -204.087 1463.870
v 5813.068 -204.087 1533.330
v 5989.222 -204.087 1605.700
v 6165.375 -204.087 1657.100
v 6341.529 -204.087 1605.760
v 6517.683 -204.087 1739.590
v 6693.836 -204.087 1997.610
v 6869.990 -204.087 1982.510
v 7046.143 -204.087 1909.500
v 7222.297 -204.087 1836.880
v 7398.450 -204.087 1875.530
v 7574.604 -204.087 1868.900
v 7750.758 -204.087 1968.320
v 7926.911 -204.087 2019.250
v 8103.065 -204.087 1916.810
v 8279.218 -204.087 1929.430
v 8455.372 -204.087 1993.740
v 8631.526 -204.087 2080.650
v 8807.679 -204.087 2234.650
v 8983.833 -204.087 2299.120
v 9159.986 -204.087 2107.930
v 9336.140 -204.087 2096.930
v 9512.293 -204.087 2086.900
v 9688.447 -204.087 2135.700
v 9864.601 -204.087 2174.680
v 10040.754 -204.087 2233.000
v 10216.908 -204.087 2210.100
v 10393.061 -204.087 2167.130
v 10569.215 -204.087 2233.500
v -10569.215 0.000 1666.000
v -10393.061 0.000 1772.700
v -10216.908 0.000 1886.900
v -10040.754 0.000 1986.750
v -9864.601 0.000 2046.350
v -9688.447 0.000 2167.000
v -9512.293 0.000 2258.650
v -9336.140 0.000 2270.800
v -9159.986 0.000 2268.000
v -8983.833 0.000 2306.550
v -8807.679 0.000 2300.500
v -8631.526 0.000 2304.650
v -8455.372 0.000 2270.200
v -8279.218 0.000 2217.550
v -8103.065 0.000 2129.150
v -7926.911 0.000 2044.500
v -7750.758 0.000 1977.950
v -7574.604 0.000 1920.400
v -7398.450 0.000 1875.050
v -7222.297 0.000 1873.450
v -7046.143 0.000 1917.500
v -6869.990 0.000 1985.200
v -6693.836 0.000 1945.050
v -6517.683 0.000 1960.750
v -6341.529 0.000 1901.500
v -6165.375 0.000 1825.500
v -5989.222 0.000 1759.850
v -5813.068 0.000 1677.400
v -5636.915 0.000 1575.300
v -5460.761 0.000 1406.550
v -5284.607 0.000 1162.500
v -5108.454 0.000 1186.850
v -4932.300 0.000 1031.150
v -4756.147 0.000 976.550
v -4579.993 0.000 900.650
v -4403.840 0.000 831.500
v -4227.686 0.000 731.350
v -4051.532 0.000 645.650
v -3875.379 0.000 616.200
v -3699.225 0.000 591.000
v -3523.072 0.000 542.500
v -3346.918 0.000 405.850
v -3170.764 0.000 308.650
v -2994.611 0.000 274.950
v -2818.457 0.000 231.300
v -2642.304 0.000 186.250
v -2466.150 0.000 159.800
v -2289.997 0.000 158.250
v -2113.843 0.000 138.500
v -1937.689 0.000 116.650
v -1761.536 0.000 76.500
v -1585.382 0.000 62.850
v -1409.229 0.000 47.150
v -1233.075 0.000 39.950
v -1056.921 0.000 34.350
v -880.768 0.000 32.250
v -704.614 0.000 26.500
v -528.461 0.000 18.750
v -352.307 0.000 15.350
v -176.154 0.000 10.850
v 0.000 0.000 0.000
v 176.154 0.000 -3.150
v 352.307 0.000 -7.650
v 528.461 0.000 -7.400
v 704.614 0.000 -9.500
v 880.768 0.000 -8.250
v 1056.921 0.000 -4.950
v 1233.075 0.000 -1.850
v 1409.229 0.000 -0.150
v 1585.382 0.000 1.050
v 1761.536 0.000 4.750
v 1937.689 0.000 13.100
v 2113.843 0.000 92.900
v 2289.997 0.000 165.550
v 2466.150 0.000 219.400
v 2642.304 0.000 261.500
v 2818.457 0.000 292.250
v 2994.611 0.000 313.600
v 3170.764 0.000 507.100
v 3346.918 0.000 536.350
v 3523.072 0.000 614.750
v 3699.225 0.000 756.800
v 3875.379 0.000 738.400
v 4051.532 0.000 701.750
v 4227.686 0.000 659.250
v 4403.840 0.000 693.750
v 4579.993 0.000 776.950
v 4756.147 0.000 769.800
v 4932.300 0.000 865.900
v 5108.454 0.000 1014.650
v 5284.607 0.000 1314.500
v 5460.761 0.000 1350.950
v 5636.915 0.000 1363.700
v 5813.068 0.000 1428.300
v 5989.222 0.000 1510.150
v 6165.375 0.000 1603.500
v 6341.529 0.000 1789.500
v 6517.683 0.000 1905.650
v 6693.836 0.000 1879.450
v 6869.990 0.000 1814.550
v 7046.143 0.000 1742.250
v 7222.297 0.000 1684.250
v 7398.450 0.000 1744.200
v 7574.604 0.000 1711.600
v 7750.758 0.000 1778.400
v 7926.911 0.000 1914.250
v 8103.065 0.000 1811.650
v 8279.218 0.000 1846.100
v 8455.372 0.000 1919.150
v 8631.526 0.000 2046.450
v 8807.679 0.000 2128.500
v 8983.833 0.000 2077.800
v 9159.986 0.000 2051.800
v 9336.140 0.000 2066.250
v 9512.293 0.000 2042.300
v 9688.447 0.000 2071.250
v 9864.601 0.000 2115.950
v 10040.754 0.000 2213.200
v 10216.908 0.000 2274.550
v 10393.061 0.000 2249.200
v 10569.215 0.000 2262.000
v -10569.215 204.087 1689.600
v -10393.061 204.087 1787.390
v -10216.908 204.087 1894.060
v -10040.754 204.087 1985.230
v -9864.601 204.087 2038.560
v -9688.447 204.087 2169.700
v -9512.293 204.087 2250.850
v -9336.140 204.087 2296.950
v -9159.986 204.087 2330.360
v -8983.833 204.087 2350.900
v -8807.679 204.087 2352.400
v -8631.526 204.087 2326.560
v -8455.372 204.087 2275.820
v -8279.218 204.087 2247.530
v -8103.065 204.087 2126.880
v -7926.911 204.087 2135.550
v -7750.758 204.087 2068.500
v -7574.604 204.087 1963.740
v -7398.450 204.087 1971.000
v -7222.297 204.087 1796.240
v -7046.143 204.087 1748.500
v -6869.990 204.087 1823.040
v -6693.836 204.087 1876.100
v -6517.683 204.087 1883.600
v -6341.529 204.087 1839.350
v -6165.375 204.087 1765.500
v -5989.222 204.087 1737.920
v -5813.068 204.087 1610.450
v -5636.915 204.087 1455.580
v -5460.761 204.087 1210.650
v -5284.607 204.087 1066.500
v -5108.454 204.087 1063.710
v -4932.300 204.087 989.280
v -4756.147 204.087 870.440
v -4579.993 204.087 799.610
v -4403.840 204.087 740.350
v -4227.686 204.087 653.710
v -4051.532 204.087 577.340
v -3875.379 204.087 502.530
v -3699.225 204.087 443.270
v -3523.072 204.087 368.150
v -3346.918 204.087 301.770
v -3170.764 204.087 231.030
v -2994.611 204.087 214.330
v -2818.457 204.087 165.770
v -2642.304 204.087 125.400
v -2466.150 204.087 127.220
v -2289.997 204.087 114.450
v -2113.843 204.087 96.170
v -1937.689 204.087 75.270
v -1761.536 204.087 101.850
v -1585.382 204.087 108.390
v -1409.229 204.087 85.520
v -1233.075 204.087 67.830
v -1056.921 204.087 74.290
v -880.768 204.087 74.150
v -704.614 204.087 73.980
v -528.461 204.087 54.980
v -352.307 204.087 43.830
v -176.154 204.087 18.380
v 0.000 204.087 15.900
v 176.154 204.087 3.210
v 352.307 204.087 -7.500
v 528.461 204.087 -10.500
v 704.614 204.087 -5.610
v 880.768 204.087 -7.350
v 1056.921 204.087 -5.400
v 1233.075 204.087 -3.400
v 1409.229 204.087 4.830
v 1585.382 204.087 7.600
v 1761.536 204.087 11.700
v 1937.689 204.087 7.790
v 2113.843 204.087 13.330
v 2289.997 204.087 60.240
v 2466.150 204.087 96.400
v 2642.304 204.087 123.050
v 2818.457 204.087 169.280
v 2994.611 204.087 262.830
v 3170.764 204.087 339.690
v 3346.918 204.087 381.560
v 3523.072 204.087 482.500
v 3699.225 204.087 597.090
v 3875.379 204.087 560.450
v 4051.532 204.087 499.710
v 4227.686 204.087 507.010
v 4403.840 204.087 610.150
v 4579.993 204.087 629.150
v 4756.147 204.087 618.700
v 4932.300 204.087 793.590
v 5108.454 204.087 768.810
v 5284.607 204.087 924.850
v 5460.761 204.087 1244.850
v 5636.915 204.087 1251.750
v 5813.068 204.087 1292.400
v 5989.222 204.087 1363.010
v 6165.375 204.087 1438.800
v 6341.529 204.087 1574.860
v 6517.683 204.087 1704.920
v 6693.836 204.087 1611.860
v 6869.990 204.087 1578.580
v 7046.143 204.087 1588.600
v 7222.297 204.087 1471.610
v 7398.450 204.087 1536.530
v 7574.604 204.087 1686.440
v 7750.758 204.087 1727.910
v 7926.911 204.087 1820.900
v 8103.065 204.087 1752.630
v 8279.218 204.087 1786.250
v 8455.372 204.087 1844.520
v 8631.526 204.087 1998.130
v 8807.679 204.087 1987.000
v 8983.833 204.087 1935.570
v 9159.986 204.087 1968.670
v 9336.140 204.087 2009.000
v 9512.293 204.087 2013.390
v 9688.447 204.087 2055.250
v 9864.601 204.087 2073.020
v 10040.754 204.087 2151.180
v 10216.908 204.087 2264.290
v 10393.061 204.087 2327.150
v 10569.215 204.087 2311.750
v -10569.215 408.173 1750.150
v -10393.061 408.173 1822.240
v -10216.908 408.173 1916.510
v -10040.754 408.173 2020.700
v -9864.601 408.173 2111.840
v -9688.447 408.173 2200.550
v -9512.293 408.173 2292.300
v -9336.140 408.173 2354.790
v -9159.986 408.173 2383.790
v -8983.833 408.173 2406.000
v -8807.679 408.173 2433.700
v -8631.526 408.173 2362.230
v -8455.372 408.173 2288.410
v -8279.218 408.173 2222.100
v -8103.065 408.173 2160.470
v -7926.911 408.173 2128.100
v -7750.758 408.173 1993.760
v -7574.604 408.173 1951.710
v -7398.450 408.173 1851.000
v -7222.297 408.173 1661.620
v -7046.143 408.173 1640.200
v -6869.990 408.173 1672.290
v -6693.836 408.173 1759.440
v -6517.683 408.173 1765.570
v -6341.529 408.173 1733.220
v -6165.375 408.173 1611.100
v -5989.222 408.173 1594.880
v -5813.068 408.173 1522.670
v -5636.915 408.173 1332.260
v -5460.761 408.173 1175.260
v -5284.607 408.173 955.500
v -5108.454 408.173 911.280
v -4932.300 408.173 909.150
v -4756.147 408.173 807.230
v -4579.993 408.173 673.740
v -4403.840 408.173 641.700
v -4227.686 408.173 568.530
v -4051.532 408.173 506.480
v -3875.379 408.173 435.210
v -3699.225 408.173 354.930
v -3523.072 408.173 306.350
v -3346.918 408.173 236.670
v -3170.764 408.173 206.270
v -2994.611 408.173 153.710
v -2818.457 408.173 123.540
v -2642.304 408.173 123.900
v -2466.150 408.173 136.610
v -2289.997 408.173 144.970
v -2113.843 408.173 161.250
v -1937.689 408.173 185.600
v -1761.536 408.173 187.000
v -1585.382 408.173 165.910
v -1409.229 408.173 128.390
v -1233.075 408.173 99.710
v -1056.921 408.173 129.230
v -880.768 408.173 151.850
v -704.614 408.173 125.200
v -528.461 408.173 105.320
v -352.307 408.173 88.710
v -176.154 408.173 78.670
v 0.000 408.173 51.150
v 176.154 408.173 24.810
v 352.307 408.173 40.050
v 528.461 408.173 44.420
v 704.614 408.173 17.800
v 880.768 408.173 -2.550
v 1056.921 408.173 1.800
v 1233.075 408.173 3.180
v 1409.229 408.173 9.800
v 1585.382 408.173 17.200
v 1761.536 408.173 25.800
v 1937.689 408.173 26.300
v 2113.843 408.173 23.090
v 2289.997 408.173 11.570
v 2466.150 408.173 27.980
v 2642.304 408.173 54.400
v 2818.457 408.173 105.030
v 2994.611 408.173 134.200
v 3170.764 408.173 206.740
v 3346.918 408.173 255.590
v 3523.072 408.173 363.500
v 3699.225 408.173 400.870
v 3875.379 408.173 346.600
v 4051.532 408.173 302.810
v 4227.686 408.173 404.710
v 4403.840 408.173 509.450
v 4579.993 408.173 492.310
v 4756.147 408.173 483.760
v 4932.300 408.173 561.580
v 5108.454 408.173 594.010
v 5284.607 408.173 817.900
v 5460.761 408.173 1028.350
v 5636.915 408.173 1109.470
v 5813.068 408.173 1156.200
v 5989.222 408.173 1212.830
v 6165.375 408.173 1276.400
v 6341.529 408.173 1337.700
v 6517.683 408.173 1382.180
v 6693.836 408.173 1396.810
v 6869.990 408.173 1425.170
v 7046.143 408.173 1459.450
v 7222.297 408.173 1450.190
v 7398.450 408.173 1478.510
v 7574.604 408.173 1569.220
v 7750.758 408.173 1612.580
v 7926.911 408.173 1676.750
v 8103.065 408.173 1610.360
v 8279.218 408.173 1656.470
v 8455.372 408.173 1783.530
v 8631.526 408.173 1830.930
v 8807.679 408.173 1771.450
v 8983.833 408.173 1769.090
v 9159.986 408.173 1838.490
v 9336.140 408.173 1937.880
v 9512.293 408.173 1961.290
v 9688.447 408.173 1974.600
v 9864.601 408.173 1975.300
v 10040.754 408.173 2022.990
v 10216.908 408.173 2073.590
v 10393.061 408.173 2165.200
v 10569.215 408.173 2322.450
v -10569.215 612.260 1791.550
v -10393.061 612.260 1876.980
v -10216.908 612.260 1971.520
v -10040.754 612.260 2099.810
v -9864.601 612.260 2161.310
v -9688.447 612.260 2250.850
v -9512.293 612.260 2321.910
v -9336.140 612.260 2395.340
v -9159.986 612.260 2400.690
v -8983.833 612.260 2455.300
v -8807.679 612.260 2443.750
v -8631.526 612.260 2378.600
v -8455.372 612.260 2349.050
v -8279.218 612.260 2222.980
v -8103.065 612.260 2070.480
v -7926.911 612.260 2036.100
v -7750.758 612.260 1960.260
v -7574.604 612.260 1916.450
v -7398.450 612.260 1820.480
v -7222.297 612.260 1687.010
v -7046.143 612.260 1574.950
v -6869.990 612.260 1536.450
v -6693.836 612.260 1572.170
v -6517.683 612.260 1632.190
v -6341.529 612.260 1681.840
v -6165.375 612.260 1548.200
v -5989.222 612.260 1423.410
v -5813.068 612.260 1344.080
v -5636.915 612.260 1158.510
v -5460.761 612.260 1072.930
v -5284.607 612.260 991.950
v -5108.454 612.260 795.560
v -4932.300 612.260 742.760
v -4756.147 612.260 717.270
v -4579.993 612.260 568.850
v -4403.840 612.260 532.600
v -4227.686 612.260 456.620
v -4051.532 612.260 385.240
v -3875.379 612.260 349.960
v -3699.225 612.260 279.730
v -3523.072 612.260 234.700
v -3346.918 612.260 176.390
v -3170.764 612.260 174.430
v -2994.611 612.260 158.910
v -2818.457 612.260 190.070
v -2642.304 612.260 214.550
v -2466.150 612.260 231.300
v -2289.997 612.260 258.970
v -2113.843 612.260 303.710
v -1937.689 612.260 334.160
v -1761.536 612.260 315.700
v -1585.382 612.260 314.630
v -1409.229 612.260 270.890
v -1233.075 612.260 241.310
v -1056.921 612.260 229.920
v -880.768 612.260 259.200
v -704.614 612.260 224.400
v -528.461 612.260 184.780
v -352.307 612.260 192.480
v -176.154 612.260 179.060
v 0.000 612.260 145.250
v 176.154 612.260 152.420
v 352.307 612.260 166.740
v 528.461 612.260 177.440
v 704.614 612.260 153.110
v 880.768 612.260 87.900
v 1056.921 612.260 40.010
v 1233.075 612.260 14.410
v 1409.229 612.260 17.900
v 1585.382 612.260 34.960
v 1761.536 612.260 45.250
v 1937.689 612.260 51.930
v 2113.843 612.260 47.690
v 2289.997 612.260 45.600
v 2466.150 612.260 31.600
v 2642.304 612.260 14.900
v 2818.457 612.260 56.200
v 2994.611 612.260 63.050
v 3170.764 612.260 95.870
v 3346.918 612.260 116.770
v 3523.072 612.260 127.650
v 3699.225 612.260 174.580
v 3875.379 612.260 178.840
v 4051.532 612.260 191.470
v 4227.686 612.260 228.110
v 4403.840 612.260 284.850
v 4579.993 612.260 321.300
v 4756.147 612.260 361.070
v 4932.300 612.260 426.220
v 5108.454 612.260 718.080
v 5284.607 612.260 785.750
v 5460.761 612.260 945.410
v 5636.915 612.260 947.260
v 5813.068 612.260 988.510
v 5989.222 612.260 1054.330
v 6165.375 612.260 1119.350
v 6341.529 612.260 1179.070
v 6517.683 612.260 1217.100
v 6693.836 612.260 1235.790
v 6869.990 612.260 1278.840
v 7046.143 612.260 1331.350
v 7222.297 612.260 1362.430
v 7398.450 612.260 1469.630
v 7574.604 612.260 1437.600
v 7750.758 612.260 1508.610
v 7926.911 612.260 1502.400
v 8103.065 612.260 1477.800
v 8279.218 612.260 1516.460
v 8455.372 612.260 1690.730
v 8631.526 612.260 1665.550
v 8807.679 612.260 1621.450
v 8983.833 612.260 1632.690
v 9159.986 612.260 1698.290
v 9336.140 612.260 1770.500
v 9512.293 612.260 1833.270
v 9688.447 612.260 1858.200
v 9864.601 612.260 1877.440
v 10040.754 612.260 1918.090
v 10216.908 612.260 1975.500
v 10393.061 612.260 2055.470
v 10569.215 612.260 2166.150
v -10569.215 816.347 1853.300
v -10393.061 816.347 1944.050
v -10216.908 816.347 2033.020
v -10040.754 816.347 2094.700
v -9864.601 816.347 2217.470
v -9688.447 816.347 2332.700
v -9512.293 816.347 2383.620
v -9336.140 816.347 2436.580
v -9159.986 816.347 2468.460
v -8983.833 816.347 2432.510
v -8807.679 816.347 2326.250
v -8631.526 816.347 2247.450
v -8455.372 816.347 2178.680
v -8279.218 816.347 2132.200
v -8103.065 816.347 2047.400
v -7926.911 816.347 1961.200
v -7750.758 816.347 1902.320
v -7574.604 816.347 1899.700
v -7398.450 816.347 1845.950
v -7222.297 816.347 1774.800
v -7046.143 816.347 1657.200
v -6869.990 816.347 1563.670
v -6693.836 816.347 1499.770
v -6517.683 816.347 1524.350
v -6341.529 816.347 1573.880
v -6165.375 816.347 1548.200
v -5989.222 816.347 1364.800
v -5813.068 816.347 1172.650
v -5636.915 816.347 1061.520
v -5460.761 816.347 905.310
v -5284.607 816.347 873.300
v -5108.454 816.347 804.030
v -4932.300 816.347 618.330
v -4756.147 816.347 550.820
v -4579.993 816.347 508.010
v -4403.840 816.347 424.200
v -4227.686 816.347 346.610
v -4051.532 816.347 292.250
v -3875.379 816.347 316.730
v -3699.225 816.347 194.020
v -3523.072 816.347 241.600
v -3346.918 816.347 255.020
v -3170.764 816.347 261.530
v -2994.611 816.347 271.850
v -2818.457 816.347 273.450
v -2642.304 816.347 309.300
v -2466.150 816.347 284.230
v -2289.997 816.347 337.200
v -2113.843 816.347 413.990
v -1937.689 816.347 478.460
v -1761.536 816.347 392.400
v -1585.382 816.347 443.240
v -1409.229 816.347 472.120
v -1233.075 816.347 429.110
v -1056.921 816.347 367.700
v -880.768 816.347 366.500
v -704.614 816.347 338.150
v -528.461 816.347 320.500
v -352.307 816.347 317.310
v -176.154 816.347 332.800
v 0.000 816.347 339.250
v 176.154 816.347 370.540
v 352.307 816.347 383.340
v 528.461 816.347 321.850
v 704.614 816.347 285.770
v 880.768 816.347 220.200
v 1056.921 816.347 167.680
v 1233.075 816.347 124.470
v 1409.229 816.347 93.840
v 1585.382 816.347 89.430
v 1761.536 816.347 75.700
v 1937.689 816.347 75.580
v 2113.843 816.347 85.230
v 2289.997 816.347 78.830
v 2466.150 816.347 62.300
v 2642.304 816.347 36.200
v 2818.457 816.347 12.630
v 2994.611 816.347 39.930
v 3170.764 816.347 40.400
v 3346.918 816.347 45.690
v 3523.072 816.347 59.250
v 3699.225 816.347 74.770
v 3875.379 816.347 104.270
v 4051.532 816.347 120.570
v 4227.686 816.347 133.900
v 4403.840 816.347 178.950
v 4579.993 816.347 232.180
v 4756.147 816.347 246.970
v 4932.300 816.347 369.910
v 5108.454 816.347 383.890
v 5284.607 816.347 560.650
v 5460.761 816.347 633.130
v 5636.915 816.347 689.160
v 5813.068 816.347 785.400
v 5989.222 816.347 848.290
v 6165.375 816.347 945.150
v 6341.529 816.347 1006.500
v 6517.683 816.347 1017.120
v 6693.836 816.347 958.070
v 6869.990 816.347 986.190
v 7046.143 816.347 1134.450
v 7222.297 816.347 1238.850
v 7398.450 816.347 1264.820
v 7574.604 816.347 1289.690
v 7750.758 816.347 1342.800
v 7926.911 816.347 1309.950
v 8103.065 816.347 1311.250
v 8279.218 816.347 1361.970
v 8455.372 816.347 1508.880
v 8631.526 816.347 1484.650
v 8807.679 816.347 1480.900
v 8983.833 816.347 1494.510
v 9159.986 816.347 1571.190
v 9336.140 816.347 1640.250
v 9512.293 816.347 1743.780
v 9688.447 816.347 1809.200
v 9864.601 816.347 1859.220
v 10040.754 816.347 1891.360
v 10216.908 816.347 1929.600
v 10393.061 816.347 2002.150
v 10569.215 816.347 1969.100
v -10569.215 1020.433 1919.250
v -10393.061 1020.433 2011.500
v -10216.908 1020.433 2093.850
v -10040.754 1020.433 2172.050
v -9864.601 1020.433 2251.600
v -9688.447 1020.433 2342.000
v -9512.293 1020.433 2395.550
v -9336.140 1020.433 2474.500
v -9159.986 1020.433 2428.900
v -8983.833 1020.433 2374.350
v -8807.679 1020.433 2259.750
v -8631.526 1020.433 2198.200
v -8455.372 1020.433 2124.800
v -8279.218 1020.433 2081.700
v -8103.065 1020.433 2020.000
v -7926.911 1020.433 1924.250
v -7750.758 1020.433 1834.550
v -7574.604 1020.433 1808.000
v -7398.450 1020.433 1823.750
v -7222.297 1020.433 1808.300
v -7046.143 1020.433 1722.750
v -6869.990 1020.433 1571.750
v -6693.836 1020.433 1518.100
v -6517.683 1020.433 1440.200
v -6341.529 1020.433 1452.650
v -6165.375 1020.433 1451.250
v -5989.222 1020.433 1231.950
v -5813.068 1020.433 1051.850
v -5636.915 1020.433 938.450
v -5460.761 1020.433 840.100
v -5284.607 1020.433 738.000
v -5108.454 1020.433 652.900
v -4932.300 1020.433 510.850
v -4756.147 1020.433 478.650
v -4579.993 1020.433 410.400
v -4403.840 1020.433 356.000
v -4227.686 1020.433 303.800
v -4051.532 1020.433 254.550
v -3875.379 1020.433 302.900
v -3699.225 1020.433 314.400
v -3523.072 1020.433 302.500
v -3346.918 1020.433 340.600
v -3170.764 1020.433 347.050
v -2994.611 1020.433 373.450
v -2818.457 1020.433 410.800
v -2642.304 1020.433 423.750
v -2466.150 1020.433 399.250
v -2289.997 1020.433 519.650
v -2113.843 1020.433 573.700
v -1937.689 1020.433 562.150
v -1761.536 1020.433 554.750
v -1585.382 1020.433 657.350
v -1409.229 1020.433 707.250
v -1233.075 1020.433 607.050
v -1056.921 1020.433 525.200
v -880.768 1020.433 505.250
v -704.614 1020.433 528.800
v -528.461 1020.433 467.050
v -352.307 1020.433 450.050
v -176.154 1020.433 501.550
v 0.000 1020.433 557.000
v 176.154 1020.433 630.900
v 352.307 1020.433 628.600
v 528.461 1020.433 598.200
v 704.614 1020.433 498.200
v 880.768 1020.433 408.000
v 1056.921 1020.433 338.750
v 1233.075 1020.433 274.250
v 1409.229 1020.433 222.900
v 1585.382 1020.433 181.450
v 1761.536 1020.433 125.500
v 1937.689 1020.433 107.450
v 2113.843 1020.433 118.800
v 2289.997 1020.433 107.150
v 2466.150 1020.433 87.950
v 2642.304 1020.433 68.000
v 2818.457 1020.433 25.600
v 2994.611 1020.433 40.750
v 3170.764 1020.433 41.800
v 3346.918 1020.433 47.000
v 3523.072 1020.433 44.000
v 3699.225 1020.433 55.250
v 3875.379 1020.433 75.800
v 4051.532 1020.433 90.500
v 4227.686 1020.433 108.050
v 4403.840 1020.433 142.750
v 4579.993 1020.433 167.750
v 4756.147 1020.433 169.950
v 4932.300 1020.433 175.050
v 5108.454 1020.433 166.700
v 5284.607 1020.433 245.750
v 5460.761 1020.433 317.050
v 5636.915 1020.433 398.000
v 5813.068 1020.433 393.600
v 5989.222 1020.433 525.300
v 6165.375 1020.433 691.750
v 6341.529 1020.433 783.900
v 6517.683 1020.433 774.150
v 6693.836 1020.433 826.400
v 6869.990 1020.433 920.100
v 7046.143 1020.433 1148.750
v 7222.297 1020.433 1148.750
v 7398.450 1020.433 1116.500
v 7574.604 1020.433 1158.550
v 7750.758 1020.433 1210.750
v 7926.911 1020.433 1187.750
v 8103.065 1020.433 1164.200
v 8279.218 1020.433 1239.500
v 8455.372 1020.433 1314.050
v 8631.526 1020.433 1324.600
v 8807.679 1020.433 1369.000
v 8983.833 1020.433 1441.400
v 9159.986 1020.433 1535.250
v 9336.140 1020.433 1641.100
v 9512.293 1020.433 1726.000
v 9688.447 1020.433 1764.750
v 9864.601 1020.433 1840.000
v 10040.754 1020.433 1915.900
v 10216.908 1020.433 1839.500
v 10393.061 1020.433 1843.050
v 10569.215 1020.433 1792.250
v -10569.215 1224.520 2017.800
v -10393.061 1224.520 2074.770
v -10216.908 1224.520 2179.680
v -10040.754 1224.520 2272.000
v -9864.601 1224.520 2308.680
v -9688.447 1224.520 2370.750
v -9512.293 1224.520 2393.750
v -9336.140 1224.520 2430.010
v -9159.986 1224.520 2358.330
v -8983.833 1224.520 2279.490
v -8807.679 1224.520 2217.000
v -8631.526 1224.520 2153.020
v -8455.372 1224.520 2095.900
v -8279.218 1224.520 2006.170
v -8103.065 1224.520 1932.420
v -7926.911 1224.520 1856.250
v -7750.758 1224.520 1784.120
v -7574.604 1224.520 1767.790
v -7398.450 1224.520 1710.140
v -7222.297 1224.520 1731.670
v -7046.143 1224.520 1722.350
v -6869.990 1224.520 1603.070
v -6693.836 1224.520 1436.030
v -6517.683 1224.520 1374.760
v -6341.529 1224.520 1355.320
v -6165.375 1224.520 1336.650
v -5989.222 1224.520 1031.370
v -5813.068 1224.520 859.330
v -5636.915 1224.520 805.580
v -5460.761 1224.520 647.980
v -5284.607 1224.520 558.750
v -5108.454 1224.520 530.870
v -4932.300 1224.520 398.520
v -4756.147 1224.520 360.850
v -4579.993 1224.520 321.350
v -4403.840 1224.520 279.800
v -4227.686 1224.520 277.580
v -4051.532 1224.520 360.980
v -3875.379 1224.520 374.520
v -3699.225 1224.520 350.030
v -3523.072 1224.520 343.400
v -3346.918 1224.520 416.240
v -3170.764 1224.520 457.810
v -2994.611 1224.520 486.240
v -2818.457 1224.520 516.090
v -2642.304 1224.520 563.350
v -2466.150 1224.520 544.910
v -2289.997 1224.520 709.680
v -2113.843 1224.520 764.400
v -1937.689 1224.520 707.230
v -1761.536 1224.520 656.750
v -1585.382 1224.520 808.510
v -1409.229 1224.520 833.370
v -1233.075 1224.520 760.220
v -1056.921 1224.520 724.360
v -880.768 1224.520 682.850
v -704.614 1224.520 676.970
v -528.461 1224.520 692.430
v -352.307 1224.520 733.580
v -176.154 1224.520 730.210
v 0.000 1224.520 739.750
v 176.154 1224.520 797.280
v 352.307 1224.520 806.870
v 528.461 1224.520 787.600
v 704.614 1224.520 692.360
v 880.768 1224.520 659.550
v 1056.921 1224.520 614.790
v 1233.075 1224.520 480.160
v 1409.229 1224.520 346.790
v 1585.382 1224.520 289.940
v 1761.536 1224.520 231.500
v 1937.689 1224.520 171.310
v 2113.843 1224.520 151.370
v 2289.997 1224.520 133.300
v 2466.150 1224.520 122.630
v 2642.304 1224.520 93.500
v 2818.457 1224.520 67.490
v 2994.611 1224.520 27.110
v 3170.764 1224.520 42.530
v 3346.918 1224.520 42.610
v 3523.072 1224.520 53.200
v 3699.225 1224.520 53.510
v 3875.379 1224.520 62.600
v 4051.532 1224.520 67.860
v 4227.686 1224.520 85.190
v 4403.840 1224.520 106.000
v 4579.993 1224.520 113.800
v 4756.147 1224.520 116.500
v 4932.300 1224.520 112.880
v 5108.454 1224.520 106.480
v 5284.607 1224.520 94.900
v 5460.761 1224.520 130.000
v 5636.915 1224.520 172.040
v 5813.068 1224.520 191.970
v 5989.222 1224.520 276.270
v 6165.375 1224.520 347.150
v 6341.529 1224.520 466.130
v 6517.683 1224.520 593.890
v 6693.836 1224.520 726.180
v 6869.990 1224.520 899.050
v 7046.143 1224.520 985.250
v 7222.297 1224.520 1010.380
v 7398.450 1224.520 975.900
v 7574.604 1224.520 1065.470
v 7750.758 1224.520 1121.260
v 7926.911 1224.520 1088.100
v 8103.065 1224.520 1103.780
v 8279.218 1224.520 1163.750
v 8455.372 1224.520 1193.200
v 8631.526 1224.520 1249.550
v 8807.679 1224.520 1339.950
v 8983.833 1224.520 1486.540
v 9159.986 1224.520 1581.690
v 9336.140 1224.520 1686.360
v 9512.293 1224.520 1752.080
v 9688.447 1224.520 1814.050
v 9864.601 1224.520 1794.220
v 10040.754 1224.520 1799.980
v 10216.908 1224.520 1730.220
v 10393.061 1224.520 1696.630
v 10569.215 1224.520 1663.750
v -10569.215 1428.607 2183.500
v -10393.061 1428.607 2184.190
v -10216.908 1428.607 2217.440
v -10040.754 1428.607 2282.580
v -9864.601 1428.607 2338.810
v -9688.447 1428.607 2350.950
v -9512.293 1428.607 2452.180
v -9336.140 1428.607 2474.470
v -9159.986 1428.607 2394.480
v -8983.833 1428.607 2265.900
v -8807.679 1428.607 2180.500
v -8631.526 1428.607 2121.500
v -8455.372 1428.607 2022.170
v -8279.218 1428.607 1953.720
v -8103.065 1428.607 1860.230
v -7926.911 1428.607 1792.300
v -7750.758 1428.607 1723.320
v -7574.604 1428.607 1672.310
v -7398.450 1428.607 1595.560
v -7222.297 1428.607 1558.740
v -7046.143 1428.607 1620.150
v -6869.990 1428.607 1614.510
v -6693.836 1428.607 1420.940
v -6517.683 1428.607 1311.820
v -6341.529 1428.607 1238.620
v -6165.375 1428.607 1198.350
v -5989.222 1428.607 1117.150
v -5813.068 1428.607 836.690
v -5636.915 1428.607 667.080
v -5460.761 1428.607 566.560
v -5284.607 1428.607 507.350
v -5108.454 1428.607 401.600
v -4932.300 1428.607 364.690
v -4756.147 1428.607 391.090
v -4579.993 1428.607 402.090
v -4403.840 1428.607 434.150
v -4227.686 1428.607 345.270
v -4051.532 1428.607 368.110
v -3875.379 1428.607 375.310
v -3699.225 1428.607 363.690
v -3523.072 1428.607 376.950
v -3346.918 1428.607 493.650
v -3170.764 1428.607 554.620
v -2994.611 1428.607 602.290
v -2818.457 1428.607 606.230
v -2642.304 1428.607 644.950
v -2466.150 1428.607 806.460
v -2289.997 1428.607 879.820
v -2113.843 1428.607 937.930
v -1937.689 1428.607 864.590
v -1761.536 1428.607 828.550
v -1585.382 1428.607 874.340
v -1409.229 1428.607 995.330
v -1233.075 1428.607 934.350
v -1056.921 1428.607 882.820
v -880.768 1428.607 822.900
v -704.614 1428.607 819.960
v -528.461 1428.607 844.620
v -352.307 1428.607 893.330
v -176.154 1428.607 941.950
v 0.000 1428.607 918.550
v 176.154 1428.607 944.380
v 352.307 1428.607 974.050
v 528.461 1428.607 975.570
v 704.614 1428.607 940.380
v 880.768 1428.607 808.050
v 1056.921 1428.607 674.600
v 1233.075 1428.607 550.990
v 1409.229 1428.607 484.980
v 1585.382 1428.607 445.000
v 1761.536 1428.607 411.700
v 1937.689 1428.607 282.370
v 2113.843 1428.607 193.480
v 2289.997 1428.607 190.630
v 2466.150 1428.607 215.240
v 2642.304 1428.607 220.400
v 2818.457 1428.607 170.950
v 2994.611 1428.607 114.270
v 3170.764 1428.607 41.820
v 3346.918 1428.607 38.000
v 3523.072 1428.607 40.700
v 3699.225 1428.607 34.030
v 3875.379 1428.607 40.800
v 4051.532 1428.607 46.390
v 4227.686 1428.607 54.620
v 4403.840 1428.607 65.300
v 4579.993 1428.607 74.340
v 4756.147 1428.607 90.600
v 4932.300 1428.607 88.520
v 5108.454 1428.607 84.530
v 5284.607 1428.607 93.750
v 5460.761 1428.607 103.500
v 5636.915 1428.607 120.610
v 5813.068 1428.607 133.000
v 5989.222 1428.607 168.340
v 6165.375 1428.607 222.100
v 6341.529 1428.607 286.010
v 6517.683 1428.607 442.240
v 6693.836 1428.607 593.030
v 6869.990 1428.607 706.010
v 7046.143 1428.607 834.150
v 7222.297 1428.607 889.270
v 7398.450 1428.607 911.630
v 7574.604 1428.607 962.770
v 7750.758 1428.607 976.740
v 7926.911 1428.607 987.150
v 8103.065 1428.607 1017.640
v 8279.218 1428.607 1088.600
v 8455.372 1428.607 1180.980
v 8631.526 1428.607 1275.560
v 8807.679 1428.607 1373.400
v 8983.833 1428.607 1475.110
v 9159.986 1428.607 1566.780
v 9336.140 1428.607 1650.040
v 9512.293 1428.607 1713.270
v 9688.447 1428.607 1733.950
v 9864.601 1428.607 1656.220
v 10040.754 1428.607 1625.870
v 10216.908 1428.607 1597.350
v 10393.061 1428.607 1559.920
v 10569.215 1428.607 1520.750
v -10569.215 1632.693 2248.800
v -10393.061 1632.693 2289.230
v -10216.908 1632.693 2293.860
v -10040.754 1632.693 2318.200
v -9864.601 1632.693 2350.000
v -9688.447 1632.693 2374.100
v -9512.293 1632.693 2502.470
v -9336.140 1632.693 2362.470
v -9159.986 1632.693 2278.180
v -8983.833 1632.693 2203.030
v -8807.679 1632.693 2140.400
v -8631.526 1632.693 2081.520
v -8455.372 1632.693 1971.220
v -8279.218 1632.693 1877.930
v -8103.065 1632.693 1799.830
v -7926.911 1632.693 1732.650
v -7750.758 1632.693 1654.470
v -7574.604 1632.693 1569.950
v -7398.450 1632.693 1492.950
v -7222.297 1632.693 1434.160
v -7046.143 1632.693 1392.500
v -6869.990 1632.693 1467.760
v -6693.836 1632.693 1455.940
v -6517.683 1632.693 1286.600
v -6341.529 1632.693 1142.500
v -6165.375 1632.693 1058.900
v -5989.222 1632.693 850.880
v -5813.068 1632.693 560.220
v -5636.915 1632.693 546.040
v -5460.761 1632.693 492.090
v -5284.607 1632.693 425.200
v -5108.454 1632.693 393.920
v -4932.300 1632.693 377.520
v -4756.147 1632.693 430.330
v -4579.993 1632.693 468.450
v -4403.840 1632.693 458.100
v -4227.686 1632.693 382.760
v -4051.532 1632.693 375.400
v -3875.379 1632.693 391.050
v -3699.225 1632.693 400.880
v -3523.072 1632.693 438.100
v -3346.918 1632.693 564.320
v -3170.764 1632.693 682.220
v -2994.611 1632.693 727.220
v -2818.457 1632.693 805.830
v -2642.304 1632.693 900.700
v -2466.150 1632.693 1030.740
v -2289.997 1632.693 1060.910
v -2113.843 1632.693 1112.690
v -1937.689 1632.693 1052.820
v -1761.536 1632.693 1023.250
v -1585.382 1632.693 1019.840
v -1409.229 1632.693 1115.440
v -1233.075 1632.693 1126.660
v -1056.921 1632.693 1051.080
v -880.768 1632.693 1036.950
v -704.614 1632.693 1060.040
v -528.461 1632.693 1044.230
v -352.307 1632.693 983.630
v -176.154 1632.693 1107.790
v 0.000 1632.693 1071.850
v 176.154 1632.693 1104.850
v 352.307 1632.693 1206.320
v 528.461 1632.693 1201.050
v 704.614 1632.693 1075.210
v 880.768 1632.693 907.200
v 1056.921 1632.693 752.020
v 1233.075 1632.693 712.940
v 1409.229 1632.693 694.790
v 1585.382 1632.693 627.190
v 1761.536 1632.693 541.250
v 1937.689 1632.693 267.620
v 2113.843 1632.693 247.110
v 2289.997 1632.693 337.770
v 2466.150 1632.693 345.020
v 2642.304 1632.693 366.600
v 2818.457 1632.693 307.860
v 2994.611 1632.693 224.860
v 3170.764 1632.693 205.780
v 3346.918 1632.693 165.680
v 3523.072 1632.693 105.500
v 3699.225 1632.693 57.710
v 3875.379 1632.693 50.320
v 4051.532 1632.693 61.720
v 4227.686 1632.693 66.070
v 4403.840 1632.693 61.000
v 4579.993 1632.693 61.030
v 4756.147 1632.693 61.090
v 4932.300 1632.693 65.090
v 5108.454 1632.693 73.630
v 5284.607 1632.693 74.300
v 5460.761 1632.693 86.660
v 5636.915 1632.693 92.490
v 5813.068 1632.693 102.480
v 5989.222 1632.693 131.770
v 6165.375 1632.693 174.700
v 6341.529 1632.693 203.990
v 6517.683 1632.693 295.960
v 6693.836 1632.693 405.560
v 6869.990 1632.693 545.070
v 7046.143 1632.693 638.850
v 7222.297 1632.693 723.690
v 7398.450 1632.693 807.500
v 7574.604 1632.693 861.890
v 7750.758 1632.693 865.100
v 7926.911 1632.693 879.350
v 8103.065 1632.693 1004.860
v 8279.218 1632.693 1133.820
v 8455.372 1632.693 1245.450
v 8631.526 1632.693 1328.730
v 8807.679 1632.693 1408.700
v 8983.833 1632.693 1488.010
v 9159.986 1632.693 1494.280
v 9336.140 1632.693 1505.510
v 9512.293 1632.693 1570.630
v 9688.447 1632.693 1588.250
v 9864.601 1632.693 1537.090
v 10040.754 1632.693 1500.050
v 10216.908 1632.693 1480.790
v 10393.061 1632.693 1413.210
v 10569.215 1632.693 1401.450
v -10569.215 1836.780 2092.800
v -10393.061 1836.780 2144.780
v -10216.908 1836.780 2173.190
v -10040.754 1836.780 2278.680
v -9864.601 1836.780 2428.190
v -9688.447 1836.780 2474.850
v -9512.293 1836.780 2393.810
v -9336.140 1836.780 2351.930
v -9159.986 1836.780 2245.390
v -8983.833 1836.780 2190.110
v -8807.679 1836.780 2108.400
v -8631.526 1836.780 2009.650
v -8455.372 1836.780 1929.270
v -8279.218 1836.780 1835.500
v -8103.065 1836.780 1757.160
v -7926.911 1836.780 1659.450
v -7750.758 1836.780 1559.860
v -7574.604 1836.780 1498.420
v -7398.450 1836.780 1379.010
v -7222.297 1836.780 1293.500
v -7046.143 1836.780 1236.050
v -6869.990 1836.780 1303.240
v -6693.836 1836.780 1315.250
v -6517.683 1836.780 1224.320
v -6341.529 1836.780 1081.790
v -6165.375 1836.780 875.200
v -5989.222 1836.780 688.250
v -5813.068 1836.780 475.330
v -5636.915 1836.780 437.750
v -5460.761 1836.780 408.510
v -5284.607 1836.780 391.200
v -5108.454 1836.780 398.220
v -4932.300 1836.780 379.540
v -4756.147 1836.780 394.060
v -4579.993 1836.780 461.230
v -4403.840 1836.780 490.400
v -4227.686 1836.780 450.350
v -4051.532 1836.780 397.930
v -3875.379 1836.780 423.160
v -3699.225 1836.780 452.380
v -3523.072 1836.780 516.100
v -3346.918 1836.780 626.600
v -3170.764 1836.780 751.870
v -2994.611 1836.780 871.300
v -2818.457 1836.780 994.500
v -2642.304 1836.780 1121.000
v -2466.150 1836.780 1207.900
v -2289.997 1836.780 1230.080
v -2113.843 1836.780 1308.260
v -1937.689 1836.780 1255.800
v -1761.536 1836.780 1213.050
v -1585.382 1836.780 1187.400
v -1409.229 1836.780 1218.790
v -1233.075 1836.780 1330.000
v -1056.921 1836.780 1301.890
v -880.768 1836.780 1220.200
v -704.614 1836.780 1234.390
v -528.461 1836.780 1237.860
v -352.307 1836.780 1221.830
v -176.154 1836.780 1299.080
v 0.000 1836.780 1260.500
v 176.154 1836.780 1306.990
v 352.307 1836.780 1352.430
v 528.461 1836.780 1334.430
v 704.614 1836.780 1234.210
v 880.768 1836.780 1082.450
v 1056.921 1836.780 916.490
v 1233.075 1836.780 879.950
v 1409.229 1836.780 828.350
v 1585.382 1836.780 627.850
v 1761.536 1836.780 440.650
v 1937.689 1836.780 318.960
v 2113.843 1836.780 380.200
v 2289.997 1836.780 505.350
v 2466.150 1836.780 539.200
v 2642.304 1836.780 516.250
v 2818.457 1836.780 585.240
v 2994.611 1836.780 518.900
v 3170.764 1836.780 424.990
v 3346.918 1836.780 335.610
v 3523.072 1836.780 320.350
v 3699.225 1836.780 210.260
v 3875.379 1836.780 143.840
v 4051.532 1836.780 111.050
v 4227.686 1836.780 100.730
v 4403.840 1836.780 76.700
v 4579.993 1836.780 70.510
v 4756.147 1836.780 75.390
v 4932.300 1836.780 80.400
v 5108.454 1836.780 85.590
v 5284.607 1836.780 96.950
v 5460.761 1836.780 90.200
v 5636.915 1836.780 93.210
v 5813.068 1836.780 108.870
v 5989.222 1836.780 115.850
v 6165.375 1836.780 120.950
v 6341.529 1836.780 120.210
v 6517.683 1836.780 120.190
v 6693.836 1836.780 162.870
v 6869.990 1836.780 356.280
v 7046.143 1836.780 531.750
v 7222.297 1836.780 681.370
v 7398.450 1836.780 698.440
v 7574.604 1836.780 680.880
v 7750.758 1836.780 811.330
v 7926.911 1836.780 940.600
v 8103.065 1836.780 1001.530
v 8279.218 1836.780 1109.530
v 8455.372 1836.780 1230.140
v 8631.526 1836.780 1323.190
v 8807.679 1836.780 1361.750
v 8983.833 1836.780 1382.050
v 9159.986 1836.780 1345.740
v 9336.140 1836.780 1344.770
v 9512.293 1836.780 1431.020
v 9688.447 1836.780 1453.000
v 9864.601 1836.780 1417.100
v 10040.754 1836.780 1376.310
v 10216.908 1836.780 1371.540
v 10393.061 1836.780 1272.280
v 10569.215 1836.780 1276.700
v -10569.215 2040.867 2010.500
v -10393.061 2040.867 2097.850
v -10216.908 2040.867 2159.950
v -10040.754 2040.867 2319.700
v -9864.601 2040.867 2431.050
v -9688.447 2040.867 2378.500
v -9512.293 2040.867 2305.050
v -9336.140 2040.867 2253.250
v -9159.986 2040.867 2196.300
v -8983.833 2040.867 2145.800
v -8807.679 2040.867 2057.250
v -8631.526 2040.867 1963.900
v -8455.372 2040.867 1872.650
v -8279.218 2040.867 1816.650
v -8103.065 2040.867 1709.500
v -7926.911 2040.867 1613.750
v -7750.758 2040.867 1498.800
v -7574.604 2040.867 1385.650
v -7398.450 2040.867 1253.850
v -7222.297 2040.867 1152.000
v -7046.143 2040.867 1098.500
v -6869.990 2040.867 1127.250
v -6693.836 2040.867 1122.900
v -6517.683 2040.867 1038.100
v -6341.529 2040.867 937.400
v -6165.375 2040.867 762.500
v -5989.222 2040.867 526.950
v -5813.068 2040.867 478.650
v -5636.915 2040.867 414.050
v -5460.761 2040.867 413.250
v -5284.607 2040.867 442.750
v -5108.454 2040.867 400.450
v -4932.300 2040.867 375.750
v -4756.147 2040.867 381.000
v -4579.993 2040.867 385.600
v -4403.840 2040.867 441.750
v -4227.686 2040.867 483.550
v -4051.532 2040.867 436.250
v -3875.379 2040.867 436.100
v -3699.225 2040.867 465.150
v -3523.072 2040.867 574.250
v -3346.918 2040.867 723.000
v -3170.764 2040.867 838.600
v -2994.611 2040.867 965.150
v -2818.457 2040.867 1092.600
v -2642.304 2040.867 1224.750
v -2466.150 2040.867 1317.050
v -2289.997 2040.867 1404.800
v -2113.843 2040.867 1470.150
v -1937.689 2040.867 1412.450
v -1761.536 2040.867 1348.750
v -1585.382 2040.867 1292.600
v -1409.229 2040.867 1325.850
v -1233.075 2040.867 1332.100
v -1056.921 2040.867 1433.800
v -880.768 2040.867 1350.250
v -704.614 2040.867 1374.150
v -528.461 2040.867 1386.900
v -352.307 2040.867 1397.800
v -176.154 2040.867 1410.750
v 0.000 2040.867 1426.750
v 176.154 2040.867 1406.350
v 352.307 2040.867 1456.050
v 528.461 2040.867 1493.500
v 704.614 2040.867 1388.850
v 880.768 2040.867 1249.750
v 1056.921 2040.867 1126.550
v 1233.075 2040.867 1049.850
v 1409.229 2040.867 904.150
v 1585.382 2040.867 671.200
v 1761.536 2040.867 404.000
v 1937.689 2040.867 334.750
v 2113.843 2040.867 489.100
v 2289.997 2040.867 603.200
v 2466.150 2040.867 659.850
v 2642.304 2040.867 656.250
v 2818.457 2040.867 818.850
v 2994.611 2040.867 756.250
v 3170.764 2040.867 667.100
v 3346.918 2040.867 557.800
v 3523.072 2040.867 515.000
v 3699.225 2040.867 447.550
v 3875.379 2040.867 376.200
v 4051.532 2040.867 319.250
v 4227.686 2040.867 276.950
v 4403.840 2040.867 225.250
v 4579.993 2040.867 151.650
v 4756.147 2040.867 114.100
v 4932.300 2040.867 105.100
v 5108.454 2040.867 92.600
v 5284.607 2040.867 128.750
v 5460.761 2040.867 153.500
v 5636.915 2040.867 154.150
v 5813.068 2040.867 157.450
v 5989.222 2040.867 154.300
v 6165.375 2040.867 126.750
v 6341.529 2040.867 134.650
v 6517.683 2040.867 147.750
v 6693.836 2040.867 125.900
v 6869.990 2040.867 182.000
v 7046.143 2040.867 330.500
v 7222.297 2040.867 524.400
v 7398.450 2040.867 630.350
v 7574.604 2040.867 696.350
v 7750.758 2040.867 765.500
v 7926.911 2040.867 848.000
v 8103.065 2040.867 983.500
v 8279.218 2040.867 1099.250
v 8455.372 2040.867 1215.200
v 8631.526 2040.867 1188.400
v 8807.679 2040.867 1138.250
v 8983.833 2040.867 1214.850
v 9159.986 2040.867 1148.450
v 9336.140 2040.867 1225.650
v 9512.293 2040.867 1331.400
v 9688.447 2040.867 1310.500
v 9864.601 2040.867 1261.700
v 10040.754 2040.867 1215.800
v 10216.908 2040.867 1201.950
v 10393.061 2040.867 1136.750
v 10569.215 2040.867 1140.750
v -10569.215 2244.953 2028.450
v -10393.061 2244.953 2068.300
v -10216.908 2244.953 2168.180
v -10040.754 2244.953 2270.300
v -9864.601 2244.953 2418.520
v -9688.447 2244.953 2340.800
v -9512.293 2244.953 2241.780
v -9336.140 2244.953 2212.110
v -9159.986 2244.953 2168.510
v -8983.833 2244.953 2110.200
v -8807.679 2244.953 2037.200
v -8631.526 2244.953 1944.450
v -8455.372 2244.953 1825.250
v -8279.218 2244.953 1748.640
v -8103.065 2244.953 1670.740
v -7926.911 2244.953 1569.150
v -7750.758 2244.953 1427.450
v -7574.604 2244.953 1331.410
v -7398.450 2244.953 1231.150
v -7222.297 2244.953 1057.980
v -7046.143 2244.953 977.400
v -6869.990 2244.953 945.420
v -6693.836 2244.953 923.510
v -6517.683 2244.953 847.300
v -6341.529 2244.953 721.640
v -6165.375 2244.953 597.350
v -5989.222 2244.953 464.030
v -5813.068 2244.953 449.350
v -5636.915 2244.953 426.640
v -5460.761 2244.953 426.230
v -5284.607 2244.953 468.100
v -5108.454 2244.953 421.790
v -4932.300 2244.953 377.830
v -4756.147 2244.953 372.930
v -4579.993 2244.953 374.200
v -4403.840 2244.953 383.550
v -4227.686 2244.953 448.910
v -4051.532 2244.953 497.670
v -3875.379 2244.953 456.840
v -3699.225 2244.953 494.650
v -3523.072 2244.953 694.850
v -3346.918 2244.953 806.210
v -3170.764 2244.953 918.000
v -2994.611 2244.953 1047.700
v -2818.457 2244.953 1178.900
v -2642.304 2244.953 1314.950
v -2466.150 2244.953 1417.300
v -2289.997 2244.953 1539.950
v -2113.843 2244.953 1593.720
v -1937.689 2244.953 1530.910
v -1761.536 2244.953 1464.150
v -1585.382 2244.953 1409.340
v -1409.229 2244.953 1443.070
v -1233.075 2244.953 1457.340
v -1056.921 2244.953 1498.980
v -880.768 2244.953 1511.400
v -704.614 2244.953 1513.910
v -528.461 2244.953 1524.760
v -352.307 2244.953 1540.900
v -176.154 2244.953 1536.230
v 0.000 2244.953 1548.450
v 176.154 2244.953 1516.780
v 352.307 2244.953 1490.220
v 528.461 2244.953 1459.870
v 704.614 2244.953 1519.050
v 880.768 2244.953 1347.900
v 1056.921 2244.953 1231.130
v 1233.075 2244.953 1108.770
v 1409.229 2244.953 987.230
v 1585.382 2244.953 642.710
v 1761.536 2244.953 587.200
v 1937.689 2244.953 517.190
v 2113.843 2244.953 585.640
v 2289.997 2244.953 686.930
v 2466.150 2244.953 745.400
v 2642.304 2244.953 789.550
v 2818.457 2244.953 973.510
v 2994.611 2244.953 969.350
v 3170.764 2244.953 882.850
v 3346.918 2244.953 775.830
v 3523.072 2244.953 721.350
v 3699.225 2244.953 661.440
v 3875.379 2244.953 601.120
v 4051.532 2244.953 547.280
v 4227.686 2244.953 476.870
v 4403.840 2244.953 447.000
v 4579.993 2244.953 385.600
v 4756.147 2244.953 331.300
v 4932.300 2244.953 244.390
v 5108.454 2244.953 128.560
v 5284.607 2244.953 163.000
v 5460.761 2244.953 205.100
v 5636.915 2244.953 195.100
v 5813.068 2244.953 180.870
v 5989.222 2244.953 195.180
v 6165.375 2244.953 143.900
v 6341.529 2244.953 145.880
v 6517.683 2244.953 195.450
v 6693.836 2244.953 159.640
v 6869.990 2244.953 133.950
v 7046.143 2244.953 185.850
v 7222.297 2244.953 375.990
v 7398.450 2244.953 535.090
v 7574.604 2244.953 619.070
v 7750.758 2244.953 763.650
v 7926.911 2244.953 862.100
v 8103.065 2244.953 963.670
v 8279.218 2244.953 1008.440
v 8455.372 2244.953 1013.780
v 8631.526 2244.953 917.240
v 8807.679 2244.953 999.400
v 8983.833 2244.953 1030.790
v 9159.986 2244.953 1003.730
v 9336.140 2244.953 1106.670
v 9512.293 2244.953 1224.120
v 9688.447 2244.953 1168.300
v 9864.601 2244.953 1078.420
v 10040.754 2244.953 1036.300
v 10216.908 2244.953 1043.040
v 10393.061 2244.953 1032.610
v 10569.215 2244.953 1058.500
v -10569.215 2449.040 2065.250
v -10393.061 2449.040 2086.130
v -10216.908 2449.040 2138.640
v -10040.754 2449.040 2293.240
v -9864.601 2449.040 2330.540
v -9688.447 2449.040 2196.700
v -9512.293 2449.040 2198.850
v -9336.140 2449.040 2102.720
v -9159.986 2449.040 2114.210
v -8983.833 2449.040 2095.660
v -8807.679 2449.040 2055.100
v -8631.526 2449.040 1970.170
v -8455.372 2449.040 1865.760
v -8279.218 2449.040 1739.530
v -8103.065 2449.040 1617.000
v -7926.911 2449.040 1517.200
v -7750.758 2449.040 1412.870
v -7574.604 2449.040 1254.240
v -7398.450 2449.040 1144.020
v -7222.297 2449.040 1004.430
v -7046.143 2449.040 821.100
v -6869.990 2449.040 790.920
v -6693.836 2449.040 811.050
v -6517.683 2449.040 665.560
v -6341.529 2449.040 498.710
v -6165.375 2449.040 455.200
v -5989.222 2449.040 465.630
v -5813.068 2449.040 457.510
v -5636.915 2449.040 443.370
v -5460.761 2449.040 415.330
v -5284.607 2449.040 426.100
v -5108.454 2449.040 491.950
v -4932.300 2449.040 413.380
v -4756.147 2449.040 375.380
v -4579.993 2449.040 373.930
v -4403.840 2449.040 378.300
v -4227.686 2449.040 395.900
v -4051.532 2449.040 483.420
v -3875.379 2449.040 538.980
v -3699.225 2449.040 612.200
v -3523.072 2449.040 781.450
v -3346.918 2449.040 881.600
v -3170.764 2449.040 1000.900
v -2994.611 2449.040 1136.110
v -2818.457 2449.040 1290.200
v -2642.304 2449.040 1433.550
v -2466.150 2449.040 1539.860
v -2289.997 2449.040 1733.060
v -2113.843 2449.040 1730.940
v -1937.689 2449.040 1640.660
v -1761.536 2449.040 1559.050
v -1585.382 2449.040 1541.980
v -1409.229 2449.040 1563.670
v -1233.075 2449.040 1594.440
v -1056.921 2449.040 1621.960
v -880.768 2449.040 1683.800
v -704.614 2449.040 1736.900
v -528.461 2449.040 1677.620
v -352.307 2449.040 1682.200
v -176.154 2449.040 1688.300
v 0.000 2449.040 1677.550
v 176.154 2449.040 1634.130
v 352.307 2449.040 1577.610
v 528.461 2449.040 1534.280
v 704.614 2449.040 1468.080
v 880.768 2449.040 1265.900
v 1056.921 2449.040 1196.910
v 1233.075 2449.040 1211.100
v 1409.229 2449.040 1011.930
v 1585.382 2449.040 1023.670
v 1761.536 2449.040 834.750
v 1937.689 2449.040 779.870
v 2113.843 2449.040 781.720
v 2289.997 2449.040 801.160
v 2466.150 2449.040 874.700
v 2642.304 2449.040 880.400
v 2818.457 2449.040 1098.290
v 2994.611 2449.040 1079.850
v 3170.764 2449.040 1014.510
v 3346.918 2449.040 979.910
v 3523.072 2449.040 933.800
v 3699.225 2449.040 912.630
v 3875.379 2449.040 880.910
v 4051.532 2449.040 767.820
v 4227.686 2449.040 655.710
v 4403.840 2449.040 682.450
v 4579.993 2449.040 617.300
v 4756.147 2449.040 573.730
v 4932.300 2449.040 488.980
v 5108.454 2449.040 358.530
v 5284.607 2449.040 299.950
v 5460.761 2449.040 271.260
v 5636.915 2449.040 216.660
v 5813.068 2449.040 192.800
v 5989.222 2449.040 243.970
v 6165.375 2449.040 156.400
v 6341.529 2449.040 157.670
v 6517.683 2449.040 214.090
v 6693.836 2449.040 217.010
v 6869.990 2449.040 189.700
v 7046.143 2449.040 158.850
v 7222.297 2449.040 182.450
v 7398.450 2449.040 377.660
v 7574.604 2449.040 526.540
v 7750.758 2449.040 654.660
v 7926.911 2449.040 748.550
v 8103.065 2449.040 761.630
v 8279.218 2449.040 775.310
v 8455.372 2449.040 796.760
v 8631.526 2449.040 754.310
v 8807.679 2449.040 868.500
v 8983.833 2449.040 878.460
v 9159.986 2449.040 887.100
v 9336.140 2449.040 1001.840
v 9512.293 2449.040 1066.120
v 9688.447 2449.040 1012.800
v 9864.601 2449.040 895.240
v 10040.754 2449.040 854.350
v 10216.908 2449.040 906.880
v 10393.061 2449.040 956.460
v 10569.215 2449.040 1027.150
v -10569.215 2653.127 2134.100
v -10393.061 2653.127 2141.670
v -10216.908 2653.127 2179.150
v -10040.754 2653.127 2263.960
v -9864.601 2653.127 2210.110
v -9688.447 2653.127 2126.150
v -9512.293 2653.127 2054.200
v -9336.140 2653.127 1991.750
v -9159.986 2653.127 2027.950
v -8983.833 2653.127 1973.490
v -8807.679 2653.127 2008.700
v -8631.526 2653.127 1967.080
v -8455.372 2653.127 1936.310
v -8279.218 2653.127 1856.450
v -8103.065 2653.127 1745.410
v -7926.911 2653.127 1525.350
v -7750.758 2653.127 1411.540
v -7574.604 2653.127 1243.480
v -7398.450 2653.127 916.860
v -7222.297 2653.127 827.150
v -7046.143 2653.127 742.450
v -6869.990 2653.127 669.070
v -6693.836 2653.127 535.300
v -6517.683 2653.127 484.150
v -6341.529 2653.127 456.730
v -6165.375 2653.127 455.400
v -5989.222 2653.127 455.670
v -5813.068 2653.127 458.520
v -5636.915 2653.127 447.890
v -5460.761 2653.127 424.310
v -5284.607 2653.127 422.200
v -5108.454 2653.127 438.370
v -4932.300 2653.127 509.220
v -4756.147 2653.127 388.310
v -4579.993 2653.127 376.070
v -4403.840 2653.127 390.150
v -4227.686 2653.127 399.060
v -4051.532 2653.127 451.070
v -3875.379 2653.127 552.510
v -3699.225 2653.127 696.500
v -3523.072 2653.127 828.150
v -3346.918 2653.127 944.470
v -3170.764 2653.127 1068.690
v -2994.611 2653.127 1218.390
v -2818.457 2653.127 1418.770
v -2642.304 2653.127 1482.800
v -2466.150 2653.127 1614.840
v -2289.997 2653.127 1704.020
v -2113.843 2653.127 1801.260
v -1937.689 2653.127 1766.900
v -1761.536 2653.127 1665.850
v -1585.382 2653.127 1653.410
v -1409.229 2653.127 1671.830
v -1233.075 2653.127 1719.790
v -1056.921 2653.127 1754.700
v -880.768 2653.127 1811.750
v -704.614 2653.127 1855.530
v -528.461 2653.127 1844.820
v -352.307 2653.127 1837.110
v -176.154 2653.127 1831.200
v 0.000 2653.127 1804.050
v 176.154 2653.127 1748.670
v 352.307 2653.127 1672.000
v 528.461 2653.127 1607.100
v 704.614 2653.127 1517.470
v 880.768 2653.127 1399.450
v 1056.921 2653.127 1268.570
v 1233.075 2653.127 1099.450
v 1409.229 2653.127 942.160
v 1585.382 2653.127 968.070
v 1761.536 2653.127 950.500
v 1937.689 2653.127 932.670
v 2113.843 2653.127 925.800
v 2289.997 2653.127 942.210
v 2466.150 2653.127 977.120
v 2642.304 2653.127 1034.650
v 2818.457 2653.127 1199.460
v 2994.611 2653.127 1211.510
v 3170.764 2653.127 1160.140
v 3346.918 2653.127 1139.110
v 3523.072 2653.127 1106.350
v 3699.225 2653.127 1033.860
v 3875.379 2653.127 1042.810
v 4051.532 2653.127 922.000
v 4227.686 2653.127 932.260
v 4403.840 2653.127 903.750
v 4579.993 2653.127 850.350
v 4756.147 2653.127 809.700
v 4932.300 2653.127 817.360
v 5108.454 2653.127 621.840
v 5284.607 2653.127 463.600
v 5460.761 2653.127 357.530
v 5636.915 2653.127 435.160
v 5813.068 2653.127 283.340
v 5989.222 2653.127 237.770
v 6165.375 2653.127 204.350
v 6341.529 2653.127 176.700
v 6517.683 2653.127 178.530
v 6693.836 2653.127 258.190
v 6869.990 2653.127 238.250
v 7046.143 2653.127 210.600
v 7222.297 2653.127 158.800
v 7398.450 2653.127 174.220
v 7574.604 2653.127 296.690
v 7750.758 2653.127 411.500
v 7926.911 2653.127 426.550
v 8103.065 2653.127 479.780
v 8279.218 2653.127 521.150
v 8455.372 2653.127 570.110
v 8631.526 2653.127 631.220
v 8807.679 2653.127 672.550
v 8983.833 2653.127 737.350
v 9159.986 2653.127 804.150
v 9336.140 2653.127 849.950
v 9512.293 2653.127 879.670
v 9688.447 2653.127 789.850
v 9864.601 2653.127 768.590
v 10040.754 2653.127 883.670
v 10216.908 2653.127 988.160
v 10393.061 2653.127 1073.950
v 10569.215 2653.127 1207.800
v -10569.215 2857.213 2234.550
v -10393.061 2857.213 2227.890
v -10216.908 2857.213 2161.300
v -10040.754 2857.213 2079.690
v -9864.601 2857.213 2036.180
v -9688.447 2857.213 1966.350
v -9512.293 2857.213 1978.810
v -9336.140 2857.213 1834.820
v -9159.986 2857.213 1853.510
v -8983.833 2857.213 1835.250
v -8807.679 2857.213 1882.700
v -8631.526 2857.213 1910.800
v -8455.372 2857.213 1839.830
v -8279.218 2857.213 1806.570
v -8103.065 2857.213 1755.200
v -7926.911 2857.213 1566.200
v -7750.758 2857.213 1318.290
v -7574.604 2857.213 1164.400
v -7398.450 2857.213 917.110
v -7222.297 2857.213 690.170
v -7046.143 2857.213 614.700
v -6869.990 2857.213 567.360
v -6693.836 2857.213 481.920
v -6517.683 2857.213 466.830
v -6341.529 2857.213 459.590
v -6165.375 2857.213 460.700
v -5989.222 2857.213 441.410
v -5813.068 2857.213 460.200
v -5636.915 2857.213 448.360
v -5460.761 2857.213 439.610
v -5284.607 2857.213 424.850
v -5108.454 2857.213 451.890
v -4932.300 2857.213 507.160
v -4756.147 2857.213 467.840
v -4579.993 2857.213 404.790
v -4403.840 2857.213 418.050
v -4227.686 2857.213 446.590
v -4051.532 2857.213 473.620
v -3875.379 2857.213 505.690
v -3699.225 2857.213 714.520
v -3523.072 2857.213 851.200
v -3346.918 2857.213 964.300
v -3170.764 2857.213 1086.270
v -2994.611 2857.213 1208.260
v -2818.457 2857.213 1281.000
v -2642.304 2857.213 1376.100
v -2466.150 2857.213 1566.720
v -2289.997 2857.213 1686.000
v -2113.843 2857.213 1815.770
v -1937.689 2857.213 1867.680
v -1761.536 2857.213 1820.350
v -1585.382 2857.213 1742.680
v -1409.229 2857.213 1788.020
v -1233.075 2857.213 1833.180
v -1056.921 2857.213 1880.010
v -880.768 2857.213 1922.100
v -704.614 2857.213 1977.040
v -528.461 2857.213 2010.850
v -352.307 2857.213 2041.510
v -176.154 2857.213 1939.120
v 0.000 2857.213 1909.900
v 176.154 2857.213 1859.100
v 352.307 2857.213 1755.600
v 528.461 2857.213 1672.000
v 704.614 2857.213 1589.800
v 880.768 2857.213 1489.300
v 1056.921 2857.213 1375.280
v 1233.075 2857.213 1252.600
v 1409.229 2857.213 1140.000
v 1585.382 2857.213 1090.280
v 1761.536 2857.213 1062.350
v 1937.689 2857.213 1049.800
v 2113.843 2857.213 1042.330
v 2289.997 2857.213 1041.540
v 2466.150 2857.213 1076.320
v 2642.304 2857.213 1155.950
v 2818.457 2857.213 1247.900
v 2994.611 2857.213 1351.290
v 3170.764 2857.213 1313.690
v 3346.918 2857.213 1302.770
v 3523.072 2857.213 1184.150
v 3699.225 2857.213 1007.120
v 3875.379 2857.213 1204.170
v 4051.532 2857.213 1174.260
v 4227.686 2857.213 1143.260
v 4403.840 2857.213 1104.200
v 4579.993 2857.213 1038.580
v 4756.147 2857.213 963.320
v 4932.300 2857.213 1009.420
v 5108.454 2857.213 783.850
v 5284.607 2857.213 800.200
v 5460.761 2857.213 607.690
v 5636.915 2857.213 647.770
v 5813.068 2857.213 393.550
v 5989.222 2857.213 250.800
v 6165.375 2857.213 285.150
v 6341.529 2857.213 182.740
v 6517.683 2857.213 174.770
v 6693.836 2857.213 217.100
v 6869.990 2857.213 267.970
v 7046.143 2857.213 247.050
v 7222.297 2857.213 200.300
v 7398.450 2857.213 164.290
v 7574.604 2857.213 178.300
v 7750.758 2857.213 224.880
v 7926.911 2857.213 274.250
v 8103.065 2857.213 342.530
v 8279.218 2857.213 373.370
v 8455.372 2857.213 429.430
v 8631.526 2857.213 463.830
v 8807.679 2857.213 526.150
v 8983.833 2857.213 526.880
v 9159.986 2857.213 641.390
v 9336.140 2857.213 769.190
v 9512.293 2857.213 693.160
v 9688.447 2857.213 743.600
v 9864.601 2857.213 818.620
v 10040.754 2857.213 952.590
v 10216.908 2857.213 1075.020
v 10393.061 2857.213 1201.040
v 10569.215 2857.213 1310.400
v -10569.215 3061.300 2227.000
v -10393.061 3061.300 2117.700
v -10216.908 3061.300 1937.050
v -10040.754 3061.300 1877.100
v -9864.601 3061.300 1860.100
v -9688.447 3061.300 1791.500
v -9512.293 3061.300 1765.500
v -9336.140 3061.300 1723.700
v -9159.986 3061.300 1671.700
v -8983.833 3061.300 1648.350
v -8807.679 3061.300 1678.250
v -8631.526 3061.300 1750.100
v -8455.372 3061.300 1712.000
v -8279.218 3061.300 1684.400
v -8103.065 3061.300 1547.150
v -7926.911 3061.300 1322.500
v -7750.758 3061.300 1167.850
v -7574.604 3061.300 1065.300
v -7398.450 3061.300 958.000
v -7222.297 3061.300 642.200
v -7046.143 3061.300 550.250
v -6869.990 3061.300 513.300
v -6693.836 3061.300 485.900
v -6517.683 3061.300 480.050
v -6341.529 3061.300 465.650
v -6165.375 3061.300 455.250
v -5989.222 3061.300 454.000
v -5813.068 3061.300 449.950
v -5636.915 3061.300 461.550
v -5460.761 3061.300 514.650
v -5284.607 3061.300 527.750
v -5108.454 3061.300 577.000
v -4932.300 3061.300 626.000
v -4756.147 3061.300 614.600
v -4579.993 3061.300 488.850
v -4403.840 3061.300 433.250
v -4227.686 3061.300 477.050
v -4051.532 3061.300 504.350
v -3875.379 3061.300 506.700
v -3699.225 3061.300 623.200
v -3523.072 3061.300 788.500
v -3346.918 3061.300 905.500
v -3170.764 3061.300 1026.450
v -2994.611 3061.300 1094.850
v -2818.457 3061.300 1196.250
v -2642.304 3061.300 1409.500
v -2466.150 3061.300 1551.700
v -2289.997 3061.300 1651.550
v -2113.843 3061.300 1793.950
v -1937.689 3061.300 1942.200
v -1761.536 3061.300 1948.500
v -1585.382 3061.300 1874.750
v -1409.229 3061.300 1883.700
v -1233.075 3061.300 1937.600
v -1056.921 3061.300 1988.900
v -880.768 3061.300 2037.250
v -704.614 3061.300 2080.200
v -528.461 3061.300 2098.700
v -352.307 3061.300 2163.050
v -176.154 3061.300 2062.100
v 0.000 3061.300 2048.750
v 176.154 3061.300 1926.500
v 352.307 3061.300 1817.000
v 528.461 3061.300 1729.250
v 704.614 3061.300 1648.200
v 880.768 3061.300 1558.750
v 1056.921 3061.300 1461.550
v 1233.075 3061.300 1362.000
v 1409.229 3061.300 1262.900
v 1585.382 3061.300 1203.600
v 1761.536 3061.300 1171.250
v 1937.689 3061.300 1145.100
v 2113.843 3061.300 1122.000
v 2289.997 3061.300 1113.250
v 2466.150 3061.300 1147.200
v 2642.304 3061.300 1221.500
v 2818.457 3061.300 1307.650
v 2994.611 3061.300 1426.750
v 3170.764 3061.300 1511.850
v 3346.918 3061.300 1204.350
v 3523.072 3061.300 1185.250
v 3699.225 3061.300 1276.550
v 3875.379 3061.300 1303.600
v 4051.532 3061.300 1302.250
v 4227.686 3061.300 1329.100
v 4403.840 3061.300 1294.750
v 4579.993 3061.300 1215.300
v 4756.147 3061.300 1113.550
v 4932.300 3061.300 1112.550
v 5108.454 3061.300 1037.900
v 5284.607 3061.300 911.500
v 5460.761 3061.300 792.500
v 5636.915 3061.300 749.800
v 5813.068 3061.300 584.450
v 5989.222 3061.300 410.850
v 6165.375 3061.300 299.500
v 6341.529 3061.300 222.200
v 6517.683 3061.300 181.000
v 6693.836 3061.300 197.250
v 6869.990 3061.300 260.150
v 7046.143 3061.300 285.000
v 7222.297 3061.300 230.900
v 7398.450 3061.300 177.750
v 7574.604 3061.300 166.900
v 7750.758 3061.300 173.300
v 7926.911 3061.300 189.250
v 8103.065 3061.300 237.200
v 8279.218 3061.300 283.350
v 8455.372 3061.300 303.700
v 8631.526 3061.300 328.950
v 8807.679 3061.300 384.250
v 8983.833 3061.300 395.450
v 9159.986 3061.300 432.850
v 9336.140 3061.300 558.750
v 9512.293 3061.300 634.600
v 9688.447 3061.300 776.500
v 9864.601 3061.300 893.900
v 10040.754 3061.300 1014.100
v 10216.908 3061.300 1107.450
v 10393.061 3061.300 1242.550
v 10569.215 3061.300 1302.500
v -10569.215 3265.387 2203.750
v -10393.061 3265.387 2101.520
v -10216.908 3265.387 1835.940
v -10040.754 3265.387 1700.100
v -9864.601 3265.387 1688.010
v -9688.447 3265.387 1671.750
v -9512.293 3265.387 1586.390
v -9336.140 3265.387 1580.390
v -9159.986 3265.387 1529.300
v -8983.833 3265.387 1515.080
v -8807.679 3265.387 1525.300
v -8631.526 3265.387 1580.020
v -8455.372 3265.387 1599.000
v -8279.218 3265.387 1350.220
v -8103.065 3265.387 1208.320
v -7926.911 3265.387 1119.350
v -7750.758 3265.387 1020.410
v -7574.604 3265.387 931.440
v -7398.450 3265.387 874.640
v -7222.297 3265.387 569.280
v -7046.143 3265.387 550.200
v -6869.990 3265.387 964.100
v -6693.836 3265.387 622.920
v -6517.683 3265.387 482.800
v -6341.529 3265.387 480.560
v -6165.375 3265.387 474.950
v -5989.222 3265.387 476.300
v -5813.068 3265.387 507.130
v -5636.915 3265.387 599.860
v -5460.761 3265.387 672.990
v -5284.607 3265.387 695.400
v -5108.454 3265.387 719.990
v -4932.300 3265.387 742.300
v -4756.147 3265.387 729.130
v -4579.993 3265.387 682.690
v -4403.840 3265.387 566.500
v -4227.686 3265.387 510.630
v -4051.532 3265.387 531.760
v -3875.379 3265.387 541.500
v -3699.225 3265.387 540.710
v -3523.072 3265.387 642.300
v -3346.918 3265.387 790.750
v -3170.764 3265.387 931.940
v -2994.611 3265.387 978.350
v -2818.457 3265.387 1253.720
v -2642.304 3265.387 1418.050
v -2466.150 3265.387 1497.700
v -2289.997 3265.387 1616.150
v -2113.843 3265.387 1737.390
v -1937.689 3265.387 1894.890
v -1761.536 3265.387 2049.950
v -1585.382 3265.387 2023.560
v -1409.229 3265.387 2030.380
v -1233.075 3265.387 2042.930
v -1056.921 3265.387 2084.910
v -880.768 3265.387 2139.750
v -704.614 3265.387 2189.290
v -528.461 3265.387 2208.000
v -352.307 3265.387 2231.570
v -176.154 3265.387 2189.160
v 0.000 3265.387 2083.150
v 176.154 3265.387 1974.810
v 352.307 3265.387 1878.570
v 528.461 3265.387 1789.500
v 704.614 3265.387 1704.510
v 880.768 3265.387 1620.950
v 1056.921 3265.387 1535.300
v 1233.075 3265.387 1448.330
v 1409.229 3265.387 1361.230
v 1585.382 3265.387 1298.700
v 1761.536 3265.387 1263.300
v 1937.689 3265.387 1233.400
v 2113.843 3265.387 1201.500
v 2289.997 3265.387 1186.730
v 2466.150 3265.387 1213.880
v 2642.304 3265.387 1284.350
v 2818.457 3265.387 1363.380
v 2994.611 3265.387 1480.060
v 3170.764 3265.387 1446.780
v 3346.918 3265.387 1345.170
v 3523.072 3265.387 1360.700
v 3699.225 3265.387 1403.400
v 3875.379 3265.387 1430.900
v 4051.532 3265.387 1559.970
v 4227.686 3265.387 1508.870
v 4403.840 3265.387 1493.750
v 4579.993 3265.387 1328.870
v 4756.147 3265.387 1239.100
v 4932.300 3265.387 1244.470
v 5108.454 3265.387 1230.780
v 5284.607 3265.387 1152.600
v 5460.761 3265.387 957.140
v 5636.915 3265.387 729.390
v 5813.068 3265.387 600.890
v 5989.222 3265.387 502.540
v 6165.375 3265.387 368.550
v 6341.529 3265.387 275.010
v 6517.683 3265.387 208.480
v 6693.836 3265.387 191.740
v 6869.990 3265.387 245.750
v 7046.143 3265.387 283.550
v 7222.297 3265.387 244.260
v 7398.450 3265.387 186.470
v 7574.604 3265.387 161.400
v 7750.758 3265.387 160.500
v 7926.911 3265.387 161.850
v 8103.065 3265.387 193.630
v 8279.218 3265.387 199.770
v 8455.372 3265.387 208.670
v 8631.526 3265.387 213.210
v 8807.679 3265.387 220.050
v 8983.833 3265.387 227.360
v 9159.986 3265.387 253.420
v 9336.140 3265.387 356.810
v 9512.293 3265.387 545.940
v 9688.447 3265.387 658.550
v 9864.601 3265.387 759.440
v 10040.754 3265.387 872.490
v 10216.908 3265.387 1011.440
v 10393.061 3265.387 1068.490
v 10569.215 3265.387 1057.400
v -10569.215 3469.473 2122.700
v -10393.061 3469.473 2000.240
v -10216.908 3469.473 1889.660
v -10040.754 3469.473 1653.340
v -9864.601 3469.473 1513.790
v -9688.447 3469.473 1472.000
v -9512.293 3469.473 1472.240
v -9336.140 3469.473 1427.070
v -9159.986 3469.473 1429.890
v -8983.833 3469.473 1396.870
v -8807.679 3469.473 1342.000
v -8631.526 3469.473 1368.960
v -8455.372 3469.473 1321.990
v -8279.218 3469.473 1127.060
v -8103.065 3469.473 1035.500
v -7926.911 3469.473 950.550
v -7750.758 3469.473 843.830
v -7574.604 3469.473 677.920
v -7398.450 3469.473 583.460
v -7222.297 3469.473 575.720
v -7046.143 3469.473 639.250
v -6869.990 3469.473 563.990
v -6693.836 3469.473 630.430
v -6517.683 3469.473 528.950
v -6341.529 3469.473 528.830
v -6165.375 3469.473 528.800
v -5989.222 3469.473 541.820
v -5813.068 3469.473 683.640
v -5636.915 3469.473 748.190
v -5460.761 3469.473 777.370
v -5284.607 3469.473 805.550
v -5108.454 3469.473 838.730
v -4932.300 3469.473 865.520
v -4756.147 3469.473 843.390
v -4579.993 3469.473 770.770
v -4403.840 3469.473 696.650
v -4227.686 3469.473 626.030
v -4051.532 3469.473 563.280
v -3875.379 3469.473 564.030
v -3699.225 3469.473 555.270
v -3523.072 3469.473 606.250
v -3346.918 3469.473 767.700
v -3170.764 3469.473 850.140
v -2994.611 3469.473 1088.020
v -2818.457 3469.473 1253.210
v -2642.304 3469.473 1372.150
v -2466.150 3469.473 1468.220
v -2289.997 3469.473 1580.570
v -2113.843 3469.473 1727.530
v -1937.689 3469.473 1888.130
v -1761.536 3469.473 2020.150
v -1585.382 3469.473 2138.480
v -1409.229 3469.473 2191.380
v -1233.075 3469.473 2141.020
v -1056.921 3469.473 2182.160
v -880.768 3469.473 2221.700
v -704.614 3469.473 2261.470
v -528.461 3469.473 2296.010
v -352.307 3469.473 2323.560
v -176.154 3469.473 2233.970
v 0.000 3469.473 2129.900
v 176.154 3469.473 2034.270
v 352.307 3469.473 1939.700
v 528.461 3469.473 1849.600
v 704.614 3469.473 1763.070
v 880.768 3469.473 1681.650
v 1056.921 3469.473 1605.000
v 1233.075 3469.473 1528.200
v 1409.229 3469.473 1449.090
v 1585.382 3469.473 1389.100
v 1761.536 3469.473 1349.100
v 1937.689 3469.473 1314.400
v 2113.843 3469.473 1277.420
v 2289.997 3469.473 1255.990
v 2466.150 3469.473 1278.870
v 2642.304 3469.473 1341.850
v 2818.457 3469.473 1406.470
v 2994.611 3469.473 1481.000
v 3170.764 3469.473 1499.600
v 3346.918 3469.473 1481.560
v 3523.072 3469.473 1489.900
v 3699.225 3469.473 1509.630
v 3875.379 3469.473 1566.090
v 4051.532 3469.473 1683.430
v 4227.686 3469.473 1606.810
v 4403.840 3469.473 1480.200
v 4579.993 3469.473 1374.380
v 4756.147 3469.473 1321.420
v 4932.300 3469.473 1274.310
v 5108.454 3469.473 1180.890
v 5284.607 3469.473 1074.950
v 5460.761 3469.473 900.660
v 5636.915 3469.473 735.330
v 5813.068 3469.473 625.230
v 5989.222 3469.473 489.860
v 6165.375 3469.473 403.850
v 6341.529 3469.473 296.230
v 6517.683 3469.473 234.170
v 6693.836 3469.473 197.830
v 6869.990 3469.473 249.000
v 7046.143 3469.473 326.250
v 7222.297 3469.473 273.200
v 7398.450 3469.473 215.710
v 7574.604 3469.473 196.290
v 7750.758 3469.473 172.510
v 7926.911 3469.473 174.200
v 8103.065 3469.473 185.500
v 8279.218 3469.473 186.710
v 8455.372 3469.473 199.630
v 8631.526 3469.473 199.270
v 8807.679 3469.473 211.500
v 8983.833 3469.473 216.810
v 9159.986 3469.473 207.030
v 9336.140 3469.473 235.230
v 9512.293 3469.473 323.390
v 9688.447 3469.473 468.700
v 9864.601 3469.473 623.830
v 10040.754 3469.473 726.990
v 10216.908 3469.473 829.690
v 10393.061 3469.473 896.140
v 10569.215 3469.473 896.900
v -10569.215 3673.560 2001.100
v -10393.061 3673.560 1888.400
v -10216.908 3673.560 1816.200
v -10040.754 3673.560 1591.760
v -9864.601 3673.560 1450.660
v -9688.447 3673.560 1381.050
v -9512.293 3673.560 1289.590
v -9336.140 3673.560 1215.660
v -9159.986 3673.560 1169.110
v -8983.833 3673.560 1204.370
v -8807.679 3673.560 1198.950
v -8631.526 3673.560 1089.570
v -8455.372 3673.560 930.330
v -8279.218 3673.560 863.600
v -8103.065 3673.560 782.260
v -7926.911 3673.560 697.800
v -7750.758 3673.560 671.720
v -7574.604 3673.560 608.440
v -7398.450 3673.560 572.720
v -7222.297 3673.560 590.540
v -7046.143 3673.560 552.000
v -6869.990 3673.560 449.620
v -6693.836 3673.560 509.230
v -6517.683 3673.560 545.450
v -6341.529 3673.560 584.610
v -6165.375 3673.560 572.100
v -5989.222 3673.560 709.140
v -5813.068 3673.560 803.180
v -5636.915 3673.560 861.490
v -5460.761 3673.560 894.170
v -5284.607 3673.560 923.550
v -5108.454 3673.560 956.200
v -4932.300 3673.560 979.600
v -4756.147 3673.560 944.400
v -4579.993 3673.560 854.500
v -4403.840 3673.560 768.000
v -4227.686 3673.560 681.100
v -4051.532 3673.560 619.600
v -3875.379 3673.560 587.800
v -3699.225 3673.560 594.330
v -3523.072 3673.560 596.800
v -3346.918 3673.560 723.710
v -3170.764 3673.560 842.060
v -2994.611 3673.560 1089.030
v -2818.457 3673.560 1240.740
v -2642.304 3673.560 1330.200
v -2466.150 3673.560 1444.940
v -2289.997 3673.560 1569.930
v -2113.843 3673.560 1774.820
v -1937.689 3673.560 1914.500
v -1761.536 3673.560 2029.050
v -1585.382 3673.560 2170.070
v -1409.229 3673.560 2250.960
v -1233.075 3673.560 2269.920
v -1056.921 3673.560 2289.190
v -880.768 3673.560 2305.900
v -704.614 3673.560 2331.360
v -528.461 3673.560 2332.790
v -352.307 3673.560 2405.460
v -176.154 3673.560 2259.870
v 0.000 3673.560 2189.300
v 176.154 3673.560 2101.330
v 352.307 3673.560 2009.300
v 528.461 3673.560 1920.900
v 704.614 3673.560 1833.670
v 880.768 3673.560 1755.100
v 1056.921 3673.560 1683.030
v 1233.075 3673.560 1609.700
v 1409.229 3673.560 1536.910
v 1585.382 3673.560 1478.230
v 1761.536 3673.560 1436.200
v 1937.689 3673.560 1399.170
v 2113.843 3673.560 1359.710
v 2289.997 3673.560 1334.400
v 2466.150 3673.560 1353.770
v 2642.304 3673.560 1414.900
v 2818.457 3673.560 1476.400
v 2994.611 3673.560 1541.700
v 3170.764 3673.560 1576.300
v 3346.918 3673.560 1586.200
v 3523.072 3673.560 1598.450
v 3699.225 3673.560 1614.600
v 3875.379 3673.560 1640.890
v 4051.532 3673.560 1705.160
v 4227.686 3673.560 1612.510
v 4403.840 3673.560 1522.450
v 4579.993 3673.560 1464.570
v 4756.147 3673.560 1407.280
v 4932.300 3673.560 1332.380
v 5108.454 3673.560 1249.500
v 5284.607 3673.560 1157.950
v 5460.761 3673.560 1006.690
v 5636.915 3673.560 818.640
v 5813.068 3673.560 667.710
v 5989.222 3673.560 585.080
v 6165.375 3673.560 479.050
v 6341.529 3673.560 359.460
v 6517.683 3673.560 226.070
v 6693.836 3673.560 201.530
v 6869.990 3673.560 225.810
v 7046.143 3673.560 352.650
v 7222.297 3673.560 331.190
v 7398.450 3673.560 267.320
v 7574.604 3673.560 231.370
v 7750.758 3673.560 221.600
v 7926.911 3673.560 215.400
v 8103.065 3673.560 206.170
v 8279.218 3673.560 252.950
v 8455.372 3673.560 300.480
v 8631.526 3673.560 310.790
v 8807.679 3673.560 333.250
v 8983.833 3673.560 342.550
v 9159.986 3673.560 259.750
v 9336.140 3673.560 250.130
v 9512.293 3673.560 208.500
v 9688.447 3673.560 325.950
v 9864.601 3673.560 491.030
v 10040.754 3673.560 576.920
v 10216.908 3673.560 651.090
v 10393.061 3673.560 743.750
v 10569.215 3673.560 779.100
v -10569.215 3877.647 1913.050
v -10393.061 3877.647 1760.510
v -10216.908 3877.647 1608.950
v -10040.754 3877.647 1469.270
v -9864.601 3877.647 1314.710
v -9688.447 3877.647 1203.850
v -9512.293 3877.647 1163.840
v -9336.140 3877.647 1097.770
v -9159.986 3877.647 1023.900
v -8983.833 3877.647 915.570
v -8807.679 3877.647 876.100
v -8631.526 3877.647 805.820
v -8455.372 3877.647 752.430
v -8279.218 3877.647 725.100
v -8103.065 3877.647 678.930
v -7926.911 3877.647 679.650
v -7750.758 3877.647 709.500
v -7574.604 3877.647 650.770
v -7398.450 3877.647 616.200
v -7222.297 3877.647 594.580
v -7046.143 3877.647 495.100
v -6869.990 3877.647 510.210
v -6693.836 3877.647 610.610
v -6517.683 3877.647 612.380
v -6341.529 3877.647 625.500
v -6165.375 3877.647 747.450
v -5989.222 3877.647 860.430
v -5813.068 3877.647 946.270
v -5636.915 3877.647 1002.930
v -5460.761 3877.647 1030.100
v -5284.607 3877.647 1045.600
v -5108.454 3877.647 1066.300
v -4932.300 3877.647 1075.100
v -4756.147 3877.647 1028.430
v -4579.993 3877.647 928.910
v -4403.840 3877.647 830.500
v -4227.686 3877.647 730.310
v -4051.532 3877.647 675.490
v -3875.379 3877.647 685.570
v -3699.225 3877.647 672.680
v -3523.072 3877.647 622.200
v -3346.918 3877.647 752.410
v -3170.764 3877.647 972.370
v -2994.611 3877.647 1125.430
v -2818.457 3877.647 1277.320
v -2642.304 3877.647 1358.150
v -2466.150 3877.647 1476.540
v -2289.997 3877.647 1584.690
v -2113.843 3877.647 1715.820
v -1937.689 3877.647 1858.380
v -1761.536 3877.647 1997.400
v -1585.382 3877.647 2178.700
v -1409.229 3877.647 2297.680
v -1233.075 3877.647 2324.830
v -1056.921 3877.647 2377.510
v -880.768 3877.647 2392.000
v -704.614 3877.647 2418.010
v -528.461 3877.647 2420.860
v -352.307 3877.647 2436.970
v -176.154 3877.647 2343.900
v 0.000 3877.647 2275.050
v 176.154 3877.647 2186.610
v 352.307 3877.647 2095.300
v 528.461 3877.647 2008.170
v 704.614 3877.647 1924.210
v 880.768 3877.647 1846.550
v 1056.921 3877.647 1773.100
v 1233.075 3877.647 1700.100
v 1409.229 3877.647 1627.130
v 1585.382 3877.647 1568.910
v 1761.536 3877.647 1528.600
v 1937.689 3877.647 1493.410
v 2113.843 3877.647 1454.800
v 2289.997 3877.647 1430.000
v 2466.150 3877.647 1450.290
v 2642.304 3877.647 1511.450
v 2818.457 3877.647 1571.890
v 2994.611 3877.647 1634.570
v 3170.764 3877.647 1676.100
v 3346.918 3877.647 1694.790
v 3523.072 3877.647 1707.850
v 3699.225 3877.647 1720.090
v 3875.379 3877.647 1739.070
v 4051.532 3877.647 1735.830
v 4227.686 3877.647 1674.180
v 4403.840 3877.647 1613.900
v 4579.993 3877.647 1563.210
v 4756.147 3877.647 1504.030
v 4932.300 3877.647 1426.430
v 5108.454 3877.647 1354.100
v 5284.607 3877.647 1243.150
v 5460.761 3877.647 1085.770
v 5636.915 3877.647 869.420
v 5813.068 3877.647 726.840
v 5989.222 3877.647 652.210
v 6165.375 3877.647 552.850
v 6341.529 3877.647 448.770
v 6517.683 3877.647 274.520
v 6693.836 3877.647 207.600
v 6869.990 3877.647 221.890
v 7046.143 3877.647 305.750
v 7222.297 3877.647 384.280
v 7398.450 3877.647 306.410
v 7574.604 3877.647 306.010
v 7750.758 3877.647 438.770
v 7926.911 3877.647 461.200
v 8103.065 3877.647 491.250
v 8279.218 3877.647 439.860
v 8455.372 3877.647 487.570
v 8631.526 3877.647 504.330
v 8807.679 3877.647 461.050
v 8983.833 3877.647 408.930
v 9159.986 3877.647 379.470
v 9336.140 3877.647 333.640
v 9512.293 3877.647 301.860
v 9688.447 3877.647 223.150
v 9864.601 3877.647 233.710
v 10040.754 3877.647 344.400
v 10216.908 3877.647 440.450
v 10393.061 3877.647 596.840
v 10569.215 3877.647 670.700
v -10569.215 4081.733 1897.750
v -10393.061 4081.733 1782.400
v -10216.908 4081.733 1594.800
v -10040.754 4081.733 1505.350
v -9864.601 4081.733 1401.950
v -9688.447 4081.733 1257.750
v -9512.293 4081.733 1110.350
v -9336.140 4081.733 1003.100
v -9159.986 4081.733 929.550
v -8983.833 4081.733 864.050
v -8807.679 4081.733 815.250
v -8631.526 4081.733 768.350
v -8455.372 4081.733 717.750
v -8279.218 4081.733 695.650
v -8103.065 4081.733 683.650
v -7926.911 4081.733 678.250
v -7750.758 4081.733 628.600
v -7574.604 4081.733 631.750
v -7398.450 4081.733 605.150
v -7222.297 4081.733 603.550
v -7046.143 4081.733 613.000
v -6869.990 4081.733 622.050
v -6693.836 4081.733 672.700
v -6517.683 4081.733 698.900
v -6341.529 4081.733 763.750
v -6165.375 4081.733 920.500
v -5989.222 4081.733 1013.900
v -5813.068 4081.733 1101.200
v -5636.915 4081.733 1155.500
v -5460.761 4081.733 1169.550
v -5284.607 4081.733 1169.500
v -5108.454 4081.733 1173.700
v -4932.300 4081.733 1167.850
v -4756.147 4081.733 1109.950
v -4579.993 4081.733 1002.100
v -4403.840 4081.733 897.500
v -4227.686 4081.733 786.200
v -4051.532 4081.733 735.400
v -3875.379 4081.733 763.250
v -3699.225 4081.733 765.650
v -3523.072 4081.733 644.250
v -3346.918 4081.733 847.950
v -3170.764 4081.733 1030.100
v -2994.611 4081.733 1160.150
v -2818.457 4081.733 1309.250
v -2642.304 4081.733 1418.250
v -2466.150 4081.733 1512.850
v -2289.997 4081.733 1598.050
v -2113.843 4081.733 1696.500
v -1937.689 4081.733 1801.650
v -1761.536 4081.733 1944.500
v -1585.382 4081.733 2079.400
v -1409.229 4081.733 2228.300
v -1233.075 4081.733 2367.050
v -1056.921 4081.733 2420.950
v -880.768 4081.733 2491.250
v -704.614 4081.733 2522.800
v -528.461 4081.733 2537.400
v -352.307 4081.733 2533.200
v -176.154 4081.733 2432.700
v 0.000 4081.733 2369.000
v 176.154 4081.733 2282.550
v 352.307 4081.733 2189.900
v 528.461 4081.733 2104.950
v 704.614 4081.733 2023.100
v 880.768 4081.733 1943.250
v 1056.921 4081.733 1866.950
v 1233.075 4081.733 1792.950
v 1409.229 4081.733 1718.150
v 1585.382 4081.733 1659.400
v 1761.536 4081.733 1621.250
v 1937.689 4081.733 1588.050
v 2113.843 4081.733 1553.800
v 2289.997 4081.733 1530.800
v 2466.150 4081.733 1553.400
v 2642.304 4081.733 1615.000
v 2818.457 4081.733 1675.900
v 2994.611 4081.733 1736.800
v 3170.764 4081.733 1781.000
v 3346.918 4081.733 1803.850
v 3523.072 4081.733 1817.250
v 3699.225 4081.733 1836.300
v 3875.379 4081.733 1850.000
v 4051.532 4081.733 1833.700
v 4227.686 4081.733 1776.400
v 4403.840 4081.733 1717.000
v 4579.993 4081.733 1663.650
v 4756.147 4081.733 1601.000
v 4932.300 4081.733 1524.600
v 5108.454 4081.733 1443.200
v 5284.607 4081.733 1332.750
v 5460.761 4081.733 1178.850
v 5636.915 4081.733 1016.400
v 5813.068 4081.733 860.100
v 5989.222 4081.733 736.900
v 6165.375 4081.733 625.500
v 6341.529 4081.733 521.350
v 6517.683 4081.733 367.250
v 6693.836 4081.733 255.650
v 6869.990 4081.733 219.500
v 7046.143 4081.733 261.750
v 7222.297 4081.733 354.500
v 7398.450 4081.733 290.900
v 7574.604 4081.733 337.500
v 7750.758 4081.733 620.350
v 7926.911 4081.733 674.500
v 8103.065 4081.733 690.550
v 8279.218 4081.733 751.900
v 8455.372 4081.733 775.850
v 8631.526 4081.733 726.500
v 8807.679 4081.733 600.250
v 8983.833 4081.733 500.700
v 9159.986 4081.733 484.000
v 9336.140 4081.733 435.100
v 9512.293 4081.733 429.250
v 9688.447 4081.733 269.000
v 9864.601 4081.733 240.050
v 10040.754 4081.733 261.500
v 10216.908 4081.733 322.600
v 10393.061 4081.733 383.750
v 10569.215 4081.733 404.250
v -10569.215 4285.820 1871.100
v -10393.061 4285.820 1762.330
v -10216.908 4285.820 1541.010
v -10040.754 4285.820 1335.690
v -9864.601 4285.820 1317.330
v -9688.447 4285.820 1223.350
v -9512.293 4285.820 1092.710
v -9336.140 4285.820 959.460
v -9159.986 4285.820 881.610
v -8983.833 4285.820 815.280
v -8807.679 4285.820 763.650
v -8631.526 4285.820 744.310
v -8455.372 4285.820 744.660
v -8279.218 4285.820 734.670
v -8103.065 4285.820 732.670
v -7926.911 4285.820 726.900
v -7750.758 4285.820 699.560
v -7574.604 4285.820 661.850
v -7398.450 4285.820 648.490
v -7222.297 4285.820 645.980
v -7046.143 4285.820 694.500
v -6869.990 4285.820 712.050
v -6693.836 4285.820 740.800
v -6517.683 4285.820 761.290
v -6341.529 4285.820 966.640
v -6165.375 4285.820 1079.350
v -5989.222 4285.820 1171.290
v -5813.068 4285.820 1259.670
v -5636.915 4285.820 1308.800
v -5460.761 4285.820 1311.000
v -5284.607 4285.820 1294.500
v -5108.454 4285.820 1284.190
v -4932.300 4285.820 1264.100
v -4756.147 4285.820 1193.540
v -4579.993 4285.820 1077.220
v -4403.840 4285.820 964.450
v -4227.686 4285.820 855.220
v -4051.532 4285.820 827.990
v -3875.379 4285.820 822.030
v -3699.225 4285.820 855.110
v -3523.072 4285.820 866.500
v -3346.918 4285.820 964.680
v -3170.764 4285.820 1059.900
v -2994.611 4285.820 1190.370
v -2818.457 4285.820 1338.410
v -2642.304 4285.820 1459.150
v -2466.150 4285.820 1546.310
v -2289.997 4285.820 1652.590
v -2113.843 4285.820 1751.210
v -1937.689 4285.820 1843.180
v -1761.536 4285.820 1910.500
v -1585.382 4285.820 2016.620
v -1409.229 4285.820 2199.370
v -1233.075 4285.820 2346.740
v -1056.921 4285.820 2488.030
v -880.768 4285.820 2580.700
v -704.614 4285.820 2609.440
v -528.461 4285.820 2639.400
v -352.307 4285.820 2623.010
v -176.154 4285.820 2519.700
v 0.000 4285.820 2470.000
v 176.154 4285.820 2376.590
v 352.307 4285.820 2288.830
v 528.461 4285.820 2206.100
v 704.614 4285.820 2120.480
v 880.768 4285.820 2038.900
v 1056.921 4285.820 1960.900
v 1233.075 4285.820 1885.200
v 1409.229 4285.820 1808.500
v 1585.382 4285.820 1749.700
v 1761.536 4285.820 1712.850
v 1937.689 4285.820 1681.590
v 2113.843 4285.820 1649.800
v 2289.997 4285.820 1630.300
v 2466.150 4285.820 1654.300
v 2642.304 4285.820 1717.550
v 2818.457 4285.820 1778.000
v 2994.611 4285.820 1839.700
v 3170.764 4285.820 1885.670
v 3346.918 4285.820 1911.090
v 3523.072 4285.820 1928.700
v 3699.225 4285.820 1949.700
v 3875.379 4285.820 1964.960
v 4051.532 4285.820 1943.130
v 4227.686 4285.820 1883.010
v 4403.840 4285.820 1824.700
v 4579.993 4285.820 1770.110
v 4756.147 4285.820 1701.700
v 4932.300 4285.820 1613.270
v 5108.454 4285.820 1508.290
v 5284.607 4285.820 1390.550
v 5460.761 4285.820 1242.980
v 5636.915 4285.820 1040.920
v 5813.068 4285.820 922.750
v 5989.222 4285.820 803.190
v 6165.375 4285.820 703.350
v 6341.529 4285.820 633.970
v 6517.683 4285.820 448.990
v 6693.836 4285.820 335.190
v 6869.990 4285.820 249.630
v 7046.143 4285.820 243.950
v 7222.297 4285.820 298.220
v 7398.450 4285.820 444.370
v 7574.604 4285.820 542.660
v 7750.758 4285.820 705.090
v 7926.911 4285.820 814.800
v 8103.065 4285.820 907.060
v 8279.218 4285.820 992.900
v 8455.372 4285.820 1021.330
v 8631.526 4285.820 947.940
v 8807.679 4285.820 765.150
v 8983.833 4285.820 676.720
v 9159.986 4285.820 592.090
v 9336.140 4285.820 528.520
v 9512.293 4285.820 558.080
v 9688.447 4285.820 416.650
v 9864.601 4285.820 299.750
v 10040.754 4285.820 229.680
v 10216.908 4285.820 262.280
v 10393.061 4285.820 331.700
v 10569.215 4285.820 377.600
v -10569.215 4489.907 1667.850
v -10393.061 4489.907 1586.900
v -10216.908 4489.907 1472.710
v -10040.754 4489.907 1301.560
v -9864.601 4489.907 1150.740
v -9688.447 4489.907 1156.300
v -9512.293 4489.907 1053.340
v -9336.140 4489.907 923.370
v -9159.986 4489.907 819.310
v -8983.833 4489.907 797.800
v -8807.679 4489.907 792.600
v -8631.526 4489.907 797.120
v -8455.372 4489.907 798.010
v -8279.218 4489.907 789.110
v -8103.065 4489.907 792.790
v -7926.911 4489.907 790.050
v -7750.758 4489.907 773.350
v -7574.604 4489.907 701.730
v -7398.450 4489.907 747.890
v -7222.297 4489.907 819.840
v -7046.143 4489.907 905.000
v -6869.990 4489.907 947.510
v -6693.836 4489.907 979.410
v -6517.683 4489.907 1054.300
v -6341.529 4489.907 1138.570
v -6165.375 4489.907 1236.450
v -5989.222 4489.907 1327.530
v -5813.068 4489.907 1416.210
v -5636.915 4489.907 1460.010
v -5460.761 4489.907 1450.000
v -5284.607 4489.907 1419.450
v -5108.454 4489.907 1393.700
v -4932.300 4489.907 1359.700
v -4756.147 4489.907 1277.010
v -4579.993 4489.907 1151.830
v -4403.840 4489.907 1032.700
v -4227.686 4489.907 921.300
v -4051.532 4489.907 901.160
v -3875.379 4489.907 886.390
v -3699.225 4489.907 911.730
v -3523.072 4489.907 962.000
v -3346.918 4489.907 1014.930
v -3170.764 4489.907 1106.300
v -2994.611 4489.907 1230.400
v -2818.457 4489.907 1366.600
v -2642.304 4489.907 1502.900
v -2466.150 4489.907 1603.590
v -2289.997 4489.907 1688.870
v -2113.843 4489.907 1780.290
v -1937.689 4489.907 1887.390
v -1761.536 4489.907 1972.550
v -1585.382 4489.907 2058.520
v -1409.229 4489.907 2206.400
v -1233.075 4489.907 2299.820
v -1056.921 4489.907 2389.350
v -880.768 4489.907 2486.550
v -704.614 4489.907 2639.350
v -528.461 4489.907 2719.450
v -352.307 4489.907 2742.380
v -176.154 4489.907 2574.650
v 0.000 4489.907 2568.650
v 176.154 4489.907 2469.860
v 352.307 4489.907 2382.000
v 528.461 4489.907 2309.010
v 704.614 4489.907 2217.400
v 880.768 4489.907 2131.150
v 1056.921 4489.907 2053.100
v 1233.075 4489.907 1976.390
v 1409.229 4489.907 1898.300
v 1585.382 4489.907 1840.730
v 1761.536 4489.907 1807.350
v 1937.689 4489.907 1781.300
v 2113.843 4489.907 1752.080
v 2289.997 4489.907 1736.280
v 2466.150 4489.907 1761.400
v 2642.304 4489.907 1822.900
v 2818.457 4489.907 1881.630
v 2994.611 4489.907 1941.600
v 3170.764 4489.907 1986.590
v 3346.918 4489.907 2011.370
v 3523.072 4489.907 2029.100
v 3699.225 4489.907 2050.000
v 3875.379 4489.907 2063.200
v 4051.532 4489.907 2038.590
v 4227.686 4489.907 1976.900
v 4403.840 4489.907 1916.550
v 4579.993 4489.907 1859.230
v 4756.147 4489.907 1783.400
v 4932.300 4489.907 1681.420
v 5108.454 4489.907 1570.730
v 5284.607 4489.907 1454.400
v 5460.761 4489.907 1272.720
v 5636.915 4489.907 1012.590
v 5813.068 4489.907 971.460
v 5989.222 4489.907 976.420
v 6165.375 4489.907 892.300
v 6341.529 4489.907 701.220
v 6517.683 4489.907 539.050
v 6693.836 4489.907 365.230
v 6869.990 4489.907 268.470
v 7046.143 4489.907 245.200
v 7222.297 4489.907 279.060
v 7398.450 4489.907 505.180
v 7574.604 4489.907 584.430
v 7750.758 4489.907 752.660
v 7926.911 4489.907 850.850
v 8103.065 4489.907 972.320
v 8279.218 4489.907 1121.810
v 8455.372 4489.907 1203.100
v 8631.526 4489.907 1140.860
v 8807.679 4489.907 983.350
v 8983.833 4489.907 817.110
v 9159.986 4489.907 738.660
v 9336.140 4489.907 673.310
v 9512.293 4489.907 597.590
v 9688.447 4489.907 495.350
v 9864.601 4489.907 440.980
v 10040.754 4489.907 335.520
v 10216.908 4489.907 270.170
v 10393.061 4489.907 245.140
v 10569.215 4489.907 324.150
v -10569.215 4693.993 1501.600
v -10393.061 4693.993 1426.940
v -10216.908 4693.993 1312.420
v -10040.754 4693.993 1092.010
v -9864.601 4693.993 1042.770
v -9688.447 4693.993 975.050
v -9512.293 4693.993 907.430
v -9336.140 4693.993 860.940
v -9159.986 4693.993 855.260
v -8983.833 4693.993 852.700
v -8807.679 4693.993 822.100
v -8631.526 4693.993 844.070
v -8455.372 4693.993 869.020
v -8279.218 4693.993 873.580
v -8103.065 4693.993 871.410
v -7926.911 4693.993 892.100
v -7750.758 4693.993 903.430
v -7574.604 4693.993 916.180
v -7398.450 4693.993 926.400
v -7222.297 4693.993 979.930
v -7046.143 4693.993 1049.500
v -6869.990 4693.993 1097.200
v -6693.836 4693.993 1148.200
v -6517.683 4693.993 1220.620
v -6341.529 4693.993 1300.730
v -6165.375 4693.993 1391.900
v -5989.222 4693.993 1477.000
v -5813.068 4693.993 1560.990
v -5636.915 4693.993 1599.590
v -5460.761 4693.993 1578.600
v -5284.607 4693.993 1535.600
v -5108.454 4693.993 1498.200
v -4932.300 4693.993 1451.700
v -4756.147 4693.993 1362.300
v -4579.993 4693.993 1232.400
v -4403.840 4693.993 1108.400
v -4227.686 4693.993 994.130
v -4051.532 4693.993 944.010
v -3875.379 4693.993 922.740
v -3699.225 4693.993 960.480
v -3523.072 4693.993 1034.550
v -3346.918 4693.993 1088.200
v -3170.764 4693.993 1178.290
v -2994.611 4693.993 1301.790
v -2818.457 4693.993 1431.900
v -2642.304 4693.993 1569.500
v -2466.150 4693.993 1685.070
v -2289.997 4693.993 1765.900
v -2113.843 4693.993 1850.700
v -1937.689 4693.993 1949.260
v -1761.536 4693.993 2040.050
v -1585.382 4693.993 2131.680
v -1409.229 4693.993 2215.660
v -1233.075 4693.993 2330.000
v -1056.921 4693.993 2438.630
v -880.768 4693.993 2528.500
v -704.614 4693.993 2600.900
v -528.461 4693.993 2675.070
v -352.307 4693.993 2764.150
v -176.154 4693.993 2761.790
v 0.000 4693.993 2734.200
v 176.154 4693.993 2524.910
v 352.307 4693.993 2451.830
v 528.461 4693.993 2410.250
v 704.614 4693.993 2296.360
v 880.768 4693.993 2211.650
v 1056.921 4693.993 2140.270
v 1233.075 4693.993 2067.300
v 1409.229 4693.993 1992.000
v 1585.382 4693.993 1939.170
v 1761.536 4693.993 1913.900
v 1937.689 4693.993 1895.270
v 2113.843 4693.993 1875.000
v 2289.997 4693.993 1863.400
v 2466.150 4693.993 1886.230
v 2642.304 4693.993 1936.700
v 2818.457 4693.993 1986.040
v 2994.611 4693.993 2036.600
v 3170.764 4693.993 2072.000
v 3346.918 4693.993 2089.100
v 3523.072 4693.993 2097.800
v 3699.225 4693.993 2109.600
v 3875.379 4693.993 2113.400
v 4051.532 4693.993 2083.310
v 4227.686 4693.993 2019.200
v 4403.840 4693.993 1955.200
v 4579.993 4693.993 1892.870
v 4756.147 4693.993 1811.590
v 4932.300 4693.993 1709.200
v 5108.454 4693.993 1594.300
v 5284.607 4693.993 1475.400
v 5460.761 4693.993 1337.730
v 5636.915 4693.993 1212.910
v 5813.068 4693.993 1120.530
v 5989.222 4693.993 1036.330
v 6165.375 4693.993 901.450
v 6341.529 4693.993 747.360
v 6517.683 4693.993 618.880
v 6693.836 4693.993 399.740
v 6869.990 4693.993 326.480
v 7046.143 4693.993 264.450
v 7222.297 4693.993 287.070
v 7398.450 4693.993 395.110
v 7574.604 4693.993 666.880
v 7750.758 4693.993 815.500
v 7926.911 4693.993 922.050
v 8103.065 4693.993 1043.250
v 8279.218 4693.993 1255.760
v 8455.372 4693.993 1337.960
v 8631.526 4693.993 1243.740
v 8807.679 4693.993 1151.700
v 8983.833 4693.993 1058.530
v 9159.986 4693.993 970.180
v 9336.140 4693.993 894.730
v 9512.293 4693.993 724.050
v 9688.447 4693.993 626.550
v 9864.601 4693.993 510.110
v 10040.754 4693.993 453.940
v 10216.908 4693.993 387.000
v 10393.061 4693.993 295.150
v 10569.215 4693.993 259.350
v -10569.215 4898.080 1187.700
v -10393.061 4898.080 1180.890
v -10216.908 4898.080 1060.200
v -10040.754 4898.080 1038.780
v -9864.601 4898.080 971.370
v -9688.447 4898.080 933.600
v -9512.293 4898.080 901.580
v -9336.140 4898.080 848.800
v -9159.986 4898.080 907.820
v -8983.833 4898.080 886.770
v -8807.679 4898.080 878.800
v -8631.526 4898.080 897.120
v -8455.372 4898.080 950.100
v -8279.218 4898.080 990.930
v -8103.065 4898.080 985.160
v -7926.911 4898.080 992.700
v -7750.758 4898.080 1022.400
v -7574.604 4898.080 1070.560
v -7398.450 4898.080 1101.870
v -7222.297 4898.080 1150.190
v -7046.143 4898.080 1213.000
v -6869.990 4898.080 1271.700
v -6693.836 4898.080 1329.800
v -6517.683 4898.080 1395.900
v -6341.529 4898.080 1466.900
v -6165.375 4898.080 1542.700
v -5989.222 4898.080 1617.410
v -5813.068 4898.080 1694.400
v -5636.915 4898.080 1723.670
v -5460.761 4898.080 1693.690
v -5284.607 4898.080 1642.300
v -5108.454 4898.080 1596.300
v -4932.300 4898.080 1540.500
v -4756.147 4898.080 1448.170
v -4579.993 4898.080 1318.200
v -4403.840 4898.080 1192.700
v -4227.686 4898.080 1065.900
v -4051.532 4898.080 1006.330
v -3875.379 4898.080 1003.970
v -3699.225 4898.080 1052.420
v -3523.072 4898.080 1128.650
v -3346.918 4898.080 1191.290
v -3170.764 4898.080 1284.100
v -2994.611 4898.080 1410.900
v -2818.457 4898.080 1540.800
v -2642.304 4898.080 1676.850
v -2466.150 4898.080 1781.880
v -2289.997 4898.080 1823.650
v -2113.843 4898.080 1922.460
v -1937.689 4898.080 2043.220
v -1761.536 4898.080 2109.700
v -1585.382 4898.080 2197.380
v -1409.229 4898.080 2276.940
v -1233.075 4898.080 2373.670
v -1056.921 4898.080 2474.500
v -880.768 4898.080 2565.200
v -704.614 4898.080 2637.800
v -528.461 4898.080 2687.200
v -352.307 4898.080 2752.950
v -176.154 4898.080 2831.020
v 0.000 4898.080 2643.850
v 176.154 4898.080 2528.920
v 352.307 4898.080 2529.290
v 528.461 4898.080 2409.180
v 704.614 4898.080 2315.750
v 880.768 4898.080 2284.350
v 1056.921 4898.080 2233.820
v 1233.075 4898.080 2158.400
v 1409.229 4898.080 2086.670
v 1585.382 4898.080 2046.490
v 1761.536 4898.080 2034.200
v 1937.689 4898.080 2028.400
v 2113.843 4898.080 2019.000
v 2289.997 4898.080 2015.500
v 2466.150 4898.080 2030.900
v 2642.304 4898.080 2062.100
v 2818.457 4898.080 2091.400
v 2994.611 4898.080 2123.970
v 3170.764 4898.080 2140.730
v 3346.918 4898.080 2138.900
v 3523.072 4898.080 2128.500
v 3699.225 4898.080 2120.300
v 3875.379 4898.080 2106.770
v 4051.532 4898.080 2067.000
v 4227.686 4898.080 1999.800
v 4403.840 4898.080 1932.750
v 4579.993 4898.080 1864.890
v 4756.147 4898.080 1783.100
v 4932.300 4898.080 1681.400
v 5108.454 4898.080 1566.680
v 5284.607 4898.080 1452.150
v 5460.761 4898.080 1335.890
v 5636.915 4898.080 1214.900
v 5813.068 4898.080 1094.300
v 5989.222 4898.080 973.990
v 6165.375 4898.080 843.550
v 6341.529 4898.080 718.000
v 6517.683 4898.080 604.480
v 6693.836 4898.080 525.140
v 6869.990 4898.080 483.600
v 7046.143 4898.080 318.400
v 7222.297 4898.080 328.500
v 7398.450 4898.080 397.590
v 7574.604 4898.080 695.940
v 7750.758 4898.080 867.920
v 7926.911 4898.080 969.200
v 8103.065 4898.080 1078.590
v 8279.218 4898.080 1223.880
v 8455.372 4898.080 1406.830
v 8631.526 4898.080 1380.310
v 8807.679 4898.080 1362.700
v 8983.833 4898.080 1323.520
v 9159.986 4898.080 1262.320
v 9336.140 4898.080 1109.620
v 9512.293 4898.080 987.780
v 9688.447 4898.080 774.150
v 9864.601 4898.080 633.120
v 10040.754 4898.080 559.430
v 10216.908 4898.080 506.340
v 10393.061 4898.080 393.150
v 10569.215 4898.080 291.000
v -10569.215 5102.167 1075.500
v -10393.061 5102.167 1047.950
v -10216.908 5102.167 1014.450
v -10040.754 5102.167 1008.950
v -9864.601 5102.167 966.600
v -9688.447 5102.167 982.000
v -9512.293 5102.167 954.700
v -9336.140 5102.167 969.850
v -9159.986 5102.167 962.450
v -8983.833 5102.167 958.500
v -8807.679 5102.167 967.000
v -8631.526 5102.167 994.400
v -8455.372 5102.167 1008.850
v -8279.218 5102.167 1030.500
v -8103.065 5102.167 1072.450
v -7926.911 5102.167 1081.750
v -7750.758 5102.167 1145.350
v -7574.604 5102.167 1210.350
v -7398.450 5102.167 1257.250
v -7222.297 5102.167 1312.600
v -7046.143 5102.167 1374.250
v -6869.990 5102.167 1437.900
v -6693.836 5102.167 1500.000
v -6517.683 5102.167 1563.500
v -6341.529 5102.167 1628.500
v -6165.375 5102.167 1693.500
v -5989.222 5102.167 1758.950
v -5813.068 5102.167 1826.450
v -5636.915 5102.167 1848.200
v -5460.761 5102.167 1810.950
v -5284.607 5102.167 1749.750
v -5108.454 5102.167 1695.200
v -4932.300 5102.167 1631.400
v -4756.147 5102.167 1533.250
v -4579.993 5102.167 1401.100
v -4403.840 5102.167 1272.250
v -4227.686 5102.167 1137.750
v -4051.532 5102.167 1070.000
v -3875.379 5102.167 1089.350
v -3699.225 5102.167 1156.500
v -3523.072 5102.167 1224.750
v -3346.918 5102.167 1292.750
v -3170.764 5102.167 1389.400
v -2994.611 5102.167 1517.500
v -2818.457 5102.167 1648.950
v -2642.304 5102.167 1783.000
v -2466.150 5102.167 1905.100
v -2289.997 5102.167 1995.050
v -2113.843 5102.167 2080.850
v -1937.689 5102.167 2170.250
v -1761.536 5102.167 2255.750
v -1585.382 5102.167 2347.800
v -1409.229 5102.167 2360.200
v -1233.075 5102.167 2471.650
v -1056.921 5102.167 2538.350
v -880.768 5102.167 2629.500
v -704.614 5102.167 2715.850
v -528.461 5102.167 2765.900
v -352.307 5102.167 2849.450
v -176.154 5102.167 2939.650
v 0.000 5102.167 2866.750
v 176.154 5102.167 2698.500
v 352.307 5102.167 2537.000
v 528.461 5102.167 2450.350
v 704.614 5102.167 2396.850
v 880.768 5102.167 2334.500
v 1056.921 5102.167 2308.450
v 1233.075 5102.167 2235.000
v 1409.229 5102.167 2182.050
v 1585.382 5102.167 2155.250
v 1761.536 5102.167 2155.250
v 1937.689 5102.167 2160.050
v 2113.843 5102.167 2162.350
v 2289.997 5102.167 2166.300
v 2466.150 5102.167 2174.850
v 2642.304 5102.167 2187.000
v 2818.457 5102.167 2199.650
v 2994.611 5102.167 2212.550
v 3170.764 5102.167 2211.400
v 3346.918 5102.167 2190.900
v 3523.072 5102.167 2161.250
v 3699.225 5102.167 2135.100
v 3875.379 5102.167 2104.950
v 4051.532 5102.167 2053.800
v 4227.686 5102.167 1984.600
v 4403.840 5102.167 1915.250
v 4579.993 5102.167 1844.950
v 4756.147 5102.167 1762.900
v 4932.300 5102.167 1659.050
v 5108.454 5102.167 1544.750
v 5284.607 5102.167 1433.500
v 5460.761 5102.167 1321.700
v 5636.915 5102.167 1201.700
v 5813.068 5102.167 1074.650
v 5989.222 5102.167 946.500
v 6165.375 5102.167 813.000
v 6341.529 5102.167 696.550
v 6517.683 5102.167 599.700
v 6693.836 5102.167 480.650
v 6869.990 5102.167 418.200
v 7046.143 5102.167 336.250
v 7222.297 5102.167 407.300
v 7398.450 5102.167 484.100
v 7574.604 5102.167 741.150
v 7750.758 5102.167 916.200
v 7926.911 5102.167 1024.750
v 8103.065 5102.167 1128.450
v 8279.218 5102.167 1298.050
v 8455.372 5102.167 1599.300
v 8631.526 5102.167 1581.750
v 8807.679 5102.167 1535.250
v 8983.833 5102.167 1492.200
v 9159.986 5102.167 1475.300
v 9336.140 5102.167 1323.250
v 9512.293 5102.167 1137.700
v 9688.447 5102.167 940.250
v 9864.601 5102.167 762.650
v 10040.754 5102.167 621.100
v 10216.908 5102.167 615.350
v 10393.061 5102.167 464.350
v 10569.215 5102.167 346.250
v -10569.215 5306.253 1027.750
v -10393.061 5306.253 1030.150
v -10216.908 5306.253 1042.470
v -10040.754 5306.253 1056.950
v -9864.601 5306.253 1032.180
v -9688.447 5306.253 1054.100
v -9512.293 5306.253 1053.330
v -9336.140 5306.253 1026.310
v -9159.986 5306.253 1063.310
v -8983.833 5306.253 1070.690
v -8807.679 5306.253 1092.750
v -8631.526 5306.253 1114.800
v -8455.372 5306.253 1143.200
v -8279.218 5306.253 1153.830
v -8103.065 5306.253 1187.920
v -7926.911 5306.253 1238.400
v -7750.758 5306.253 1293.610
v -7574.604 5306.253 1343.670
v -7398.450 5306.253 1408.560
v -7222.297 5306.253 1471.090
v -7046.143 5306.253 1536.000
v -6869.990 5306.253 1601.000
v -6693.836 5306.253 1665.900
v -6517.683 5306.253 1729.630
v -6341.529 5306.253 1790.090
v -6165.375 5306.253 1845.700
v -5989.222 5306.253 1902.300
v -5813.068 5306.253 1962.930
v -5636.915 5306.253 1976.300
v -5460.761 5306.253 1930.110
v -5284.607 5306.253 1860.900
v -5108.454 5306.253 1795.890
v -4932.300 5306.253 1724.530
v -4756.147 5306.253 1620.900
v -4579.993 5306.253 1486.700
v -4403.840 5306.253 1354.100
v -4227.686 5306.253 1214.810
v -4051.532 5306.253 1144.830
v -3875.379 5306.253 1171.600
v -3699.225 5306.253 1246.800
v -3523.072 5306.253 1316.450
v -3346.918 5306.253 1390.410
v -3170.764 5306.253 1492.730
v -2994.611 5306.253 1624.400
v -2818.457 5306.253 1757.110
v -2642.304 5306.253 1893.200
v -2466.150 5306.253 2014.790
v -2289.997 5306.253 2105.800
v -2113.843 5306.253 2183.870
v -1937.689 5306.253 2263.790
v -1761.536 5306.253 2347.350
v -1585.382 5306.253 2448.800
v -1409.229 5306.253 2474.110
v -1233.075 5306.253 2514.870
v -1056.921 5306.253 2710.250
v -880.768 5306.253 2897.500
v -704.614 5306.253 2942.900
v -528.461 5306.253 2964.440
v -352.307 5306.253 2998.100
v -176.154 5306.253 3027.370
v 0.000 5306.253 2865.550
v 176.154 5306.253 2637.320
v 352.307 5306.253 2539.720
v 528.461 5306.253 2482.520
v 704.614 5306.253 2427.720
v 880.768 5306.253 2372.650
v 1056.921 5306.253 2337.520
v 1233.075 5306.253 2309.870
v 1409.229 5306.253 2276.930
v 1585.382 5306.253 2268.090
v 1761.536 5306.253 2279.200
v 1937.689 5306.253 2295.500
v 2113.843 5306.253 2310.700
v 2289.997 5306.253 2321.430
v 2466.150 5306.253 2323.310
v 2642.304 5306.253 2316.050
v 2818.457 5306.253 2308.790
v 2994.611 5306.253 2304.800
v 3170.764 5306.253 2285.070
v 3346.918 5306.253 2244.710
v 3523.072 5306.253 2198.200
v 3699.225 5306.253 2152.800
v 3875.379 5306.253 2104.630
v 4051.532 5306.253 2044.170
v 4227.686 5306.253 1972.210
v 4403.840 5306.253 1901.500
v 4579.993 5306.253 1829.800
v 4756.147 5306.253 1743.130
v 4932.300 5306.253 1637.870
v 5108.454 5306.253 1523.790
v 5284.607 5306.253 1413.450
v 5460.761 5306.253 1301.200
v 5636.915 5306.253 1181.400
v 5813.068 5306.253 1053.100
v 5989.222 5306.253 923.190
v 6165.375 5306.253 785.000
v 6341.529 5306.253 676.290
v 6517.683 5306.253 591.890
v 6693.836 5306.253 400.310
v 6869.990 5306.253 310.920
v 7046.143 5306.253 406.450
v 7222.297 5306.253 502.100
v 7398.450 5306.253 575.210
v 7574.604 5306.253 817.540
v 7750.758 5306.253 947.500
v 7926.911 5306.253 1045.750
v 8103.065 5306.253 1181.020
v 8279.218 5306.253 1299.680
v 8455.372 5306.253 1466.100
v 8631.526 5306.253 1664.110
v 8807.679 5306.253 1667.850
v 8983.833 5306.253 1581.170
v 9159.986 5306.253 1646.810
v 9336.140 5306.253 1384.250
v 9512.293 5306.253 1054.820
v 9688.447 5306.253 996.950
v 9864.601 5306.253 924.430
v 10040.754 5306.253 904.740
v 10216.908 5306.253 829.690
v 10393.061 5306.253 656.350
v 10569.215 5306.253 472.350
v -10569.215 5510.340 1081.600
v -10393.061 5510.340 1060.040
v -10216.908 5510.340 1083.500
v -10040.754 5510.340 1109.000
v -9864.601 5510.340 1109.460
v -9688.447 5510.340 1118.050
v -9512.293 5510.340 1129.450
v -9336.140 5510.340 1102.550
v -9159.986 5510.340 1125.900
v -8983.833 5510.340 1155.660
v -8807.679 5510.340 1190.150
v -8631.526 5510.340 1222.200
v -8455.372 5510.340 1258.780
v -8279.218 5510.340 1286.910
v -8103.065 5510.340 1323.200
v -7926.911 5510.340 1380.350
v -7750.758 5510.340 1439.840
v -7574.604 5510.340 1500.090
v -7398.450 5510.340 1563.790
v -7222.297 5510.340 1632.930
v -7046.143 5510.340 1698.300
v -6869.990 5510.340 1763.270
v -6693.836 5510.340 1827.300
v -6517.683 5510.340 1887.000
v -6341.529 5510.340 1938.500
v -6165.375 5510.340 1979.950
v -5989.222 5510.340 2022.330
v -5813.068 5510.340 2069.010
v -5636.915 5510.340 2070.000
v -5460.761 5510.340 2013.100
v -5284.607 5510.340 1934.750
v -5108.454 5510.340 1860.600
v -4932.300 5510.340 1781.200
v -4756.147 5510.340 1676.600
v -4579.993 5510.340 1547.400
v -4403.840 5510.340 1420.450
v -4227.686 5510.340 1284.800
v -4051.532 5510.340 1220.310
v -3875.379 5510.340 1254.800
v -3699.225 5510.340 1339.100
v -3523.072 5510.340 1414.500
v -3346.918 5510.340 1494.200
v -3170.764 5510.340 1602.000
v -2994.611 5510.340 1736.190
v -2818.457 5510.340 1871.100
v -2642.304 5510.340 2008.600
v -2466.150 5510.340 2127.730
v -2289.997 5510.340 2216.100
v -2113.843 5510.340 2286.210
v -1937.689 5510.340 2359.800
v -1761.536 5510.340 2441.800
v -1585.382 5510.340 2550.270
v -1409.229 5510.340 2576.330
v -1233.075 5510.340 2624.040
v -1056.921 5510.340 2737.920
v -880.768 5510.340 2962.950
v -704.614 5510.340 3122.740
v -528.461 5510.340 3084.540
v -352.307 5510.340 3026.480
v -176.154 5510.340 3049.100
v 0.000 5510.340 2814.500
v 176.154 5510.340 2669.630
v 352.307 5510.340 2554.860
v 528.461 5510.340 2491.100
v 704.614 5510.340 2499.730
v 880.768 5510.340 2456.750
v 1056.921 5510.340 2329.180
v 1233.075 5510.340 2352.560
v 1409.229 5510.340 2352.920
v 1585.382 5510.340 2355.370
v 1761.536 5510.340 2369.500
v 1937.689 5510.340 2388.730
v 2113.843 5510.340 2406.110
v 2289.997 5510.340 2417.100
v 2466.150 5510.340 2410.300
v 2642.304 5510.340 2387.500
v 2818.457 5510.340 2364.930
v 2994.611 5510.340 2344.400
v 3170.764 5510.340 2308.700
v 3346.918 5510.340 2255.030
v 3523.072 5510.340 2193.500
v 3699.225 5510.340 2133.400
v 3875.379 5510.340 2071.900
v 4051.532 5510.340 2004.690
v 4227.686 5510.340 1928.670
v 4403.840 5510.340 1853.650
v 4579.993 5510.340 1778.630
v 4756.147 5510.340 1689.600
v 4932.300 5510.340 1582.790
v 5108.454 5510.340 1468.140
v 5284.607 5510.340 1358.600
v 5460.761 5510.340 1251.800
v 5636.915 5510.340 1135.390
v 5813.068 5510.340 1014.900
v 5989.222 5510.340 891.530
v 6165.375 5510.340 756.150
v 6341.529 5510.340 660.960
v 6517.683 5510.340 621.890
v 6693.836 5510.340 423.010
v 6869.990 5510.340 481.660
v 7046.143 5510.340 559.150
v 7222.297 5510.340 638.910
v 7398.450 5510.340 753.110
v 7574.604 5510.340 891.110
v 7750.758 5510.340 994.900
v 7926.911 5510.340 1055.950
v 8103.065 5510.340 1228.190
v 8279.218 5510.340 1362.100
v 8455.372 5510.340 1467.670
v 8631.526 5510.340 1572.330
v 8807.679 5510.340 1700.350
v 8983.833 5510.340 1679.190
v 9159.986 5510.340 1631.810
v 9336.140 5510.340 1481.880
v 9512.293 5510.340 1139.760
v 9688.447 5510.340 1109.100
v 9864.601 5510.340 1155.450
v 10040.754 5510.340 1269.680
v 10216.908 5510.340 1160.080
v 10393.061 5510.340 954.980
v 10569.215 5510.340 665.150
v -10569.215 5714.427 1098.000
v -10393.061 5714.427 1109.380
v -10216.908 5714.427 1135.620
v -10040.754 5714.427 1178.050
v -9864.601 5714.427 1194.920
v -9688.447 5714.427 1184.900
v -9512.293 5714.427 1217.440
v -9336.140 5714.427 1195.730
v -9159.986 5714.427 1253.990
v -8983.833 5714.427 1293.400
v -8807.679 5714.427 1332.800
v -8631.526 5714.427 1371.830
v -8455.372 5714.427 1411.010
v -8279.218 5714.427 1452.790
v -8103.065 5714.427 1496.530
v -7926.911 5714.427 1550.850
v -7750.758 5714.427 1616.490
v -7574.604 5714.427 1676.990
v -7398.450 5714.427 1738.690
v -7222.297 5714.427 1801.430
v -7046.143 5714.427 1863.500
v -6869.990 5714.427 1920.570
v -6693.836 5714.427 1979.100
v -6517.683 5714.427 2030.600
v -6341.529 5714.427 2062.300
v -6165.375 5714.427 2078.100
v -5989.222 5714.427 2096.100
v -5813.068 5714.427 2116.100
v -5636.915 5714.427 2098.610
v -5460.761 5714.427 2030.030
v -5284.607 5714.427 1941.800
v -5108.454 5714.427 1856.770
v -4932.300 5714.427 1769.600
v -4756.147 5714.427 1671.290
v -4579.993 5714.427 1562.870
v -4403.840 5714.427 1454.900
v -4227.686 5714.427 1338.830
v -4051.532 5714.427 1290.800
v -3875.379 5714.427 1337.900
v -3699.225 5714.427 1432.400
v -3523.072 5714.427 1519.800
v -3346.918 5714.427 1609.130
v -3170.764 5714.427 1721.500
v -2994.611 5714.427 1857.500
v -2818.457 5714.427 1993.200
v -2642.304 5714.427 2130.850
v -2466.150 5714.427 2248.770
v -2289.997 5714.427 2333.200
v -2113.843 5714.427 2398.990
v -1937.689 5714.427 2470.500
v -1761.536 5714.427 2544.150
v -1585.382 5714.427 2632.870
v -1409.229 5714.427 2646.290
v -1233.075 5714.427 2682.700
v -1056.921 5714.427 2776.920
v -880.768 5714.427 3033.300
v -704.614 5714.427 3123.980
v -528.461 5714.427 3042.270
v -352.307 5714.427 2995.740
v -176.154 5714.427 2957.040
v 0.000 5714.427 2929.450
v 176.154 5714.427 2806.550
v 352.307 5714.427 2628.850
v 528.461 5714.427 2587.190
v 704.614 5714.427 2605.530
v 880.768 5714.427 2607.650
v 1056.921 5714.427 2343.460
v 1233.075 5714.427 2377.490
v 1409.229 5714.427 2404.930
v 1585.382 5714.427 2398.460
v 1761.536 5714.427 2397.650
v 1937.689 5714.427 2400.400
v 2113.843 5714.427 2404.010
v 2289.997 5714.427 2402.810
v 2466.150 5714.427 2383.370
v 2642.304 5714.427 2351.100
v 2818.457 5714.427 2318.500
v 2994.611 5714.427 2286.290
v 3170.764 5714.427 2242.000
v 3346.918 5714.427 2181.130
v 3523.072 5714.427 2113.250
v 3699.225 5714.427 2047.100
v 3875.379 5714.427 1978.610
v 4051.532 5714.427 1905.200
v 4227.686 5714.427 1825.000
v 4403.840 5714.427 1745.200
v 4579.993 5714.427 1663.600
v 4756.147 5714.427 1572.100
v 4932.300 5714.427 1461.410
v 5108.454 5714.427 1347.560
v 5284.607 5714.427 1246.450
v 5460.761 5714.427 1152.000
v 5636.915 5714.427 1050.810
v 5813.068 5714.427 953.310
v 5989.222 5714.427 862.870
v 6165.375 5714.427 735.700
v 6341.529 5714.427 603.940
v 6517.683 5714.427 497.460
v 6693.836 5714.427 495.860
v 6869.990 5714.427 599.110
v 7046.143 5714.427 723.450
v 7222.297 5714.427 787.540
v 7398.450 5714.427 891.400
v 7574.604 5714.427 994.400
v 7750.758 5714.427 1097.490
v 7926.911 5714.427 1191.900
v 8103.065 5714.427 1312.330
v 8279.218 5714.427 1434.490
v 8455.372 5714.427 1538.900
v 8631.526 5714.427 1649.330
v 8807.679 5714.427 1700.050
v 8983.833 5714.427 1666.360
v 9159.986 5714.427 1660.640
v 9336.140 5714.427 1707.420
v 9512.293 5714.427 1308.660
v 9688.447 5714.427 1332.450
v 9864.601 5714.427 1428.540
v 10040.754 5714.427 1492.520
v 10216.908 5714.427 1283.670
v 10393.061 5714.427 1144.700
v 10569.215 5714.427 932.650
v -10569.215 5918.513 1158.200
v -10393.061 5918.513 1170.050
v -10216.908 5918.513 1205.220
v -10040.754 5918.513 1260.210
v -9864.601 5918.513 1238.570
v -9688.447 5918.513 1266.600
v -9512.293 5918.513 1308.930
v -9336.140 5918.513 1341.030
v -9159.986 5918.513 1398.660
v -8983.833 5918.513 1454.300
v -8807.679 5918.513 1501.900
v -8631.526 5918.513 1544.780
v -8455.372 5918.513 1592.330
v -8279.218 5918.513 1638.830
v -8103.065 5918.513 1687.800
v -7926.911 5918.513 1741.600
v -7750.758 5918.513 1802.690
v -7574.604 5918.513 1863.630
v -7398.450 5918.513 1921.130
v -7222.297 5918.513 1976.910
v -7046.143 5918.513 2027.950
v -6869.990 5918.513 2076.810
v -6693.836 5918.513 2126.870
v -6517.683 5918.513 2167.330
v -6341.529 5918.513 2177.790
v -6165.375 5918.513 2165.100
v -5989.222 5918.513 2153.410
v -5813.068 5918.513 2144.870
v -5636.915 5918.513 2103.330
v -5460.761 5918.513 2022.010
v -5284.607 5918.513 1924.200
v -5108.454 5918.513 1828.400
v -4932.300 5918.513 1733.200
v -4756.147 5918.513 1644.000
v -4579.993 5918.513 1561.520
v -4403.840 5918.513 1477.150
v -4227.686 5918.513 1385.700
v -4051.532 5918.513 1357.900
v -3875.379 5918.513 1420.030
v -3699.225 5918.513 1525.690
v -3523.072 5918.513 1625.850
v -3346.918 5918.513 1727.400
v -3170.764 5918.513 1845.970
v -2994.611 5918.513 1981.900
v -2818.457 5918.513 2118.600
v -2642.304 5918.513 2256.600
v -2466.150 5918.513 2374.100
v -2289.997 5918.513 2454.970
v -2113.843 5918.513 2516.400
v -1937.689 5918.513 2581.980
v -1761.536 5918.513 2647.400
v -1585.382 5918.513 2709.010
v -1409.229 5918.513 2743.690
v -1233.075 5918.513 2746.100
v -1056.921 5918.513 2887.330
v -880.768 5918.513 3047.650
v -704.614 5918.513 3024.000
v -528.461 5918.513 2994.220
v -352.307 5918.513 2976.920
v -176.154 5918.513 2914.740
v 0.000 5918.513 2873.400
v 176.154 5918.513 2876.560
v 352.307 5918.513 2785.310
v 528.461 5918.513 2655.380
v 704.614 5918.513 2621.840
v 880.768 5918.513 2629.550
v 1056.921 5918.513 2539.540
v 1233.075 5918.513 2583.470
v 1409.229 5918.513 2492.080
v 1585.382 5918.513 2436.470
v 1761.536 5918.513 2404.450
v 1937.689 5918.513 2380.410
v 2113.843 5918.513 2363.000
v 2289.997 5918.513 2346.370
v 2466.150 5918.513 2316.000
v 2642.304 5918.513 2274.600
v 2818.457 5918.513 2233.100
v 2994.611 5918.513 2193.630
v 3170.764 5918.513 2142.230
v 3346.918 5918.513 2077.100
v 3523.072 5918.513 2006.050
v 3699.225 5918.513 1935.280
v 3875.379 5918.513 1863.870
v 4051.532 5918.513 1784.700
v 4227.686 5918.513 1698.800
v 4403.840 5918.513 1611.500
v 4579.993 5918.513 1522.390
v 4756.147 5918.513 1421.900
v 4932.300 5918.513 1315.030
v 5108.454 5918.513 1175.600
v 5284.607 5918.513 978.000
v 5460.761 5918.513 942.700
v 5636.915 5918.513 830.600
v 5813.068 5918.513 781.130
v 5989.222 5918.513 713.500
v 6165.375 5918.513 596.000
v 6341.529 5918.513 564.530
v 6517.683 5918.513 547.760
v 6693.836 5918.513 601.100
v 6869.990 5918.513 698.040
v 7046.143 5918.513 842.950
v 7222.297 5918.513 926.510
v 7398.450 5918.513 1020.970
v 7574.604 5918.513 1114.170
v 7750.758 5918.513 1205.580
v 7926.911 5918.513 1300.400
v 8103.065 5918.513 1402.620
v 8279.218 5918.513 1508.500
v 8455.372 5918.513 1611.500
v 8631.526 5918.513 1714.390
v 8807.679 5918.513 1741.700
v 8983.833 5918.513 1664.890
v 9159.986 5918.513 1542.790
v 9336.140 5918.513 1624.940
v 9512.293 5918.513 1508.200
v 9688.447 5918.513 1484.000
v 9864.601 5918.513 1579.750
v 10040.754 5918.513 1518.520
v 10216.908 5918.513 1494.080
v 10393.061 5918.513 1302.670
v 10569.215 5918.513 1169.750
v -10569.215 6122.600 1344.750
v -10393.061 6122.600 1299.150
v -10216.908 6122.600 1275.600
v -10040.754 6122.600 1351.950
v -9864.601 6122.600 1276.350
v -9688.447 6122.600 1352.000
v -9512.293 6122.600 1420.800
v -9336.140 6122.600 1475.150
v -9159.986 6122.600 1539.150
v -8983.833 6122.600 1607.000
v -8807.679 6122.600 1668.000
v -8631.526 6122.600 1721.300
v -8455.372 6122.600 1773.800
v -8279.218 6122.600 1826.400
v -8103.065 6122.600 1880.100
v -7926.911 6122.600 1935.750
v -7750.758 6122.600 1991.800
v -7574.604 6122.600 2047.450
v -7398.450 6122.600 2103.900
v -7222.297 6122.600 2152.400
v -7046.143 6122.600 2195.250
v -6869.990 6122.600 2234.700
v -6693.836 6122.600 2277.400
v -6517.683 6122.600 2306.600
v -6341.529 6122.600 2297.450
v -6165.375 6122.600 2253.750
v -5989.222 6122.600 2213.850
v -5813.068 6122.600 2175.800
v -5636.915 6122.600 2110.900
v -5460.761 6122.600 2016.150
v -5284.607 6122.600 1908.750
v -5108.454 6122.600 1801.850
v -4932.300 6122.600 1699.900
v -4756.147 6122.600 1620.200
v -4579.993 6122.600 1560.350
v -4403.840 6122.600 1501.000
v -4227.686 6122.600 1434.250
v -4051.532 6122.600 1425.300
v -3875.379 6122.600 1501.050
v -3699.225 6122.600 1620.300
v -3523.072 6122.600 1733.000
v -3346.918 6122.600 1847.300
v -3170.764 6122.600 1972.300
v -2994.611 6122.600 2108.800
v -2818.457 6122.600 2243.950
v -2642.304 6122.600 2383.750
v -2466.150 6122.600 2499.450
v -2289.997 6122.600 2578.300
v -2113.843 6122.600 2635.350
v -1937.689 6122.600 2696.500
v -1761.536 6122.600 2755.500
v -1585.382 6122.600 2802.650
v -1409.229 6122.600 2837.400
v -1233.075 6122.600 2885.900
v -1056.921 6122.600 2969.900
v -880.768 6122.600 2993.000
v -704.614 6122.600 2919.150
v -528.461 6122.600 2910.800
v -352.307 6122.600 2918.800
v -176.154 6122.600 2855.900
v 0.000 6122.600 2851.000
v 176.154 6122.600 2818.750
v 352.307 6122.600 2761.650
v 528.461 6122.600 2565.900
v 704.614 6122.600 2542.350
v 880.768 6122.600 2535.000
v 1056.921 6122.600 2514.000
v 1233.075 6122.600 2614.950
v 1409.229 6122.600 2589.000
v 1585.382 6122.600 2481.050
v 1761.536 6122.600 2411.750
v 1937.689 6122.600 2359.400
v 2113.843 6122.600 2325.350
v 2289.997 6122.600 2296.000
v 2466.150 6122.600 2256.200
v 2642.304 6122.600 2205.250
v 2818.457 6122.600 2154.250
v 2994.611 6122.600 2105.750
v 3170.764 6122.600 2047.500
v 3346.918 6122.600 1978.600
v 3523.072 6122.600 1903.250
v 3699.225 6122.600 1828.400
v 3875.379 6122.600 1752.450
v 4051.532 6122.600 1666.950
v 4227.686 6122.600 1575.400
v 4403.840 6122.600 1478.500
v 4579.993 6122.600 1377.900
v 4756.147 6122.600 1274.000
v 4932.300 6122.600 1147.950
v 5108.454 6122.600 950.650
v 5284.607 6122.600 815.750
v 5460.761 6122.600 709.900
v 5636.915 6122.600 687.750
v 5813.068 6122.600 658.850
v 5989.222 6122.600 627.700
v 6165.375 6122.600 599.250
v 6341.529 6122.600 581.450
v 6517.683 6122.600 630.500
v 6693.836 6122.600 717.300
v 6869.990 6122.600 767.550
v 7046.143 6122.600 969.500
v 7222.297 6122.600 1062.250
v 7398.450 6122.600 1150.450
v 7574.604 6122.600 1233.550
v 7750.758 6122.600 1315.350
v 7926.911 6122.600 1399.500
v 8103.065 6122.600 1491.000
v 8279.218 6122.600 1588.500
v 8455.372 6122.600 1686.000
v 8631.526 6122.600 1781.950
v 8807.679 6122.600 1810.250
v 8983.833 6122.600 1760.850
v 9159.986 6122.600 1604.400
v 9336.140 6122.600 1556.600
v 9512.293 6122.600 1639.650
v 9688.447 6122.600 1722.750
v 9864.601 6122.600 1724.750
v 10040.754 6122.600 1623.700
v 10216.908 6122.600 1579.300
v 10393.061 6122.600 1514.150
v 10569.215 6122.600 1250.000
v -10569.215 6326.687 1508.750
v -10393.061 6326.687 1485.290
v -10216.908 6326.687 1469.300
v -10040.754 6326.687 1443.520
v -9864.601 6326.687 1420.390
v -9688.447 6326.687 1468.000
v -9512.293 6326.687 1551.180
v -9336.140 6326.687 1627.000
v -9159.986 6326.687 1695.030
v -8983.833 6326.687 1765.900
v -8807.679 6326.687 1834.100
v -8631.526 6326.687 1896.100
v -8455.372 6326.687 1954.530
v -8279.218 6326.687 2012.660
v -8103.065 6326.687 2070.500
v -7926.911 6326.687 2124.300
v -7750.758 6326.687 2175.800
v -7574.604 6326.687 2226.040
v -7398.450 6326.687 2279.000
v -7222.297 6326.687 2321.210
v -7046.143 6326.687 2353.650
v -6869.990 6326.687 2383.810
v -6693.836 6326.687 2416.060
v -6517.683 6326.687 2433.500
v -6341.529 6326.687 2404.510
v -6165.375 6326.687 2333.450
v -5989.222 6326.687 2266.090
v -5813.068 6326.687 2199.930
v -5636.915 6326.687 2114.900
v -5460.761 6326.687 2006.200
v -5284.607 6326.687 1892.250
v -5108.454 6326.687 1778.590
v -4932.300 6326.687 1673.170
v -4756.147 6326.687 1603.300
v -4579.993 6326.687 1566.390
v -4403.840 6326.687 1531.150
v -4227.686 6326.687 1487.200
v -4051.532 6326.687 1497.600
v -3875.379 6326.687 1582.870
v -3699.225 6326.687 1711.000
v -3523.072 6326.687 1837.000
v -3346.918 6326.687 1963.000
v -3170.764 6326.687 2091.200
v -2994.611 6326.687 2226.400
v -2818.457 6326.687 2362.910
v -2642.304 6326.687 2501.550
v -2466.150 6326.687 2616.400
v -2289.997 6326.687 2692.500
v -2113.843 6326.687 2745.230
v -1937.689 6326.687 2801.000
v -1761.536 6326.687 2856.750
v -1585.382 6326.687 2886.790
v -1409.229 6326.687 2896.430
v -1233.075 6326.687 2912.610
v -1056.921 6326.687 2917.530
v -880.768 6326.687 2893.400
v -704.614 6326.687 2830.640
v -528.461 6326.687 2817.350
v -352.307 6326.687 2801.090
v -176.154 6326.687 2771.570
v 0.000 6326.687 2775.200
v 176.154 6326.687 2725.220
v 352.307 6326.687 2646.540
v 528.461 6326.687 2555.220
v 704.614 6326.687 2491.190
v 880.768 6326.687 2476.150
v 1056.921 6326.687 2444.340
v 1233.075 6326.687 2431.840
v 1409.229 6326.687 2544.890
v 1585.382 6326.687 2463.740
v 1761.536 6326.687 2385.850
v 1937.689 6326.687 2321.620
v 2113.843 6326.687 2277.200
v 2289.997 6326.687 2237.300
v 2466.150 6326.687 2188.280
v 2642.304 6326.687 2130.200
v 2818.457 6326.687 2071.110
v 2994.611 6326.687 2012.630
v 3170.764 6326.687 1946.430
v 3346.918 6326.687 1869.810
v 3523.072 6326.687 1792.550
v 3699.225 6326.687 1715.220
v 3875.379 6326.687 1634.400
v 4051.532 6326.687 1547.370
v 4227.686 6326.687 1450.200
v 4403.840 6326.687 1346.000
v 4579.993 6326.687 1233.890
v 4756.147 6326.687 1110.130
v 4932.300 6326.687 943.100
v 5108.454 6326.687 738.690
v 5284.607 6326.687 721.800
v 5460.761 6326.687 716.720
v 5636.915 6326.687 691.310
v 5813.068 6326.687 661.530
v 5989.222 6326.687 642.150
v 6165.375 6326.687 653.350
v 6341.529 6326.687 701.360
v 6517.683 6326.687 775.180
v 6693.836 6326.687 841.830
v 6869.990 6326.687 891.570
v 7046.143 6326.687 1068.200
v 7222.297 6326.687 1189.800
v 7398.450 6326.687 1273.700
v 7574.604 6326.687 1348.770
v 7750.758 6326.687 1421.820
v 7926.911 6326.687 1496.900
v 8103.065 6326.687 1579.000
v 8279.218 6326.687 1666.630
v 8455.372 6326.687 1754.870
v 8631.526 6326.687 1847.380
v 8807.679 6326.687 1889.300
v 8983.833 6326.687 1908.990
v 9159.986 6326.687 1805.320
v 9336.140 6326.687 1821.780
v 9512.293 6326.687 1827.620
v 9688.447 6326.687 1758.100
v 9864.601 6326.687 1637.450
v 10040.754 6326.687 1561.310
v 10216.908 6326.687 1462.460
v 10393.061 6326.687 1336.870
v 10569.215 6326.687 1191.650
v -10569.215 6530.773 1616.900
v -10393.061 6530.773 1622.990
v -10216.908 6530.773 1610.160
v -10040.754 6530.773 1602.670
v -9864.601 6530.773 1535.190
v -9688.447 6530.773 1571.200
v -9512.293 6530.773 1709.840
v -9336.140 6530.773 1794.220
v -9159.986 6530.773 1872.100
v -8983.833 6530.773 1944.630
v -8807.679 6530.773 2011.800
v -8631.526 6530.773 2075.930
v -8455.372 6530.773 2135.190
v -8279.218 6530.773 2193.310
v -8103.065 6530.773 2247.900
v -7926.911 6530.773 2296.300
v -7750.758 6530.773 2338.670
v -7574.604 6530.773 2383.100
v -7398.450 6530.773 2426.600
v -7222.297 6530.773 2459.000
v -7046.143 6530.773 2476.300
v -6869.990 6530.773 2490.400
v -6693.836 6530.773 2508.110
v -6517.683 6530.773 2509.590
v -6341.529 6530.773 2461.700
v -6165.375 6530.773 2371.700
v -5989.222 6530.773 2284.430
v -5813.068 6530.773 2194.900
v -5636.915 6530.773 2096.710
v -5460.761 6530.773 1988.400
v -5284.607 6530.773 1877.450
v -5108.454 6530.773 1770.600
v -4932.300 6530.773 1672.690
v -4756.147 6530.773 1614.200
v -4579.993 6530.773 1598.330
v -4403.840 6530.773 1585.550
v -4227.686 6530.773 1563.170
v -4051.532 6530.773 1585.390
v -3875.379 6530.773 1669.000
v -3699.225 6530.773 1797.600
v -3523.072 6530.773 1926.750
v -3346.918 6530.773 2055.830
v -3170.764 6530.773 2184.410
v -2994.611 6530.773 2317.290
v -2818.457 6530.773 2449.500
v -2642.304 6530.773 2583.950
v -2466.150 6530.773 2694.430
v -2289.997 6530.773 2766.090
v -2113.843 6530.773 2813.400
v -1937.689 6530.773 2863.500
v -1761.536 6530.773 2912.750
v -1585.382 6530.773 2927.200
v -1409.229 6530.773 2908.510
v -1233.075 6530.773 2896.690
v -1056.921 6530.773 2894.860
v -880.768 6530.773 2828.900
v -704.614 6530.773 2779.100
v -528.461 6530.773 2760.350
v -352.307 6530.773 2746.310
v -176.154 6530.773 2697.250
v 0.000 6530.773 2668.950
v 176.154 6530.773 2639.950
v 352.307 6530.773 2578.200
v 528.461 6530.773 2526.800
v 704.614 6530.773 2471.570
v 880.768 6530.773 2437.350
v 1056.921 6530.773 2384.580
v 1233.075 6530.773 2378.210
v 1409.229 6530.773 2360.250
v 1585.382 6530.773 2356.200
v 1761.536 6530.773 2261.300
v 1937.689 6530.773 2233.680
v 2113.843 6530.773 2195.400
v 2289.997 6530.773 2152.110
v 2466.150 6530.773 2097.570
v 2642.304 6530.773 2029.900
v 2818.457 6530.773 1961.130
v 2994.611 6530.773 1894.310
v 3170.764 6530.773 1815.800
v 3346.918 6530.773 1734.600
v 3523.072 6530.773 1653.700
v 3699.225 6530.773 1575.870
v 3875.379 6530.773 1496.210
v 4051.532 6530.773 1411.500
v 4227.686 6530.773 1319.660
v 4403.840 6530.773 1218.450
v 4579.993 6530.773 1066.790
v 4756.147 6530.773 870.030
v 4932.300 6530.773 754.810
v 5108.454 6530.773 748.750
v 5284.607 6530.773 740.300
v 5460.761 6530.773 725.720
v 5636.915 6530.773 710.200
v 5813.068 6530.773 699.390
v 5989.222 6530.773 733.110
v 6165.375 6530.773 796.000
v 6341.529 6530.773 834.620
v 6517.683 6530.773 900.520
v 6693.836 6530.773 980.580
v 6869.990 6530.773 1068.920
v 7046.143 6530.773 1212.600
v 7222.297 6530.773 1307.830
v 7398.450 6530.773 1380.300
v 7574.604 6530.773 1448.900
v 7750.758 6530.773 1516.600
v 7926.911 6530.773 1583.900
v 8103.065 6530.773 1653.530
v 8279.218 6530.773 1724.400
v 8455.372 6530.773 1797.200
v 8631.526 6530.773 1880.470
v 8807.679 6530.773 1921.550
v 8983.833 6530.773 1903.020
v 9159.986 6530.773 1801.940
v 9336.140 6530.773 1797.570
v 9512.293 6530.773 1728.360
v 9688.447 6530.773 1674.850
v 9864.601 6530.773 1565.910
v 10040.754 6530.773 1466.630
v 10216.908 6530.773 1336.110
v 10393.061 6530.773 1214.300
v 10569.215 6530.773 1087.950
v -10569.215 6734.860 1736.000
v -10393.061 6734.860 1748.130
v -10216.908 6734.860 1736.510
v -10040.754 6734.860 1739.900
v -9864.601 6734.860 1662.180
v -9688.447 6734.860 1694.000
v -9512.293 6734.860 1880.200
v -9336.140 6734.860 1988.000
v -9159.986 6734.860 2069.100
v -8983.833 6734.860 2145.400
v -8807.679 6734.860 2208.350
v -8631.526 6734.860 2261.340
v -8455.372 6734.860 2312.290
v -8279.218 6734.860 2361.610
v -8103.065 6734.860 2408.300
v -7926.911 6734.860 2445.900
v -7750.758 6734.860 2476.270
v -7574.604 6734.860 2507.210
v -7398.450 6734.860 2539.010
v -7222.297 6734.860 2553.900
v -7046.143 6734.860 2551.450
v -6869.990 6734.860 2542.700
v -6693.836 6734.860 2536.090
v -6517.683 6734.860 2517.210
v -6341.529 6734.860 2454.430
v -6165.375 6734.860 2352.400
v -5989.222 6734.860 2253.870
v -5813.068 6734.860 2152.500
v -5636.915 6734.860 2050.690
v -5460.761 6734.860 1954.410
v -5284.607 6734.860 1867.250
v -5108.454 6734.860 1784.730
v -4932.300 6734.860 1712.350
v -4756.147 6734.860 1660.340
v -4579.993 6734.860 1667.700
v -4403.840 6734.860 1664.800
v -4227.686 6734.860 1666.600
v -4051.532 6734.860 1685.310
v -3875.379 6734.860 1750.740
v -3699.225 6734.860 1863.240
v -3523.072 6734.860 1992.350
v -3346.918 6734.860 2120.100
v -3170.764 6734.860 2242.920
v -2994.611 6734.860 2367.810
v -2818.457 6734.860 2491.800
v -2642.304 6734.860 2619.650
v -2466.150 6734.860 2721.900
v -2289.997 6734.860 2783.600
v -2113.843 6734.860 2821.900
v -1937.689 6734.860 2865.070
v -1761.536 6734.860 2905.850
v -1585.382 6734.860 2910.730
v -1409.229 6734.860 2876.610
v -1233.075 6734.860 2838.510
v -1056.921 6734.860 2799.490
v -880.768 6734.860 2763.800
v -704.614 6734.860 2733.370
v -528.461 6734.860 2681.870
v -352.307 6734.860 2646.540
v -176.154 6734.860 2621.360
v 0.000 6734.860 2576.700
v 176.154 6734.860 2520.180
v 352.307 6734.860 2503.660
v 528.461 6734.860 2463.670
v 704.614 6734.860 2436.060
v 880.768 6734.860 2397.700
v 1056.921 6734.860 2361.390
v 1233.075 6734.860 2310.730
v 1409.229 6734.860 2249.870
v 1585.382 6734.860 2255.610
v 1761.536 6734.860 2146.750
v 1937.689 6734.860 2095.080
v 2113.843 6734.860 2083.900
v 2289.997 6734.860 2037.700
v 2466.150 6734.860 1974.830
v 2642.304 6734.860 1894.200
v 2818.457 6734.860 1814.500
v 2994.611 6734.860 1735.500
v 3170.764 6734.860 1641.600
v 3346.918 6734.860 1561.900
v 3523.072 6734.860 1486.850
v 3699.225 6734.860 1409.100
v 3875.379 6734.860 1334.300
v 4051.532 6734.860 1256.120
v 4227.686 6734.860 1174.460
v 4403.840 6734.860 1089.350
v 4579.993 6734.860 805.370
v 4756.147 6734.860 784.940
v 4932.300 6734.860 771.800
v 5108.454 6734.860 751.570
v 5284.607 6734.860 746.000
v 5460.761 6734.860 724.300
v 5636.915 6734.860 770.490
v 5813.068 6734.860 869.540
v 5989.222 6734.860 918.680
v 6165.375 6734.860 948.350
v 6341.529 6734.860 986.580
v 6517.683 6734.860 1006.810
v 6693.836 6734.860 1058.170
v 6869.990 6734.860 1167.520
v 7046.143 6734.860 1330.700
v 7222.297 6734.860 1396.400
v 7398.450 6734.860 1461.190
v 7574.604 6734.860 1528.100
v 7750.758 6734.860 1596.100
v 7926.911 6734.860 1657.800
v 8103.065 6734.860 1710.900
v 8279.218 6734.860 1760.110
v 8455.372 6734.860 1807.010
v 8631.526 6734.860 1855.860
v 8807.679 6734.860 1881.600
v 8983.833 6734.860 1804.330
v 9159.986 6734.860 1723.650
v 9336.140 6734.860 1656.530
v 9512.293 6734.860 1602.650
v 9688.447 6734.860 1527.000
v 9864.601 6734.860 1435.230
v 10040.754 6734.860 1342.660
v 10216.908 6734.860 1264.840
v 10393.061 6734.860 1071.820
v 10569.215 6734.860 965.900
v -10569.215 6938.947 1840.000
v -10393.061 6938.947 1827.980
v -10216.908 6938.947 1871.480
v -10040.754 6938.947 1873.090
v -9864.601 6938.947 1826.880
v -9688.447 6938.947 1932.400
v -9512.293 6938.947 2092.800
v -9336.140 6938.947 2182.300
v -9159.986 6938.947 2263.470
v -8983.833 6938.947 2342.490
v -8807.679 6938.947 2402.150
v -8631.526 6938.947 2448.120
v -8455.372 6938.947 2489.630
v -8279.218 6938.947 2531.700
v -8103.065 6938.947 2569.590
v -7926.911 6938.947 2597.250
v -7750.758 6938.947 2615.610
v -7574.604 6938.947 2634.700
v -7398.450 6938.947 2654.100
v -7222.297 6938.947 2654.000
v -7046.143 6938.947 2629.800
v -6869.990 6938.947 2598.020
v -6693.836 6938.947 2567.540
v -6517.683 6938.947 2527.400
v -6341.529 6938.947 2449.090
v -6165.375 6938.947 2334.300
v -5989.222 6938.947 2223.300
v -5813.068 6938.947 2109.640
v -5636.915 6938.947 2000.800
v -5460.761 6938.947 1909.230
v -5284.607 6938.947 1847.100
v -5108.454 6938.947 1803.410
v -4932.300 6938.947 1730.060
v -4756.147 6938.947 1659.190
v -4579.993 6938.947 1739.670
v -4403.840 6938.947 1721.550
v -4227.686 6938.947 1727.130
v -4051.532 6938.947 1739.070
v -3875.379 6938.947 1790.170
v -3699.225 6938.947 1867.020
v -3523.072 6938.947 2051.650
v -3346.918 6938.947 2182.300
v -3170.764 6938.947 2301.230
v -2994.611 6938.947 2420.100
v -2818.457 6938.947 2536.190
v -2642.304 6938.947 2656.450
v -2466.150 6938.947 2751.100
v -2289.997 6938.947 2804.700
v -2113.843 6938.947 2833.800
v -1937.689 6938.947 2866.990
v -1761.536 6938.947 2901.550
v -1585.382 6938.947 2898.200
v -1409.229 6938.947 2856.560
v -1233.075 6938.947 2815.440
v -1056.921 6938.947 2751.400
v -880.768 6938.947 2755.250
v -704.614 6938.947 2723.090
v -528.461 6938.947 2660.130
v -352.307 6938.947 2602.500
v -176.154 6938.947 2568.610
v 0.000 6938.947 2528.750
v 176.154 6938.947 2474.170
v 352.307 6938.947 2425.450
v 528.461 6938.947 2380.240
v 704.614 6938.947 2352.970
v 880.768 6938.947 2326.700
v 1056.921 6938.947 2282.960
v 1233.075 6938.947 2209.200
v 1409.229 6938.947 2108.250
v 1585.382 6938.947 2101.370
v 1761.536 6938.947 2115.300
v 1937.689 6938.947 2045.290
v 2113.843 6938.947 1956.740
v 2289.997 6938.947 1925.530
v 2466.150 6938.947 1852.590
v 2642.304 6938.947 1751.800
v 2818.457 6938.947 1664.010
v 2994.611 6938.947 1579.100
v 3170.764 6938.947 1432.350
v 3346.918 6938.947 1365.810
v 3523.072 6938.947 1324.950
v 3699.225 6938.947 1261.400
v 3875.379 6938.947 1175.610
v 4051.532 6938.947 1092.530
v 4227.686 6938.947 922.690
v 4403.840 6938.947 827.350
v 4579.993 6938.947 812.400
v 4756.147 6938.947 805.740
v 4932.300 6938.947 774.840
v 5108.454 6938.947 752.070
v 5284.607 6938.947 751.900
v 5460.761 6938.947 825.720
v 5636.915 6938.947 953.190
v 5813.068 6938.947 1015.270
v 5989.222 6938.947 1075.540
v 6165.375 6938.947 1097.700
v 6341.529 6938.947 1120.440
v 6517.683 6938.947 1125.400
v 6693.836 6938.947 1145.280
v 6869.990 6938.947 1240.530
v 7046.143 6938.947 1417.300
v 7222.297 6938.947 1477.290
v 7398.450 6938.947 1542.300
v 7574.604 6938.947 1607.300
v 7750.758 6938.947 1675.300
v 7926.911 6938.947 1732.850
v 8103.065 6938.947 1770.910
v 8279.218 6938.947 1802.030
v 8455.372 6938.947 1851.560
v 8631.526 6938.947 1863.140
v 8807.679 6938.947 1783.350
v 8983.833 6938.947 1683.940
v 9159.986 6938.947 1622.590
v 9336.140 6938.947 1527.650
v 9512.293 6938.947 1467.600
v 9688.447 6938.947 1436.400
v 9864.601 6938.947 1314.630
v 10040.754 6938.947 1216.850
v 10216.908 6938.947 1128.830
v 10393.061 6938.947 970.660
v 10569.215 6938.947 821.600
v -10569.215 7143.033 1933.000
v -10393.061 7143.033 1951.250
v -10216.908 7143.033 1991.850
v -10040.754 7143.033 1988.100
v -9864.601 7143.033 1940.700
v -9688.447 7143.033 2101.000
v -9512.293 7143.033 2300.750
v -9336.140 7143.033 2364.600
v -9159.986 7143.033 2453.900
v -8983.833 7143.033 2533.900
v -8807.679 7143.033 2594.750
v -8631.526 7143.033 2634.550
v -8455.372 7143.033 2673.050
v -8279.218 7143.033 2710.300
v -8103.065 7143.033 2739.150
v -7926.911 7143.033 2754.750
v -7750.758 7143.033 2762.150
v -7574.604 7143.033 2768.850
v -7398.450 7143.033 2776.700
v -7222.297 7143.033 2760.950
v -7046.143 7143.033 2714.750
v -6869.990 7143.033 2658.150
v -6693.836 7143.033 2604.900
v -6517.683 7143.033 2539.600
v -6341.529 7143.033 2441.800
v -6165.375 7143.033 2312.750
v -5989.222 7143.033 2182.550
v -5813.068 7143.033 2053.050
v -5636.915 7143.033 1942.700
v -5460.761 7143.033 1835.050
v -5284.607 7143.033 1772.250
v -5108.454 7143.033 1780.100
v -4932.300 7143.033 1756.550
v -4756.147 7143.033 1781.400
v -4579.993 7143.033 1804.800
v -4403.840 7143.033 1730.000
v -4227.686 7143.033 1846.850
v -4051.532 7143.033 1858.500
v -3875.379 7143.033 1871.450
v -3699.225 7143.033 1863.050
v -3523.072 7143.033 2140.500
v -3346.918 7143.033 2253.150
v -3170.764 7143.033 2361.550
v -2994.611 7143.033 2471.250
v -2818.457 7143.033 2580.900
v -2642.304 7143.033 2693.250
v -2466.150 7143.033 2780.500
v -2289.997 7143.033 2826.800
v -2113.843 7143.033 2847.200
v -1937.689 7143.033 2874.450
v -1761.536 7143.033 2902.000
v -1585.382 7143.033 2895.900
v -1409.229 7143.033 2845.400
v -1233.075 7143.033 2827.500
v -1056.921 7143.033 2794.200
v -880.768 7143.033 2730.000
v -704.614 7143.033 2675.100
v -528.461 7143.033 2621.400
v -352.307 7143.033 2583.100
v -176.154 7143.033 2531.250
v 0.000 7143.033 2477.000
v 176.154 7143.033 2433.350
v 352.307 7143.033 2380.950
v 528.461 7143.033 2322.550
v 704.614 7143.033 2280.750
v 880.768 7143.033 2229.250
v 1056.921 7143.033 2180.650
v 1233.075 7143.033 2155.650
v 1409.229 7143.033 2041.850
v 1585.382 7143.033 1956.150
v 1761.536 7143.033 2004.000
v 1937.689 7143.033 2012.600
v 2113.843 7143.033 1905.950
v 2289.997 7143.033 1814.750
v 2466.150 7143.033 1727.950
v 2642.304 7143.033 1582.000
v 2818.457 7143.033 1408.000
v 2994.611 7143.033 1301.100
v 3170.764 7143.033 1231.300
v 3346.918 7143.033 1163.250
v 3523.072 7143.033 1130.250
v 3699.225 7143.033 1109.350
v 3875.379 7143.033 1003.650
v 4051.532 7143.033 911.100
v 4227.686 7143.033 845.800
v 4403.840 7143.033 832.750
v 4579.993 7143.033 832.400
v 4756.147 7143.033 825.650
v 4932.300 7143.033 793.500
v 5108.454 7143.033 788.350
v 5284.607 7143.033 872.000
v 5460.761 7143.033 991.400
v 5636.915 7143.033 1086.650
v 5813.068 7143.033 1168.050
v 5989.222 7143.033 1219.450
v 6165.375 7143.033 1267.750
v 6341.529 7143.033 1279.800
v 6517.683 7143.033 1407.700
v 6693.836 7143.033 1240.800
v 6869.990 7143.033 1299.950
v 7046.143 7143.033 1485.000
v 7222.297 7143.033 1553.950
v 7398.450 7143.033 1621.500
v 7574.604 7143.033 1689.150
v 7750.758 7143.033 1759.400
v 7926.911 7143.033 1812.250
v 8103.065 7143.033 1834.050
v 8279.218 7143.033 1847.700
v 8455.372 7143.033 1926.000
v 8631.526 7143.033 1791.300
v 8807.679 7143.033 1703.250
v 8983.833 7143.033 1546.900
v 9159.986 7143.033 1476.600
v 9336.140 7143.033 1437.550
v 9512.293 7143.033 1350.150
v 9688.447 7143.033 1319.500
v 9864.601 7143.033 1185.350
v 10040.754 7143.033 1111.100
v 10216.908 7143.033 1003.400
v 10393.061 7143.033 757.250
v 10569.215 7143.033 629.000
v -10569.215 7347.120 2025.600
v -10393.061 7347.120 1973.610
v -10216.908 7347.120 2120.070
v -10040.754 7347.120 2108.330
v -9864.601 7347.120 2050.040
v -9688.447 7347.120 2164.100
v -9512.293 7347.120 2431.910
v -9336.140 7347.120 2507.700
v -9159.986 7347.120 2595.000
v -8983.833 7347.120 2681.910
v -8807.679 7347.120 2749.000
v -8631.526 7347.120 2792.010
v -8455.372 7347.120 2830.870
v -8279.218 7347.120 2860.900
v -8103.065 7347.120 2869.810
v -7926.911 7347.120 2872.850
v -7750.758 7347.120 2874.800
v -7574.604 7347.120 2870.930
v -7398.450 7347.120 2865.670
v -7222.297 7347.120 2833.800
v -7046.143 7347.120 2770.450
v -6869.990 7347.120 2693.500
v -6693.836 7347.120 2621.770
v -6517.683 7347.120 2540.430
v -6341.529 7347.120 2425.110
v -6165.375 7347.120 2281.500
v -5989.222 7347.120 2138.220
v -5813.068 7347.120 1989.430
v -5636.915 7347.120 1906.720
v -5460.761 7347.120 1869.640
v -5284.607 7347.120 1834.750
v -5108.454 7347.120 1790.400
v -4932.300 7347.120 1769.400
v -4756.147 7347.120 1855.560
v -4579.993 7347.120 1917.810
v -4403.840 7347.120 1918.500
v -4227.686 7347.120 1947.310
v -4051.532 7347.120 1948.390
v -3875.379 7347.120 1978.800
v -3699.225 7347.120 2023.270
v -3523.072 7347.120 2255.200
v -3346.918 7347.120 2339.190
v -3170.764 7347.120 2427.300
v -2994.611 7347.120 2525.870
v -2818.457 7347.120 2624.700
v -2642.304 7347.120 2726.950
v -2466.150 7347.120 2804.600
v -2289.997 7347.120 2841.030
v -2113.843 7347.120 2855.400
v -1937.689 7347.120 2875.180
v -1761.536 7347.120 2908.900
v -1585.382 7347.120 2915.310
v -1409.229 7347.120 2836.480
v -1233.075 7347.120 2780.400
v -1056.921 7347.120 2710.460
v -880.768 7347.120 2644.850
v -704.614 7347.120 2581.520
v -528.461 7347.120 2534.170
v -352.307 7347.120 2486.400
v -176.154 7347.120 2436.920
v 0.000 7347.120 2384.500
v 176.154 7347.120 2324.190
v 352.307 7347.120 2284.870
v 528.461 7347.120 2237.460
v 704.614 7347.120 2183.980
v 880.768 7347.120 2151.800
v 1056.921 7347.120 2059.070
v 1233.075 7347.120 2025.170
v 1409.229 7347.120 2037.220
v 1585.382 7347.120 1881.960
v 1761.536 7347.120 1797.250
v 1937.689 7347.120 1860.430
v 2113.843 7347.120 1827.480
v 2289.997 7347.120 1704.260
v 2466.150 7347.120 1595.520
v 2642.304 7347.120 1390.800
v 2818.457 7347.120 1238.480
v 2994.611 7347.120 1172.380
v 3170.764 7347.120 1128.420
v 3346.918 7347.120 1046.480
v 3523.072 7347.120 989.150
v 3699.225 7347.120 946.330
v 3875.379 7347.120 893.900
v 4051.532 7347.120 876.230
v 4227.686 7347.120 855.180
v 4403.840 7347.120 853.250
v 4579.993 7347.120 853.980
v 4756.147 7347.120 830.010
v 4932.300 7347.120 816.820
v 5108.454 7347.120 912.980
v 5284.607 7347.120 983.650
v 5460.761 7347.120 1030.510
v 5636.915 7347.120 1069.360
v 5813.068 7347.120 1220.290
v 5989.222 7347.120 1345.380
v 6165.375 7347.120 1395.350
v 6341.529 7347.120 1389.370
v 6517.683 7347.120 1427.040
v 6693.836 7347.120 1455.830
v 6869.990 7347.120 1484.310
v 7046.143 7347.120 1572.350
v 7222.297 7347.120 1632.500
v 7398.450 7347.120 1693.530
v 7574.604 7347.120 1755.000
v 7750.758 7347.120 1821.100
v 7926.911 7347.120 1869.050
v 8103.065 7347.120 1873.390
v 8279.218 7347.120 1863.290
v 8455.372 7347.120 1836.340
v 8631.526 7347.120 1691.060
v 8807.679 7347.120 1607.900
v 8983.833 7347.120 1456.310
v 9159.986 7347.120 1335.970
v 9336.140 7347.120 1264.190
v 9512.293 7347.120 1158.130
v 9688.447 7347.120 1127.550
v 9864.601 7347.120 1002.130
v 10040.754 7347.120 927.100
v 10216.908 7347.120 767.150
v 10393.061 7347.120 630.110
v 10569.215 7347.120 622.550
v -10569.215 7551.207 2149.450
v -10393.061 7551.207 2142.630
v -10216.908 7551.207 2275.650
v -10040.754 7551.207 2247.430
v -9864.601 7551.207 2176.200
v -9688.447 7551.207 2102.600
v -9512.293 7551.207 2481.400
v -9336.140 7551.207 2570.420
v -9159.986 7551.207 2649.700
v -8983.833 7551.207 2756.400
v -8807.679 7551.207 2849.900
v -8631.526 7551.207 2901.900
v -8455.372 7551.207 2936.900
v -8279.218 7551.207 2937.210
v -8103.065 7551.207 2919.610
v -7926.911 7551.207 2912.500
v -7750.758 7551.207 2920.800
v -7574.604 7551.207 2903.910
v -7398.450 7551.207 2875.800
v -7222.297 7551.207 2832.130
v -7046.143 7551.207 2761.600
v -6869.990 7551.207 2677.300
v -6693.836 7551.207 2593.290
v -6517.683 7551.207 2514.820
v -6341.529 7551.207 2405.250
v -6165.375 7551.207 2252.400
v -5989.222 7551.207 2088.950
v -5813.068 7551.207 1981.400
v -5636.915 7551.207 1980.830
v -5460.761 7551.207 1917.470
v -5284.607 7551.207 1884.400
v -5108.454 7551.207 1817.630
v -4932.300 7551.207 1904.070
v -4756.147 7551.207 1943.140
v -4579.993 7551.207 2012.620
v -4403.840 7551.207 2089.200
v -4227.686 7551.207 2042.440
v -4051.532 7551.207 2050.420
v -3875.379 7551.207 2092.680
v -3699.225 7551.207 2106.460
v -3523.072 7551.207 2347.500
v -3346.918 7551.207 2422.100
v -3170.764 7551.207 2499.600
v -2994.611 7551.207 2583.910
v -2818.457 7551.207 2667.200
v -2642.304 7551.207 2752.800
v -2466.150 7551.207 2815.200
v -2289.997 7551.207 2840.590
v -2113.843 7551.207 2843.490
v -1937.689 7551.207 2853.100
v -1761.536 7551.207 2889.800
v -1585.382 7551.207 2891.150
v -1409.229 7551.207 2801.580
v -1233.075 7551.207 2709.020
v -1056.921 7551.207 2651.610
v -880.768 7551.207 2584.700
v -704.614 7551.207 2525.850
v -528.461 7551.207 2480.150
v -352.307 7551.207 2412.850
v -176.154 7551.207 2355.440
v 0.000 7551.207 2274.300
v 176.154 7551.207 2235.470
v 352.307 7551.207 2191.290
v 528.461 7551.207 2129.090
v 704.614 7551.207 2083.240
v 880.768 7551.207 2043.750
v 1056.921 7551.207 1985.210
v 1233.075 7551.207 1967.890
v 1409.229 7551.207 1983.740
v 1585.382 7551.207 1897.430
v 1761.536 7551.207 1805.350
v 1937.689 7551.207 1715.760
v 2113.843 7551.207 1660.700
v 2289.997 7551.207 1577.990
v 2466.150 7551.207 1432.330
v 2642.304 7551.207 1270.700
v 2818.457 7551.207 1164.310
v 2994.611 7551.207 1085.600
v 3170.764 7551.207 1008.580
v 3346.918 7551.207 956.200
v 3523.072 7551.207 929.900
v 3699.225 7551.207 922.260
v 3875.379 7551.207 912.030
v 4051.532 7551.207 880.300
v 4227.686 7551.207 870.830
v 4403.840 7551.207 864.950
v 4579.993 7551.207 848.150
v 4756.147 7551.207 836.820
v 4932.300 7551.207 909.980
v 5108.454 7551.207 955.840
v 5284.607 7551.207 1031.600
v 5460.761 7551.207 1074.720
v 5636.915 7551.207 1141.560
v 5813.068 7551.207 1230.600
v 5989.222 7551.207 1343.090
v 6165.375 7551.207 1436.550
v 6341.529 7551.207 1514.840
v 6517.683 7551.207 1512.860
v 6693.836 7551.207 1564.000
v 6869.990 7551.207 1615.330
v 7046.143 7551.207 1659.100
v 7222.297 7551.207 1706.200
v 7398.450 7551.207 1750.510
v 7574.604 7551.207 1793.610
v 7750.758 7551.207 1840.970
v 7926.911 7551.207 1868.650
v 8103.065 7551.207 1890.480
v 8279.218 7551.207 1891.520
v 8455.372 7551.207 1785.680
v 8631.526 7551.207 1641.500
v 8807.679 7551.207 1466.900
v 8983.833 7551.207 1300.380
v 9159.986 7551.207 1164.080
v 9336.140 7551.207 1107.050
v 9512.293 7551.207 1024.290
v 9688.447 7551.207 928.000
v 9864.601 7551.207 870.480
v 10040.754 7551.207 788.790
v 10216.908 7551.207 598.320
v 10393.061 7551.207 579.180
v 10569.215 7551.207 710.100
v -10569.215 7755.293 2252.150
v -10393.061 7755.293 2309.980
v -10216.908 7755.293 2415.240
v -10040.754 7755.293 2362.530
v -9864.601 7755.293 2373.830
v -9688.447 7755.293 2311.150
v -9512.293 7755.293 2559.840
v -9336.140 7755.293 2602.120
v -9159.986 7755.293 2635.450
v -8983.833 7755.293 2778.870
v -8807.679 7755.293 2947.450
v -8631.526 7755.293 3023.210
v -8455.372 7755.293 3009.880
v -8279.218 7755.293 2976.400
v -8103.065 7755.293 2928.410
v -7926.911 7755.293 2917.800
v -7750.758 7755.293 2966.400
v -7574.604 7755.293 2916.260
v -7398.450 7755.293 2854.790
v -7222.297 7755.293 2799.000
v -7046.143 7755.293 2722.650
v -6869.990 7755.293 2643.870
v -6693.836 7755.293 2546.600
v -6517.683 7755.293 2465.310
v -6341.529 7755.293 2391.000
v -6165.375 7755.293 2264.400
v -5989.222 7755.293 2157.010
v -5813.068 7755.293 2138.660
v -5636.915 7755.293 2057.970
v -5460.761 7755.293 1986.490
v -5284.607 7755.293 1996.600
v -5108.454 7755.293 2057.130
v -4932.300 7755.293 2050.710
v -4756.147 7755.293 2061.990
v -4579.993 7755.293 2105.540
v -4403.840 7755.293 2205.700
v -4227.686 7755.293 2212.370
v -4051.532 7755.293 2152.340
v -3875.379 7755.293 2208.730
v -3699.225 7755.293 2242.180
v -3523.072 7755.293 2387.950
v -3346.918 7755.293 2496.760
v -3170.764 7755.293 2573.500
v -2994.611 7755.293 2643.110
v -2818.457 7755.293 2709.030
v -2642.304 7755.293 2775.550
v -2466.150 7755.293 2819.830
v -2289.997 7755.293 2830.500
v -2113.843 7755.293 2826.900
v -1937.689 7755.293 2811.690
v -1761.536 7755.293 2778.600
v -1585.382 7755.293 2784.600
v -1409.229 7755.293 2698.840
v -1233.075 7755.293 2657.140
v -1056.921 7755.293 2611.070
v -880.768 7755.293 2559.700
v -704.614 7755.293 2518.690
v -528.461 7755.293 2439.750
v -352.307 7755.293 2343.650
v -176.154 7755.293 2261.300
v 0.000 7755.293 2206.300
v 176.154 7755.293 2143.570
v 352.307 7755.293 2076.430
v 528.461 7755.293 2034.690
v 704.614 7755.293 1987.420
v 880.768 7755.293 1928.750
v 1056.921 7755.293 1909.000
v 1233.075 7755.293 1791.470
v 1409.229 7755.293 1838.000
v 1585.382 7755.293 1819.660
v 1761.536 7755.293 1751.800
v 1937.689 7755.293 1642.590
v 2113.843 7755.293 1518.490
v 2289.997 7755.293 1445.590
v 2466.150 7755.293 1327.940
v 2642.304 7755.293 1155.300
v 2818.457 7755.293 1074.470
v 2994.611 7755.293 972.940
v 3170.764 7755.293 950.680
v 3346.918 7755.293 953.730
v 3523.072 7755.293 940.950
v 3699.225 7755.293 927.230
v 3875.379 7755.293 911.660
v 4051.532 7755.293 882.930
v 4227.686 7755.293 878.730
v 4403.840 7755.293 868.500
v 4579.993 7755.293 850.620
v 4756.147 7755.293 903.750
v 4932.300 7755.293 955.880
v 5108.454 7755.293 999.460
v 5284.607 7755.293 1109.550
v 5460.761 7755.293 1174.150
v 5636.915 7755.293 1210.910
v 5813.068 7755.293 1279.690
v 5989.222 7755.293 1380.980
v 6165.375 7755.293 1486.450
v 6341.529 7755.293 1601.730
v 6517.683 7755.293 1688.190
v 6693.836 7755.293 1664.010
v 6869.990 7755.293 1713.300
v 7046.143 7755.293 1751.700
v 7222.297 7755.293 1779.470
v 7398.450 7755.293 1799.790
v 7574.604 7755.293 1818.510
v 7750.758 7755.293 1841.130
v 7926.911 7755.293 1841.450
v 8103.065 7755.293 1872.770
v 8279.218 7755.293 1879.660
v 8455.372 7755.293 1819.040
v 8631.526 7755.293 1592.950
v 8807.679 7755.293 1427.500
v 8983.833 7755.293 1270.430
v 9159.986 7755.293 1055.360
v 9336.140 7755.293 1010.180
v 9512.293 7755.293 920.660
v 9688.447 7755.293 848.950
v 9864.601 7755.293 707.530
v 10040.754 7755.293 589.680
v 10216.908 7755.293 625.080
v 10393.061 7755.293 647.880
v 10569.215 7755.293 754.800
v -10569.215 7959.380 2354.700
v -10393.061 7959.380 2412.270
v -10216.908 7959.380 2535.430
v -10040.754 7959.380 2598.020
v -9864.601 7959.380 2659.960
v -9688.447 7959.380 2530.850
v -9512.293 7959.380 2629.370
v -9336.140 7959.380 2665.180
v -9159.986 7959.380 2695.190
v -8983.833 7959.380 2977.900
v -8807.679 7959.380 3104.050
v -8631.526 7959.380 3150.900
v -8455.372 7959.380 3084.970
v -8279.218 7959.380 3033.940
v -8103.065 7959.380 2945.890
v -7926.911 7959.380 3000.150
v -7750.758 7959.380 2992.190
v -7574.604 7959.380 2934.470
v -7398.450 7959.380 2872.550
v -7222.297 7959.380 2802.370
v -7046.143 7959.380 2678.300
v -6869.990 7959.380 2611.770
v -6693.836 7959.380 2500.860
v -6517.683 7959.380 2412.660
v -6341.529 7959.380 2342.760
v -6165.375 7959.380 2319.400
v -5989.222 7959.380 2275.780
v -5813.068 7959.380 2222.460
v -5636.915 7959.380 2192.790
v -5460.761 7959.380 2163.810
v -5284.607 7959.380 2179.850
v -5108.454 7959.380 2178.770
v -4932.300 7959.380 2142.600
v -4756.147 7959.380 2135.020
v -4579.993 7959.380 2227.270
v -4403.840 7959.380 2283.400
v -4227.686 7959.380 2326.860
v -4051.532 7959.380 2349.940
v -3875.379 7959.380 2295.940
v -3699.225 7959.380 2360.990
v -3523.072 7959.380 2375.600
v -3346.918 7959.380 2564.110
v -3170.764 7959.380 2645.500
v -2994.611 7959.380 2699.830
v -2818.457 7959.380 2749.000
v -2642.304 7959.380 2799.150
v -2466.150 7959.380 2827.220
v -2289.997 7959.380 2818.270
v -2113.843 7959.380 2797.730
v -1937.689 7959.380 2767.560
v -1761.536 7959.380 2739.250
v -1585.382 7959.380 2699.400
v -1409.229 7959.380 2656.330
v -1233.075 7959.380 2629.330
v -1056.921 7959.380 2581.850
v -880.768 7959.380 2533.600
v -704.614 7959.380 2467.400
v -528.461 7959.380 2385.140
v -352.307 7959.380 2308.260
v -176.154 7959.380 2241.070
v 0.000 7959.380 2100.250
v 176.154 7959.380 2007.580
v 352.307 7959.380 1948.370
v 528.461 7959.380 1911.560
v 704.614 7959.380 1865.980
v 880.768 7959.380 1791.650
v 1056.921 7959.380 1786.140
v 1233.075 7959.380 1728.840
v 1409.229 7959.380 1710.670
v 1585.382 7959.380 1718.100
v 1761.536 7959.380 1642.700
v 1937.689 7959.380 1571.120
v 2113.843 7959.380 1383.770
v 2289.997 7959.380 1269.440
v 2466.150 7959.380 1167.610
v 2642.304 7959.380 1038.400
v 2818.457 7959.380 994.280
v 2994.611 7959.380 973.370
v 3170.764 7959.380 967.760
v 3346.918 7959.380 952.390
v 3523.072 7959.380 942.750
v 3699.225 7959.380 929.120
v 3875.379 7959.380 915.000
v 4051.532 7959.380 904.930
v 4227.686 7959.380 890.590
v 4403.840 7959.380 876.600
v 4579.993 7959.380 929.690
v 4756.147 7959.380 994.640
v 4932.300 7959.380 1031.630
v 5108.454 7959.380 1120.930
v 5284.607 7959.380 1205.850
v 5460.761 7959.380 1273.060
v 5636.915 7959.380 1312.470
v 5813.068 7959.380 1370.320
v 5989.222 7959.380 1462.490
v 6165.375 7959.380 1547.650
v 6341.529 7959.380 1632.330
v 6517.683 7959.380 1816.570
v 6693.836 7959.380 1856.200
v 6869.990 7959.380 1841.780
v 7046.143 7959.380 1846.550
v 7222.297 7959.380 1856.110
v 7398.450 7959.380 1851.970
v 7574.604 7959.380 1845.730
v 7750.758 7959.380 1844.210
v 7926.911 7959.380 1818.300
v 8103.065 7959.380 1791.970
v 8279.218 7959.380 1756.460
v 8455.372 7959.380 1716.940
v 8631.526 7959.380 1471.720
v 8807.679 7959.380 1222.800
v 8983.833 7959.380 1127.480
v 9159.986 7959.380 1045.010
v 9336.140 7959.380 894.940
v 9512.293 7959.380 852.010
v 9688.447 7959.380 710.150
v 9864.601 7959.380 650.900
v 10040.754 7959.380 722.500
v 10216.908 7959.380 787.200
v 10393.061 7959.380 881.460
v 10569.215 7959.380 932.950
v -10569.215 8163.467 2463.250
v -10393.061 8163.467 2517.850
v -10216.908 8163.467 2693.100
v -10040.754 8163.467 2817.250
v -9864.601 8163.467 2850.700
v -9688.447 8163.467 2721.750
v -9512.293 8163.467 2726.550
v -9336.140 8163.467 2804.350
v -9159.986 8163.467 3014.000
v -8983.833 8163.467 3193.800
v -8807.679 8163.467 3307.500
v -8631.526 8163.467 3207.300
v -8455.372 8163.467 3169.200
v -8279.218 8163.467 3118.800
v -8103.065 8163.467 2987.500
v -7926.911 8163.467 2949.750
v -7750.758 8163.467 2890.800
v -7574.604 8163.467 2875.550
v -7398.450 8163.467 2812.250
v -7222.297 8163.467 2724.400
v -7046.143 8163.467 2628.500
v -6869.990 8163.467 2555.350
v -6693.836 8163.467 2467.200
v -6517.683 8163.467 2354.200
v -6341.529 8163.467 2365.600
v -6165.375 8163.467 2335.000
v -5989.222 8163.467 2297.900
v -5813.068 8163.467 2276.700
v -5636.915 8163.467 2238.300
v -5460.761 8163.467 2225.450
v -5284.607 8163.467 2273.500
v -5108.454 8163.467 2284.300
v -4932.300 8163.467 2260.450
v -4756.147 8163.467 2331.950
v -4579.993 8163.467 2380.400
v -4403.840 8163.467 2502.250
v -4227.686 8163.467 2511.050
v -4051.532 8163.467 2466.250
v -3875.379 8163.467 2395.900
v -3699.225 8163.467 2442.400
v -3523.072 8163.467 2473.500
v -3346.918 8163.467 2617.200
v -3170.764 8163.467 2713.500
v -2994.611 8163.467 2754.700
v -2818.457 8163.467 2787.950
v -2642.304 8163.467 2826.500
v -2466.150 8163.467 2821.000
v -2289.997 8163.467 2795.100
v -2113.843 8163.467 2773.500
v -1937.689 8163.467 2753.250
v -1761.536 8163.467 2701.750
v -1585.382 8163.467 2681.600
v -1409.229 8163.467 2655.550
v -1233.075 8163.467 2622.100
v -1056.921 8163.467 2594.850
v -880.768 8163.467 2538.500
v -704.614 8163.467 2438.800
v -528.461 8163.467 2360.500
v -352.307 8163.467 2267.500
v -176.154 8163.467 2149.850
v 0.000 8163.467 2032.250
v 176.154 8163.467 1917.050
v 352.307 8163.467 1766.250
v 528.461 8163.467 1773.600
v 704.614 8163.467 1734.100
v 880.768 8163.467 1701.000
v 1056.921 8163.467 1683.500
v 1233.075 8163.467 1698.200
v 1409.229 8163.467 1581.800
v 1585.382 8163.467 1599.050
v 1761.536 8163.467 1552.500
v 1937.689 8163.467 1500.500
v 2113.843 8163.467 1237.850
v 2289.997 8163.467 1062.450
v 2466.150 8163.467 1013.450
v 2642.304 8163.467 997.000
v 2818.457 8163.467 996.450
v 2994.611 8163.467 982.450
v 3170.764 8163.467 975.350
v 3346.918 8163.467 964.300
v 3523.072 8163.467 955.750
v 3699.225 8163.467 938.000
v 3875.379 8163.467 934.600
v 4051.532 8163.467 926.700
v 4227.686 8163.467 997.400
v 4403.840 8163.467 1078.500
v 4579.993 8163.467 1082.700
v 4756.147 8163.467 1117.950
v 4932.300 8163.467 1180.550
v 5108.454 8163.467 1237.900
v 5284.607 8163.467 1348.250
v 5460.761 8163.467 1370.300
v 5636.915 8163.467 1400.400
v 5813.068 8163.467 1474.300
v 5989.222 8163.467 1559.950
v 6165.375 8163.467 1668.250
v 6341.529 8163.467 1745.650
v 6517.683 8163.467 1849.650
v 6693.836 8163.467 1944.150
v 6869.990 8163.467 1933.550
v 7046.143 8163.467 1931.750
v 7222.297 8163.467 1924.300
v 7398.450 8163.467 1897.150
v 7574.604 8163.467 1865.800
v 7750.758 8163.467 1837.400
v 7926.911 8163.467 1787.000
v 8103.065 8163.467 1709.600
v 8279.218 8163.467 1656.700
v 8455.372 8163.467 1541.100
v 8631.526 8163.467 1290.100
v 8807.679 8163.467 1123.500
v 8983.833 8163.467 1063.200
v 9159.986 8163.467 955.200
v 9336.140 8163.467 841.900
v 9512.293 8163.467 798.750
v 9688.447 8163.467 733.500
v 9864.601 8163.467 762.350
v 10040.754 8163.467 836.200
v 10216.908 8163.467 898.450
v 10393.061 8163.467 957.250
v 10569.215 8163.467 1038.500
v -10569.215 8367.553 2558.500
v -10393.061 8367.553 2611.800
v -10216.908 8367.553 2877.680
v -10040.754 8367.553 3039.470
v -9864.601 8367.553 3127.640
v -9688.447 8367.553 2931.250
v -9512.293 8367.553 2912.330
v -9336.140 8367.553 3070.130
v -9159.986 8367.553 3211.500
v -8983.833 8367.553 3248.540
v -8807.679 8367.553 3167.600
v -8631.526 8367.553 3114.020
v -8455.372 8367.553 3071.150
v -8279.218 8367.553 3069.260
v -8103.065 8367.553 2929.170
v -7926.911 8367.553 2916.500
v -7750.758 8367.553 2837.020
v -7574.604 8367.553 2764.140
v -7398.450 8367.553 2691.920
v -7222.297 8367.553 2631.430
v -7046.143 8367.553 2556.950
v -6869.990 8367.553 2489.870
v -6693.836 8367.553 2428.950
v -6517.683 8367.553 2399.730
v -6341.529 8367.553 2380.010
v -6165.375 8367.553 2361.300
v -5989.222 8367.553 2333.930
v -5813.068 8367.553 2318.960
v -5636.915 8367.553 2303.200
v -5460.761 8367.553 2303.410
v -5284.607 8367.553 2322.900
v -5108.454 8367.553 2353.530
v -4932.300 8367.553 2402.940
v -4756.147 8367.553 2471.680
v -4579.993 8367.553 2545.720
v -4403.840 8367.553 2665.600
v -4227.686 8367.553 2714.450
v -4051.532 8367.553 2636.480
v -3875.379 8367.553 2543.780
v -3699.225 8367.553 2562.710
v -3523.072 8367.553 2568.300
v -3346.918 8367.553 2654.110
v -3170.764 8367.553 2777.460
v -2994.611 8367.553 2804.430
v -2818.457 8367.553 2824.410
v -2642.304 8367.553 2869.500
v -2466.150 8367.553 2798.700
v -2289.997 8367.553 2765.230
v -2113.843 8367.553 2759.700
v -1937.689 8367.553 2749.040
v -1761.536 8367.553 2721.050
v -1585.382 8367.553 2691.300
v -1409.229 8367.553 2672.240
v -1233.075 8367.553 2638.770
v -1056.921 8367.553 2587.990
v -880.768 8367.553 2530.050
v -704.614 8367.553 2419.310
v -528.461 8367.553 2327.260
v -352.307 8367.553 2218.740
v -176.154 8367.553 2110.150
v 0.000 8367.553 1996.750
v 176.154 8367.553 1884.650
v 352.307 8367.553 1771.330
v 528.461 8367.553 1647.390
v 704.614 8367.553 1652.850
v 880.768 8367.553 1450.000
v 1056.921 8367.553 1528.430
v 1233.075 8367.553 1552.230
v 1409.229 8367.553 1479.740
v 1585.382 8367.553 1439.740
v 1761.536 8367.553 1416.400
v 1937.689 8367.553 1296.400
v 2113.843 8367.553 1110.430
v 2289.997 8367.553 1030.290
v 2466.150 8367.553 1019.310
v 2642.304 8367.553 1005.850
v 2818.457 8367.553 996.790
v 2994.611 8367.553 994.600
v 3170.764 8367.553 990.390
v 3346.918 8367.553 977.880
v 3523.072 8367.553 968.900
v 3699.225 8367.553 955.310
v 3875.379 8367.553 972.040
v 4051.532 8367.553 1083.800
v 4227.686 8367.553 1115.800
v 4403.840 8367.553 1175.300
v 4579.993 8367.553 1234.900
v 4756.147 8367.553 1302.330
v 4932.300 8367.553 1374.700
v 5108.454 8367.553 1414.200
v 5284.607 8367.553 1460.300
v 5460.761 8367.553 1515.480
v 5636.915 8367.553 1502.440
v 5813.068 8367.553 1561.140
v 5989.222 8367.553 1659.980
v 6165.375 8367.553 1786.400
v 6341.529 8367.553 1860.350
v 6517.683 8367.553 1932.590
v 6693.836 8367.553 2009.270
v 6869.990 8367.553 2004.540
v 7046.143 8367.553 1981.150
v 7222.297 8367.553 1955.790
v 7398.450 8367.553 1905.500
v 7574.604 8367.553 1851.300
v 7750.758 8367.553 1793.220
v 7926.911 8367.553 1704.700
v 8103.065 8367.553 1521.780
v 8279.218 8367.553 1448.400
v 8455.372 8367.553 1374.560
v 8631.526 8367.553 1262.380
v 8807.679 8367.553 1070.900
v 8983.833 8367.553 965.570
v 9159.986 8367.553 899.930
v 9336.140 8367.553 906.060
v 9512.293 8367.553 870.200
v 9688.447 8367.553 856.300
v 9864.601 8367.553 906.400
v 10040.754 8367.553 958.640
v 10216.908 8367.553 1016.060
v 10393.061 8367.553 1091.220
v 10569.215 8367.553 1154.650
v -10569.215 8571.640 2646.700
v -10393.061 8571.640 2695.820
v -10216.908 8571.640 2984.490
v -10040.754 8571.640 3100.930
v -9864.601 8571.640 2972.760
v -9688.447 8571.640 3016.100
v -9512.293 8571.640 3109.130
v -9336.140 8571.640 3046.340
v -9159.986 8571.640 3074.390
v -8983.833 8571.640 3116.290
v -8807.679 8571.640 3072.800
v -8631.526 8571.640 3003.200
v -8455.372 8571.640 2972.760
v -8279.218 8571.640 2932.330
v -8103.065 8571.640 2898.200
v -7926.911 8571.640 2878.250
v -7750.758 8571.640 2799.550
v -7574.604 8571.640 2723.420
v -7398.450 8571.640 2643.980
v -7222.297 8571.640 2571.440
v -7046.143 8571.640 2500.250
v -6869.990 8571.640 2465.670
v -6693.836 8571.640 2458.510
v -6517.683 8571.640 2433.520
v -6341.529 8571.640 2402.770
v -6165.375 8571.640 2381.900
v -5989.222 8571.640 2364.370
v -5813.068 8571.640 2354.700
v -5636.915 8571.640 2349.790
v -5460.761 8571.640 2364.600
v -5284.607 8571.640 2366.650
v -5108.454 8571.640 2377.250
v -4932.300 8571.640 2463.160
v -4756.147 8571.640 2534.400
v -4579.993 8571.640 2579.000
v -4403.840 8571.640 2628.500
v -4227.686 8571.640 2692.100
v -4051.532 8571.640 2770.950
v -3875.379 8571.640 2770.100
v -3699.225 8571.640 2669.390
v -3523.072 8571.640 2675.700
v -3346.918 8571.640 2740.590
v -3170.764 8571.640 2845.400
v -2994.611 8571.640 2842.380
v -2818.457 8571.640 2844.900
v -2642.304 8571.640 2834.850
v -2466.150 8571.640 2807.740
v -2289.997 8571.640 2782.910
v -2113.843 8571.640 2753.300
v -1937.689 8571.640 2738.200
v -1761.536 8571.640 2725.150
v -1585.382 8571.640 2699.300
v -1409.229 8571.640 2668.150
v -1233.075 8571.640 2631.880
v -1056.921 8571.640 2559.030
v -880.768 8571.640 2478.200
v -704.614 8571.640 2386.240
v -528.461 8571.640 2291.580
v -352.307 8571.640 2177.600
v -176.154 8571.640 2051.840
v 0.000 8571.640 1955.000
v 176.154 8571.640 1819.500
v 352.307 8571.640 1694.430
v 528.461 8571.640 1521.570
v 704.614 8571.640 1345.520
v 880.768 8571.640 1338.550
v 1056.921 8571.640 1373.770
v 1233.075 8571.640 1434.240
v 1409.229 8571.640 1360.470
v 1585.382 8571.640 1164.740
v 1761.536 8571.640 1105.100
v 1937.689 8571.640 1077.040
v 2113.843 8571.640 1064.100
v 2289.997 8571.640 1048.690
v 2466.150 8571.640 1027.630
v 2642.304 8571.640 1018.500
v 2818.457 8571.640 1018.170
v 2994.611 8571.640 1006.400
v 3170.764 8571.640 995.480
v 3346.918 8571.640 970.060
v 3523.072 8571.640 963.100
v 3699.225 8571.640 999.520
v 3875.379 8571.640 1136.950
v 4051.532 8571.640 1247.910
v 4227.686 8571.640 1268.690
v 4403.840 8571.640 1321.150
v 4579.993 8571.640 1388.600
v 4756.147 8571.640 1455.600
v 4932.300 8571.640 1524.390
v 5108.454 8571.640 1570.630
v 5284.607 8571.640 1548.750
v 5460.761 8571.640 1604.920
v 5636.915 8571.640 1651.120
v 5813.068 8571.640 1773.120
v 5989.222 8571.640 1866.710
v 6165.375 8571.640 1916.950
v 6341.529 8571.640 1975.530
v 6517.683 8571.640 2049.740
v 6693.836 8571.640 2110.100
v 6869.990 8571.640 2020.290
v 7046.143 8571.640 1971.750
v 7222.297 8571.640 1925.230
v 7398.450 8571.640 1857.200
v 7574.604 8571.640 1784.200
v 7750.758 8571.640 1702.070
v 7926.911 8571.640 1591.100
v 8103.065 8571.640 1358.200
v 8279.218 8571.640 1239.730
v 8455.372 8571.640 1192.250
v 8631.526 8571.640 1096.030
v 8807.679 8571.640 1005.150
v 8983.833 8571.640 983.580
v 9159.986 8571.640 981.700
v 9336.140 8571.640 953.320
v 9512.293 8571.640 942.760
v 9688.447 8571.640 974.400
v 9864.601 8571.640 1044.870
v 10040.754 8571.640 1110.690
v 10216.908 8571.640 1171.600
v 10393.061 8571.640 1230.660
v 10569.215 8571.640 1289.350
v -10569.215 8775.727 2703.900
v -10393.061 8775.727 2836.250
v -10216.908 8775.727 2962.440
v -10040.754 8775.727 2903.790
v -9864.601 8775.727 2884.520
v -9688.447 8775.727 2908.950
v -9512.293 8775.727 2951.120
v -9336.140 8775.727 2954.220
v -9159.986 8775.727 2964.100
v -8983.833 8775.727 2952.310
v -8807.679 8775.727 2971.950
v -8631.526 8775.727 2937.370
v -8455.372 8775.727 2895.310
v -8279.218 8775.727 2858.590
v -8103.065 8775.727 2858.890
v -7926.911 8775.727 2838.300
v -7750.758 8775.727 2756.440
v -7574.604 8775.727 2660.220
v -7398.450 8775.727 2589.290
v -7222.297 8775.727 2519.080
v -7046.143 8775.727 2492.050
v -6869.990 8775.727 2488.000
v -6693.836 8775.727 2473.500
v -6517.683 8775.727 2445.520
v -6341.529 8775.727 2422.930
v -6165.375 8775.727 2380.250
v -5989.222 8775.727 2373.140
v -5813.068 8775.727 2388.810
v -5636.915 8775.727 2422.730
v -5460.761 8775.727 2426.500
v -5284.607 8775.727 2420.400
v -5108.454 8775.727 2440.340
v -4932.300 8775.727 2484.190
v -4756.147 8775.727 2554.130
v -4579.993 8775.727 2597.500
v -4403.840 8775.727 2611.800
v -4227.686 8775.727 2660.960
v -4051.532 8775.727 2733.310
v -3875.379 8775.727 2839.470
v -3699.225 8775.727 2805.920
v -3523.072 8775.727 2794.400
v -3346.918 8775.727 2874.920
v -3170.764 8775.727 2931.390
v -2994.611 8775.727 2912.190
v -2818.457 8775.727 2874.570
v -2642.304 8775.727 2815.200
v -2466.150 8775.727 2830.460
v -2289.997 8775.727 2811.190
v -2113.843 8775.727 2775.380
v -1937.689 8775.727 2763.670
v -1761.536 8775.727 2740.850
v -1585.382 8775.727 2701.900
v -1409.229 8775.727 2644.640
v -1233.075 8775.727 2598.130
v -1056.921 8775.727 2505.610
v -880.768 8775.727 2437.300
v -704.614 8775.727 2359.590
v -528.461 8775.727 2251.290
v -352.307 8775.727 2140.850
v -176.154 8775.727 2030.460
v 0.000 8775.727 1905.550
v 176.154 8775.727 1782.910
v 352.307 8775.727 1714.170
v 528.461 8775.727 1305.620
v 704.614 8775.727 1293.060
v 880.768 8775.727 1252.500
v 1056.921 8775.727 1282.350
v 1233.075 8775.727 1260.800
v 1409.229 8775.727 1152.010
v 1585.382 8775.727 1104.730
v 1761.536 8775.727 1096.600
v 1937.689 8775.727 1093.670
v 2113.843 8775.727 1076.300
v 2289.997 8775.727 1054.220
v 2466.150 8775.727 1048.400
v 2642.304 8775.727 1054.700
v 2818.457 8775.727 1038.970
v 2994.611 8775.727 1006.060
v 3170.764 8775.727 978.760
v 3346.918 8775.727 993.490
v 3523.072 8775.727 1049.050
v 3699.225 8775.727 1124.850
v 3875.379 8775.727 1292.500
v 4051.532 8775.727 1372.660
v 4227.686 8775.727 1409.560
v 4403.840 8775.727 1474.250
v 4579.993 8775.727 1544.770
v 4756.147 8775.727 1613.490
v 4932.300 8775.727 1676.590
v 5108.454 8775.727 1730.240
v 5284.607 8775.727 1734.050
v 5460.761 8775.727 1753.550
v 5636.915 8775.727 1886.880
v 5813.068 8775.727 1944.810
v 5989.222 8775.727 1993.600
v 6165.375 8775.727 2042.800
v 6341.529 8775.727 2072.940
v 6517.683 8775.727 2073.180
v 6693.836 8775.727 2046.500
v 6869.990 8775.727 2001.870
v 7046.143 8775.727 1958.200
v 7222.297 8775.727 1896.170
v 7398.450 8775.727 1809.110
v 7574.604 8775.727 1719.390
v 7750.758 8775.727 1626.100
v 7926.911 8775.727 1442.150
v 8103.065 8775.727 1214.800
v 8279.218 8775.727 1134.660
v 8455.372 8775.727 1073.340
v 8631.526 8775.727 993.590
v 8807.679 8775.727 976.700
v 8983.833 8775.727 996.160
v 9159.986 8775.727 1004.590
v 9336.140 8775.727 1000.880
v 9512.293 8775.727 1017.230
v 9688.447 8775.727 1076.500
v 9864.601 8775.727 1161.770
v 10040.754 8775.727 1239.810
v 10216.908 8775.727 1313.800
v 10393.061 8775.727 1376.930
v 10569.215 8775.727 1425.650
v -10569.215 8979.813 2764.950
v -10393.061 8979.813 2871.380
v -10216.908 8979.813 2835.920
v -10040.754 8979.813 2817.900
v -9864.601 8979.813 2809.230
v -9688.447 8979.813 2811.600
v -9512.293 8979.813 2812.960
v -9336.140 8979.813 2817.610
v -9159.986 8979.813 2826.710
v -8983.833 8979.813 2855.780
v -8807.679 8979.813 2831.050
v -8631.526 8979.813 2837.210
v -8455.372 8979.813 2813.900
v -8279.218 8979.813 2804.470
v -8103.065 8979.813 2803.730
v -7926.911 8979.813 2735.400
v -7750.758 8979.813 2668.820
v -7574.604 8979.813 2603.260
v -7398.450 8979.813 2534.970
v -7222.297 8979.813 2519.420
v -7046.143 8979.813 2510.450
v -6869.990 8979.813 2493.900
v -6693.836 8979.813 2480.500
v -6517.683 8979.813 2467.310
v -6341.529 8979.813 2440.620
v -6165.375 8979.813 2421.750
v -5989.222 8979.813 2466.190
v -5813.068 8979.813 2496.040
v -5636.915 8979.813 2514.430
v -5460.761 8979.813 2548.460
v -5284.607 8979.813 2500.250
v -5108.454 8979.813 2479.770
v -4932.300 8979.813 2553.220
v -4756.147 8979.813 2623.140
v -4579.993 8979.813 2652.690
v -4403.840 8979.813 2654.750
v -4227.686 8979.813 2714.900
v -4051.532 8979.813 2777.030
v -3875.379 8979.813 2833.140
v -3699.225 8979.813 2944.930
v -3523.072 8979.813 2889.750
v -3346.918 8979.813 2980.470
v -3170.764 8979.813 3042.230
v -2994.611 8979.813 2981.830
v -2818.457 8979.813 2888.960
v -2642.304 8979.813 2855.950
v -2466.150 8979.813 2841.390
v -2289.997 8979.813 2818.610
v -2113.843 8979.813 2805.230
v -1937.689 8979.813 2825.810
v -1761.536 8979.813 2810.100
v -1585.382 8979.813 2712.280
v -1409.229 8979.813 2610.360
v -1233.075 8979.813 2575.440
v -1056.921 8979.813 2503.540
v -880.768 8979.813 2408.650
v -704.614 8979.813 2321.520
v -528.461 8979.813 2229.440
v -352.307 8979.813 2138.360
v -176.154 8979.813 1992.910
v 0.000 8979.813 1896.450
v 176.154 8979.813 1800.750
v 352.307 8979.813 1691.540
v 528.461 8979.813 1445.730
v 704.614 8979.813 1246.490
v 880.768 8979.813 1194.250
v 1056.921 8979.813 1205.790
v 1233.075 8979.813 1144.180
v 1409.229 8979.813 1127.270
v 1585.382 8979.813 1115.970
v 1761.536 8979.813 1100.050
v 1937.689 8979.813 1101.080
v 2113.843 8979.813 1080.800
v 2289.997 8979.813 1071.670
v 2466.150 8979.813 1043.020
v 2642.304 8979.813 1021.600
v 2818.457 8979.813 1021.200
v 2994.611 8979.813 1007.970
v 3170.764 8979.813 1024.540
v 3346.918 8979.813 1090.560
v 3523.072 8979.813 1171.300
v 3699.225 8979.813 1249.830
v 3875.379 8979.813 1402.370
v 4051.532 8979.813 1481.270
v 4227.686 8979.813 1550.210
v 4403.840 8979.813 1624.250
v 4579.993 8979.813 1702.300
v 4756.147 8979.813 1773.100
v 4932.300 8979.813 1834.530
v 5108.454 8979.813 1890.200
v 5284.607 8979.813 1932.400
v 5460.761 8979.813 1980.420
v 5636.915 8979.813 2046.300
v 5813.068 8979.813 2079.170
v 5989.222 8979.813 2112.110
v 6165.375 8979.813 2149.500
v 6341.529 8979.813 2160.190
v 6517.683 8979.813 2126.370
v 6693.836 8979.813 2066.230
v 6869.990 8979.813 2009.090
v 7046.143 8979.813 1951.650
v 7222.297 8979.813 1877.310
v 7398.450 8979.813 1767.500
v 7574.604 8979.813 1658.260
v 7750.758 8979.813 1558.000
v 7926.911 8979.813 1371.900
v 8103.065 8979.813 1215.350
v 8279.218 8979.813 1080.900
v 8455.372 8979.813 1003.630
v 8631.526 8979.813 963.640
v 8807.679 8979.813 868.550
v 8983.833 8979.813 948.950
v 9159.986 8979.813 1003.430
v 9336.140 8979.813 1043.370
v 9512.293 8979.813 1092.320
v 9688.447 8979.813 1168.200
v 9864.601 8979.813 1268.310
v 10040.754 8979.813 1359.530
v 10216.908 8979.813 1450.130
v 10393.061 8979.813 1519.500
v 10569.215 8979.813 1564.000
v -10569.215 9183.900 2869.250
v -10393.061 9183.900 2858.900
v -10216.908 9183.900 2835.100
v -10040.754 9183.900 2807.550
v -9864.601 9183.900 2792.550
v -9688.447 9183.900 2773.750
v -9512.293 9183.900 2754.100
v -9336.140 9183.900 2757.100
v -9159.986 9183.900 2745.100
v -8983.833 9183.900 2728.300
v -8807.679 9183.900 2715.250
v -8631.526 9183.900 2746.950
v -8455.372 9183.900 2743.650
v -8279.218 9183.900 2762.150
v -8103.065 9183.900 2732.700
v -7926.911 9183.900 2681.250
v -7750.758 9183.900 2622.950
v -7574.604 9183.900 2573.700
v -7398.450 9183.900 2544.600
v -7222.297 9183.900 2538.650
v -7046.143 9183.900 2526.250
v -6869.990 9183.900 2510.450
v -6693.836 9183.900 2495.200
v -6517.683 9183.900 2493.600
v -6341.529 9183.900 2508.900
v -6165.375 9183.900 2542.750
v -5989.222 9183.900 2568.500
v -5813.068 9183.900 2598.450
v -5636.915 9183.900 2615.000
v -5460.761 9183.900 2648.700
v -5284.607 9183.900 2651.500
v -5108.454 9183.900 2620.500
v -4932.300 9183.900 2659.950
v -4756.147 9183.900 2710.900
v -4579.993 9183.900 2720.750
v -4403.840 9183.900 2719.250
v -4227.686 9183.900 2766.200
v -4051.532 9183.900 2838.200
v -3875.379 9183.900 2893.100
v -3699.225 9183.900 2992.650
v -3523.072 9183.900 2995.000
v -3346.918 9183.900 3109.850
v -3170.764 9183.900 3181.250
v -2994.611 9183.900 3061.850
v -2818.457 9183.900 2953.450
v -2642.304 9183.900 2940.500
v -2466.150 9183.900 2958.650
v -2289.997 9183.900 2911.750
v -2113.843 9183.900 2885.350
v -1937.689 9183.900 2874.550
v -1761.536 9183.900 2802.500
v -1585.382 9183.900 2626.550
v -1409.229 9183.900 2536.650
v -1233.075 9183.900 2506.100
v -1056.921 9183.900 2496.450
v -880.768 9183.900 2414.250
v -704.614 9183.900 2332.100
v -528.461 9183.900 2251.400
v -352.307 9183.900 2141.700
v -176.154 9183.900 2000.100
v 0.000 9183.900 1934.000
v 176.154 9183.900 1848.350
v 352.307 9183.900 1679.400
v 528.461 9183.900 1420.350
v 704.614 9183.900 1206.500
v 880.768 9183.900 1164.250
v 1056.921 9183.900 1167.350
v 1233.075 9183.900 1158.200
v 1409.229 9183.900 1143.350
v 1585.382 9183.900 1127.900
v 1761.536 9183.900 1113.750
v 1937.689 9183.900 1090.900
v 2113.843 9183.900 1087.800
v 2289.997 9183.900 1079.850
v 2466.150 9183.900 1053.000
v 2642.304 9183.900 1033.500
v 2818.457 9183.900 1060.550
v 2994.611 9183.900 1137.600
v 3170.764 9183.900 1152.600
v 3346.918 9183.900 1184.700
v 3523.072 9183.900 1298.250
v 3699.225 9183.900 1430.450
v 3875.379 9183.900 1539.450
v 4051.532 9183.900 1614.250
v 4227.686 9183.900 1692.800
v 4403.840 9183.900 1771.000
v 4579.993 9183.900 1851.700
v 4756.147 9183.900 1922.150
v 4932.300 9183.900 1978.600
v 5108.454 9183.900 2026.300
v 5284.607 9183.900 2073.500
v 5460.761 9183.900 2123.150
v 5636.915 9183.900 2155.800
v 5813.068 9183.900 2173.900
v 5989.222 9183.900 2191.300
v 6165.375 9183.900 2212.750
v 6341.529 9183.900 2205.600
v 6517.683 9183.900 2153.950
v 6693.836 9183.900 2073.850
v 6869.990 9183.900 1995.750
v 7046.143 9183.900 1907.000
v 7222.297 9183.900 1820.300
v 7398.450 9183.900 1731.500
v 7574.604 9183.900 1606.950
v 7750.758 9183.900 1482.250
v 7926.911 9183.900 1356.750
v 8103.065 9183.900 1172.950
v 8279.218 9183.900 1046.100
v 8455.372 9183.900 956.200
v 8631.526 9183.900 915.850
v 8807.679 9183.900 863.000
v 8983.833 9183.900 932.950
v 9159.986 9183.900 1029.000
v 9336.140 9183.900 1094.850
v 9512.293 9183.900 1166.250
v 9688.447 9183.900 1260.000
v 9864.601 9183.900 1369.150
v 10040.754 9183.900 1472.200
v 10216.908 9183.900 1576.850
v 10393.061 9183.900 1652.050
v 10569.215 9183.900 1691.500
v -10569.215 9387.987 2859.650
v -10393.061 9387.987 2857.220
v -10216.908 9387.987 2845.900
v -10040.754 9387.987 2820.050
v -9864.601 9387.987 2792.520
v -9688.447 9387.987 2752.300
v -9512.293 9387.987 2739.720
v -9336.140 9387.987 2724.080
v -9159.986 9387.987 2720.850
v -8983.833 9387.987 2697.020
v -8807.679 9387.987 2685.950
v -8631.526 9387.987 2678.770
v -8455.372 9387.987 2679.070
v -8279.218 9387.987 2671.720
v -8103.065 9387.987 2669.750
v -7926.911 9387.987 2622.400
v -7750.758 9387.987 2589.920
v -7574.604 9387.987 2577.270
v -7398.450 9387.987 2563.240
v -7222.297 9387.987 2550.000
v -7046.143 9387.987 2545.150
v -6869.990 9387.987 2537.520
v -6693.836 9387.987 2515.880
v -6517.683 9387.987 2541.390
v -6341.529 9387.987 2591.710
v -6165.375 9387.987 2644.050
v -5989.222 9387.987 2665.720
v -5813.068 9387.987 2700.760
v -5636.915 9387.987 2700.300
v -5460.761 9387.987 2730.420
v -5284.607 9387.987 2767.300
v -5108.454 9387.987 2848.650
v -4932.300 9387.987 2788.640
v -4756.147 9387.987 2816.400
v -4579.993 9387.987 2805.770
v -4403.840 9387.987 2814.650
v -4227.686 9387.987 2840.820
v -4051.532 9387.987 2915.990
v -3875.379 9387.987 2948.330
v -3699.225 9387.987 3028.660
v -3523.072 9387.987 3094.600
v -3346.918 9387.987 3178.800
v -3170.764 9387.987 3241.990
v -2994.611 9387.987 3141.800
v -2818.457 9387.987 3062.680
v -2642.304 9387.987 3044.100
v -2466.150 9387.987 3083.990
v -2289.997 9387.987 2993.230
v -2113.843 9387.987 2831.750
v -1937.689 9387.987 2758.520
v -1761.536 9387.987 2672.200
v -1585.382 9387.987 2519.280
v -1409.229 9387.987 2441.980
v -1233.075 9387.987 2391.060
v -1056.921 9387.987 2370.900
v -880.768 9387.987 2370.650
v -704.614 9387.987 2321.360
v -528.461 9387.987 2230.460
v -352.307 9387.987 2145.220
v -176.154 9387.987 2024.490
v 0.000 9387.987 1905.250
v 176.154 9387.987 1811.920
v 352.307 9387.987 1675.400
v 528.461 9387.987 1407.720
v 704.614 9387.987 1191.220
v 880.768 9387.987 1179.600
v 1056.921 9387.987 1175.600
v 1233.075 9387.987 1160.930
v 1409.229 9387.987 1153.200
v 1585.382 9387.987 1130.040
v 1761.536 9387.987 1088.750
v 1937.689 9387.987 1104.500
v 2113.843 9387.987 1091.840
v 2289.997 9387.987 1090.400
v 2466.150 9387.987 1072.980
v 2642.304 9387.987 1156.100
v 2818.457 9387.987 1247.690
v 2994.611 9387.987 1314.830
v 3170.764 9387.987 1311.880
v 3346.918 9387.987 1410.220
v 3523.072 9387.987 1514.050
v 3699.225 9387.987 1602.810
v 3875.379 9387.987 1679.470
v 4051.532 9387.987 1755.370
v 4227.686 9387.987 1831.400
v 4403.840 9387.987 1906.950
v 4579.993 9387.987 1985.400
v 4756.147 9387.987 2047.800
v 4932.300 9387.987 2089.640
v 5108.454 9387.987 2121.100
v 5284.607 9387.987 2155.700
v 5460.761 9387.987 2187.300
v 5636.915 9387.987 2201.200
v 5813.068 9387.987 2197.800
v 5989.222 9387.987 2195.720
v 6165.375 9387.987 2195.900
v 6341.529 9387.987 2170.490
v 6517.683 9387.987 2103.800
v 6693.836 9387.987 2012.970
v 6869.990 9387.987 1907.430
v 7046.143 9387.987 1780.600
v 7222.297 9387.987 1687.570
v 7398.450 9387.987 1592.970
v 7574.604 9387.987 1510.960
v 7750.758 9387.987 1439.100
v 7926.911 9387.987 1328.800
v 8103.065 9387.987 1150.210
v 8279.218 9387.987 981.090
v 8455.372 9387.987 911.840
v 8631.526 9387.987 871.520
v 8807.679 9387.987 879.350
v 8983.833 9387.987 1098.880
v 9159.986 9387.987 1118.890
v 9336.140 9387.987 1166.700
v 9512.293 9387.987 1248.300
v 9688.447 9387.987 1350.950
v 9864.601 9387.987 1465.700
v 10040.754 9387.987 1575.170
v 10216.908 9387.987 1686.130
v 10393.061 9387.987 1763.190
v 10569.215 9387.987 1802.600
v -10569.215 9592.073 2865.750
v -10393.061 9592.073 2851.460
v -10216.908 9592.073 2857.680
v -10040.754 9592.073 2843.150
v -9864.601 9592.073 2823.780
v -9688.447 9592.073 2791.650
v -9512.293 9592.073 2739.420
v -9336.140 9592.073 2717.370
v -9159.986 9592.073 2707.800
v -8983.833 9592.073 2694.400
v -8807.679 9592.073 2698.650
v -8631.526 9592.073 2680.500
v -8455.372 9592.073 2670.790
v -8279.218 9592.073 2645.580
v -8103.065 9592.073 2641.970
v -7926.911 9592.073 2619.200
v -7750.758 9592.073 2599.170
v -7574.604 9592.073 2585.380
v -7398.450 9592.073 2574.580
v -7222.297 9592.073 2566.070
v -7046.143 9592.073 2571.450
v -6869.990 9592.073 2571.900
v -6693.836 9592.073 2593.210
v -6517.683 9592.073 2606.160
v -6341.529 9592.073 2644.960
v -6165.375 9592.073 2691.400
v -5989.222 9592.073 2775.250
v -5813.068 9592.073 2784.110
v -5636.915 9592.073 2822.300
v -5460.761 9592.073 2813.400
v -5284.607 9592.073 2842.950
v -5108.454 9592.073 2941.710
v -4932.300 9592.073 2981.290
v -4756.147 9592.073 2923.200
v -4579.993 9592.073 2916.130
v -4403.840 9592.073 2921.100
v -4227.686 9592.073 2973.720
v -4051.532 9592.073 3044.160
v -3875.379 9592.073 3017.140
v -3699.225 9592.073 3109.000
v -3523.072 9592.073 3143.900
v -3346.918 9592.073 3173.760
v -3170.764 9592.073 3108.100
v -2994.611 9592.073 3077.710
v -2818.457 9592.073 3057.950
v -2642.304 9592.073 3060.700
v -2466.150 9592.073 3106.140
v -2289.997 9592.073 3053.060
v -2113.843 9592.073 2856.280
v -1937.689 9592.073 2667.940
v -1761.536 9592.073 2561.000
v -1585.382 9592.073 2487.780
v -1409.229 9592.073 2411.870
v -1233.075 9592.073 2314.310
v -1056.921 9592.073 2259.550
v -880.768 9592.073 2205.000
v -704.614 9592.073 2205.570
v -528.461 9592.073 2158.080
v -352.307 9592.073 2213.180
v -176.154 9592.073 2097.990
v 0.000 9592.073 1949.900
v 176.154 9592.073 1823.280
v 352.307 9592.073 1495.680
v 528.461 9592.073 1362.310
v 704.614 9592.073 1198.160
v 880.768 9592.073 1200.100
v 1056.921 9592.073 1202.150
v 1233.075 9592.073 1194.120
v 1409.229 9592.073 1183.360
v 1585.382 9592.073 1168.100
v 1761.536 9592.073 1139.650
v 1937.689 9592.073 1115.560
v 2113.843 9592.073 1138.270
v 2289.997 9592.073 1231.900
v 2466.150 9592.073 1318.730
v 2642.304 9592.073 1383.200
v 2818.457 9592.073 1433.770
v 2994.611 9592.073 1480.810
v 3170.764 9592.073 1543.210
v 3346.918 9592.073 1614.970
v 3523.072 9592.073 1681.650
v 3699.225 9592.073 1752.870
v 3875.379 9592.073 1828.300
v 4051.532 9592.073 1900.690
v 4227.686 9592.073 1968.200
v 4403.840 9592.073 2036.000
v 4579.993 9592.073 2107.030
v 4756.147 9592.073 2157.810
v 4932.300 9592.073 2181.390
v 5108.454 9592.073 2192.000
v 5284.607 9592.073 2205.450
v 5460.761 9592.073 2216.930
v 5636.915 9592.073 2206.800
v 5813.068 9592.073 2178.600
v 5989.222 9592.073 2152.300
v 6165.375 9592.073 2129.200
v 6341.529 9592.073 2060.920
v 6517.683 9592.073 1963.470
v 6693.836 9592.073 1872.910
v 6869.990 9592.073 1753.590
v 7046.143 9592.073 1633.600
v 7222.297 9592.073 1561.860
v 7398.450 9592.073 1448.740
v 7574.604 9592.073 1386.900
v 7750.758 9592.073 1303.610
v 7926.911 9592.073 1236.600
v 8103.065 9592.073 1107.210
v 8279.218 9592.073 923.200
v 8455.372 9592.073 879.580
v 8631.526 9592.073 887.480
v 8807.679 9592.073 935.450
v 8983.833 9592.073 1109.810
v 9159.986 9592.073 1181.640
v 9336.140 9592.073 1243.710
v 9512.293 9592.073 1335.100
v 9688.447 9592.073 1443.800
v 9864.601 9592.073 1558.300
v 10040.754 9592.073 1670.990
v 10216.908 9592.073 1783.200
v 10393.061 9592.073 1863.000
v 10569.215 9592.073 1904.350
v -10569.215 9796.160 2901.500
v -10393.061 9796.160 2887.920
v -10216.908 9796.160 2904.390
v -10040.754 9796.160 2906.090
v -9864.601 9796.160 2890.330
v -9688.447 9796.160 2870.950
v -9512.293 9796.160 2815.710
v -9336.140 9796.160 2762.140
v -9159.986 9796.160 2744.230
v -8983.833 9796.160 2713.200
v -8807.679 9796.160 2704.250
v -8631.526 9796.160 2670.010
v -8455.372 9796.160 2652.360
v -8279.218 9796.160 2642.890
v -8103.065 9796.160 2628.450
v -7926.911 9796.160 2610.400
v -7750.758 9796.160 2600.230
v -7574.604 9796.160 2589.310
v -7398.450 9796.160 2580.910
v -7222.297 9796.160 2573.040
v -7046.143 9796.160 2589.750
v -6869.990 9796.160 2598.520
v -6693.836 9796.160 2629.330
v -6517.683 9796.160 2658.000
v -6341.529 9796.160 2691.540
v -6165.375 9796.160 2780.900
v -5989.222 9796.160 2876.750
v -5813.068 9796.160 2905.940
v -5636.915 9796.160 2965.800
v -5460.761 9796.160 2994.230
v -5284.607 9796.160 3052.400
v -5108.454 9796.160 3093.390
v -4932.300 9796.160 3065.620
v -4756.147 9796.160 3013.080
v -4579.993 9796.160 3014.090
v -4403.840 9796.160 3035.850
v -4227.686 9796.160 3097.500
v -4051.532 9796.160 3194.450
v -3875.379 9796.160 3199.400
v -3699.225 9796.160 3128.200
v -3523.072 9796.160 2986.750
v -3346.918 9796.160 2992.730
v -3170.764 9796.160 2935.700
v -2994.611 9796.160 2917.920
v -2818.457 9796.160 2956.820
v -2642.304 9796.160 2883.550
v -2466.150 9796.160 2910.240
v -2289.997 9796.160 2996.640
v -2113.843 9796.160 2881.090
v -1937.689 9796.160 2612.400
v -1761.536 9796.160 2532.550
v -1585.382 9796.160 2445.260
v -1409.229 9796.160 2355.490
v -1233.075 9796.160 2274.350
v -1056.921 9796.160 2216.170
v -880.768 9796.160 2125.050
v -704.614 9796.160 2118.020
v -528.461 9796.160 2093.390
v -352.307 9796.160 2045.300
v -176.154 9796.160 1988.450
v 0.000 9796.160 1920.350
v 176.154 9796.160 1861.830
v 352.307 9796.160 1511.010
v 528.461 9796.160 1330.420
v 704.614 9796.160 1221.800
v 880.768 9796.160 1232.050
v 1056.921 9796.160 1222.160
v 1233.075 9796.160 1211.220
v 1409.229 9796.160 1196.290
v 1585.382 9796.160 1178.470
v 1761.536 9796.160 1150.350
v 1937.689 9796.160 1206.830
v 2113.843 9796.160 1297.890
v 2289.997 9796.160 1422.710
v 2466.150 9796.160 1493.400
v 2642.304 9796.160 1542.500
v 2818.457 9796.160 1600.830
v 2994.611 9796.160 1654.110
v 3170.764 9796.160 1712.300
v 3346.918 9796.160 1778.930
v 3523.072 9796.160 1845.000
v 3699.225 9796.160 1913.070
v 3875.379 9796.160 1979.700
v 4051.532 9796.160 2045.400
v 4227.686 9796.160 2107.200
v 4403.840 9796.160 2168.300
v 4579.993 9796.160 2231.300
v 4756.147 9796.160 2270.790
v 4932.300 9796.160 2276.700
v 5108.454 9796.160 2265.500
v 5284.607 9796.160 2258.200
v 5460.761 9796.160 2245.570
v 5636.915 9796.160 2202.770
v 5813.068 9796.160 2142.810
v 5989.222 9796.160 2084.180
v 6165.375 9796.160 2023.000
v 6341.529 9796.160 1932.610
v 6517.683 9796.160 1813.220
v 6693.836 9796.160 1687.810
v 6869.990 9796.160 1616.200
v 7046.143 9796.160 1530.350
v 7222.297 9796.160 1455.820
v 7398.450 9796.160 1391.770
v 7574.604 9796.160 1303.340
v 7750.758 9796.160 1190.410
v 7926.911 9796.160 1125.000
v 8103.065 9796.160 1023.880
v 8279.218 9796.160 923.150
v 8455.372 9796.160 891.320
v 8631.526 9796.160 906.990
v 8807.679 9796.160 976.100
v 8983.833 9796.160 1069.270
v 9159.986 9796.160 1206.440
v 9336.140 9796.160 1313.600
v 9512.293 9796.160 1421.000
v 9688.447 9796.160 1536.500
v 9864.601 9796.160 1651.100
v 10040.754 9796.160 1767.110
v 10216.908 9796.160 1883.100
v 10393.061 9796.160 1963.230
v 10569.215 9796.160 2004.600
v -10569.215 10000.247 3063.700
v -10393.061 10000.247 3044.610
v -10216.908 10000.247 2994.350
v -10040.754 10000.247 2984.380
v -9864.601 10000.247 2953.020
v -9688.447 10000.247 2933.450
v -9512.293 10000.247 2903.990
v -9336.140 10000.247 2858.180
v -9159.986 10000.247 2846.210
v -8983.833 10000.247 2783.780
v -8807.679 10000.247 2717.800
v -8631.526 10000.247 2673.780
v -8455.372 10000.247 2656.450
v -8279.218 10000.247 2651.690
v -8103.065 10000.247 2623.690
v -7926.911 10000.247 2607.700
v -7750.758 10000.247 2606.580
v -7574.604 10000.247 2592.030
v -7398.450 10000.247 2593.870
v -7222.297 10000.247 2586.290
v -7046.143 10000.247 2606.200
v -6869.990 10000.247 2621.810
v -6693.836 10000.247 2654.780
v -6517.683 10000.247 2663.980
v -6341.529 10000.247 2682.230
v -6165.375 10000.247 2725.700
v -5989.222 10000.247 2768.650
v -5813.068 10000.247 2825.620
v -5636.915 10000.247 3007.600
v -5460.761 10000.247 3090.420
v -5284.607 10000.247 3098.150
v -5108.454 10000.247 3163.570
v -4932.300 10000.247 3224.630
v -4756.147 10000.247 3114.480
v -4579.993 10000.247 3092.550
v -4403.840 10000.247 3125.700
v -4227.686 10000.247 3245.460
v -4051.532 10000.247 3163.080
v -3875.379 10000.247 3088.910
v -3699.225 10000.247 3050.430
v -3523.072 10000.247 2888.600
v -3346.918 10000.247 2835.560
v -3170.764 10000.247 2820.430
v -2994.611 10000.247 2800.230
v -2818.457 10000.247 2812.620
v -2642.304 10000.247 2782.150
v -2466.150 10000.247 2772.400
v -2289.997 10000.247 2838.250
v -2113.843 10000.247 2765.620
v -1937.689 10000.247 2698.850
v -1761.536 10000.247 2486.350
v -1585.382 10000.247 2395.330
v -1409.229 10000.247 2302.030
v -1233.075 10000.247 2224.250
v -1056.921 10000.247 2145.100
v -880.768 10000.247 2048.700
v -704.614 10000.247 2034.880
v -528.461 10000.247 2002.880
v -352.307 10000.247 1934.030
v -176.154 10000.247 1830.680
v 0.000 10000.247 1764.650
v 176.154 10000.247 1656.890
v 352.307 10000.247 1396.710
v 528.461 10000.247 1281.770
v 704.614 10000.247 1262.380
v 880.768 10000.247 1256.300
v 1056.921 10000.247 1239.080
v 1233.075 10000.247 1214.270
v 1409.229 10000.247 1193.460
v 1585.382 10000.247 1200.570
v 1761.536 10000.247 1278.550
v 1937.689 10000.247 1369.230
v 2113.843 10000.247 1489.800
v 2289.997 10000.247 1599.430
v 2466.150 10000.247 1658.200
v 2642.304 10000.247 1710.000
v 2818.457 10000.247 1767.900
v 2994.611 10000.247 1826.640
v 3170.764 10000.247 1885.630
v 3346.918 10000.247 1946.290
v 3523.072 10000.247 2008.600
v 3699.225 10000.247 2070.290
v 3875.379 10000.247 2131.670
v 4051.532 10000.247 2188.900
v 4227.686 10000.247 2242.800
v 4403.840 10000.247 2295.900
v 4579.993 10000.247 2351.710
v 4756.147 10000.247 2378.970
v 4932.300 10000.247 2367.000
v 5108.454 10000.247 2335.200
v 5284.607 10000.247 2307.600
v 5460.761 10000.247 2272.010
v 5636.915 10000.247 2144.060
v 5813.068 10000.247 2076.370
v 5989.222 10000.247 1978.190
v 6165.375 10000.247 1910.600
v 6341.529 10000.247 1811.950
v 6517.683 10000.247 1770.710
v 6693.836 10000.247 1672.580
v 6869.990 10000.247 1498.300
v 7046.143 10000.247 1431.350
v 7222.297 10000.247 1364.780
v 7398.450 10000.247 1292.340
v 7574.604 10000.247 1233.450
v 7750.758 10000.247 1172.540
v 7926.911 10000.247 1072.200
v 8103.065 10000.247 937.430
v 8279.218 10000.247 919.810
v 8455.372 10000.247 919.210
v 8631.526 10000.247 918.010
v 8807.679 10000.247 983.300
v 8983.833 10000.247 1120.430
v 9159.986 10000.247 1234.230
v 9336.140 10000.247 1380.400
v 9512.293 10000.247 1505.420
v 9688.447 10000.247 1625.500
v 9864.601 10000.247 1742.300
v 10040.754 10000.247 1858.100
v 10216.908 10000.247 1974.100
v 10393.061 10000.247 2055.600
v 10569.215 10000.247 2099.950
v -10569.215 10204.333 3007.250
v -10393.061 10204.333 3122.550
v -10216.908 10204.333 3066.650
v -10040.754 10204.333 3063.150
v -9864.601 10204.333 3033.900
v -9688.447 10204.333 2996.000
v -9512.293 10204.333 2959.350
v -9336.140 10204.333 2945.000
v -9159.986 10204.333 2913.350
v -8983.833 10204.333 2868.350
v -8807.679 10204.333 2794.500
v -8631.526 10204.333 2758.050
v -8455.372 10204.333 2706.200
v -8279.218 10204.333 2671.150
v -8103.065 10204.333 2636.250
v -7926.911 10204.333 2623.000
v -7750.758 10204.333 2620.950
v -7574.604 10204.333 2613.100
v -7398.450 10204.333 2599.700
v -7222.297 10204.333 2599.050
v -7046.143 10204.333 2612.500
v -6869.990 10204.333 2624.050
v -6693.836 10204.333 2647.750
v -6517.683 10204.333 2663.050
v -6341.529 10204.333 2696.550
v -6165.375 10204.333 2708.000
v -5989.222 10204.333 2742.850
v -5813.068 10204.333 2775.950
v -5636.915 10204.333 2819.300
v -5460.761 10204.333 2872.300
v -5284.607 10204.333 2925.750
v -5108.454 10204.333 3011.900
v -4932.300 10204.333 3177.200
v -4756.147 10204.333 3271.700
v -4579.993 10204.333 3164.450
v -4403.840 10204.333 3111.250
v -4227.686 10204.333 3061.350
v -4051.532 10204.333 2986.000
v -3875.379 10204.333 2896.450
v -3699.225 10204.333 2873.850
v -3523.072 10204.333 2838.250
v -3346.918 10204.333 2751.500
v -3170.764 10204.333 2720.350
v -2994.611 10204.333 2697.900
v -2818.457 10204.333 2688.300
v -2642.304 10204.333 2673.500
v -2466.150 10204.333 2677.450
v -2289.997 10204.333 2703.800
v -2113.843 10204.333 2704.950
v -1937.689 10204.333 2571.800
v -1761.536 10204.333 2570.000
v -1585.382 10204.333 2411.100
v -1409.229 10204.333 2236.800
v -1233.075 10204.333 2146.550
v -1056.921 10204.333 2057.400
v -880.768 10204.333 1966.750
v -704.614 10204.333 1899.550
v -528.461 10204.333 1904.400
v -352.307 10204.333 1853.600
v -176.154 10204.333 1733.150
v 0.000 10204.333 1612.750
v 176.154 10204.333 1438.850
v 352.307 10204.333 1359.350
v 528.461 10204.333 1312.500
v 704.614 10204.333 1286.900
v 880.768 10204.333 1267.000
v 1056.921 10204.333 1246.100
v 1233.075 10204.333 1247.300
v 1409.229 10204.333 1286.650
v 1585.382 10204.333 1361.850
v 1761.536 10204.333 1459.000
v 1937.689 10204.333 1560.300
v 2113.843 10204.333 1651.650
v 2289.997 10204.333 1743.100
v 2466.150 10204.333 1813.050
v 2642.304 10204.333 1868.250
v 2818.457 10204.333 1926.400
v 2994.611 10204.333 1987.000
v 3170.764 10204.333 2045.700
v 3346.918 10204.333 2101.650
v 3523.072 10204.333 2155.750
v 3699.225 10204.333 2210.350
v 3875.379 10204.333 2263.750
v 4051.532 10204.333 2308.800
v 4227.686 10204.333 2343.950
v 4403.840 10204.333 2380.750
v 4579.993 10204.333 2420.000
v 4756.147 10204.333 2430.800
v 4932.300 10204.333 2401.600
v 5108.454 10204.333 2352.200
v 5284.607 10204.333 2308.250
v 5460.761 10204.333 2254.000
v 5636.915 10204.333 2107.750
v 5813.068 10204.333 2018.650
v 5989.222 10204.333 1948.300
v 6165.375 10204.333 1869.000
v 6341.529 10204.333 1776.150
v 6517.683 10204.333 1672.300
v 6693.836 10204.333 1575.850
v 6869.990 10204.333 1404.750
v 7046.143 10204.333 1342.250
v 7222.297 10204.333 1271.350
v 7398.450 10204.333 1206.200
v 7574.604 10204.333 1139.550
v 7750.758 10204.333 1069.600
v 7926.911 10204.333 980.250
v 8103.065 10204.333 929.900
v 8279.218 10204.333 938.850
v 8455.372 10204.333 946.550
v 8631.526 10204.333 956.700
v 8807.679 10204.333 1000.000
v 8983.833 10204.333 1123.550
v 9159.986 10204.333 1275.600
v 9336.140 10204.333 1425.250
v 9512.293 10204.333 1545.600
v 9688.447 10204.333 1665.000
v 9864.601 10204.333 1775.700
v 10040.754 10204.333 1884.550
v 10216.908 10204.333 1994.150
v 10393.061 10204.333 2079.400
v 10569.215 10204.333 2133.000
v -10569.215 10408.420 2882.000
v -10393.061 10408.420 3013.870
v -10216.908 10408.420 3144.620
v -10040.754 10408.420 3114.840
v -9864.601 10408.420 3086.510
v -9688.447 10408.420 3052.700
v -9512.293 10408.420 3010.610
v -9336.140 10408.420 3003.580
v -9159.986 10408.420 2990.470
v -8983.833 10408.420 2942.300
v -8807.679 10408.420 2882.350
v -8631.526 10408.420 2845.720
v -8455.372 10408.420 2778.090
v -8279.218 10408.420 2722.470
v -8103.065 10408.420 2683.190
v -7926.911 10408.420 2674.200
v -7750.758 10408.420 2666.210
v -7574.604 10408.420 2669.610
v -7398.450 10408.420 2672.630
v -7222.297 10408.420 2662.800
v -7046.143 10408.420 2658.350
v -6869.990 10408.420 2663.530
v -6693.836 10408.420 2672.060
v -6517.683 10408.420 2676.960
v -6341.529 10408.420 2706.800
v -6165.375 10408.420 2716.450
v -5989.222 10408.420 2731.990
v -5813.068 10408.420 2746.930
v -5636.915 10408.420 2787.370
v -5460.761 10408.420 2843.030
v -5284.607 10408.420 2871.000
v -5108.454 10408.420 2917.290
v -4932.300 10408.420 2997.270
v -4756.147 10408.420 3166.980
v -4579.993 10408.420 3241.830
v -4403.840 10408.420 3067.300
v -4227.686 10408.420 2995.120
v -4051.532 10408.420 2913.370
v -3875.379 10408.420 2843.930
v -3699.225 10408.420 2797.280
v -3523.072 10408.420 2728.750
v -3346.918 10408.420 2653.530
v -3170.764 10408.420 2631.120
v -2994.611 10408.420 2607.180
v -2818.457 10408.420 2564.280
v -2642.304 10408.420 2570.900
v -2466.150 10408.420 2556.480
v -2289.997 10408.420 2534.490
v -2113.843 10408.420 2561.750
v -1937.689 10408.420 2472.450
v -1761.536 10408.420 2405.000
v -1585.382 10408.420 2330.750
v -1409.229 10408.420 2207.450
v -1233.075 10408.420 2086.160
v -1056.921 10408.420 2022.380
v -880.768 10408.420 1879.650
v -704.614 10408.420 1764.300
v -528.461 10408.420 1801.480
v -352.307 10408.420 1764.070
v -176.154 10408.420 1586.920
v 0.000 10408.420 1467.550
v 176.154 10408.420 1429.220
v 352.307 10408.420 1355.840
v 528.461 10408.420 1342.060
v 704.614 10408.420 1316.730
v 880.768 10408.420 1297.100
v 1056.921 10408.420 1303.780
v 1233.075 10408.420 1409.840
v 1409.229 10408.420 1459.230
v 1585.382 10408.420 1524.000
v 1761.536 10408.420 1613.250
v 1937.689 10408.420 1706.190
v 2113.843 10408.420 1795.700
v 2289.997 10408.420 1878.170
v 2466.150 10408.420 1948.690
v 2642.304 10408.420 2007.000
v 2818.457 10408.420 2065.680
v 2994.611 10408.420 2126.900
v 3170.764 10408.420 2182.000
v 3346.918 10408.420 2231.700
v 3523.072 10408.420 2276.300
v 3699.225 10408.420 2321.990
v 3875.379 10408.420 2364.500
v 4051.532 10408.420 2388.200
v 4227.686 10408.420 2393.010
v 4403.840 10408.420 2399.200
v 4579.993 10408.420 2408.100
v 4756.147 10408.420 2393.300
v 4932.300 10408.420 2346.500
v 5108.454 10408.420 2283.290
v 5284.607 10408.420 2225.100
v 5460.761 10408.420 2172.930
v 5636.915 10408.420 2108.350
v 5813.068 10408.420 2032.530
v 5989.222 10408.420 1935.060
v 6165.375 10408.420 1876.550
v 6341.529 10408.420 1762.160
v 6517.683 10408.420 1625.510
v 6693.836 10408.420 1451.530
v 6869.990 10408.420 1382.290
v 7046.143 10408.420 1242.200
v 7222.297 10408.420 1190.790
v 7398.450 10408.420 1114.930
v 7574.604 10408.420 1069.070
v 7750.758 10408.420 1004.770
v 7926.911 10408.420 934.550
v 8103.065 10408.420 942.600
v 8279.218 10408.420 946.270
v 8455.372 10408.420 974.910
v 8631.526 10408.420 1006.280
v 8807.679 10408.420 1079.500
v 8983.833 10408.420 1134.870
v 9159.986 10408.420 1282.250
v 9336.140 10408.420 1426.140
v 9512.293 10408.420 1516.400
v 9688.447 10408.420 1616.100
v 9864.601 10408.420 1714.890
v 10040.754 10408.420 1810.000
v 10216.908 10408.420 1906.100
v 10393.061 10408.420 1991.890
v 10569.215 10408.420 2064.350
v -10569.215 10612.507 2803.000
v -10393.061 10612.507 2809.670
v -10216.908 10612.507 2949.320
v -10040.754 10612.507 3017.960
v -9864.601 10612.507 3104.040
v -9688.447 10612.507 3146.000
v -9512.293 10612.507 3103.060
v -9336.140 10612.507 3081.640
v -9159.986 10612.507 3069.770
v -8983.833 10612.507 3024.840
v -8807.679 10612.507 2964.800
v -8631.526 10612.507 2947.020
v -8455.372 10612.507 2904.520
v -8279.218 10612.507 2769.010
v -8103.065 10612.507 2698.490
v -7926.911 10612.507 2706.700
v -7750.758 10612.507 2704.810
v -7574.604 10612.507 2724.790
v -7398.450 10612.507 2725.300
v -7222.297 10612.507 2738.570
v -7046.143 10612.507 2749.700
v -6869.990 10612.507 2746.990
v -6693.836 10612.507 2727.340
v -6517.683 10612.507 2717.240
v -6341.529 10612.507 2717.100
v -6165.375 10612.507 2732.550
v -5989.222 10612.507 2743.670
v -5813.068 10612.507 2757.320
v -5636.915 10612.507 2777.690
v -5460.761 10612.507 2804.540
v -5284.607 10612.507 2840.500
v -5108.454 10612.507 2881.450
v -4932.300 10612.507 2925.010
v -4756.147 10612.507 3039.600
v -4579.993 10612.507 3182.920
v -4403.840 10612.507 3050.400
v -4227.686 10612.507 2914.860
v -4051.532 10612.507 2841.260
v -3875.379 10612.507 2780.690
v -3699.225 10612.507 2722.270
v -3523.072 10612.507 2668.450
v -3346.918 10612.507 2602.450
v -3170.764 10612.507 2553.790
v -2994.611 10612.507 2509.550
v -2818.457 10612.507 2483.910
v -2642.304 10612.507 2472.700
v -2466.150 10612.507 2447.970
v -2289.997 10612.507 2415.210
v -2113.843 10612.507 2416.240
v -1937.689 10612.507 2392.500
v -1761.536 10612.507 2315.800
v -1585.382 10612.507 2202.590
v -1409.229 10612.507 2129.180
v -1233.075 10612.507 2055.120
v -1056.921 10612.507 1955.610
v -880.768 10612.507 1832.800
v -704.614 10612.507 1714.210
v -528.461 10612.507 1582.580
v -352.307 10612.507 1520.900
v -176.154 10612.507 1508.400
v 0.000 10612.507 1495.750
v 176.154 10612.507 1464.430
v 352.307 10612.507 1437.290
v 528.461 10612.507 1391.460
v 704.614 10612.507 1352.440
v 880.768 10612.507 1331.100
v 1056.921 10612.507 1451.400
v 1233.075 10612.507 1634.750
v 1409.229 10612.507 1645.100
v 1585.382 10612.507 1692.670
v 1761.536 10612.507 1769.950
v 1937.689 10612.507 1852.200
v 2113.843 10612.507 1934.600
v 2289.997 10612.507 2012.100
v 2466.150 10612.507 2080.500
v 2642.304 10612.507 2141.350
v 2818.457 10612.507 2202.130
v 2994.611 10612.507 2265.710
v 3170.764 10612.507 2319.390
v 3346.918 10612.507 2360.000
v 3523.072 10612.507 2395.100
v 3699.225 10612.507 2432.030
v 3875.379 10612.507 2462.610
v 4051.532 10612.507 2465.090
v 4227.686 10612.507 2438.140
v 4403.840 10612.507 2413.750
v 4579.993 10612.507 2389.730
v 4756.147 10612.507 2348.910
v 4932.300 10612.507 2284.600
v 5108.454 10612.507 2206.200
v 5284.607 10612.507 2131.500
v 5460.761 10612.507 2059.860
v 5636.915 10612.507 1961.490
v 5813.068 10612.507 1829.530
v 5989.222 10612.507 1761.460
v 6165.375 10612.507 1703.000
v 6341.529 10612.507 1625.320
v 6517.683 10612.507 1519.990
v 6693.836 10612.507 1421.270
v 6869.990 10612.507 1268.520
v 7046.143 10612.507 1131.250
v 7222.297 10612.507 1092.040
v 7398.450 10612.507 1049.990
v 7574.604 10612.507 993.630
v 7750.758 10612.507 969.730
v 7926.911 10612.507 948.100
v 8103.065 10612.507 942.740
v 8279.218 10612.507 955.430
v 8455.372 10612.507 971.600
v 8631.526 10612.507 1040.000
v 8807.679 10612.507 1088.000
v 8983.833 10612.507 1140.850
v 9159.986 10612.507 1201.810
v 9336.140 10612.507 1400.010
v 9512.293 10612.507 1477.770
v 9688.447 10612.507 1559.050
v 9864.601 10612.507 1646.070
v 10040.754 10612.507 1728.290
v 10216.908 10612.507 1810.110
v 10393.061 10612.507 1897.300
v 10569.215 10612.507 1988.950
v -10569.215 10816.593 2710.050
v -10393.061 10816.593 2730.270
v -10216.908 10816.593 2789.980
v -10040.754 10816.593 2816.540
v -9864.601 10816.593 2865.040
v -9688.447 10816.593 3022.700
v -9512.293 10816.593 3183.000
v -9336.140 10816.593 3176.350
v -9159.986 10816.593 3181.990
v -8983.833 10816.593 3139.860
v -8807.679 10816.593 3085.050
v -8631.526 10816.593 3072.680
v -8455.372 10816.593 2957.040
v -8279.218 10816.593 2906.810
v -8103.065 10816.593 2782.050
v -7926.911 10816.593 2732.600
v -7750.758 10816.593 2733.540
v -7574.604 10816.593 2749.020
v -7398.450 10816.593 2759.710
v -7222.297 10816.593 2768.290
v -7046.143 10816.593 2779.500
v -6869.990 10816.593 2795.840
v -6693.836 10816.593 2834.510
v -6517.683 10816.593 2818.690
v -6341.529 10816.593 2797.020
v -6165.375 10816.593 2752.000
v -5989.222 10816.593 2753.640
v -5813.068 10816.593 2763.110
v -5636.915 10816.593 2777.110
v -5460.761 10816.593 2801.270
v -5284.607 10816.593 2838.100
v -5108.454 10816.593 2867.340
v -4932.300 10816.593 2911.780
v -4756.147 10816.593 2959.800
v -4579.993 10816.593 3085.390
v -4403.840 10816.593 3003.800
v -4227.686 10816.593 2820.020
v -4051.532 10816.593 2766.970
v -3875.379 10816.593 2695.920
v -3699.225 10816.593 2627.030
v -3523.072 10816.593 2593.700
v -3346.918 10816.593 2556.890
v -3170.764 10816.593 2494.080
v -2994.611 10816.593 2439.400
v -2818.457 10816.593 2377.000
v -2642.304 10816.593 2359.350
v -2466.150 10816.593 2336.190
v -2289.997 10816.593 2318.200
v -2113.843 10816.593 2317.290
v -1937.689 10816.593 2351.470
v -1761.536 10816.593 2295.800
v -1585.382 10816.593 2120.260
v -1409.229 10816.593 2056.970
v -1233.075 10816.593 1994.450
v -1056.921 10816.593 1912.350
v -880.768 10816.593 1810.550
v -704.614 10816.593 1707.180
v -528.461 10816.593 1534.490
v -352.307 10816.593 1528.410
v -176.154 10816.593 1520.970
v 0.000 10816.593 1510.300
v 176.154 10816.593 1492.070
v 352.307 10816.593 1464.440
v 528.461 10816.593 1425.820
v 704.614 10816.593 1423.250
v 880.768 10816.593 1521.750
v 1056.921 10816.593 1678.890
v 1233.075 10816.593 1806.750
v 1409.229 10816.593 1815.880
v 1585.382 10816.593 1865.340
v 1761.536 10816.593 1931.350
v 1937.689 10816.593 2002.500
v 2113.843 10816.593 2073.800
v 2289.997 10816.593 2144.710
v 2466.150 10816.593 2211.500
v 2642.304 10816.593 2276.500
v 2818.457 10816.593 2340.800
v 2994.611 10816.593 2407.800
v 3170.764 10816.593 2460.020
v 3346.918 10816.593 2492.830
v 3523.072 10816.593 2518.200
v 3699.225 10816.593 2547.100
v 3875.379 10816.593 2567.090
v 4051.532 10816.593 2547.000
v 4227.686 10816.593 2488.500
v 4403.840 10816.593 2431.600
v 4579.993 10816.593 2375.970
v 4756.147 10816.593 2308.000
v 4932.300 10816.593 2223.300
v 5108.454 10816.593 2129.930
v 5284.607 10816.593 2037.150
v 5460.761 10816.593 1942.630
v 5636.915 10816.593 1844.110
v 5813.068 10816.593 1730.440
v 5989.222 10816.593 1599.820
v 6165.375 10816.593 1446.500
v 6341.529 10816.593 1351.790
v 6517.683 10816.593 1276.590
v 6693.836 10816.593 1179.940
v 6869.990 10816.593 1034.260
v 7046.143 10816.593 1035.750
v 7222.297 10816.593 1010.590
v 7398.450 10816.593 966.010
v 7574.604 10816.593 957.770
v 7750.758 10816.593 950.660
v 7926.911 10816.593 948.600
v 8103.065 10816.593 974.670
v 8279.218 10816.593 993.000
v 8455.372 10816.593 1131.110
v 8631.526 10816.593 1288.570
v 8807.679 10816.593 1376.350
v 8983.833 10816.593 1376.700
v 9159.986 10816.593 1392.340
v 9336.140 10816.593 1433.510
v 9512.293 10816.593 1451.130
v 9688.447 10816.593 1500.300
v 9864.601 10816.593 1573.670
v 10040.754 10816.593 1643.600
v 10216.908 10816.593 1711.810
v 10393.061 10816.593 1800.800
v 10569.215 10816.593 1913.700
v -10569.215 11020.680 2555.050
v -10393.061 11020.680 2616.310
v -10216.908 11020.680 2646.110
v -10040.754 11020.680 2667.000
v -9864.601 11020.680 2694.540
v -9688.447 11020.680 2901.800
v -9512.293 11020.680 3019.370
v -9336.140 11020.680 3048.030
v -9159.986 11020.680 3040.960
v -8983.833 11020.680 3115.730
v -8807.679 11020.680 3224.600
v -8631.526 11020.680 3186.660
v -8455.372 11020.680 3003.870
v -8279.218 11020.680 2939.340
v -8103.065 11020.680 2845.550
v -7926.911 11020.680 2767.100
v -7750.758 11020.680 2760.190
v -7574.604 11020.680 2769.270
v -7398.450 11020.680 2775.430
v -7222.297 11020.680 2768.800
v -7046.143 11020.680 2774.250
v -6869.990 11020.680 2801.020
v -6693.836 11020.680 2885.130
v -6517.683 11020.680 2898.180
v -6341.529 11020.680 2883.290
v -6165.375 11020.680 2897.300
v -5989.222 11020.680 2823.090
v -5813.068 11020.680 2806.370
v -5636.915 11020.680 2801.040
v -5460.761 11020.680 2825.250
v -5284.607 11020.680 2867.950
v -5108.454 11020.680 2911.820
v -4932.300 11020.680 2938.860
v -4756.147 11020.680 2983.000
v -4579.993 11020.680 2969.430
v -4403.840 11020.680 2926.500
v -4227.686 11020.680 2790.410
v -4051.532 11020.680 2709.400
v -3875.379 11020.680 2623.910
v -3699.225 11020.680 2571.170
v -3523.072 11020.680 2519.350
v -3346.918 11020.680 2486.220
v -3170.764 11020.680 2430.370
v -2994.611 11020.680 2366.750
v -2818.457 11020.680 2322.320
v -2642.304 11020.680 2283.100
v -2466.150 11020.680 2241.580
v -2289.997 11020.680 2228.340
v -2113.843 11020.680 2224.760
v -1937.689 11020.680 2220.400
v -1761.536 11020.680 2179.300
v -1585.382 11020.680 2064.860
v -1409.229 11020.680 1999.160
v -1233.075 11020.680 1926.100
v -1056.921 11020.680 1842.310
v -880.768 11020.680 1749.200
v -704.614 11020.680 1559.700
v -528.461 11020.680 1554.730
v -352.307 11020.680 1545.530
v -176.154 11020.680 1534.310
v 0.000 11020.680 1530.600
v 176.154 11020.680 1517.800
v 352.307 11020.680 1492.080
v 528.461 11020.680 1545.310
v 704.614 11020.680 1612.800
v 880.768 11020.680 1697.050
v 1056.921 11020.680 1792.410
v 1233.075 11020.680 1884.330
v 1409.229 11020.680 1953.040
v 1585.382 11020.680 2023.200
v 1761.536 11020.680 2086.700
v 1937.689 11020.680 2149.390
v 2113.843 11020.680 2214.300
v 2289.997 11020.680 2277.200
v 2466.150 11020.680 2340.600
v 2642.304 11020.680 2404.600
v 2818.457 11020.680 2467.610
v 2994.611 11020.680 2532.800
v 3170.764 11020.680 2579.430
v 3346.918 11020.680 2600.900
v 3523.072 11020.680 2613.400
v 3699.225 11020.680 2629.090
v 3875.379 11020.680 2635.770
v 4051.532 11020.680 2594.830
v 4227.686 11020.680 2509.800
v 4403.840 11020.680 2426.800
v 4579.993 11020.680 2343.910
v 4756.147 11020.680 2253.600
v 4932.300 11020.680 2150.970
v 5108.454 11020.680 2043.590
v 5284.607 11020.680 1936.150
v 5460.761 11020.680 1834.890
v 5636.915 11020.680 1733.470
v 5813.068 11020.680 1544.210
v 5989.222 11020.680 1452.290
v 6165.375 11020.680 1295.850
v 6341.529 11020.680 1240.360
v 6517.683 11020.680 1138.650
v 6693.836 11020.680 1043.560
v 6869.990 11020.680 971.210
v 7046.143 11020.680 969.700
v 7222.297 11020.680 961.170
v 7398.450 11020.680 937.840
v 7574.604 11020.680 939.710
v 7750.758 11020.680 960.580
v 7926.911 11020.680 992.700
v 8103.065 11020.680 1142.080
v 8279.218 11020.680 1276.350
v 8455.372 11020.680 1406.860
v 8631.526 11020.680 1519.400
v 8807.679 11020.680 1559.700
v 8983.833 11020.680 1539.510
v 9159.986 11020.680 1503.900
v 9336.140 11020.680 1474.500
v 9512.293 11020.680 1456.190
v 9688.447 11020.680 1476.050
v 9864.601 11020.680 1529.710
v 10040.754 11020.680 1582.770
v 10216.908 11020.680 1633.430
v 10393.061 11020.680 1718.100
v 10569.215 11020.680 1844.000
v -10569.215 11224.767 2406.000
v -10393.061 11224.767 2498.600
v -10216.908 11224.767 2516.800
v -10040.754 11224.767 2555.100
v -9864.601 11224.767 2596.750
v -9688.447 11224.767 2687.750
v -9512.293 11224.767 2780.550
v -9336.140 11224.767 2804.500
v -9159.986 11224.767 2870.150
v -8983.833 11224.767 2968.950
v -8807.679 11224.767 3155.250
v -8631.526 11224.767 3173.150
v -8455.372 11224.767 3092.200
v -8279.218 11224.767 2982.000
v -8103.065 11224.767 2918.300
v -7926.911 11224.767 2788.000
v -7750.758 11224.767 2782.550
v -7574.604 11224.767 2799.250
v -7398.450 11224.767 2794.950
v -7222.297 11224.767 2790.250
v -7046.143 11224.767 2798.000
v -6869.990 11224.767 2839.050
v -6693.836 11224.767 2925.750
v -6517.683 11224.767 2981.200
v -6341.529 11224.767 2984.950
v -6165.375 11224.767 2948.250
v -5989.222 11224.767 2898.300
v -5813.068 11224.767 2904.500
v -5636.915 11224.767 2920.900
v -5460.761 11224.767 2911.850
v -5284.607 11224.767 2987.500
v -5108.454 11224.767 2988.450
v -4932.300 11224.767 3016.750
v -4756.147 11224.767 3000.050
v -4579.993 11224.767 2921.500
v -4403.840 11224.767 2877.500
v -4227.686 11224.767 2793.200
v -4051.532 11224.767 2682.950
v -3875.379 11224.767 2577.900
v -3699.225 11224.767 2534.050
v -3523.072 11224.767 2492.000
v -3346.918 11224.767 2424.300
v -3170.764 11224.767 2346.800
v -2994.611 11224.767 2256.500
v -2818.457 11224.767 2213.000
v -2642.304 11224.767 2171.250
v -2466.150 11224.767 2133.750
v -2289.997 11224.767 2115.750
v -2113.843 11224.767 2136.350
v -1937.689 11224.767 2137.600
v -1761.536 11224.767 2080.500
v -1585.382 11224.767 2004.150
v -1409.229 11224.767 1914.300
v -1233.075 11224.767 1835.100
v -1056.921 11224.767 1784.250
v -880.768 11224.767 1603.500
v -704.614 11224.767 1602.500
v -528.461 11224.767 1597.000
v -352.307 11224.767 1577.950
v -176.154 11224.767 1557.250
v 0.000 11224.767 1551.500
v 176.154 11224.767 1531.650
v 352.307 11224.767 1575.800
v 528.461 11224.767 1706.100
v 704.614 11224.767 1749.600
v 880.768 11224.767 1803.000
v 1056.921 11224.767 1901.450
v 1233.075 11224.767 1996.150
v 1409.229 11224.767 2089.050
v 1585.382 11224.767 2166.400
v 1761.536 11224.767 2228.250
v 1937.689 11224.767 2289.400
v 2113.843 11224.767 2350.500
v 2289.997 11224.767 2410.700
v 2466.150 11224.767 2466.200
v 2642.304 11224.767 2515.750
v 2818.457 11224.767 2565.300
v 2994.611 11224.767 2618.250
v 3170.764 11224.767 2647.750
v 3346.918 11224.767 2649.650
v 3523.072 11224.767 2639.750
v 3699.225 11224.767 2633.550
v 3875.379 11224.767 2618.650
v 4051.532 11224.767 2560.750
v 4227.686 11224.767 2463.500
v 4403.840 11224.767 2366.000
v 4579.993 11224.767 2270.050
v 4756.147 11224.767 2167.650
v 4932.300 11224.767 2055.100
v 5108.454 11224.767 1936.350
v 5284.607 11224.767 1813.750
v 5460.761 11224.767 1679.200
v 5636.915 11224.767 1543.950
v 5813.068 11224.767 1358.050
v 5989.222 11224.767 1283.800
v 6165.375 11224.767 1210.750
v 6341.529 11224.767 1129.750
v 6517.683 11224.767 1055.500
v 6693.836 11224.767 988.700
v 6869.990 11224.767 952.600
v 7046.143 11224.767 940.000
v 7222.297 11224.767 941.800
v 7398.450 11224.767 960.000
v 7574.604 11224.767 977.950
v 7750.758 11224.767 1103.100
v 7926.911 11224.767 1251.000
v 8103.065 11224.767 1359.050
v 8279.218 11224.767 1469.400
v 8455.372 11224.767 1533.550
v 8631.526 11224.767 1630.750
v 8807.679 11224.767 1670.750
v 8983.833 11224.767 1640.700
v 9159.986 11224.767 1599.650
v 9336.140 11224.767 1558.550
v 9512.293 11224.767 1530.750
v 9688.447 11224.767 1528.250
v 9864.601 11224.767 1553.450
v 10040.754 11224.767 1578.950
v 10216.908 11224.767 1603.450
v 10393.061 11224.767 1671.150
v 10569.215 11224.767 1789.000
v -10569.215 11428.853 2242.850
v -10393.061 11428.853 2333.990
v -10216.908 11428.853 2393.590
v -10040.754 11428.853 2395.640
v -9864.601 11428.853 2437.090
v -9688.447 11428.853 2544.350
v -9512.293 11428.853 2627.920
v -9336.140 11428.853 2682.910
v -9159.986 11428.853 2724.040
v -8983.833 11428.853 2781.160
v -8807.679 11428.853 3007.200
v -8631.526 11428.853 3129.510
v -8455.372 11428.853 3035.600
v -8279.218 11428.853 2975.780
v -8103.065 11428.853 2916.270
v -7926.911 11428.853 2866.250
v -7750.758 11428.853 2823.890
v -7574.604 11428.853 2814.970
v -7398.450 11428.853 2806.830
v -7222.297 11428.853 2818.310
v -7046.143 11428.853 2835.800
v -6869.990 11428.853 2868.660
v -6693.836 11428.853 2897.230
v -6517.683 11428.853 2960.300
v -6341.529 11428.853 3061.460
v -6165.375 11428.853 3094.750
v -5989.222 11428.853 2976.470
v -5813.068 11428.853 2988.710
v -5636.915 11428.853 3018.540
v -5460.761 11428.853 3054.500
v -5284.607 11428.853 3081.700
v -5108.454 11428.853 3115.640
v -4932.300 11428.853 3128.660
v -4756.147 11428.853 3029.630
v -4579.993 11428.853 2923.160
v -4403.840 11428.853 2840.900
v -4227.686 11428.853 2769.490
v -4051.532 11428.853 2688.010
v -3875.379 11428.853 2594.350
v -3699.225 11428.853 2486.670
v -3523.072 11428.853 2435.350
v -3346.918 11428.853 2367.510
v -3170.764 11428.853 2259.300
v -2994.611 11428.853 2187.330
v -2818.457 11428.853 2114.220
v -2642.304 11428.853 2067.400
v -2466.150 11428.853 2004.470
v -2289.997 11428.853 2008.410
v -2113.843 11428.853 2040.570
v -1937.689 11428.853 2057.670
v -1761.536 11428.853 1990.000
v -1585.382 11428.853 1917.200
v -1409.229 11428.853 1798.480
v -1233.075 11428.853 1695.230
v -1056.921 11428.853 1639.380
v -880.768 11428.853 1636.900
v -704.614 11428.853 1632.880
v -528.461 11428.853 1620.870
v -352.307 11428.853 1597.960
v -176.154 11428.853 1580.810
v 0.000 11428.853 1560.500
v 176.154 11428.853 1583.980
v 352.307 11428.853 1732.160
v 528.461 11428.853 1861.680
v 704.614 11428.853 1932.130
v 880.768 11428.853 1941.150
v 1056.921 11428.853 2025.890
v 1233.075 11428.853 2117.200
v 1409.229 11428.853 2211.400
v 1585.382 11428.853 2291.300
v 1761.536 11428.853 2356.900
v 1937.689 11428.853 2419.400
v 2113.843 11428.853 2483.500
v 2289.997 11428.853 2544.900
v 2466.150 11428.853 2587.900
v 2642.304 11428.853 2614.000
v 2818.457 11428.853 2641.100
v 2994.611 11428.853 2671.500
v 3170.764 11428.853 2676.370
v 3346.918 11428.853 2649.200
v 3523.072 11428.853 2609.650
v 3699.225 11428.853 2574.200
v 3875.379 11428.853 2531.730
v 4051.532 11428.853 2459.200
v 4227.686 11428.853 2360.690
v 4403.840 11428.853 2261.000
v 4579.993 11428.853 2161.390
v 4756.147 11428.853 2055.600
v 4932.300 11428.853 1938.030
v 5108.454 11428.853 1813.790
v 5284.607 11428.853 1668.800
v 5460.761 11428.853 1439.950
v 5636.915 11428.853 1346.570
v 5813.068 11428.853 1288.440
v 5989.222 11428.853 1198.480
v 6165.375 11428.853 1137.050
v 6341.529 11428.853 1079.990
v 6517.683 11428.853 1029.590
v 6693.836 11428.853 979.730
v 6869.990 11428.853 955.590
v 7046.143 11428.853 969.850
v 7222.297 11428.853 988.390
v 7398.450 11428.853 1007.720
v 7574.604 11428.853 1167.610
v 7750.758 11428.853 1400.730
v 7926.911 11428.853 1525.250
v 8103.065 11428.853 1619.110
v 8279.218 11428.853 1833.780
v 8455.372 11428.853 1777.890
v 8631.526 11428.853 1783.050
v 8807.679 11428.853 1795.500
v 8983.833 11428.853 1767.790
v 9159.986 11428.853 1729.200
v 9336.140 11428.853 1690.900
v 9512.293 11428.853 1658.700
v 9688.447 11428.853 1641.000
v 9864.601 11428.853 1631.670
v 10040.754 11428.853 1622.700
v 10216.908 11428.853 1613.270
v 10393.061 11428.853 1653.210
v 10569.215 11428.853 1747.300
v -10569.215 11632.940 2129.550
v -10393.061 11632.940 2222.680
v -10216.908 11632.940 2331.980
v -10040.754 11632.940 2366.210
v -9864.601 11632.940 2385.900
v -9688.447 11632.940 2415.850
v -9512.293 11632.940 2519.160
v -9336.140 11632.940 2557.110
v -9159.986 11632.940 2639.520
v -8983.833 11632.940 2734.240
v -8807.679 11632.940 2921.500
v -8631.526 11632.940 3004.870
v -8455.372 11632.940 2977.790
v -8279.218 11632.940 2937.260
v -8103.065 11632.940 2900.910
v -7926.911 11632.940 2876.400
v -7750.758 11632.940 2842.810
v -7574.604 11632.940 2825.490
v -7398.450 11632.940 2815.100
v -7222.297 11632.940 2825.500
v -7046.143 11632.940 2846.150
v -6869.990 11632.940 2863.800
v -6693.836 11632.940 2889.800
v -6517.683 11632.940 2925.740
v -6341.529 11632.940 2978.180
v -6165.375 11632.940 3118.100
v -5989.222 11632.940 3135.260
v -5813.068 11632.940 3114.370
v -5636.915 11632.940 3052.050
v -5460.761 11632.940 3032.400
v -5284.607 11632.940 3045.000
v -5108.454 11632.940 3054.700
v -4932.300 11632.940 3116.970
v -4756.147 11632.940 2999.010
v -4579.993 11632.940 2897.980
v -4403.840 11632.940 2845.300
v -4227.686 11632.940 2755.890
v -4051.532 11632.940 2674.220
v -3875.379 11632.940 2595.860
v -3699.225 11632.940 2470.090
v -3523.072 11632.940 2381.000
v -3346.918 11632.940 2330.240
v -3170.764 11632.940 2231.700
v -2994.611 11632.940 2138.470
v -2818.457 11632.940 2057.890
v -2642.304 11632.940 1967.650
v -2466.150 11632.940 1941.030
v -2289.997 11632.940 1926.180
v -2113.843 11632.940 1911.790
v -1937.689 11632.940 1931.390
v -1761.536 11632.940 1821.850
v -1585.382 11632.940 1728.490
v -1409.229 11632.940 1701.310
v -1233.075 11632.940 1687.100
v -1056.921 11632.940 1678.470
v -880.768 11632.940 1662.750
v -704.614 11632.940 1639.710
v -528.461 11632.940 1628.010
v -352.307 11632.940 1612.600
v -176.154 11632.940 1585.840
v 0.000 11632.940 1580.200
v 176.154 11632.940 1678.060
v 352.307 11632.940 1751.000
v 528.461 11632.940 1884.810
v 704.614 11632.940 1983.510
v 880.768 11632.940 2064.100
v 1056.921 11632.940 2152.070
v 1233.075 11632.940 2246.910
v 1409.229 11632.940 2341.400
v 1585.382 11632.940 2419.400
v 1761.536 11632.940 2483.500
v 1937.689 11632.940 2548.500
v 2113.843 11632.940 2618.900
v 2289.997 11632.940 2680.000
v 2466.150 11632.940 2710.500
v 2642.304 11632.940 2714.200
v 2818.457 11632.940 2719.630
v 2994.611 11632.940 2729.010
v 3170.764 11632.940 2709.990
v 3346.918 11632.940 2655.270
v 3523.072 11632.940 2587.400
v 3699.225 11632.940 2521.930
v 3875.379 11632.940 2452.700
v 4051.532 11632.940 2365.710
v 4227.686 11632.940 2263.600
v 4403.840 11632.940 2159.650
v 4579.993 11632.940 2053.730
v 4756.147 11632.940 1943.820
v 4932.300 11632.940 1819.900
v 5108.454 11632.940 1689.240
v 5284.607 11632.940 1514.600
v 5460.761 11632.940 1304.470
v 5636.915 11632.940 1249.280
v 5813.068 11632.940 1197.050
v 5989.222 11632.940 1104.320
v 6165.375 11632.940 1052.850
v 6341.529 11632.940 1024.840
v 6517.683 11632.940 992.140
v 6693.836 11632.940 970.430
v 6869.990 11632.940 978.410
v 7046.143 11632.940 996.350
v 7222.297 11632.940 1043.800
v 7398.450 11632.940 1190.680
v 7574.604 11632.940 1326.580
v 7750.758 11632.940 1553.610
v 7926.911 11632.940 1646.600
v 8103.065 11632.940 1686.230
v 8279.218 11632.940 1844.790
v 8455.372 11632.940 1979.880
v 8631.526 11632.940 2009.930
v 8807.679 11632.940 1947.200
v 8983.833 11632.940 1902.500
v 9159.986 11632.940 1857.600
v 9336.140 11632.940 1818.790
v 9512.293 11632.940 1779.430
v 9688.447 11632.940 1742.150
v 9864.601 11632.940 1702.930
v 10040.754 11632.940 1661.920
v 10216.908 11632.940 1619.390
v 10393.061 11632.940 1630.100
v 10569.215 11632.940 1702.600
v -10569.215 11837.027 2130.750
v -10393.061 11837.027 2191.900
v -10216.908 11837.027 2299.450
v -10040.754 11837.027 2365.610
v -9864.601 11837.027 2396.130
v -9688.447 11837.027 2408.450
v -9512.293 11837.027 2474.060
v -9336.140 11837.027 2544.190
v -9159.986 11837.027 2622.600
v -8983.833 11837.027 2726.020
v -8807.679 11837.027 2880.650
v -8631.526 11837.027 2959.860
v -8455.372 11837.027 2932.810
v -8279.218 11837.027 2919.830
v -8103.065 11837.027 2915.470
v -7926.911 11837.027 2886.050
v -7750.758 11837.027 2860.100
v -7574.604 11837.027 2832.440
v -7398.450 11837.027 2832.480
v -7222.297 11837.027 2835.970
v -7046.143 11837.027 2848.400
v -6869.990 11837.027 2872.270
v -6693.836 11837.027 2915.390
v -6517.683 11837.027 2942.610
v -6341.529 11837.027 2986.070
v -6165.375 11837.027 3025.450
v -5989.222 11837.027 3154.680
v -5813.068 11837.027 3165.050
v -5636.915 11837.027 3029.780
v -5460.761 11837.027 2981.370
v -5284.607 11837.027 2984.700
v -5108.454 11837.027 3009.590
v -4932.300 11837.027 3042.800
v -4756.147 11837.027 3050.440
v -4579.993 11837.027 2896.420
v -4403.840 11837.027 2834.550
v -4227.686 11837.027 2775.550
v -4051.532 11837.027 2692.000
v -3875.379 11837.027 2588.420
v -3699.225 11837.027 2484.980
v -3523.072 11837.027 2393.100
v -3346.918 11837.027 2302.480
v -3170.764 11837.027 2219.730
v -2994.611 11837.027 2105.570
v -2818.457 11837.027 2007.630
v -2642.304 11837.027 1899.800
v -2466.150 11837.027 1883.910
v -2289.997 11837.027 1862.640
v -2113.843 11837.027 1828.910
v -1937.689 11837.027 1792.330
v -1761.536 11837.027 1753.050
v -1585.382 11837.027 1736.270
v -1409.229 11837.027 1726.580
v -1233.075 11837.027 1714.110
v -1056.921 11837.027 1687.830
v -880.768 11837.027 1666.050
v -704.614 11837.027 1649.060
v -528.461 11837.027 1632.800
v -352.307 11837.027 1604.370
v -176.154 11837.027 1599.520
v 0.000 11837.027 1650.500
v 176.154 11837.027 1782.120
v 352.307 11837.027 1870.890
v 528.461 11837.027 1952.990
v 704.614 11837.027 2038.470
v 880.768 11837.027 2133.650
v 1056.921 11837.027 2275.400
v 1233.075 11837.027 2381.590
v 1409.229 11837.027 2482.410
v 1585.382 11837.027 2544.300
v 1761.536 11837.027 2607.300
v 1937.689 11837.027 2680.730
v 2113.843 11837.027 2753.880
v 2289.997 11837.027 2812.920
v 2466.150 11837.027 2830.430
v 2642.304 11837.027 2811.650
v 2818.457 11837.027 2796.400
v 2994.611 11837.027 2784.900
v 3170.764 11837.027 2742.310
v 3346.918 11837.027 2660.430
v 3523.072 11837.027 2563.850
v 3699.225 11837.027 2469.370
v 3875.379 11837.027 2373.190
v 4051.532 11837.027 2272.290
v 4227.686 11837.027 2167.260
v 4403.840 11837.027 2059.050
v 4579.993 11837.027 1947.900
v 4756.147 11837.027 1828.780
v 4932.300 11837.027 1695.830
v 5108.454 11837.027 1514.280
v 5284.607 11837.027 1247.800
v 5460.761 11837.027 1241.290
v 5636.915 11837.027 1184.880
v 5813.068 11837.027 1133.700
v 5989.222 11837.027 1078.970
v 6165.375 11837.027 1035.750
v 6341.529 11837.027 994.870
v 6517.683 11837.027 972.280
v 6693.836 11837.027 964.980
v 6869.990 11837.027 981.470
v 7046.143 11837.027 1065.700
v 7222.297 11837.027 1273.480
v 7398.450 11837.027 1401.130
v 7574.604 11837.027 1511.480
v 7750.758 11837.027 1576.650
v 7926.911 11837.027 1689.300
v 8103.065 11837.027 1774.660
v 8279.218 11837.027 1893.470
v 8455.372 11837.027 2008.980
v 8631.526 11837.027 2168.880
v 8807.679 11837.027 2104.150
v 8983.833 11837.027 2036.430
v 9159.986 11837.027 1988.600
v 9336.140 11837.027 1944.890
v 9512.293 11837.027 1902.630
v 9688.447 11837.027 1843.800
v 9864.601 11837.027 1770.770
v 10040.754 11837.027 1700.690
v 10216.908 11837.027 1627.210
v 10393.061 11837.027 1609.030
v 10569.215 11837.027 1660.300
v -10569.215 12041.113 2125.200
v -10393.061 12041.113 2206.070
v -10216.908 12041.113 2314.320
v -10040.754 12041.113 2384.460
v -9864.601 12041.113 2426.280
v -9688.447 12041.113 2416.450
v -9512.293 12041.113 2482.950
v -9336.140 12041.113 2585.000
v -9159.986 12041.113 2662.860
v -8983.833 12041.113 2750.340
v -8807.679 12041.113 2909.150
v -8631.526 12041.113 2960.570
v -8455.372 12041.113 2951.900
v -8279.218 12041.113 2934.440
v -8103.065 12041.113 2917.680
v -7926.911 12041.113 2909.900
v -7750.758 12041.113 2867.450
v -7574.604 12041.113 2875.480
v -7398.450 12041.113 2901.660
v -7222.297 12041.113 2906.740
v -7046.143 12041.113 2922.950
v -6869.990 12041.113 2942.510
v -6693.836 12041.113 2982.640
v -6517.683 12041.113 2987.540
v -6341.529 12041.113 3056.500
v -6165.375 12041.113 3015.500
v -5989.222 12041.113 3107.050
v -5813.068 12041.113 3154.100
v -5636.915 12041.113 2994.550
v -5460.761 12041.113 2925.310
v -5284.607 12041.113 2916.750
v -5108.454 12041.113 2922.930
v -4932.300 12041.113 2952.670
v -4756.147 12041.113 2969.780
v -4579.993 12041.113 2863.190
v -4403.840 12041.113 2813.350
v -4227.686 12041.113 2792.580
v -4051.532 12041.113 2702.230
v -3875.379 12041.113 2595.930
v -3699.225 12041.113 2505.530
v -3523.072 12041.113 2415.600
v -3346.918 12041.113 2331.260
v -3170.764 12041.113 2250.530
v -2994.611 12041.113 2166.780
v -2818.457 12041.113 2041.130
v -2642.304 12041.113 1892.350
v -2466.150 12041.113 1838.350
v -2289.997 12041.113 1833.260
v -2113.843 12041.113 1807.560
v -1937.689 12041.113 1771.620
v -1761.536 12041.113 1763.850
v -1585.382 12041.113 1753.920
v -1409.229 12041.113 1741.670
v -1233.075 12041.113 1716.330
v -1056.921 12041.113 1698.600
v -880.768 12041.113 1667.800
v -704.614 12041.113 1655.910
v -528.461 12041.113 1636.060
v -352.307 12041.113 1668.020
v -176.154 12041.113 1742.080
v 0.000 12041.113 1832.500
v 176.154 12041.113 1839.570
v 352.307 12041.113 1953.100
v 528.461 12041.113 2031.750
v 704.614 12041.113 2122.090
v 880.768 12041.113 2196.850
v 1056.921 12041.113 2326.110
v 1233.075 12041.113 2407.060
v 1409.229 12041.113 2523.270
v 1585.382 12041.113 2604.150
v 1761.536 12041.113 2709.450
v 1937.689 12041.113 2785.010
v 2113.843 12041.113 2843.500
v 2289.997 12041.113 2891.360
v 2466.150 12041.113 2894.210
v 2642.304 12041.113 2857.750
v 2818.457 12041.113 2825.100
v 2994.611 12041.113 2794.260
v 3170.764 12041.113 2732.430
v 3346.918 12041.113 2633.000
v 3523.072 12041.113 2516.000
v 3699.225 12041.113 2400.810
v 3875.379 12041.113 2287.000
v 4051.532 12041.113 2174.970
v 4227.686 12041.113 2065.700
v 4403.840 12041.113 1951.650
v 4579.993 12041.113 1835.400
v 4756.147 12041.113 1683.100
v 4932.300 12041.113 1514.400
v 5108.454 12041.113 1365.720
v 5284.607 12041.113 1247.200
v 5460.761 12041.113 1179.290
v 5636.915 12041.113 1134.860
v 5813.068 12041.113 1093.170
v 5989.222 12041.113 1044.520
v 6165.375 12041.113 1011.650
v 6341.529 12041.113 981.310
v 6517.683 12041.113 962.320
v 6693.836 12041.113 980.670
v 6869.990 12041.113 1133.880
v 7046.143 12041.113 1228.150
v 7222.297 12041.113 1314.700
v 7398.450 12041.113 1452.010
v 7574.604 12041.113 1596.900
v 7750.758 12041.113 1686.090
v 7926.911 12041.113 1720.800
v 8103.065 12041.113 1834.490
v 8279.218 12041.113 1967.490
v 8455.372 12041.113 2093.250
v 8631.526 12041.113 2161.710
v 8807.679 12041.113 2211.750
v 8983.833 12041.113 2171.490
v 9159.986 12041.113 2104.160
v 9336.140 12041.113 2064.230
v 9512.293 12041.113 2017.610
v 9688.447 12041.113 1942.500
v 9864.601 12041.113 1845.000
v 10040.754 12041.113 1753.770
v 10216.908 12041.113 1657.800
v 10393.061 12041.113 1620.200
v 10569.215 12041.113 1649.900
v -10569.215 12245.200 2215.750
v -10393.061 12245.200 2337.100
v -10216.908 12245.200 2452.650
v -10040.754 12245.200 2430.150
v -9864.601 12245.200 2483.550
v -9688.447 12245.200 2497.500
v -9512.293 12245.200 2582.950
v -9336.140 12245.200 2647.700
v -9159.986 12245.200 2714.950
v -8983.833 12245.200 2798.650
v -8807.679 12245.200 2985.000
v -8631.526 12245.200 3034.600
v -8455.372 12245.200 3025.350
v -8279.218 12245.200 2939.450
v -8103.065 12245.200 2951.300
v -7926.911 12245.200 2960.000
v -7750.758 12245.200 2958.550
v -7574.604 12245.200 2926.550
v -7398.450 12245.200 2945.250
v -7222.297 12245.200 2944.550
v -7046.143 12245.200 2985.500
v -6869.990 12245.200 3020.850
v -6693.836 12245.200 3049.850
v -6517.683 12245.200 3099.900
v -6341.529 12245.200 3039.200
v -6165.375 12245.200 2926.250
v -5989.222 12245.200 2913.350
v -5813.068 12245.200 2973.150
v -5636.915 12245.200 2881.300
v -5460.761 12245.200 2823.950
v -5284.607 12245.200 2808.750
v -5108.454 12245.200 2831.500
v -4932.300 12245.200 2840.950
v -4756.147 12245.200 2845.850
v -4579.993 12245.200 2738.100
v -4403.840 12245.200 2671.000
v -4227.686 12245.200 2666.050
v -4051.532 12245.200 2678.650
v -3875.379 12245.200 2622.750
v -3699.225 12245.200 2572.950
v -3523.072 12245.200 2438.500
v -3346.918 12245.200 2372.250
v -3170.764 12245.200 2291.250
v -2994.611 12245.200 2200.600
v -2818.457 12245.200 2110.150
v -2642.304 12245.200 1973.750
v -2466.150 12245.200 1818.850
v -2289.997 12245.200 1805.200
v -2113.843 12245.200 1796.650
v -1937.689 12245.200 1791.100
v -1761.536 12245.200 1783.000
v -1585.382 12245.200 1764.650
v -1409.229 12245.200 1748.950
v -1233.075 12245.200 1727.950
v -1056.921 12245.200 1698.350
v -880.768 12245.200 1676.750
v -704.614 12245.200 1688.150
v -528.461 12245.200 1762.450
v -352.307 12245.200 1818.050
v -176.154 12245.200 1916.200
v 0.000 12245.200 2013.500
v 176.154 12245.200 1973.750
v 352.307 12245.200 2002.200
v 528.461 12245.200 2085.350
v 704.614 12245.200 2174.850
v 880.768 12245.200 2261.000
v 1056.921 12245.200 2361.500
v 1233.075 12245.200 2448.900
v 1409.229 12245.200 2549.650
v 1585.382 12245.200 2652.550
v 1761.536 12245.200 2845.750
v 1937.689 12245.200 2871.500
v 2113.843 12245.200 2861.600
v 2289.997 12245.200 2879.300
v 2466.150 12245.200 2865.950
v 2642.304 12245.200 2816.250
v 2818.457 12245.200 2770.300
v 2994.611 12245.200 2725.900
v 3170.764 12245.200 2654.450
v 3346.918 12245.200 2547.800
v 3523.072 12245.200 2427.000
v 3699.225 12245.200 2308.200
v 3875.379 12245.200 2190.100
v 4051.532 12245.200 2071.750
v 4227.686 12245.200 1956.250
v 4403.840 12245.200 1838.500
v 4579.993 12245.200 1714.900
v 4756.147 12245.200 1545.000
v 4932.300 12245.200 1465.400
v 5108.454 12245.200 1269.250
v 5284.607 12245.200 1161.750
v 5460.761 12245.200 1103.250
v 5636.915 12245.200 1072.200
v 5813.068 12245.200 1048.300
v 5989.222 12245.200 1019.150
v 6165.375 12245.200 978.250
v 6341.529 12245.200 984.950
v 6517.683 12245.200 1023.700
v 6693.836 12245.200 1156.600
v 6869.990 12245.200 1252.000
v 7046.143 12245.200 1353.750
v 7222.297 12245.200 1450.700
v 7398.450 12245.200 1577.700
v 7574.604 12245.200 1702.500
v 7750.758 12245.200 1736.450
v 7926.911 12245.200 1850.000
v 8103.065 12245.200 1938.650
v 8279.218 12245.200 2046.300
v 8455.372 12245.200 2140.250
v 8631.526 12245.200 2232.900
v 8807.679 12245.200 2328.250
v 8983.833 12245.200 2378.750
v 9159.986 12245.200 2238.200
v 9336.140 12245.200 2161.500
v 9512.293 12245.200 2112.950
v 9688.447 12245.200 2033.000
v 9864.601 12245.200 1930.050
v 10040.754 12245.200 1832.200
v 10216.908 12245.200 1730.900
v 10393.061 12245.200 1681.900
v 10569.215 12245.200 1694.250
f 1 2 122
f 2 123 122
f 2 3 123
f 3 124 123
f 3 4 124
f 4 125 124
f 4 5 125
f 5 126 125
f 5 6 126
f 6 127 126
f 6 7 127
f 7 128 127
f 7 8 128
f 8 129 128
f 8 9 129
f 9 130 129
f 9 10 130
f 10 131 130
f 10 11 131
f 11 132 131
f 11 12 132
f 12 133 132
f 12 13 133
f 13 134 133
f 13 14 134
f 14 135 134
f 14 15 135
f 15 136 135
f 15 16 136
f 16 137 136
f 16 17 137
f 17 138 137
f 17 18 138
f 18 139 138
f 18 19 139
f 19 140 139
f 19 20 140
f 20 141 140
f 20 21 141
f 21 142 141
f 21 22 142
f 22 143 142
f 22 23 143
f 23 144 143
f 23 24 144
f 24 145 144
f 24 25 145
f 25 146 145
f 25 26 146
f 26 147 146
f 26 27 147
f 27 148 147
f 27 28 148
f 28 149 148
f 28 29 149
f 29 150 149
f 29 30 150
f 30 151 150
f 30 31 151
f 31 152 151
f 31 32 152
f 32 153 152
f 32 33 153
f 33 154 153
f 33 34 154
f 34 155 154
f 34 35 155
f 35 156 155
f 35 36 156
f 36 157 156
f 36 37 157
f 37 158 157
f 37 38 158
f 38 159 158
f 38 39 159
f 39 160 159
f 39 40 160
f 40 161 160
f 40 41 161
f 41 162 161
f 41 42 162
f 42 163 162
f 42 43 163
f 43 164 163
f 43 44 164
f 44 165 164
f 44 45 165
f 45 166 165
f 45 46 166
f 46 167 166
f 46 47 167
f 47 168 167
f 47 48 168
f 48 169 168
f 48 49 169
f 49 170 169
f 49 50 170
f 50 171 170
f 50 51 171
f 51 172 171
f 51 52 172
f 52 173 172
f 52 53 173
f 53 174 173
f 53 54 174
f 54 175 174
f 54 55 175
f 55 176 175
f 55 56 176
f 56 177 176
f 56 57 177
f 57 178 177
f 57 58 178
f 58 179 178
f 58 59 179
f 59 180 179
f 59 60 180
f 60 181 180
f 60 61 181
f 61 182 181
f 61 62 182
f 62 183 182
f 62 63 183
f 63 184 183
f 63 64 184
f 64 185 184
f 64 65 185
f 65 186 185
f 65 66 186
f 66 187 186
f 66 67 187
f 67 188 187
f 67 68 188
f 68 189 188
f 68 69 189
f 69 190 189
f 69 70 190
f 70 191 190
f 70 71 191
f 71 192 191
f 71 72 192
f 72 193 192
f 72 73 193
f 73 194 193
f 73 74 194
f 74 195 194
f 74 75 195
f 75 196 195
f 75 76 196
f 76 197 196
f 76 77 197
f 77 198 197
f 77 78 198
f 78 199 198
f 78 79 199
f 79 200 199
f 79 80 200
f 80 201 200
f 80 81 201
f 81 202 201
f 81 82 202
f 82 203 202
f 82 83 203
f 83 204 203
f 83 84 204
f 84 205 204
f 84 85 205
f 85 206 205
f 85 86 206
f 86 207 206
f 86 87 207
f 87 208 207
f 87 88 208
f 88 209 208
f 88 89 209
f 89 210 209
f 89 90 210
f 90 211 210
f 90 91 211
f 91 212 211
f 91 92 212
f 92 213 212
f 92 93 213
f 93 214 213
f 93 94 214
f 94 215 214
f 94 95 215
f 95 216 215
f 95 96 216
f 96 217 216
f 96 97 217
f 97 218 217
f 97 98 218
f 98 219 218
f 98 99 219
f 99 220 219
f 99 100 220
f 100 221 220
f 100 101 221
f 101 222 221
f 101 102 222
f 102 223 222
f 102 103 223
f 103 224 223
f 103 104 224
f 104 225 224
f 104 105 225
f 105 226 225
f 105 106 226
f 106 227 226
f 106 107 227
f 107 228 227
f 107 108 228
f 108 229 228
f 108 109 229
f 109 230 229
f 109 110 230
f 110 231 230
f 110 111 231
f 111 232 231
f 111 112 232
f 112 233 232
f 112 113 233
f 113 234 233
f 113 114 234
f 114 235 234
f 114 115 235
f 115 236 235
f 115 116 236
f 116 237 236
f 116 117 237
f 117 238 237
f 117 118 238
f 118 239 238
f 118 119 239
f 119 240 239
f 119 120 240
f 120 241 240
f 120 121 241
f 121 242 241
f 122 123 243
f 123 244 243
f 123 124 244
f 124 245 244
f 124 125 245
f 125 246 245
f 125 126 246
f 126 247 246
f 126 127 247
f 127 248 247
f 127 128 248
f 128 249 248
f 128 129 249
f 129 250 249
f 129 130 250
f 130 251 250
f 130 131 251
f 131 252 251
f 131 132 252
f 132 253 252
f 132 133 253
f 133 254 253
f 133 134 254
f 134 255 254
f 134 135 255
f 135 256 255
f 135 136 256
f 136 257 256
f 136 137 257
f 137 258 257
f 137 138 258
f 138 259 258
f 138 139 259
f 139 260 259
f 139 140 260
f 140 261 260
f 140 141 261
f 141 262 261
f 141 142 262
f 142 263 262
f 142 143 263
f 143 264 263
f 143 144 264
f 144 265 264
f 144 145 265
f 145 266 265
f 145 146 266
f 146 267 266
f 146 147 267
f 147 268 267
f 147 148 268
f 148 269 268
f 148 149 269
f 149 270 269
f 149 150 270
f 150 271 270
f 150 151 271
f 151 272 271
f 151 152 272
f 152 273 272
f 152 153 273
f 153 274 273
f 153 154 274
f 154 275 274
f 154 155 275
f 155 276 275
f 155 156 276
f 156 277 276
f 156 157 277
f 157 278 277
f 157 158 278
f 158 279 278
f 158 159 279
f 159 280 279
f 159 160 280
f 160 281 280
f 160 161 281
f 161 282 281
f 161 162 282
f 162 283 282
f 162 163 283
f 163 284 283
f 163 164 284
f 164 285 284
f 164 165 285
f 165 286 285
f 165 166 286
f 166 287 286
f 166 167 287
f 167 288 287
f 167 168 288
f 168 289 288
f 168 169 289
f 169 290 289
f 169 170 290
f 170 291 290
f 170 171 291
f 171 292 291
f 171 172 292
f 172 293 292
f 172 173 293
f 173 294 293
f 173 174 294
f 174 295 294
f 174 175 295
f 175 296 295
f 175 176 296
f 176 297 296
f 176 177 297
f 177 298 297
f 177 178 298
f 178 299 298
f 178 179 299
f 179 300 299
f 179 180 300
f 180 301 300
f 180 181 301
f 181 302 301
f 181 182 302
f 182 303 302
f 182 183 303
f 183 304 303
f 183 184 304
f 184 305 304
f 184 185 305
f 185 306 305
f 185 186 306
f 186 307 306
f 186 187 307
f 187 308 307
f 187 188 308
f 188 309 308
f 188 189 309
f 189 310 309
f 189 190 310
f 190 311 310
f 190 191 311
f 191 312 311
f 191 192 312
f 192 313 312
f 192 193 313
f 193 314 313
f 193 194 314
f 194 315 314
f 194 195 315
f 195 316 315
f 195 196 316
f 196 317 316
f 196 197 317
f 197 318 317
f 197 198 318
f 198 319 318
f 198 199 319
f 199 320 319
f 199 200 320
f 200 321 320
f 200 201 321
f 201 322 321
f 201 202 322
f 202 323 322
f 202 203 323
f 203 324 323
f 203 204 324
f 204 325 324
f 204 205 325
f 205 326 325
f 205 206 326
f 206 327 326
f 206 207 327
f 207 328 327
f 207 208 328
f 208 329 328
f 208 209 329
f 209 330 329
f 209 210 330
f 210 331 330
f 210 211 331
f 211 332 331
f 211 212 332
f 212 333 332
f 212 213 333
f 213 334 333
f 213 214 334
f 214 335 334
f 214 215 335
f 215 336 335
f 215 216 336
f 216 337 336
f 216 217 337
f 217 338 337
f 217 218 338
f 218 339 338
f 218 219 339
f 219 340 339
f 219 220 340
f 220 341 340
f 220 221 341
f 221 342 341
f 221 222 342
f 222 343 342
f 222 223 343
f 223 344 343
f 223 224 344
f 224 345 344
f 224 225 345
f 225 346 345
f 225 226 346
f 226 347 346
f 226 227 347
f 227 348 347
f 227 228 348
f 228 349 348
f 228 229 349
f 229 350 349
f 229 230 350
f 230 351 350
f 230 231 351
f 231 352 351
f 231 232 352
f 232 353 352
f 232 233 353
f 233 354 353
f 233 234 354
f 234 355 354
f 234 235 355
f 235 356 355
f 235 236 356
f 236 357 356
f 236 237 357
f 237 358 357
f 237 238 358
f 238 359 358
f 238 239 359
f 239 360 359
f 239 240 360
f 240 361 360
f 240 241 361
f 241 362 361
f 241 242 362
f 242 363 362
f 243 244 364
f 244 365 364
f 244 245 365
f 245 366 365
f 245 246 366
f 246 367 366
f 246 247 367
f 247 368 367
f 247 248 368
f 248 369 368
f 248 249 369
f 249 370 369
f 249 250 370
f 250 371 370
f 250 251 371
f 251 372 371
f 251 252 372
f 252 373 372
f 252 253 373
f 253 374 373
f 253 254 374
f 254 375 374
f 254 255 375
f 255 376 375
f 255 256 376
f 256 377 376
f 256 257 377
f 257 378 377
f 257 258 378
f 258 379 378
f 258 259 379
f 259 380 379
f 259 260 380
f 260 381 380
f 260 261 381
f 261 382 381
f 261 262 382
f 262 383 382
f 262 263 383
f 263 384 383
f 263 264 384
f 264 385 384
f 264 265 385
f 265 386 385
f 265 266 386
f 266 387 386
f 266 267 387
f 267 388 387
f 267 268 388
f 268 389 388
f 268 269 389
f 269 390 389
f 269 270 390
f 270 391 390
f 270 271 391
f 271 392 391
f 271 272 392
f 272 393 392
f 272 273 393
f 273 394 393
f 273 274 394
f 274 395 394
f 274 275 395
f 275 396 395
f 275 276 396
f 276 397 396
f 276 277 397
f 277 398 397
f 277 278 398
f 278 399 398
f 278 279 399
f 279 400 399
f 279 280 400
f 280 401 400
f 280 281 401
f 281 402 401
f 281 282 402
f 282 403 402
f 282 283 403
f 283 404 403
f 283 284 404
f 284 405 404
f 284 285 405
f 285 406 405
f 285 286 406
f 286 407 406
f 286 287 407
f 287 408 407
f 287 288 408
f 288 409 408
f 288 289 409
f 289 410 409
f 289 290 410
f 290 411 410
f 290 291 411
f 291 412 411
f 291 292 412
f 292 413 412
f 292 293 413
f 293 414 413
f 293 294 414
f 294 415 414
f 294 295 415
f 295 416 415
f 295 296 416
f 296 417 416
f 296 297 417
f 297 418 417
f 297 298 418
f 298 419 418
f 298 299 419
f 299 420 419
f 299 300 420
f 300 421 420
f 300 301 421
f 301 422 421
f 301 302 422
f 302 423 422
f 302 303 423
f 303 424 423
f 303 304 424
f 304 425 424
f 304 305 425
f 305 426 425
f 305 306 426
f 306 427 426
f 306 307 427
f 307 428 427
f 307 308 428
f 308 429 428
f 308 309 429
f 309 430 429
f 309 310 430
f 310 431 430
f 310 311 431
f 311 432 431
f 311 312 432
f 312 433 432
f 312 313 433
f 313 434 433
f 313 314 434
f 314 435 434
f 314 315 435
f 315 436 435
f 315 316 436
f 316 437 436
f 316 317 437
f 317 438 437
f 317 318 438
f 318 439 438
f 318 319 439
f 319 440 439
f 319 320 440
f 320 441 440
f 320 321 441
f 321 442 441
f 321 322 442
f 322 443 442
f 322 323 443
f 323 444 443
f 323 324 444
f 324 445 444
f 324 325 445
f 325 446 445
f 325 326 446
f 326 447 446
f 326 327 447
f 327 448 447
f 327 328 448
f 328 449 448
f 328 329 449
f 329 450 449
f 329 330 450
f 330 451 450
f 330 331 451
f 331 452 451
f 331 332 452
f 332 453 452
f 332 333 453
f 333 454 453
f 333 334 454
f 334 455 454
f 334 335 455
f 335 456 455
f 335 336 456
f 336 457 456
f 336 337 457
f 337 458 457
f 337 338 458
f 338 459 458
f 338 339 459
f 339 460 459
f 339 340 460
f 340 461 460
f 340 341 461
f 341 462 461
f 341 342 462
f 342 463 462
f 342 343 463
f 343 464 463
f 343 344 464
f 344 465 464
f 344 345 465
f 345 466 465
f 345 346 466
f 346 467 466
f 346 347 467
f 347 468 467
f 347 348 468
f 348 469 468
f 348 349 469
f 349 470 469
f 349 350 470
f 350 471 470
f 350 351 471
f 351 472 471
f 351 352 472
f 352 473 472
f 352 353 473
f 353 474 473
f 353 354 474
f 354 475 474
f 354 355 475
f 355 476 475
f 355 356 476
f 356 477 476
f 356 357 477
f 357 478 477
f 357 358 478
f 358 479 478
f 358 359 479
f 359 480 479
f 359 360 480
f 360 481 480
f 360 361 481
f 361 482 481
f 361 362 482
f 362 483 482
f 362 363 483
f 363 484 483
f 364 365 485
f 365 486 485
f 365 366 486
f 366 487 486
f 366 367 487
f 367 488 487
f 367 368 488
f 368 489 488
f 368 369 489
f 369 490 489
f 369 370 490
f 370 491 490
f 370 371 491
f 371 492 491
f 371 372 492
f 372 493 492
f 372 373 493
f 373 494 493
f 373 374 494
f 374 495 494
f 374 375 495
f 375 496 495
f 375 376 496
f 376 497 496
f 376 377 497
f 377 498 497
f 377 378 498
f 378 499 498
f 378 379 499
f 379 500 499
f 379 380 500
f 380 501 500
f 380 381 501
f 381 502 501
f 381 382 502
f 382 503 502
f 382 383 503
f 383 504 503
f 383 384 504
f 384 505 504
f 384 385 505
f 385 506 505
f 385 386 506
f 386 507 506
f 386 387 507
f 387 508 507
f 387 388 508
f 388 509 508
f 388 389 509
f 389 510 509
f 389 390 510
f 390 511 510
f 390 391 511
f 391 512 511
f 391 392 512
f 392 513 512
f 392 393 513
f 393 514 513
f 393 394 514
f 394 515 514
f 394 395 515
f 395 516 515
f 395 396 516
f 396 517 516
f 396 397 517
f 397 518 517
f 397 398 518
f 398 519 518
f 398 399 519
f 399 520 519
f 399 400 520
f 400 521 520
f 400 401 521
f 401 522 521
f 401 402 522
f 402 523 522
f 402 403 523
f 403 524 523
f 403 404 524
f 404 525 524
f 404 405 525
f 405 526 525
f 405 406 526
f 406 527 526
f 406 407 527
f 407 528 527
f 407 408 528
f 408 529 528
f 408 409 529
f 409 530 529
f 409 410 530
f 410 531 530
f 410 411 531
f 411 532 531
f 411 412 532
f 412 533 532
f 412 413 533
f 413 534 533
f 413 414 534
f 414 535 534
f 414 415 535
f 415 536 535
f 415 416 536
f 416 537 536
f 416 417 537
f 417 538 537
f 417 418 538
f 418 539 538
f 418 419 539
f 419 540 539
f 419 420 540
f 420 541 540
f 420 421 541
f 421 542 541
f 421 422 542
f 422 543 542
f 422 423 543
f 423 544 543
f 423 424 544
f 424 545 544
f 424 425 545
f 425 546 545
f 425 426 546
f 426 547 546
f 426 427 547
f 427 548 547
f 427 428 548
f 428 549 548
f 428 429 549
f 429 550 549
f 429 430 550
f 430 551 550
f 430 431 551
f 431 552 551
f 431 432 552
f 432 553 552
f 432 433 553
f 433 554 553
f 433 434 554
f 434 555 554
f 434 435 555
f 435 556 555
f 435 436 556
f 436 557 556
f 436 437 557
f 437 558 557
f 437 438 558
f 438 559 558
f 438 439 559
f 439 560 559
f 439 440 560
f 440 561 560
f 440 441 561
f 441 562 561
f 441 442 562
f 442 563 562
f 442 443 563
f 443 564 563
f 443 444 564
f 444 565 564
f 444 445 565
f 445 566 565
f 445 446 566
f 446 567 566
f 446 447 567
f 447 568 567
f 447 448 568
f 448 569 568
f 448 449 569
f 449 570 569
f 449 450 570
f 450 571 570
f 450 451 571
f 451 572 571
f 451 452 572
f 452 573 572
f 452 453 573
f 453 574 573
f 453 454 574
f 454 575 574
f 454 455 575
f 455 576 575
f 455 456 576
f 456 577 576
f 456 457 577
f 457 578 577
f 457 458 578
f 458 579 578
f 458 459 579
f 459 580 579
f 459 460 580
f 460 581 580
f 460 461 581
f 461 582 581
f 461 462 582
f 462 583 582
f 462 463 583
f 463 584 583
f 463 464 584
f 464 585 584
f 464 465 585
f 465 586 585
f 465 466 586
f 466 587 586
f 466 467 587
f 467 588 587
f 467 468 588
f 468 589 588
f 468 469 589
f 469 590 589
f 469 470 590
f 470 591 590
f 470 471 591
f 471 592 591
f 471 472 592
f 472 593 592
f 472 473 593
f 473 594 593
f 473 474 594
f 474 595 594
f 474 475 595
f 475 596 595
f 475 476 596
f 476 597 596
f 476 477 597
f 477 598 597
f 477 478 598
f 478 599 598
f 478 479 599
f 479 600 599
f 479 480 600
f 480 601 600
f 480 481 601
f 481 602 601
f 481 482 602
f 482 603 602
f 482 483 603
f 483 604 603
f 483 484 604
f 484 605 604
f 485 486 606
f 486 607 606
f 486 487 607
f 487 608 607
f 487 488 608
f 488 609 608
f 488 489 609
f 489 610 609
f 489 490 610
f 490 611 610
f 490 491 611
f 491 612 611
f 491 492 612
f 492 613 612
f 492 493 613
f 493 614 613
f 493 494 614
f 494 615 614
f 494 495 615
f 495 616 615
f 495 496 616
f 496 617 616
f 496 497 617
f 497 618 617
f 497 498 618
f 498 619 618
f 498 499 619
f 499 620 619
f 499 500 620
f 500 621 620
f 500 501 621
f 501 622 621
f 501 502 622
f 502 623 622
f 502 503 623
f 503 624 623
f 503 504 624
f 504 625 624
f 504 505 625
f 505 626 625
f 505 506 626
f 506 627 626
f 506 507 627
f 507 628 627
f 507 508 628
f 508 629 628
f 508 509 629
f 509 630 629
f 509 510 630
f 510 631 630
f 510 511 631
f 511 632 631
f 511 512 632
f 512 633 632
f 512 513 633
f 513 634 633
f 513 514 634
f 514 635 634
f 514 515 635
f 515 636 635
f 515 516 636
f 516 637 636
f 516 517 637
f 517 638 637
f 517 518 638
f 518 639 638
f 518 519 639
f 519 640 639
f 519 520 640
f 520 641 640
f 520 521 641
f 521 642 641
f 521 522 642
f 522 643 642
f 522 523 643
f 523 644 643
f 523 524 644
f 524 645 644
f 524 525 645
f 525 646 645
f 525 526 646
f 526 647 646
f 526 527 647
f 527 648 647
f 527 528 648
f 528 649 648
f 528 529 649
f 529 650 649
f 529 530 650
f 530 651 650
f 530 531 651
f 531 652 651
f 531 532 652
f 532 653 652
f 532 533 653
f 533 654 653
f 533 534 654
f 534 655 654
f 534 535 655
f 535 656 655
f 535 536 656
f 536 657 656
f 536 537 657
f 537 658 657
f 537 538 658
f 538 659 658
f 538 539 659
f 539 660 659
f 539 540 660
f 540 661 660
f 540 541 661
f 541 662 661
f 541 542 662
f 542 663 662
f 542 543 663
f 543 664 663
f 543 544 664
f 544 665 664
f 544 545 665
f 545 666 665
f 545 546 666
f 546 667 666
f 546 547 667
f 547 668 667
f 547 548 668
f 548 669 668
f 548 549 669
f 549 670 669
f 549 550 670
f 550 671 670
f 550 551 671
f 551 672 671
f 551 552 672
f 552 673 672
f 552 553 673
f 553 674 673
f 553 554 674
f 554 675 674
f 554 555 675
f 555 676 675
f 555 556 676
f 556 677 676
f 556 557 677
f 557 678 677
f 557 558 678
f 558 679 678
f 558 559 679
f 559 680 679
f 559 560 680
f 560 681 680
f 560 561 681
f 561 682 681
f 561 562 682
f 562 683 682
f 562 563 683
f 563 684 683
f 563 564 684
f 564 685 684
f 564 565 685
f 565 686 685
f 565 566 686
f 566 687 686
f 566 567 687
f 567 688 687
f 567 568 688
f 568 689 688
f 568 569 689
f 569 690 689
f 569 570 690
f 570 691 690
f 570 571 691
f 571 692 691
f 571 572 692
f 572 693 692
f 572 573 693
f 573 694 693
f 573 574 694
f 574 695 694
f 574 575 695
f 575 696 695
f 575 576 696
f 576 697 696
f 576 577 697
f 577 698 697
f 577 578 698
f 578 699 698
f 578 579 699
f 579 700 699
f 579 580 700
f 580 701 700
f 580 581 701
f 581 702 701
f 581 582 702
f 582 703 702
f 582 583 703
f 583 704 703
f 583 584 704
f 584 705 704
f 584 585 705
f 585 706 705
f 585 586 706
f 586 707 706
f 586 587 707
f 587 708 707
f 587 588 708
f 588 709 708
f 588 589 709
f 589 710 709
f 589 590 710
f 590 711 710
f 590 591 711
f 591 712 711
f 591 592 712
f 592 713 712
f 592 593 713
f 593 714 713
f 593 594 714
f 594 715 714
f 594 595 715
f 595 716 715
f 595 596 716
f 596 717 716
f 596 597 717
f 597 718 717
f 597 598 718
f 598 719 718
f 598 599 719
f 599 720 719
f 599 600 720
f 600 721 720
f 600 601 721
f 601 722 721
f 601 602 722
f 602 723 722
f 602 603 723
f 603 724 723
f 603 604 724
f 604 725 724
f 604 605 725
f 605 726 725
f 606 607 727
f 607 728 727
f 607 608 728
f 608 729 728
f 608 609 729
f 609 730 729
f 609 610 730
f 610 731 730
f 610 611 731
f 611 732 731
f 611 612 732
f 612 733 732
f 612 613 733
f 613 734 733
f 613 614 734
f 614 735 734
f 614 615 735
f 615 736 735
f 615 616 736
f 616 737 736
f 616 617 737
f 617 738 737
f 617 618 738
f 618 739 738
f 618 619 739
f 619 740 739
f 619 620 740
f 620 741 740
f 620 621 741
f 621 742 741
f 621 622 742
f 622 743 742
f 622 623 743
f 623 744 743
f 623 624 744
f 624 745 744
f 624 625 745
f 625 746 745
f 625 626 746
f 626 747 746
f 626 627 747
f 627 748 747
f 627 628 748
f 628 749 748
f 628 629 749
f 629 750 749
f 629 630 750
f 630 751 750
f 630 631 751
f 631 752 751
f 631 632 752
f 632 753 752
f 632 633 753
f 633 754 753
f 633 634 754
f 634 755 754
f 634 635 755
f 635 756 755
f 635 636 756
f 636 757 756
f 636 637 757
f 637 758 757
f 637 638 758
f 638 759 758
f 638 639 759
f 639 760 759
f 639 640 760
f 640 761 760
f 640 641 761
f 641 762 761
f 641 642 762
f 642 763 762
f 642 643 763
f 643 764 763
f 643 644 764
f 644 765 764
f 644 645 765
f 645 766 765
f 645 646 766
f 646 767 766
f 646 647 767
f 647 768 767
f 647 648 768
f 648 769 768
f 648 649 769
f 649 770 769
f 649 650 770
f 650 771 770
f 650 651 771
f 651 772 771
f 651 652 772
f 652 773 772
f 652 653 773
f 653 774 773
f 653 654 774
f 654 775 774
f 654 655 775
f 655 776 775
f 655 656 776
f 656 777 776
f 656 657 777
f 657 778 777
f 657 658 778
f 658 779 778
f 658 659 779
f 659 780 779
f 659 660 780
f 660 781 780
f 660 661 781
f 661 782 781
f 661 662 782
f 662 783 782
f 662 663 783
f 663 784 783
f 663 664 784
f 664 785 784
f 664 665 785
f 665 786 785
f 665 666 786
f 666 787 786
f 666 667 787
f 667 788 787
f 667 668 788
f 668 789 788
f 668 669 789
f 669 790 789
f 669 670 790
f 670 791 790
f 670 671 791
f 671 792 791
f 671 672 792
f 672 793 792
f 672 673 793
f 673 794 793
f 673 674 794
f 674 795 794
f 674 675 795
f 675 796 795
f 675 676 796
f 676 797 796
f 676 677 797
f 677 798 797
f 677 678 798
f 678 799 798
f 678 679 799
f 679 800 799
f 679 680 800
f 680 801 800
f 680 681 801
f 681 802 801
f 681 682 802
f 682 803 802
f 682 683 803
f 683 804 803
f 683 684 804
f 684 805 804
f 684 685 805
f 685 806 805
f 685 686 806
f 686 807 806
f 686 687 807
f 687 808 807
f 687 688 808
f 688 809 808
f 688 689 809
f 689 810 809
f 689 690 810
f 690 811 810
f 690 691 811
f 691 812 811
f 691 692 812
f 692 813 812
f 692 693 813
f 693 814 813
f 693 694 814
f 694 815 814
f 694 695 815
f 695 816 815
f 695 696 816
f 696 817 816
f 696 697 817
f 697 818 817
f 697 698 818
f 698 819 818
f 698 699 819
f 699 820 819
f 699 700 820
f 700 821 820
f 700 701 821
f 701 822 821
f 701 702 822
f 702 823 822
f 702 703 823
f 703 824 823
f 703 704 824
f 704 825 824
f 704 705 825
f 705 826 825
f 705 706 826
f 706 827 826
f 706 707 827
f 707 828 827
f 707 708 828
f 708 829 828
f 708 709 829
f 709 830 829
f 709 710 830
f 710 831 830
f 710 711 831
f 711 832 831
f 711 712 832
f 712 833 832
f 712 713 833
f 713 834 833
f 713 714 834
f 714 835 834
f 714 715 835
f 715 836 835
f 715 716 836
f 716 837 836
f 716 717 837
f 717 838 837
f 717 718 838
f 718 839 838
f 718 719 839
f 719 840 839
f 719 720 840
f 720 841 840
f 720 721 841
f 721 842 841
f 721 722 842
f 722 843 842
f 722 723 843
f 723 844 843
f 723 724 844
f 724 845 844
f 724 725 845
f 725 846 845
f 725 726 846
f 726 847 846
f 727 728 848
f 728 849 848
f 728 729 849
f 729 850 849
f 729 730 850
f 730 851 850
f 730 731 851
f 731 852 851
f 731 732 852
f 732 853 852
f 732 733 853
f 733 854 853
f 733 734 854
f 734 855 854
f 734 735 855
f 735 856 855
f 735 736 856
f 736 857 856
f 736 737 857
f 737 858 857
f 737 738 858
f 738 859 858
f 738 739 859
f 739 860 859
f 739 740 860
f 740 861 860
f 740 741 861
f 741 862 861
f 741 742 862
f 742 863 862
f 742 743 863
f 743 864 863
f 743 744 864
f 744 865 864
f 744 745 865
f 745 866 865
f 745 746 866
f 746 867 866
f 746 747 867
f 747 868 867
f 747 748 868
f 748 869 868
f 748 749 869
f 749 870 869
f 749 750 870
f 750 871 870
f 750 751 871
f 751 872 871
f 751 752 872
f 752 873 872
f 752 753 873
f 753 874 873
f 753 754 874
f 754 875 874
f 754 755 875
f 755 876 875
f 755 756 876
f 756 877 876
f 756 757 877
f 757 878 877
f 757 758 878
f 758 879 878
f 758 759 879
f 759 880 879
f 759 760 880
f 760 881 880
f 760 761 881
f 761 882 881
f 761 762 882
f 762 883 882
f 762 763 883
f 763 884 883
f 763 764 884
f 764 885 884
f 764 765 885
f 765 886 885
f 765 766 886
f 766 887 886
f 766 767 887
f 767 888 887
f 767 768 888
f 768 889 888
f 768 769 889
f 769 890 889
f 769 770 890
f 770 891 890
f 770 771 891
f 771 892 891
f 771 772 892
f 772 893 892
f 772 773 893
f 773 894 893
f 773 774 894
f 774 895 894
f 774 775 895
f 775 896 895
f 775 776 896
f 776 897 896
f 776 777 897
f 777 898 897
f 777 778 898
f 778 899 898
f 778 779 899
f 779 900 899
f 779 780 900
f 780 901 900
f 780 781 901
f 781 902 901
f 781 782 902
f 782 903 902
f 782 783 903
f 783 904 903
f 783 784 904
f 784 905 904
f 784 785 905
f 785 906 905
f 785 786 906
f 786 907 906
f 786 787 907
f 787 908 907
f 787 788 908
f 788 909 908
f 788 789 909
f 789 910 909
f 789 790 910
f 790 911 910
f 790 791 911
f 791 912 911
f 791 792 912
f 792 913 912
f 792 793 913
f 793 914 913
f 793 794 914
f 794 915 914
f 794 795 915
f 795 916 915
f 795 796 916
f 796 917 916
f 796 797 917
f 797 918 917
f 797 798 918
f 798 919 918
f 798 799 919
f 799 920 919
f 799 800 920
f 800 921 920
f 800 801 921
f 801 922 921
f 801 802 922
f 802 923 922
f 802 803 923
f 803 924 923
f 803 804 924
f 804 925 924
f 804 805 925
f 805 926 925
f 805 806 926
f 806 927 926
f 806 807 927
f 807 928 927
f 807 808 928
f 808 929 928
f 808 809 929
f 809 930 929
f 809 810 930
f 810 931 930
f 810 811 931
f 811 932 931
f 811 812 932
f 812 933 932
f 812 813 933
f 813 934 933
f 813 814 934
f 814 935 934
f 814 815 935
f 815 936 935
f 815 816 936
f 816 937 936
f 816 817 937
f 817 938 937
f 817 818 938
f 818 939 938
f 818 819 939
f 819 940 939
f 819 820 940
f 820 941 940
f 820 821 941
f 821 942 941
f 821 822 942
f 822 943 942
f 822 823 943
f 823 944 943
f 823 824 944
f 824 945 944
f 824 825 945
f 825 946 945
f 825 826 946
f 826 947 946
f 826 827 947
f 827 948 947
f 827 828 948
f 828 949 948
f 828 829 949
f 829 950 949
f 829 830 950
f 830 951 950
f 830 831 951
f 831 952 951
f 831 832 952
f 832 953 952
f 832 833 953
f 833 954 953
f 833 834 954
f 834 955 954
f 834 835 955
f 835 956 955
f 835 836 956
f 836 957 956
f 836 837 957
f 837 958 957
f 837 838 958
f 838 959 958
f 838 839 959
f 839 960 959
f 839 840 960
f 840 961 960
f 840 841 961
f 841 962 961
f 841 842 962
f 842 963 962
f 842 843 963
f 843 964 963
f 843 844 964
f 844 965 964
f 844 845 965
f 845 966 965
f 845 846 966
f 846 967 966
f 846 847 967
f 847 968 967
f 848 849 969
f 849 970 969
f 849 850 970
f 850 971 970
f 850 851 971
f 851 972 971
f 851 852 972
f 852 973 972
f 852 853 973
f 853 974 973
f 853 854 974
f 854 975 974
f 854 855 975
f 855 976 975
f 855 856 976
f 856 977 976
f 856 857 977
f 857 978 977
f 857 858 978
f 858 979 978
f 858 859 979
f 859 980 979
f 859 860 980
f 860 981 980
f 860 861 981
f 861 982 981
f 861 862 982
f 862 983 982
f 862 863 983
f 863 984 983
f 863 864 984
f 864 985 984
f 864 865 985
f 865 986 985
f 865 866 986
f 866 987 986
f 866 867 987
f 867 988 987
f 867 868 988
f 868 989 988
f 868 869 989
f 869 990 989
f 869 870 990
f 870 991 990
f 870 871 991
f 871 992 991
f 871 872 992
f 872 993 992
f 872 873 993
f 873 994 993
f 873 874 994
f 874 995 994
f 874 875 995
f 875 996 995
f 875 876 996
f 876 997 996
f 876 877 997
f 877 998 997
f 877 878 998
f 878 999 998
f 878 879 999
f 879 1000 999
f 879 880 1000
f 880 1001 1000
f 880 881 1001
f 881 1002 1001
f 881 882 1002
f 882 1003 1002
f 882 883 1003
f 883 1004 1003
f 883 884 1004
f 884 1005 1004
f 884 885 1005
f 885 1006 1005
f 885 886 1006
f 886 1007 1006
f 886 887 1007
f 887 1008 1007
f 887 888 1008
f 888 1009 1008
f 888 889 1009
f 889 1010 1009
f 889 890 1010
f 890 1011 1010
f 890 891 1011
f 891 1012 1011
f 891 892 1012
f 892 1013 1012
f 892 893 1013
f 893 1014 1013
f 893 894 1014
f 894 1015 1014
f 894 895 1015
f 895 1016 1015
f 895 896 1016
f 896 1017 1016
f 896 897 1017
f 897 1018 1017
f 897 898 1018
f 898 1019 1018
f 898 899 1019
f 899 1020 1019
f 899 900 1020
f 900 1021 1020
f 900 901 1021
f 901 1022 1021
f 901 902 1022
f 902 1023 1022
f 902 903 1023
f 903 1024 1023
f 903 904 1024
f 904 1025 1024
f 904 905 1025
f 905 1026 1025
f 905 906 1026
f 906 1027 1026
f 906 907 1027
f 907 1028 1027
f 907 908 1028
f 908 1029 1028
f 908 909 1029
f 909 1030 1029
f 909 910 1030
f 910 1031 1030
f 910 911 1031
f 911 1032 1031
f 911 912 1032
f 912 1033 1032
f 912 913 1033
f 913 1034 1033
f 913 914 1034
f 914 1035 1034
f 914 915 1035
f 915 1036 1035
f 915 916 1036
f 916 1037 1036
f 916 917 1037
f 917 1038 1037
f 917 918 1038
f 918 1039 1038
f 918 919 1039
f 919 1040 1039
f 919 920 1040
f 920 1041 1040
f 920 921 1041
f 921 1042 1041
f 921 922 1042
f 922 1043 1042
f 922 923 1043
f 923 1044 1043
f 923 924 1044
f 924 1045 1044
f 924 925 1045
f 925 1046 1045
f 925 926 1046
f 926 1047 1046
f 926 927 1047
f 927 1048 1047
f 927 928 1048
f 928 1049 1048
f 928 929 1049
f 929 1050 1049
f 929 930 1050
f 930 1051 1050
f 930 931 1051
f 931 1052 1051
f 931 932 1052
f 932 1053 1052
f 932 933 1053
f 933 1054 1053
f 933 934 1054
f 934 1055 1054
f 934 935 1055
f 935 1056 1055
f 935 936 1056
f 936 1057 1056
f 936 937 1057
f 937 1058 1057
f 937 938 1058
f 938 1059 1058
f 938 939 1059
f 939 1060 1059
f 939 940 1060
f 940 1061 1060
f 940 941 1061
f 941 1062 1061
f 941 942 1062
f 942 1063 1062
f 942 943 1063
f 943 1064 1063
f 943 944 1064
f 944 1065 1064
f 944 945 1065
f 945 1066 1065
f 945 946 1066
f 946 1067 1066
f 946 947 1067
f 947 1068 1067
f 947 948 1068
f 948 1069 1068
f 948 949 1069
f 949 1070 1069
f 949 950 1070
f 950 1071 1070
f 950 951 1071
f 951 1072 1071
f 951 952 1072
f 952 1073 1072
f 952 953 1073
f 953 1074 1073
f 953 954 1074
f 954 1075 1074
f 954 955 1075
f 955 1076 1075
f 955 956 1076
f 956 1077 1076
f 956 957 1077
f 957 1078 1077
f 957 958 1078
f 958 1079 1078
f 958 959 1079
f 959 1080 1079
f 959 960 1080
f 960 1081 1080
f 960 961 1081
f 961 1082 1081
f 961 962 1082
f 962 1083 1082
f 962 963 1083
f 963 1084 1083
f 963 964 1084
f 964 1085 1084
f 964 965 1085
f 965 1086 1085
f 965 966 1086
f 966 1087 1086
f 966 967 1087
f 967 1088 1087
f 967 968 1088
f 968 1089 1088
f 969 970 1090
f 970 1091 1090
f 970 971 1091
f 971 1092 1091
f 971 972 1092
f 972 1093 1092
f 972 973 1093
f 973 1094 1093
f 973 974 1094
f 974 1095 1094
f 974 975 1095
f 975 1096 1095
f 975 976 1096
f 976 1097 1096
f 976 977 1097
f 977 1098 1097
f 977 978 1098
f 978 1099 1098
f 978 979 1099
f 979 1100 1099
f 979 980 1100
f 980 1101 1100
f 980 981 1101
f 981 1102 1101
f 981 982 1102
f 982 1103 1102
f 982 983 1103
f 983 1104 1103
f 983 984 1104
f 984 1105 1104
f 984 985 1105
f 985 1106 1105
f 985 986 1106
f 986 1107 1106
f 986 987 1107
f 987 1108 1107
f 987 988 1108
f 988 1109 1108
f 988 989 1109
f 989 1110 1109
f 989 990 1110
f 990 1111 1110
f 990 991 1111
f 991 1112 1111
f 991 992 1112
f 992 1113 1112
f 992 993 1113
f 993 1114 1113
f 993 994 1114
f 994 1115 1114
f 994 995 1115
f 995 1116 1115
f 995 996 1116
f 996 1117 1116
f 996 997 1117
f 997 1118 1117
f 997 998 1118
f 998 1119 1118
f 998 999 1119
f 999 1120 1119
f 999 1000 1120
f 1000 1121 1120
f 1000 1001 1121
f 1001 1122 1121
f 1001 1002 1122
f 1002 1123 1122
f 1002 1003 1123
f 1003 1124 1123
f 1003 1004 1124
f 1004 1125 1124
f 1004 1005 1125
f 1005 1126 1125
f 1005 1006 1126
f 1006 1127 1126
f 1006 1007 1127
f 1007 1128 1127
f 1007 1008 1128
f 1008 1129 1128
f 1008 1009 1129
f 1009 1130 1129
f 1009 1010 1130
f 1010 1131 1130
f 1010 1011 1131
f 1011 1132 1131
f 1011 1012 1132
f 1012 1133 1132
f 1012 1013 1133
f 1013 1134 1133
f 1013 1014 1134
f 1014 1135 1134
f 1014 1015 1135
f 1015 1136 1135
f 1015 1016 1136
f 1016 1137 1136
f 1016 1017 1137
f 1017 1138 1137
f 1017 1018 1138
f 1018 1139 1138
f 1018 1019 1139
f 1019 1140 1139
f 1019 1020 1140
f 1020 1141 1140
f 1020 1021 1141
f 1021 1142 1141
f 1021 1022 1142
f 1022 1143 1142
f 1022 1023 1143
f 1023 1144 1143
f 1023 1024 1144
f 1024 1145 1144
f 1024 1025 1145
f 1025 1146 1145
f 1025 1026 1146
f 1026 1147 1146
f 1026 1027 1147
f 1027 1148 1147
f 1027 1028 1148
f 1028 1149 1148
f 1028 1029 1149
f 1029 1150 1149
f 1029 1030 1150
f 1030 1151 1150
f 1030 1031 1151
f 1031 1152 1151
f 1031 1032 1152
f 1032 1153 1152
f 1032 1033 1153
f 1033 1154 1153
f 1033 1034 1154
f 1034 1155 1154
f 1034 1035 1155
f 1035 1156 1155
f 1035 1036 1156
f 1036 1157 1156
f 1036 1037 1157
f 1037 1158 1157
f 1037 1038 1158
f 1038 1159 1158
f 1038 1039 1159
f 1039 1160 1159
f 1039 1040 1160
f 1040 1161 1160
f 1040 1041 1161
f 1041 1162 1161
f 1041 1042 1162
f 1042 1163 1162
f 1042 1043 1163
f 1043 1164 1163
f 1043 1044 1164
f 1044 1165 1164
f 1044 1045 1165
f 1045 1166 1165
f 1045 1046 1166
f 1046 1167 1166
f 1046 1047 1167
f 1047 1168 1167
f 1047 1048 1168
f 1048 1169 1168
f 1048 1049 1169
f 1049 1170 1169
f 1049 1050 1170
f 1050 1171 1170
f 1050 1051 1171
f 1051 1172 1171
f 1051 1052 1172
f 1052 1173 1172
f 1052 1053 1173
f 1053 1174 1173
f 1053 1054 1174
f 1054 1175 1174
f 1054 1055 1175
f 1055 1176 1175
f 1055 1056 1176
f 1056 1177 1176
f 1056 1057 1177
f 1057 1178 1177
f 1057 1058 1178
f 1058 1179 1178
f 1058 1059 1179
f 1059 1180 1179
f 1059 1060 1180
f 1060 1181 1180
f 1060 1061 1181
f 1061 1182 1181
f 1061 1062 1182
f 1062 1183 1182
f 1062 1063 1183
f 1063 1184 1183
f 1063 1064 1184
f 1064 1185 1184
f 1064 1065 1185
f 1065 1186 1185
f 1065 1066 1186
f 1066 1187 1186
f 1066 1067 1187
f 1067 1188 1187
f 1067 1068 1188
f 1068 1189 1188
f 1068 1069 1189
f 1069 1190 1189
f 1069 1070 1190
f 1070 1191 1190
f 1070 1071 1191
f 1071 1192 1191
f 1071 1072 1192
f 1072 1193 1192
f 1072 1073 1193
f 1073 1194 1193
f 1073 1074 1194
f 1074 1195 1194
f 1074 1075 1195
f 1075 1196 1195
f 1075 1076 1196
f 1076 1197 1196
f 1076 1077 1197
f 1077 1198 1197
f 1077 1078 1198
f 1078 1199 1198
f 1078 1079 1199
f 1079 1200 1199
f 1079 1080 1200
f 1080 1201 1200
f 1080 1081 1201
f 1081 1202 1201
f 1081 1082 1202
f 1082 1203 1202
f 1082 1083 1203
f 1083 1204 1203
f 1083 1084 1204
f 1084 1205 1204
f 1084 1085 1205
f 1085 1206 1205
f 1085 1086 1206
f 1086 1207 1206
f 1086 1087 1207
f 1087 1208 1207
f 1087 1088 1208
f 1088 1209 1208
f 1088 1089 1209
f 1089 1210 1209
f 1090 1091 1211
f 1091 1212 1211
f 1091 1092 1212
f 1092 1213 1212
f 1092 1093 1213
f 1093 1214 1213
f 1093 1094 1214
f 1094 1215 1214
f 1094 1095 1215
f 1095 1216 1215
f 1095 1096 1216
f 1096 1217 1216
f 1096 1097 1217
f 1097 1218 1217
f 1097 1098 1218
f 1098 1219 1218
f 1098 1099 1219
f 1099 1220 1219
f 1099 1100 1220
f 1100 1221 1220
f 1100 1101 1221
f 1101 1222 1221
f 1101 1102 1222
f 1102 1223 1222
f 1102 1103 1223
f 1103 1224 1223
f 1103 1104 1224
f 1104 1225 1224
f 1104 1105 1225
f 1105 1226 1225
f 1105 1106 1226
f 1106 1227 1226
f 1106 1107 1227
f 1107 1228 1227
f 1107 1108 1228
f 1108 1229 1228
f 1108 1109 1229
f 1109 1230 1229
f 1109 1110 1230
f 1110 1231 1230
f 1110 1111 1231
f 1111 1232 1231
f 1111 1112 1232
f 1112 1233 1232
f 1112 1113 1233
f 1113 1234 1233
f 1113 1114 1234
f 1114 1235 1234
f 1114 1115 1235
f 1115 1236 1235
f 1115 1116 1236
f 1116 1237 1236
f 1116 1117 1237
f 1117 1238 1237
f 1117 1118 1238
f 1118 1239 1238
f 1118 1119 1239
f 1119 1240 1239
f 1119 1120 1240
f 1120 1241 1240
f 1120 1121 1241
f 1121 1242 1241
f 1121 1122 1242
f 1122 1243 1242
f 1122 1123 1243
f 1123 1244 1243
f 1123 1124 1244
f 1124 1245 1244
f 1124 1125 1245
f 1125 1246 1245
f 1125 1126 1246
f 1126 1247 1246
f 1126 1127 1247
f 1127 1248 1247
f 1127 1128 1248
f 1128 1249 1248
f 1128 1129 1249
f 1129 1250 1249
f 1129 1130 1250
f 1130 1251 1250
f 1130 1131 1251
f 1131 1252 1251
f 1131 1132 1252
f 1132 1253 1252
f 1132 1133 1253
f 1133 1254 1253
f 1133 1134 1254
f 1134 1255 1254
f 1134 1135 1255
f 1135 1256 1255
f 1135 1136 1256
f 1136 1257 1256
f 1136 1137 1257
f 1137 1258 1257
f 1137 1138 1258
f 1138 1259 1258
f 1138 1139 1259
f 1139 1260 1259
f 1139 1140 1260
f 1140 1261 1260
f 1140 1141 1261
f 1141 1262 1261
f 1141 1142 1262
f 1142 1263 1262
f 1142 1143 1263
f 1143 1264 1263
f 1143 1144 1264
f 1144 1265 1264
f 1144 1145 1265
f 1145 1266 1265
f 1145 1146 1266
f 1146 1267 1266
f 1146 1147 1267
f 1147 1268 1267
f 1147 1148 1268
f 1148 1269 1268
f 1148 1149 1269
f 1149 1270 1269
f 1149 1150 1270
f 1150 1271 1270
f 1150 1151 1271
f 1151 1272 1271
f 1151 1152 1272
f 1152 1273 1272
f 1152 1153 1273
f 1153 1274 1273
f 1153 1154 1274
f 1154 1275 1274
f 1154 1155 1275
f 1155 1276 1275
f 1155 1156 1276
f 1156 1277 1276
f 1156 1157 1277
f 1157 1278 1277
f 1157 1158 1278
f 1158 1279 1278
f 1158 1159 1279
f 1159 1280 1279
f 1159 1160 1280
f 1160 1281 1280
f 1160 1161 1281
f 1161 1282 1281
f 1161 1162 1282
f 1162 1283 1282
f 1162 1163 1283
f 1163 1284 1283
f 1163 1164 1284
f 1164 1285 1284
f 1164 1165 1285
f 1165 1286 1285
f 1165 1166 1286
f 1166 1287 1286
f 1166 1167 1287
f 1167 1288 1287
f 1167 1168 1288
f 1168 1289 1288
f 1168 1169 1289
f 1169 1290 1289
f 1169 1170 1290
f 1170 1291 1290
f 1170 1171 1291
f 1171 1292 1291
f 1171 1172 1292
f 1172 1293 1292
f 1172 1173 1293
f 1173 1294 1293
f 1173 1174 1294
f 1174 1295 1294
f 1174 1175 1295
f 1175 1296 1295
f 1175 1176 1296
f 1176 1297 1296
f 1176 1177 1297
f 1177 1298 1297
f 1177 1178 1298
f 1178 1299 1298
f 1178 1179 1299
f 1179 1300 1299
f 1179 1180 1300
f 1180 1301 1300
f 1180 1181 1301
f 1181 1302 1301
f 1181 1182 1302
f 1182 1303 1302
f 1182 1183 1303
f 1183 1304 1303
f 1183 1184 1304
f 1184 1305 1304
f 1184 1185 1305
f 1185 1306 1305
f 1185 1186 1306
f 1186 1307 1306
f 1186 1187 1307
f 1187 1308 1307
f 1187 1188 1308
f 1188 1309 1308
f 1188 1189 1309
f 1189 1310 1309
f 1189 1190 1310
f 1190 1311 1310
f 1190 1191 1311
f 1191 1312 1311
f 1191 1192 1312
f 1192 1313 1312
f 1192 1193 1313
f 1193 1314 1313
f 1193 1194 1314
f 1194 1315 1314
f 1194 1195 1315
f 1195 1316 1315
f 1195 1196 1316
f 1196 1317 1316
f 1196 1197 1317
f 1197 1318 1317
f 1197 1198 1318
f 1198 1319 1318
f 1198 1199 1319
f 1199 1320 1319
f 1199 1200 1320
f 1200 1321 1320
f 1200 1201 1321
f 1201 1322 1321
f 1201 1202 1322
f 1202 1323 1322
f 1202 1203 1323
f 1203 1324 1323
f 1203 1204 1324
f 1204 1325 1324
f 1204 1205 1325
f 1205 1326 1325
f 1205 1206 1326
f 1206 1327 1326
f 1206 1207 1327
f 1207 1328 1327
f 1207 1208 1328
f 1208 1329 1328
f 1208 1209 1329
f 1209 1330 1329
f 1209 1210 1330
f 1210 1331 1330
f 1211 1212 1332
f 1212 1333 1332
f 1212 1213 1333
f 1213 1334 1333
f 1213 1214 1334
f 1214 1335 1334
f 1214 1215 1335
f 1215 1336 1335
f 1215 1216 1336
f 1216 1337 1336
f 1216 1217 1337
f 1217 1338 1337
f 1217 1218 1338
f 1218 1339 1338
f 1218 1219 1339
f 1219 1340 1339
f 1219 1220 1340
f 1220 1341 1340
f 1220 1221 1341
f 1221 1342 1341
f 1221 1222 1342
f 1222 1343 1342
f 1222 1223 1343
f 1223 1344 1343
f 1223 1224 1344
f 1224 1345 1344
f 1224 1225 1345
f 1225 1346 1345
f 1225 1226 1346
f 1226 1347 1346
f 1226 1227 1347
f 1227 1348 1347
f 1227 1228 1348
f 1228 1349 1348
f 1228 1229 1349
f 1229 1350 1349
f 1229 1230 1350
f 1230 1351 1350
f 1230 1231 1351
f 1231 1352 1351
f 1231 1232 1352
f 1232 1353 1352
f 1232 1233 1353
f 1233 1354 1353
f 1233 1234 1354
f 1234 1355 1354
f 1234 1235 1355
f 1235 1356 1355
f 1235 1236 1356
f 1236 1357 1356
f 1236 1237 1357
f 1237 1358 1357
f 1237 1238 1358
f 1238 1359 1358
f 1238 1239 1359
f 1239 1360 1359
f 1239 1240 1360
f 1240 1361 1360
f 1240 1241 1361
f 1241 1362 1361
f 1241 1242 1362
f 1242 1363 1362
f 1242 1243 1363
f 1243 1364 1363
f 1243 1244 1364
f 1244 1365 1364
f 1244 1245 1365
f 1245 1366 1365
f 1245 1246 1366
f 1246 1367 1366
f 1246 1247 1367
f 1247 1368 1367
f 1247 1248 1368
f 1248 1369 1368
f 1248 1249 1369
f 1249 1370 1369
f 1249 1250 1370
f 1250 1371 1370
f 1250 1251 1371
f 1251 1372 1371
f 1251 1252 1372
f 1252 1373 1372
f 1252 1253 1373
f 1253 1374 1373
f 1253 1254 1374
f 1254 1375 1374
f 1254 1255 1375
f 1255 1376 1375
f 1255 1256 1376
f 1256 1377 1376
f 1256 1257 1377
f 1257 1378 1377
f 1257 1258 1378
f 1258 1379 1378
f 1258 1259 1379
f 1259 1380 1379
f 1259 1260 1380
f 1260 1381 1380
f 1260 1261 1381
f 1261 1382 1381
f 1261 1262 1382
f 1262 1383 1382
f 1262 1263 1383
f 1263 1384 1383
f 1263 1264 1384
f 1264 1385 1384
f 1264 1265 1385
f 1265 1386 1385
f 1265 1266 1386
f 1266 1387 1386
f 1266 1267 1387
f 1267 1388 1387
f 1267 1268 1388
f 1268 1389 1388
f 1268 1269 1389
f 1269 1390 1389
f 1269 1270 1390
f 1270 1391 1390
f 1270 1271 1391
f 1271 1392 1391
f 1271 1272 1392
f 1272 1393 1392
f 1272 1273 1393
f 1273 1394 1393
f 1273 1274 1394
f 1274 1395 1394
f 1274 1275 1395
f 1275 1396 1395
f 1275 1276 1396
f 1276 1397 1396
f 1276 1277 1397
f 1277 1398 1397
f 1277 1278 1398
f 1278 1399 1398
f 1278 1279 1399
f 1279 1400 1399
f 1279 1280 1400
f 1280 1401 1400
f 1280 1281 1401
f 1281 1402 1401
f 1281 1282 1402
f 1282 1403 1402
f 1282 1283 1403
f 1283 1404 1403
f 1283 1284 1404
f 1284 1405 1404
f 1284 1285 1405
f 1285 1406 1405
f 1285 1286 1406
f 1286 1407 1406
f 1286 1287 1407
f 1287 1408 1407
f 1287 1288 1408
f 1288 1409 1408
f 1288 1289 1409
f 1289 1410 1409
f 1289 1290 1410
f 1290 1411 1410
f 1290 1291 1411
f 1291 1412 1411
f 1291 1292 1412
f 1292 1413 1412
f 1292 1293 1413
f 1293 1414 1413
f 1293 1294 1414
f 1294 1415 1414
f 1294 1295 1415
f 1295 1416 1415
f 1295 1296 1416
f 1296 1417 1416
f 1296 1297 1417
f 1297 1418 1417
f 1297 1298 1418
f 1298 1419 1418
f 1298 1299 1419
f 1299 1420 1419
f 1299 1300 1420
f 1300 1421 1420
f 1300 1301 1421
f 1301 1422 1421
f 1301 1302 1422
f 1302 1423 1422
f 1302 1303 1423
f 1303 1424 1423
f 1303 1304 1424
f 1304 1425 1424
f 1304 1305 1425
f 1305 1426 1425
f 1305 1306 1426
f 1306 1427 1426
f 1306 1307 1427
f 1307 1428 1427
f 1307 1308 1428
f 1308 1429 1428
f 1308 1309 1429
f 1309 1430 1429
f 1309 1310 1430
f 1310 1431 1430
f 1310 1311 1431
f 1311 1432 1431
f 1311 1312 1432
f 1312 1433 1432
f 1312 1313 1433
f 1313 1434 1433
f 1313 1314 1434
f 1314 1435 1434
f 1314 1315 1435
f 1315 1436 1435
f 1315 1316 1436
f 1316 1437 1436
f 1316 1317 1437
f 1317 1438 1437
f 1317 1318 1438
f 1318 1439 1438
f 1318 1319 1439
f 1319 1440 1439
f 1319 1320 1440
f 1320 1441 1440
f 1320 1321 1441
f 1321 1442 1441
f 1321 1322 1442
f 1322 1443 1442
f 1322 1323 1443
f 1323 1444 1443
f 1323 1324 1444
f 1324 1445 1444
f 1324 1325 1445
f 1325 1446 1445
f 1325 1326 1446
f 1326 1447 1446
f 1326 1327 1447
f 1327 1448 1447
f 1327 1328 1448
f 1328 1449 1448
f 1328 1329 1449
f 1329 1450 1449
f 1329 1330 1450
f 1330 1451 1450
f 1330 1331 1451
f 1331 1452 1451
f 1332 1333 1453
f 1333 1454 1453
f 1333 1334 1454
f 1334 1455 1454
f 1334 1335 1455
f 1335 1456 1455
f 1335 1336 1456
f 1336 1457 1456
f 1336 1337 1457
f 1337 1458 1457
f 1337 1338 1458
f 1338 1459 1458
f 1338 1339 1459
f 1339 1460 1459
f 1339 1340 1460
f 1340 1461 1460
f 1340 1341 1461
f 1341 1462 1461
f 1341 1342 1462
f 1342 1463 1462
f 1342 1343 1463
f 1343 1464 1463
f 1343 1344 1464
f 1344 1465 1464
f 1344 1345 1465
f 1345 1466 1465
f 1345 1346 1466
f 1346 1467 1466
f 1346 1347 1467
f 1347 1468 1467
f 1347 1348 1468
f 1348 1469 1468
f 1348 1349 1469
f 1349 1470 1469
f 1349 1350 1470
f 1350 1471 1470
f 1350 1351 1471
f 1351 1472 1471
f 1351 1352 1472
f 1352 1473 1472
f 1352 1353 1473
f 1353 1474 1473
f 1353 1354 1474
f 1354 1475 1474
f 1354 1355 1475
f 1355 1476 1475
f 1355 1356 1476
f 1356 1477 1476
f 1356 1357 1477
f 1357 1478 1477
f 1357 1358 1478
f 1358 1479 1478
f 1358 1359 1479
f 1359 1480 1479
f 1359 1360 1480
f 1360 1481 1480
f 1360 1361 1481
f 1361 1482 1481
f 1361 1362 1482
f 1362 1483 1482
f 1362 1363 1483
f 1363 1484 1483
f 1363 1364 1484
f 1364 1485 1484
f 1364 1365 1485
f 1365 1486 1485
f 1365 1366 1486
f 1366 1487 1486
f 1366 1367 1487
f 1367 1488 1487
f 1367 1368 1488
f 1368 1489 1488
f 1368 1369 1489
f 1369 1490 1489
f 1369 1370 1490
f 1370 1491 1490
f 1370 1371 1491
f 1371 1492 1491
f 1371 1372 1492
f 1372 1493 1492
f 1372 1373 1493
f 1373 1494 1493
f 1373 1374 1494
f 1374 1495 1494
f 1374 1375 1495
f 1375 1496 1495
f 1375 1376 1496
f 1376 1497 1496
f 1376 1377 1497
f 1377 1498 1497
f 1377 1378 1498
f 1378 1499 1498
f 1378 1379 1499
f 1379 1500 1499
f 1379 1380 1500
f 1380 1501 1500
f 1380 1381 1501
f 1381 1502 1501
f 1381 1382 1502
f 1382 1503 1502
f 1382 1383 1503
f 1383 1504 1503
f 1383 1384 1504
f 1384 1505 1504
f 1384 1385 1505
f 1385 1506 1505
f 1385 1386 1506
f 1386 1507 1506
f 1386 1387 1507
f 1387 1508 1507
f 1387 1388 1508
f 1388 1509 1508
f 1388 1389 1509
f 1389 1510 1509
f 1389 1390 1510
f 1390 1511 1510
f 1390 1391 1511
f 1391 1512 1511
f 1391 1392 1512
f 1392 1513 1512
f 1392 1393 1513
f 1393 1514 1513
f 1393 1394 1514
f 1394 1515 1514
f 1394 1395 1515
f 1395 1516 1515
f 1395 1396 1516
f 1396 1517 1516
f 1396 1397 1517
f 1397 1518 1517
f 1397 1398 1518
f 1398 1519 1518
f 1398 1399 1519
f 1399 1520 1519
f 1399 1400 1520
f 1400 1521 1520
f 1400 1401 1521
f 1401 1522 1521
f 1401 1402 1522
f 1402 1523 1522
f 1402 1403 1523
f 1403 1524 1523
f 1403 1404 1524
f 1404 1525 1524
f 1404 1405 1525
f 1405 1526 1525
f 1405 1406 1526
f 1406 1527 1526
f 1406 1407 1527
f 1407 1528 1527
f 1407 1408 1528
f 1408 1529 1528
f 1408 1409 1529
f 1409 1530 1529
f 1409 1410 1530
f 1410 1531 1530
f 1410 1411 1531
f 1411 1532 1531
f 1411 1412 1532
f 1412 1533 1532
f 1412 1413 1533
f 1413 1534 1533
f 1413 1414 1534
f 1414 1535 1534
f 1414 1415 1535
f 1415 1536 1535
f 1415 1416 1536
f 1416 1537 1536
f 1416 1417 1537
f 1417 1538 1537
f 1417 1418 1538
f 1418 1539 1538
f 1418 1419 1539
f 1419 1540 1539
f 1419 1420 1540
f 1420 1541 1540
f 1420 1421 1541
f 1421 1542 1541
f 1421 1422 1542
f 1422 1543 1542
f 1422 1423 1543
f 1423 1544 1543
f 1423 1424 1544
f 1424 1545 1544
f 1424 1425 1545
f 1425 1546 1545
f 1425 1426 1546
f 1426 1547 1546
f 1426 1427 1547
f 1427 1548 1547
f 1427 1428 1548
f 1428 1549 1548
f 1428 1429 1549
f 1429 1550 1549
f 1429 1430 1550
f 1430 1551 1550
f 1430 1431 1551
f 1431 1552 1551
f 1431 1432 1552
f 1432 1553 1552
f 1432 1433 1553
f 1433 1554 1553
f 1433 1434 1554
f 1434 1555 1554
f 1434 1435 1555
f 1435 1556 1555
f 1435 1436 1556
f 1436 1557 1556
f 1436 1437 1557
f 1437 1558 1557
f 1437 1438 1558
f 1438 1559 1558
f 1438 1439 1559
f 1439 1560 1559
f 1439 1440 1560
f 1440 1561 1560
f 1440 1441 1561
f 1441 1562 1561
f 1441 1442 1562
f 1442 1563 1562
f 1442 1443 1563
f 1443 1564 1563
f 1443 1444 1564
f 1444 1565 1564
f 1444 1445 1565
f 1445 1566 1565
f 1445 1446 1566
f 1446 1567 1566
f 1446 1447 1567
f 1447 1568 1567
f 1447 1448 1568
f 1448 1569 1568
f 1448 1449 1569
f 1449 1570 1569
f 1449 1450 1570
f 1450 1571 1570
f 1450 1451 1571
f 1451 1572 1571
f 1451 1452 1572
f 1452 1573 1572
f 1453 1454 1574
f 1454 1575 1574
f 1454 1455 1575
f 1455 1576 1575
f 1455 1456 1576
f 1456 1577 1576
f 1456 1457 1577
f 1457 1578 1577
f 1457 1458 1578
f 1458 1579 1578
f 1458 1459 1579
f 1459 1580 1579
f 1459 1460 1580
f 1460 1581 1580
f 1460 1461 1581
f 1461 1582 1581
f 1461 1462 1582
f 1462 1583 1582
f 1462 1463 1583
f 1463 1584 1583
f 1463 1464 1584
f 1464 1585 1584
f 1464 1465 1585
f 1465 1586 1585
f 1465 1466 1586
f 1466 1587 1586
f 1466 1467 1587
f 1467 1588 1587
f 1467 1468 1588
f 1468 1589 1588
f 1468 1469 1589
f 1469 1590 1589
f 1469 1470 1590
f 1470 1591 1590
f 1470 1471 1591
f 1471 1592 1591
f 1471 1472 1592
f 1472 1593 1592
f 1472 1473 1593
f 1473 1594 1593
f 1473 1474 1594
f 1474 1595 1594
f 1474 1475 1595
f 1475 1596 1595
f 1475 1476 1596
f 1476 1597 1596
f 1476 1477 1597
f 1477 1598 1597
f 1477 1478 1598
f 1478 1599 1598
f 1478 1479 1599
f 1479 1600 1599
f 1479 1480 1600
f 1480 1601 1600
f 1480 1481 1601
f 1481 1602 1601
f 1481 1482 1602
f 1482 1603 1602
f 1482 1483 1603
f 1483 1604 1603
f 1483 1484 1604
f 1484 1605 1604
f 1484 1485 1605
f 1485 1606 1605
f 1485 1486 1606
f 1486 1607 1606
f 1486 1487 1607
f 1487 1608 1607
f 1487 1488 1608
f 1488 1609 1608
f 1488 1489 1609
f 1489 1610 1609
f 1489 1490 1610
f 1490 1611 1610
f 1490 1491 1611
f 1491 1612 1611
f 1491 1492 1612
f 1492 1613 1612
f 1492 1493 1613
f 1493 1614 1613
f 1493 1494 1614
f 1494 1615 1614
f 1494 1495 1615
f 1495 1616 1615
f 1495 1496 1616
f 1496 1617 1616
f 1496 1497 1617
f 1497 1618 1617
f 1497 1498 1618
f 1498 1619 1618
f 1498 1499 1619
f 1499 1620 1619
f 1499 1500 1620
f 1500 1621 1620
f 1500 1501 1621
f 1501 1622 1621
f 1501 1502 1622
f 1502 1623 1622
f 1502 1503 1623
f 1503 1624 1623
f 1503 1504 1624
f 1504 1625 1624
f 1504 1505 1625
f 1505 1626 1625
f 1505 1506 1626
f 1506 1627 1626
f 1506 1507 1627
f 1507 1628 1627
f 1507 1508 1628
f 1508 1629 1628
f 1508 1509 1629
f 1509 1630 1629
f 1509 1510 1630
f 1510 1631 1630
f 1510 1511 1631
f 1511 1632 1631
f 1511 1512 1632
f 1512 1633 1632
f 1512 1513 1633
f 1513 1634 1633
f 1513 1514 1634
f 1514 1635 1634
f 1514 1515 1635
f 1515 1636 1635
f 1515 1516 1636
f 1516 1637 1636
f 1516 1517 1637
f 1517 1638 1637
f 1517 1518 1638
f 1518 1639 1638
f 1518 1519 1639
f 1519 1640 1639
f 1519 1520 1640
f 1520 1641 1640
f 1520 1521 1641
f 1521 1642 1641
f 1521 1522 1642
f 1522 1643 1642
f 1522 1523 1643
f 1523 1644 1643
f 1523 1524 1644
f 1524 1645 1644
f 1524 1525 1645
f 1525 1646 1645
f 1525 1526 1646
f 1526 1647 1646
f 1526 1527 1647
f 1527 1648 1647
f 1527 1528 1648
f 1528 1649 1648
f 1528 1529 1649
f 1529 1650 1649
f 1529 1530 1650
f 1530 1651 1650
f 1530 1531 1651
f 1531 1652 1651
f 1531 1532 1652
f 1532 1653 1652
f 1532 1533 1653
f 1533 1654 1653
f 1533 1534 1654
f 1534 1655 1654
f 1534 1535 1655
f 1535 1656 1655
f 1535 1536 1656
f 1536 1657 1656
f 1536 1537 1657
f 1537 1658 1657
f 1537 1538 1658
f 1538 1659 1658
f 1538 1539 1659
f 1539 1660 1659
f 1539 1540 1660
f 1540 1661 1660
f 1540 1541 1661
f 1541 1662 1661
f 1541 1542 1662
f 1542 1663 1662
f 1542 1543 1663
f 1543 1664 1663
f 1543 1544 1664
f 1544 1665 1664
f 1544 1545 1665
f 1545 1666 1665
f 1545 1546 1666
f 1546 1667 1666
f 1546 1547 1667
f 1547 1668 1667
f 1547 1548 1668
f 1548 1669 1668
f 1548 1549 1669
f 1549 1670 1669
f 1549 1550 1670
f 1550 1671 1670
f 1550 1551 1671
f 1551 1672 1671
f 1551 1552 1672
f 1552 1673 1672
f 1552 1553 1673
f 1553 1674 1673
f 1553 1554 1674
f 1554 1675 1674
f 1554 1555 1675
f 1555 1676 1675
f 1555 1556 1676
f 1556 1677 1676
f 1556 1557 1677
f 1557 1678 1677
f 1557 1558 1678
f 1558 1679 1678
f 1558 1559 1679
f 1559 1680 1679
f 1559 1560 1680
f 1560 1681 1680
f 1560 1561 1681
f 1561 1682 1681
f 1561 1562 1682
f 1562 1683 1682
f 1562 1563 1683
f 1563 1684 1683
f 1563 1564 1684
f 1564 1685 1684
f 1564 1565 1685
f 1565 1686 1685
f 1565 1566 1686
f 1566 1687 1686
f 1566 1567 1687
f 1567 1688 1687
f 1567 1568 1688
f 1568 1689 1688
f 1568 1569 1689
f 1569 1690 1689
f 1569 1570 1690
f 1570 1691 1690
f 1570 1571 1691
f 1571 1692 1691
f 1571 1572 1692
f 1572 1693 1692
f 1572 1573 1693
f 1573 1694 1693
f 1574 1575 1695
f 1575 1696 1695
f 1575 1576 1696
f 1576 1697 1696
f 1576 1577 1697
f 1577 1698 1697
f 1577 1578 1698
f 1578 1699 1698
f 1578 1579 1699
f 1579 1700 1699
f 1579 1580 1700
f 1580 1701 1700
f 1580 1581 1701
f 1581 1702 1701
f 1581 1582 1702
f 1582 1703 1702
f 1582 1583 1703
f 1583 1704 1703
f 1583 1584 1704
f 1584 1705 1704
f 1584 1585 1705
f 1585 1706 1705
f 1585 1586 1706
f 1586 1707 1706
f 1586 1587 1707
f 1587 1708 1707
f 1587 1588 1708
f 1588 1709 1708
f 1588 1589 1709
f 1589 1710 1709
f 1589 1590 1710
f 1590 1711 1710
f 1590 1591 1711
f 1591 1712 1711
f 1591 1592 1712
f 1592 1713 1712
f 1592 1593 1713
f 1593 1714 1713
f 1593 1594 1714
f 1594 1715 1714
f 1594 1595 1715
f 1595 1716 1715
f 1595 1596 1716
f 1596 1717 1716
f 1596 1597 1717
f 1597 1718 1717
f 1597 1598 1718
f 1598 1719 1718
f 1598 1599 1719
f 1599 1720 1719
f 1599 1600 1720
f 1600 1721 1720
f 1600 1601 1721
f 1601 1722 1721
f 1601 1602 1722
f 1602 1723 1722
f 1602 1603 1723
f 1603 1724 1723
f 1603 1604 1724
f 1604 1725 1724
f 1604 1605 1725
f 1605 1726 1725
f 1605 1606 1726
f 1606 1727 1726
f 1606 1607 1727
f 1607 1728 1727
f 1607 1608 1728
f 1608 1729 1728
f 1608 1609 1729
f 1609 1730 1729
f 1609 1610 1730
f 1610 1731 1730
f 1610 1611 1731
f 1611 1732 1731
f 1611 1612 1732
f 1612 1733 1732
f 1612 1613 1733
f 1613 1734 1733
f 1613 1614 1734
f 1614 1735 1734
f 1614 1615 1735
f 1615 1736 1735
f 1615 1616 1736
f 1616 1737 1736
f 1616 1617 1737
f 1617 1738 1737
f 1617 1618 1738
f 1618 1739 1738
f 1618 1619 1739
f 1619 1740 1739
f 1619 1620 1740
f 1620 1741 1740
f 1620 1621 1741
f 1621 1742 1741
f 1621 1622 1742
f 1622 1743 1742
f 1622 1623 1743
f 1623 1744 1743
f 1623 1624 1744
f 1624 1745 1744
f 1624 1625 1745
f 1625 1746 1745
f 1625 1626 1746
f 1626 1747 1746
f 1626 1627 1747
f 1627 1748 1747
f 1627 1628 1748
f 1628 1749 1748
f 1628 1629 1749
f 1629 1750 1749
f 1629 1630 1750
f 1630 1751 1750
f 1630 1631 1751
f 1631 1752 1751
f 1631 1632 1752
f 1632 1753 1752
f 1632 1633 1753
f 1633 1754 1753
f 1633 1634 1754
f 1634 1755 1754
f 1634 1635 1755
f 1635 1756 1755
f 1635 1636 1756
f 1636 1757 1756
f 1636 1637 1757
f 1637 1758 1757
f 1637 1638 1758
f 1638 1759 1758
f 1638 1639 1759
f 1639 1760 1759
f 1639 1640 1760
f 1640 1761 1760
f 1640 1641 1761
f 1641 1762 1761
f 1641 1642 1762
f 1642 1763 1762
f 1642 1643 1763
f 1643 1764 1763
f 1643 1644 1764
f 1644 1765 1764
f 1644 1645 1765
f 1645 1766 1765
f 1645 1646 1766
f 1646 1767 1766
f 1646 1647 1767
f 1647 1768 1767
f 1647 1648 1768
f 1648 1769 1768
f 1648 1649 1769
f 1649 1770 1769
f 1649 1650 1770
f 1650 1771 1770
f 1650 1651 1771
f 1651 1772 1771
f 1651 1652 1772
f 1652 1773 1772
f 1652 1653 1773
f 1653 1774 1773
f 1653 1654 1774
f 1654 1775 1774
f 1654 1655 1775
f 1655 1776 1775
f 1655 1656 1776
f 1656 1777 1776
f 1656 1657 1777
f 1657 1778 1777
f 1657 1658 1778
f 1658 1779 1778
f 1658 1659 1779
f 1659 1780 1779
f 1659 1660 1780
f 1660 1781 1780
f 1660 1661 1781
f 1661 1782 1781
f 1661 1662 1782
f 1662 1783 1782
f 1662 1663 1783
f 1663 1784 1783
f 1663 1664 1784
f 1664 1785 1784
f 1664 1665 1785
f 1665 1786 1785
f 1665 1666 1786
f 1666 1787 1786
f 1666 1667 1787
f 1667 1788 1787
f 1667 1668 1788
f 1668 1789 1788
f 1668 1669 1789
f 1669 1790 1789
f 1669 1670 1790
f 1670 1791 1790
f 1670 1671 1791
f 1671 1792 1791
f 1671 1672 1792
f 1672 1793 1792
f 1672 1673 1793
f 1673 1794 1793
f 1673 1674 1794
f 1674 1795 1794
f 1674 1675 1795
f 1675 1796 1795
f 1675 1676 1796
f 1676 1797 1796
f 1676 1677 1797
f 1677 1798 1797
f 1677 1678 1798
f 1678 1799 1798
f 1678 1679 1799
f 1679 1800 1799
f 1679 1680 1800
f 1680 1801 1800
f 1680 1681 1801
f 1681 1802 1801
f 1681 1682 1802
f 1682 1803 1802
f 1682 1683 1803
f 1683 1804 1803
f 1683 1684 1804
f 1684 1805 1804
f 1684 1685 1805
f 1685 1806 1805
f 1685 1686 1806
f 1686 1807 1806
f 1686 1687 1807
f 1687 1808 1807
f 1687 1688 1808
f 1688 1809 1808
f 1688 1689 1809
f 1689 1810 1809
f 1689 1690 1810
f 1690 1811 1810
f 1690 1691 1811
f 1691 1812 1811
f 1691 1692 1812
f 1692 1813 1812
f 1692 1693 1813
f 1693 1814 1813
f 1693 1694 1814
f 1694 1815 1814
f 1695 1696 1816
f 1696 1817 1816
f 1696 1697 1817
f 1697 1818 1817
f 1697 1698 1818
f 1698 1819 1818
f 1698 1699 1819
f 1699 1820 1819
f 1699 1700 1820
f 1700 1821 1820
f 1700 1701 1821
f 1701 1822 1821
f 1701 1702 1822
f 1702 1823 1822
f 1702 1703 1823
f 1703 1824 1823
f 1703 1704 1824
f 1704 1825 1824
f 1704 1705 1825
f 1705 1826 1825
f 1705 1706 1826
f 1706 1827 1826
f 1706 1707 1827
f 1707 1828 1827
f 1707 1708 1828
f 1708 1829 1828
f 1708 1709 1829
f 1709 1830 1829
f 1709 1710 1830
f 1710 1831 1830
f 1710 1711 1831
f 1711 1832 1831
f 1711 1712 1832
f 1712 1833 1832
f 1712 1713 1833
f 1713 1834 1833
f 1713 1714 1834
f 1714 1835 1834
f 1714 1715 1835
f 1715 1836 1835
f 1715 1716 1836
f 1716 1837 1836
f 1716 1717 1837
f 1717 1838 1837
f 1717 1718 1838
f 1718 1839 1838
f 1718 1719 1839
f 1719 1840 1839
f 1719 1720 1840
f 1720 1841 1840
f 1720 1721 1841
f 1721 1842 1841
f 1721 1722 1842
f 1722 1843 1842
f 1722 1723 1843
f 1723 1844 1843
f 1723 1724 1844
f 1724 1845 1844
f 1724 1725 1845
f 1725 1846 1845
f 1725 1726 1846
f 1726 1847 1846
f 1726 1727 1847
f 1727 1848 1847
f 1727 1728 1848
f 1728 1849 1848
f 1728 1729 1849
f 1729 1850 1849
f 1729 1730 1850
f 1730 1851 1850
f 1730 1731 1851
f 1731 1852 1851
f 1731 1732 1852
f 1732 1853 1852
f 1732 1733 1853
f 1733 1854 1853
f 1733 1734 1854
f 1734 1855 1854
f 1734 1735 1855
f 1735 1856 1855
f 1735 1736 1856
f 1736 1857 1856
f 1736 1737 1857
f 1737 1858 1857
f 1737 1738 1858
f 1738 1859 1858
f 1738 1739 1859
f 1739 1860 1859
f 1739 1740 1860
f 1740 1861 1860
f 1740 1741 1861
f 1741 1862 1861
f 1741 1742 1862
f 1742 1863 1862
f 1742 1743 1863
f 1743 1864 1863
f 1743 1744 1864
f 1744 1865 1864
f 1744 1745 1865
f 1745 1866 1865
f 1745 1746 1866
f 1746 1867 1866
f 1746 1747 1867
f 1747 1868 1867
f 1747 1748 1868
f 1748 1869 1868
f 1748 1749 1869
f 1749 1870 1869
f 1749 1750 1870
f 1750 1871 1870
f 1750 1751 1871
f 1751 1872 1871
f 1751 1752 1872
f 1752 1873 1872
f 1752 1753 1873
f 1753 1874 1873
f 1753 1754 1874
f 1754 1875 1874
f 1754 1755 1875
f 1755 1876 1875
f 1755 1756 1876
f 1756 1877 1876
f 1756 1757 1877
f 1757 1878 1877
f 1757 1758 1878
f 1758 1879 1878
f 1758 1759 1879
f 1759 1880 1879
f 1759 1760 1880
f 1760 1881 1880
f 1760 1761 1881
f 1761 1882 1881
f 1761 1762 1882
f 1762 1883 1882
f 1762 1763 1883
f 1763 1884 1883
f 1763 1764 1884
f 1764 1885 1884
f 1764 1765 1885
f 1765 1886 1885
f 1765 1766 1886
f 1766 1887 1886
f 1766 1767 1887
f 1767 1888 1887
f 1767 1768 1888
f 1768 1889 1888
f 1768 1769 1889
f 1769 1890 1889
f 1769 1770 1890
f 1770 1891 1890
f 1770 1771 1891
f 1771 1892 1891
f 1771 1772 1892
f 1772 1893 1892
f 1772 1773 1893
f 1773 1894 1893
f 1773 1774 1894
f 1774 1895 1894
f 1774 1775 1895
f 1775 1896 1895
f 1775 1776 1896
f 1776 1897 1896
f 1776 1777 1897
f 1777 1898 1897
f 1777 1778 1898
f 1778 1899 1898
f 1778 1779 1899
f 1779 1900 1899
f 1779 1780 1900
f 1780 1901 1900
f 1780 1781 1901
f 1781 1902 1901
f 1781 1782 1902
f 1782 1903 1902
f 1782 1783 1903
f 1783 1904 1903
f 1783 1784 1904
f 1784 1905 1904
f 1784 1785 1905
f 1785 1906 1905
f 1785 1786 1906
f 1786 1907 1906
f 1786 1787 1907
f 1787 1908 1907
f 1787 1788 1908
f 1788 1909 1908
f 1788 1789 1909
f 1789 1910 1909
f 1789 1790 1910
f 1790 1911 1910
f 1790 1791 1911
f 1791 1912 1911
f 1791 1792 1912
f 1792 1913 1912
f 1792 1793 1913
f 1793 1914 1913
f 1793 1794 1914
f 1794 1915 1914
f 1794 1795 1915
f 1795 1916 1915
f 1795 1796 1916
f 1796 1917 1916
f 1796 1797 1917
f 1797 1918 1917
f 1797 1798 1918
f 1798 1919 1918
f 1798 1799 1919
f 1799 1920 1919
f 1799 1800 1920
f 1800 1921 1920
f 1800 1801 1921
f 1801 1922 1921
f 1801 1802 1922
f 1802 1923 1922
f 1802 1803 1923
f 1803 1924 1923
f 1803 1804 1924
f 1804 1925 1924
f 1804 1805 1925
f 1805 1926 1925
f 1805 1806 1926
f 1806 1927 1926
f 1806 1807 1927
f 1807 1928 1927
f 1807 1808 1928
f 1808 1929 1928
f 1808 1809 1929
f 1809 1930 1929
f 1809 1810 1930
f 1810 1931 1930
f 1810 1811 1931
f 1811 1932 1931
f 1811 1812 1932
f 1812 1933 1932
f 1812 1813 1933
f 1813 1934 1933
f 1813 1814 1934
f 1814 1935 1934
f 1814 1815 1935
f 1815 1936 1935
f 1816 1817 1937
f 1817 1938 1937
f 1817 1818 1938
f 1818 1939 1938
f 1818 1819 1939
f 1819 1940 1939
f 1819 1820 1940
f 1820 1941 1940
f 1820 1821 1941
f 1821 1942 1941
f 1821 1822 1942
f 1822 1943 1942
f 1822 1823 1943
f 1823 1944 1943
f 1823 1824 1944
f 1824 1945 1944
f 1824 1825 1945
f 1825 1946 1945
f 1825 1826 1946
f 1826 1947 1946
f 1826 1827 1947
f 1827 1948 1947
f 1827 1828 1948
f 1828 1949 1948
f 1828 1829 1949
f 1829 1950 1949
f 1829 1830 1950
f 1830 1951 1950
f 1830 1831 1951
f 1831 1952 1951
f 1831 1832 1952
f 1832 1953 1952
f 1832 1833 1953
f 1833 1954 1953
f 1833 1834 1954
f 1834 1955 1954
f 1834 1835 1955
f 1835 1956 1955
f 1835 1836 1956
f 1836 1957 1956
f 1836 1837 1957
f 1837 1958 1957
f 1837 1838 1958
f 1838 1959 1958
f 1838 1839 1959
f 1839 1960 1959
f 1839 1840 1960
f 1840 1961 1960
f 1840 1841 1961
f 1841 1962 1961
f 1841 1842 1962
f 1842 1963 1962
f 1842 1843 1963
f 1843 1964 1963
f 1843 1844 1964
f 1844 1965 1964
f 1844 1845 1965
f 1845 1966 1965
f 1845 1846 1966
f 1846 1967 1966
f 1846 1847 1967
f 1847 1968 1967
f 1847 1848 1968
f 1848 1969 1968
f 1848 1849 1969
f 1849 1970 1969
f 1849 1850 1970
f 1850 1971 1970
f 1850 1851 1971
f 1851 1972 1971
f 1851 1852 1972
f 1852 1973 1972
f 1852 1853 1973
f 1853 1974 1973
f 1853 1854 1974
f 1854 1975 1974
f 1854 1855 1975
f 1855 1976 1975
f 1855 1856 1976
f 1856 1977 1976
f 1856 1857 1977
f 1857 1978 1977
f 1857 1858 1978
f 1858 1979 1978
f 1858 1859 1979
f 1859 1980 1979
f 1859 1860 1980
f 1860 1981 1980
f 1860 1861 1981
f 1861 1982 1981
f 1861 1862 1982
f 1862 1983 1982
f 1862 1863 1983
f 1863 1984 1983
f 1863 1864 1984
f 1864 1985 1984
f 1864 1865 1985
f 1865 1986 1985
f 1865 1866 1986
f 1866 1987 1986
f 1866 1867 1987
f 1867 1988 1987
f 1867 1868 1988
f 1868 1989 1988
f 1868 1869 1989
f 1869 1990 1989
f 1869 1870 1990
f 1870 1991 1990
f 1870 1871 1991
f 1871 1992 1991
f 1871 1872 1992
f 1872 1993 1992
f 1872 1873 1993
f 1873 1994 1993
f 1873 1874 1994
f 1874 1995 1994
f 1874 1875 1995
f 1875 1996 1995
f 1875 1876 1996
f 1876 1997 1996
f 1876 1877 1997
f 1877 1998 1997
f 1877 1878 1998
f 1878 1999 1998
f 1878 1879 1999
f 1879 2000 1999
f 1879 1880 2000
f 1880 2001 2000
f 1880 1881 2001
f 1881 2002 2001
f 1881 1882 2002
f 1882 2003 2002
f 1882 1883 2003
f 1883 2004 2003
f 1883 1884 2004
f 1884 2005 2004
f 1884 1885 2005
f 1885 2006 2005
f 1885 1886 2006
f 1886 2007 2006
f 1886 1887 2007
f 1887 2008 2007
f 1887 1888 2008
f 1888 2009 2008
f 1888 1889 2009
f 1889 2010 2009
f 1889 1890 2010
f 1890 2011 2010
f 1890 1891 2011
f 1891 2012 2011
f 1891 1892 2012
f 1892 2013 2012
f 1892 1893 2013
f 1893 2014 2013
f 1893 1894 2014
f 1894 2015 2014
f 1894 1895 2015
f 1895 2016 2015
f 1895 1896 2016
f 1896 2017 2016
f 1896 1897 2017
f 1897 2018 2017
f 1897 1898 2018
f 1898 2019 2018
f 1898 1899 2019
f 1899 2020 2019
f 1899 1900 2020
f 1900 2021 2020
f 1900 1901 2021
f 1901 2022 2021
f 1901 1902 2022
f 1902 2023 2022
f 1902 1903 2023
f 1903 2024 2023
f 1903 1904 2024
f 1904 2025 2024
f 1904 1905 2025
f 1905 2026 2025
f 1905 1906 2026
f 1906 2027 2026
f 1906 1907 2027
f 1907 2028 2027
f 1907 1908 2028
f 1908 2029 2028
f 1908 1909 2029
f 1909 2030 2029
f 1909 1910 2030
f 1910 2031 2030
f 1910 1911 2031
f 1911 2032 2031
f 1911 1912 2032
f 1912 2033 2032
f 1912 1913 2033
f 1913 2034 2033
f 1913 1914 2034
f 1914 2035 2034
f 1914 1915 2035
f 1915 2036 2035
f 1915 1916 2036
f 1916 2037 2036
f 1916 1917 2037
f 1917 2038 2037
f 1917 1918 2038
f 1918 2039 2038
f 1918 1919 2039
f 1919 2040 2039
f 1919 1920 2040
f 1920 2041 2040
f 1920 1921 2041
f 1921 2042 2041
f 1921 1922 2042
f 1922 2043 2042
f 1922 1923 2043
f 1923 2044 2043
f 1923 1924 2044
f 1924 2045 2044
f 1924 1925 2045
f 1925 2046 2045
f 1925 1926 2046
f 1926 2047 2046
f 1926 1927 2047
f 1927 2048 2047
f 1927 1928 2048
f 1928 2049 2048
f 1928 1929 2049
f 1929 2050 2049
f 1929 1930 2050
f 1930 2051 2050
f 1930 1931 2051
f 1931 2052 2051
f 1931 1932 2052
f 1932 2053 2052
f 1932 1933 2053
f 1933 2054 2053
f 1933 1934 2054
f 1934 2055 2054
f 1934 1935 2055
f 1935 2056 2055
f 1935 1936 2056
f 1936 2057 2056
f 1937 1938 2058
f 1938 2059 2058
f 1938 1939 2059
f 1939 2060 2059
f 1939 1940 2060
f 1940 2061 2060
f 1940 1941 2061
f 1941 2062 2061
f 1941 1942 2062
f 1942 2063 2062
f 1942 1943 2063
f 1943 2064 2063
f 1943 1944 2064
f 1944 2065 2064
f 1944 1945 2065
f 1945 2066 2065
f 1945 1946 2066
f 1946 2067 2066
f 1946 1947 2067
f 1947 2068 2067
f 1947 1948 2068
f 1948 2069 2068
f 1948 1949 2069
f 1949 2070 2069
f 1949 1950 2070
f 1950 2071 2070
f 1950 1951 2071
f 1951 2072 2071
f 1951 1952 2072
f 1952 2073 2072
f 1952 1953 2073
f 1953 2074 2073
f 1953 1954 2074
f 1954 2075 2074
f 1954 1955 2075
f 1955 2076 2075
f 1955 1956 2076
f 1956 2077 2076
f 1956 1957 2077
f 1957 2078 2077
f 1957 1958 2078
f 1958 2079 2078
f 1958 1959 2079
f 1959 2080 2079
f 1959 1960 2080
f 1960 2081 2080
f 1960 1961 2081
f 1961 2082 2081
f 1961 1962 2082
f 1962 2083 2082
f 1962 1963 2083
f 1963 2084 2083
f 1963 1964 2084
f 1964 2085 2084
f 1964 1965 2085
f 1965 2086 2085
f 1965 1966 2086
f 1966 2087 2086
f 1966 1967 2087
f 1967 2088 2087
f 1967 1968 2088
f 1968 2089 2088
f 1968 1969 2089
f 1969 2090 2089
f 1969 1970 2090
f 1970 2091 2090
f 1970 1971 2091
f 1971 2092 2091
f 1971 1972 2092
f 1972 2093 2092
f 1972 1973 2093
f 1973 2094 2093
f 1973 1974 2094
f 1974 2095 2094
f 1974 1975 2095
f 1975 2096 2095
f 1975 1976 2096
f 1976 2097 2096
f 1976 1977 2097
f 1977 2098 2097
f 1977 1978 2098
f 1978 2099 2098
f 1978 1979 2099
f 1979 2100 2099
f 1979 1980 2100
f 1980 2101 2100
f 1980 1981 2101
f 1981 2102 2101
f 1981 1982 2102
f 1982 2103 2102
f 1982 1983 2103
f 1983 2104 2103
f 1983 1984 2104
f 1984 2105 2104
f 1984 1985 2105
f 1985 2106 2105
f 1985 1986 2106
f 1986 2107 2106
f 1986 1987 2107
f 1987 2108 2107
f 1987 1988 2108
f 1988 2109 2108
f 1988 1989 2109
f 1989 2110 2109
f 1989 1990 2110
f 1990 2111 2110
f 1990 1991 2111
f 1991 2112 2111
f 1991 1992 2112
f 1992 2113 2112
f 1992 1993 2113
f 1993 2114 2113
f 1993 1994 2114
f 1994 2115 2114
f 1994 1995 2115
f 1995 2116 2115
f 1995 1996 2116
f 1996 2117 2116
f 1996 1997 2117
f 1997 2118 2117
f 1997 1998 2118
f 1998 2119 2118
f 1998 1999 2119
f 1999 2120 2119
f 1999 2000 2120
f 2000 2121 2120
f 2000 2001 2121
f 2001 2122 2121
f 2001 2002 2122
f 2002 2123 2122
f 2002 2003 2123
f 2003 2124 2123
f 2003 2004 2124
f 2004 2125 2124
f 2004 2005 2125
f 2005 2126 2125
f 2005 2006 2126
f 2006 2127 2126
f 2006 2007 2127
f 2007 2128 2127
f 2007 2008 2128
f 2008 2129 2128
f 2008 2009 2129
f 2009 2130 2129
f 2009 2010 2130
f 2010 2131 2130
f 2010 2011 2131
f 2011 2132 2131
f 2011 2012 2132
f 2012 2133 2132
f 2012 2013 2133
f 2013 2134 2133
f 2013 2014 2134
f 2014 2135 2134
f 2014 2015 2135
f 2015 2136 2135
f 2015 2016 2136
f 2016 2137 2136
f 2016 2017 2137
f 2017 2138 2137
f 2017 2018 2138
f 2018 2139 2138
f 2018 2019 2139
f 2019 2140 2139
f 2019 2020 2140
f 2020 2141 2140
f 2020 2021 2141
f 2021 2142 2141
f 2021 2022 2142
f 2022 2143 2142
f 2022 2023 2143
f 2023 2144 2143
f 2023 2024 2144
f 2024 2145 2144
f 2024 2025 2145
f 2025 2146 2145
f 2025 2026 2146
f 2026 2147 2146
f 2026 2027 2147
f 2027 2148 2147
f 2027 2028 2148
f 2028 2149 2148
f 2028 2029 2149
f 2029 2150 2149
f 2029 2030 2150
f 2030 2151 2150
f 2030 2031 2151
f 2031 2152 2151
f 2031 2032 2152
f 2032 2153 2152
f 2032 2033 2153
f 2033 2154 2153
f 2033 2034 2154
f 2034 2155 2154
f 2034 2035 2155
f 2035 2156 2155
f 2035 2036 2156
f 2036 2157 2156
f 2036 2037 2157
f 2037 2158 2157
f 2037 2038 2158
f 2038 2159 2158
f 2038 2039 2159
f 2039 2160 2159
f 2039 2040 2160
f 2040 2161 2160
f 2040 2041 2161
f 2041 2162 2161
f 2041 2042 2162
f 2042 2163 2162
f 2042 2043 2163
f 2043 2164 2163
f 2043 2044 2164
f 2044 2165 2164
f 2044 2045 2165
f 2045 2166 2165
f 2045 2046 2166
f 2046 2167 2166
f 2046 2047 2167
f 2047 2168 2167
f 2047 2048 2168
f 2048 2169 2168
f 2048 2049 2169
f 2049 2170 2169
f 2049 2050 2170
f 2050 2171 2170
f 2050 2051 2171
f 2051 2172 2171
f 2051 2052 2172
f 2052 2173 2172
f 2052 2053 2173
f 2053 2174 2173
f 2053 2054 2174
f 2054 2175 2174
f 2054 2055 2175
f 2055 2176 2175
f 2055 2056 2176
f 2056 2177 2176
f 2056 2057 2177
f 2057 2178 2177
f 2058 2059 2179
f 2059 2180 2179
f 2059 2060 2180
f 2060 2181 2180
f 2060 2061 2181
f 2061 2182 2181
f 2061 2062 2182
f 2062 2183 2182
f 2062 2063 2183
f 2063 2184 2183
f 2063 2064 2184
f 2064 2185 2184
f 2064 2065 2185
f 2065 2186 2185
f 2065 2066 2186
f 2066 2187 2186
f 2066 2067 2187
f 2067 2188 2187
f 2067 2068 2188
f 2068 2189 2188
f 2068 2069 2189
f 2069 2190 2189
f 2069 2070 2190
f 2070 2191 2190
f 2070 2071 2191
f 2071 2192 2191
f 2071 2072 2192
f 2072 2193 2192
f 2072 2073 2193
f 2073 2194 2193
f 2073 2074 2194
f 2074 2195 2194
f 2074 2075 2195
f 2075 2196 2195
f 2075 2076 2196
f 2076 2197 2196
f 2076 2077 2197
f 2077 2198 2197
f 2077 2078 2198
f 2078 2199 2198
f 2078 2079 2199
f 2079 2200 2199
f 2079 2080 2200
f 2080 2201 2200
f 2080 2081 2201
f 2081 2202 2201
f 2081 2082 2202
f 2082 2203 2202
f 2082 2083 2203
f 2083 2204 2203
f 2083 2084 2204
f 2084 2205 2204
f 2084 2085 2205
f 2085 2206 2205
f 2085 2086 2206
f 2086 2207 2206
f 2086 2087 2207
f 2087 2208 2207
f 2087 2088 2208
f 2088 2209 2208
f 2088 2089 2209
f 2089 2210 2209
f 2089 2090 2210
f 2090 2211 2210
f 2090 2091 2211
f 2091 2212 2211
f 2091 2092 2212
f 2092 2213 2212
f 2092 2093 2213
f 2093 2214 2213
f 2093 2094 2214
f 2094 2215 2214
f 2094 2095 2215
f 2095 2216 2215
f 2095 2096 2216
f 2096 2217 2216
f 2096 2097 2217
f 2097 2218 2217
f 2097 2098 2218
f 2098 2219 2218
f 2098 2099 2219
f 2099 2220 2219
f 2099 2100 2220
f 2100 2221 2220
f 2100 2101 2221
f 2101 2222 2221
f 2101 2102 2222
f 2102 2223 2222
f 2102 2103 2223
f 2103 2224 2223
f 2103 2104 2224
f 2104 2225 2224
f 2104 2105 2225
f 2105 2226 2225
f 2105 2106 2226
f 2106 2227 2226
f 2106 2107 2227
f 2107 2228 2227
f 2107 2108 2228
f 2108 2229 2228
f 2108 2109 2229
f 2109 2230 2229
f 2109 2110 2230
f 2110 2231 2230
f 2110 2111 2231
f 2111 2232 2231
f 2111 2112 2232
f 2112 2233 2232
f 2112 2113 2233
f 2113 2234 2233
f 2113 2114 2234
f 2114 2235 2234
f 2114 2115 2235
f 2115 2236 2235
f 2115 2116 2236
f 2116 2237 2236
f 2116 2117 2237
f 2117 2238 2237
f 2117 2118 2238
f 2118 2239 2238
f 2118 2119 2239
f 2119 2240 2239
f 2119 2120 2240
f 2120 2241 2240
f 2120 2121 2241
f 2121 2242 2241
f 2121 2122 2242
f 2122 2243 2242
f 2122 2123 2243
f 2123 2244 2243
f 2123 2124 2244
f 2124 2245 2244
f 2124 2125 2245
f 2125 2246 2245
f 2125 2126 2246
f 2126 2247 2246
f 2126 2127 2247
f 2127 2248 2247
f 2127 2128 2248
f 2128 2249 2248
f 2128 2129 2249
f 2129 2250 2249
f 2129 2130 2250
f 2130 2251 2250
f 2130 2131 2251
f 2131 2252 2251
f 2131 2132 2252
f 2132 2253 2252
f 2132 2133 2253
f 2133 2254 2253
f 2133 2134 2254
f 2134 2255 2254
f 2134 2135 2255
f 2135 2256 2255
f 2135 2136 2256
f 2136 2257 2256
f 2136 2137 2257
f 2137 2258 2257
f 2137 2138 2258
f 2138 2259 2258
f 2138 2139 2259
f 2139 2260 2259
f 2139 2140 2260
f 2140 2261 2260
f 2140 2141 2261
f 2141 2262 2261
f 2141 2142 2262
f 2142 2263 2262
f 2142 2143 2263
f 2143 2264 2263
f 2143 2144 2264
f 2144 2265 2264
f 2144 2145 2265
f 2145 2266 2265
f 2145 2146 2266
f 2146 2267 2266
f 2146 2147 2267
f 2147 2268 2267
f 2147 2148 2268
f 2148 2269 2268
f 2148 2149 2269
f 2149 2270 2269
f 2149 2150 2270
f 2150 2271 2270
f 2150 2151 2271
f 2151 2272 2271
f 2151 2152 2272
f 2152 2273 2272
f 2152 2153 2273
f 2153 2274 2273
f 2153 2154 2274
f 2154 2275 2274
f 2154 2155 2275
f 2155 2276 2275
f 2155 2156 2276
f 2156 2277 2276
f 2156 2157 2277
f 2157 2278 2277
f 2157 2158 2278
f 2158 2279 2278
f 2158 2159 2279
f 2159 2280 2279
f 2159 2160 2280
f 2160 2281 2280
f 2160 2161 2281
f 2161 2282 2281
f 2161 2162 2282
f 2162 2283 2282
f 2162 2163 2283
f 2163 2284 2283
f 2163 2164 2284
f 2164 2285 2284
f 2164 2165 2285
f 2165 2286 2285
f 2165 2166 2286
f 2166 2287 2286
f 2166 2167 2287
f 2167 2288 2287
f 2167 2168 2288
f 2168 2289 2288
f 2168 2169 2289
f 2169 2290 2289
f 2169 2170 2290
f 2170 2291 2290
f 2170 2171 2291
f 2171 2292 2291
f 2171 2172 2292
f 2172 2293 2292
f 2172 2173 2293
f 2173 2294 2293
f 2173 2174 2294
f 2174 2295 2294
f 2174 2175 2295
f 2175 2296 2295
f 2175 2176 2296
f 2176 2297 2296
f 2176 2177 2297
f 2177 2298 2297
f 2177 2178 2298
f 2178 2299 2298
f 2179 2180 2300
f 2180 2301 2300
f 2180 2181 2301
f 2181 2302 2301
f 2181 2182 2302
f 2182 2303 2302
f 2182 2183 2303
f 2183 2304 2303
f 2183 2184 2304
f 2184 2305 2304
f 2184 2185 2305
f 2185 2306 2305
f 2185 2186 2306
f 2186 2307 2306
f 2186 2187 2307
f 2187 2308 2307
f 2187 2188 2308
f 2188 2309 2308
f 2188 2189 2309
f 2189 2310 2309
f 2189 2190 2310
f 2190 2311 2310
f 2190 2191 2311
f 2191 2312 2311
f 2191 2192 2312
f 2192 2313 2312
f 2192 2193 2313
f 2193 2314 2313
f 2193 2194 2314
f 2194 2315 2314
f 2194 2195 2315
f 2195 2316 2315
f 2195 2196 2316
f 2196 2317 2316
f 2196 2197 2317
f 2197 2318 2317
f 2197 2198 2318
f 2198 2319 2318
f 2198 2199 2319
f 2199 2320 2319
f 2199 2200 2320
f 2200 2321 2320
f 2200 2201 2321
f 2201 2322 2321
f 2201 2202 2322
f 2202 2323 2322
f 2202 2203 2323
f 2203 2324 2323
f 2203 2204 2324
f 2204 2325 2324
f 2204 2205 2325
f 2205 2326 2325
f 2205 2206 2326
f 2206 2327 2326
f 2206 2207 2327
f 2207 2328 2327
f 2207 2208 2328
f 2208 2329 2328
f 2208 2209 2329
f 2209 2330 2329
f 2209 2210 2330
f 2210 2331 2330
f 2210 2211 2331
f 2211 2332 2331
f 2211 2212 2332
f 2212 2333 2332
f 2212 2213 2333
f 2213 2334 2333
f 2213 2214 2334
f 2214 2335 2334
f 2214 2215 2335
f 2215 2336 2335
f 2215 2216 2336
f 2216 2337 2336
f 2216 2217 2337
f 2217 2338 2337
f 2217 2218 2338
f 2218 2339 2338
f 2218 2219 2339
f 2219 2340 2339
f 2219 2220 2340
f 2220 2341 2340
f 2220 2221 2341
f 2221 2342 2341
f 2221 2222 2342
f 2222 2343 2342
f 2222 2223 2343
f 2223 2344 2343
f 2223 2224 2344
f 2224 2345 2344
f 2224 2225 2345
f 2225 2346 2345
f 2225 2226 2346
f 2226 2347 2346
f 2226 2227 2347
f 2227 2348 2347
f 2227 2228 2348
f 2228 2349 2348
f 2228 2229 2349
f 2229 2350 2349
f 2229 2230 2350
f 2230 2351 2350
f 2230 2231 2351
f 2231 2352 2351
f 2231 2232 2352
f 2232 2353 2352
f 2232 2233 2353
f 2233 2354 2353
f 2233 2234 2354
f 2234 2355 2354
f 2234 2235 2355
f 2235 2356 2355
f 2235 2236 2356
f 2236 2357 2356
f 2236 2237 2357
f 2237 2358 2357
f 2237 2238 2358
f 2238 2359 2358
f 2238 2239 2359
f 2239 2360 2359
f 2239 2240 2360
f 2240 2361 2360
f 2240 2241 2361
f 2241 2362 2361
f 2241 2242 2362
f 2242 2363 2362
f 2242 2243 2363
f 2243 2364 2363
f 2243 2244 2364
f 2244 2365 2364
f 2244 2245 2365
f 2245 2366 2365
f 2245 2246 2366
f 2246 2367 2366
f 2246 2247 2367
f 2247 2368 2367
f 2247 2248 2368
f 2248 2369 2368
f 2248 2249 2369
f 2249 2370 2369
f 2249 2250 2370
f 2250 2371 2370
f 2250 2251 2371
f 2251 2372 2371
f 2251 2252 2372
f 2252 2373 2372
f 2252 2253 2373
f 2253 2374 2373
f 2253 2254 2374
f 2254 2375 2374
f 2254 2255 2375
f 2255 2376 2375
f 2255 2256 2376
f 2256 2377 2376
f 2256 2257 2377
f 2257 2378 2377
f 2257 2258 2378
f 2258 2379 2378
f 2258 2259 2379
f 2259 2380 2379
f 2259 2260 2380
f 2260 2381 2380
f 2260 2261 2381
f 2261 2382 2381
f 2261 2262 2382
f 2262 2383 2382
f 2262 2263 2383
f 2263 2384 2383
f 2263 2264 2384
f 2264 2385 2384
f 2264 2265 2385
f 2265 2386 2385
f 2265 2266 2386
f 2266 2387 2386
f 2266 2267 2387
f 2267 2388 2387
f 2267 2268 2388
f 2268 2389 2388
f 2268 2269 2389
f 2269 2390 2389
f 2269 2270 2390
f 2270 2391 2390
f 2270 2271 2391
f 2271 2392 2391
f 2271 2272 2392
f 2272 2393 2392
f 2272 2273 2393
f 2273 2394 2393
f 2273 2274 2394
f 2274 2395 2394
f 2274 2275 2395
f 2275 2396 2395
f 2275 2276 2396
f 2276 2397 2396
f 2276 2277 2397
f 2277 2398 2397
f 2277 2278 2398
f 2278 2399 2398
f 2278 2279 2399
f 2279 2400 2399
f 2279 2280 2400
f 2280 2401 2400
f 2280 2281 2401
f 2281 2402 2401
f 2281 2282 2402
f 2282 2403 2402
f 2282 2283 2403
f 2283 2404 2403
f 2283 2284 2404
f 2284 2405 2404
f 2284 2285 2405
f 2285 2406 2405
f 2285 2286 2406
f 2286 2407 2406
f 2286 2287 2407
f 2287 2408 2407
f 2287 2288 2408
f 2288 2409 2408
f 2288 2289 2409
f 2289 2410 2409
f 2289 2290 2410
f 2290 2411 2410
f 2290 2291 2411
f 2291 2412 2411
f 2291 2292 2412
f 2292 2413 2412
f 2292 2293 2413
f 2293 2414 2413
f 2293 2294 2414
f 2294 2415 2414
f 2294 2295 2415
f 2295 2416 2415
f 2295 2296 2416
f 2296 2417 2416
f 2296 2297 2417
f 2297 2418 2417
f 2297 2298 2418
f 2298 2419 2418
f 2298 2299 2419
f 2299 2420 2419
f 2300 2301 2421
f 2301 2422 2421
f 2301 2302 2422
f 2302 2423 2422
f 2302 2303 2423
f 2303 2424 2423
f 2303 2304 2424
f 2304 2425 2424
f 2304 2305 2425
f 2305 2426 2425
f 2305 2306 2426
f 2306 2427 2426
f 2306 2307 2427
f 2307 2428 2427
f 2307 2308 2428
f 2308 2429 2428
f 2308 2309 2429
f 2309 2430 2429
f 2309 2310 2430
f 2310 2431 2430
f 2310 2311 2431
f 2311 2432 2431
f 2311 2312 2432
f 2312 2433 2432
f 2312 2313 2433
f 2313 2434 2433
f 2313 2314 2434
f 2314 2435 2434
f 2314 2315 2435
f 2315 2436 2435
f 2315 2316 2436
f 2316 2437 2436
f 2316 2317 2437
f 2317 2438 2437
f 2317 2318 2438
f 2318 2439 2438
f 2318 2319 2439
f 2319 2440 2439
f 2319 2320 2440
f 2320 2441 2440
f 2320 2321 2441
f 2321 2442 2441
f 2321 2322 2442
f 2322 2443 2442
f 2322 2323 2443
f 2323 2444 2443
f 2323 2324 2444
f 2324 2445 2444
f 2324 2325 2445
f 2325 2446 2445
f 2325 2326 2446
f 2326 2447 2446
f 2326 2327 2447
f 2327 2448 2447
f 2327 2328 2448
f 2328 2449 2448
f 2328 2329 2449
f 2329 2450 2449
f 2329 2330 2450
f 2330 2451 2450
f 2330 2331 2451
f 2331 2452 2451
f 2331 2332 2452
f 2332 2453 2452
f 2332 2333 2453
f 2333 2454 2453
f 2333 2334 2454
f 2334 2455 2454
f 2334 2335 2455
f 2335 2456 2455
f 2335 2336 2456
f 2336 2457 2456
f 2336 2337 2457
f 2337 2458 2457
f 2337 2338 2458
f 2338 2459 2458
f 2338 2339 2459
f 2339 2460 2459
f 2339 2340 2460
f 2340 2461 2460
f 2340 2341 2461
f 2341 2462 2461
f 2341 2342 2462
f 2342 2463 2462
f 2342 2343 2463
f 2343 2464 2463
f 2343 2344 2464
f 2344 2465 2464
f 2344 2345 2465
f 2345 2466 2465
f 2345 2346 2466
f 2346 2467 2466
f 2346 2347 2467
f 2347 2468 2467
f 2347 2348 2468
f 2348 2469 2468
f 2348 2349 2469
f 2349 2470 2469
f 2349 2350 2470
f 2350 2471 2470
f 2350 2351 2471
f 2351 2472 2471
f 2351 2352 2472
f 2352 2473 2472
f 2352 2353 2473
f 2353 2474 2473
f 2353 2354 2474
f 2354 2475 2474
f 2354 2355 2475
f 2355 2476 2475
f 2355 2356 2476
f 2356 2477 2476
f 2356 2357 2477
f 2357 2478 2477
f 2357 2358 2478
f 2358 2479 2478
f 2358 2359 2479
f 2359 2480 2479
f 2359 2360 2480
f 2360 2481 2480
f 2360 2361 2481
f 2361 2482 2481
f 2361 2362 2482
f 2362 2483 2482
f 2362 2363 2483
f 2363 2484 2483
f 2363 2364 2484
f 2364 2485 2484
f 2364 2365 2485
f 2365 2486 2485
f 2365 2366 2486
f 2366 2487 2486
f 2366 2367 2487
f 2367 2488 2487
f 2367 2368 2488
f 2368 2489 2488
f 2368 2369 2489
f 2369 2490 2489
f 2369 2370 2490
f 2370 2491 2490
f 2370 2371 2491
f 2371 2492 2491
f 2371 2372 2492
f 2372 2493 2492
f 2372 2373 2493
f 2373 2494 2493
f 2373 2374 2494
f 2374 2495 2494
f 2374 2375 2495
f 2375 2496 2495
f 2375 2376 2496
f 2376 2497 2496
f 2376 2377 2497
f 2377 2498 2497
f 2377 2378 2498
f 2378 2499 2498
f 2378 2379 2499
f 2379 2500 2499
f 2379 2380 2500
f 2380 2501 2500
f 2380 2381 2501
f 2381 2502 2501
f 2381 2382 2502
f 2382 2503 2502
f 2382 2383 2503
f 2383 2504 2503
f 2383 2384 2504
f 2384 2505 2504
f 2384 2385 2505
f 2385 2506 2505
f 2385 2386 2506
f 2386 2507 2506
f 2386 2387 2507
f 2387 2508 2507
f 2387 2388 2508
f 2388 2509 2508
f 2388 2389 2509
f 2389 2510 2509
f 2389 2390 2510
f 2390 2511 2510
f 2390 2391 2511
f 2391 2512 2511
f 2391 2392 2512
f 2392 2513 2512
f 2392 2393 2513
f 2393 2514 2513
f 2393 2394 2514
f 2394 2515 2514
f 2394 2395 2515
f 2395 2516 2515
f 2395 2396 2516
f 2396 2517 2516
f 2396 2397 2517
f 2397 2518 2517
f 2397 2398 2518
f 2398 2519 2518
f 2398 2399 2519
f 2399 2520 2519
f 2399 2400 2520
f 2400 2521 2520
f 2400 2401 2521
f 2401 2522 2521
f 2401 2402 2522
f 2402 2523 2522
f 2402 2403 2523
f 2403 2524 2523
f 2403 2404 2524
f 2404 2525 2524
f 2404 2405 2525
f 2405 2526 2525
f 2405 2406 2526
f 2406 2527 2526
f 2406 2407 2527
f 2407 2528 2527
f 2407 2408 2528
f 2408 2529 2528
f 2408 2409 2529
f 2409 2530 2529
f 2409 2410 2530
f 2410 2531 2530
f 2410 2411 2531
f 2411 2532 2531
f 2411 2412 2532
f 2412 2533 2532
f 2412 2413 2533
f 2413 2534 2533
f 2413 2414 2534
f 2414 2535 2534
f 2414 2415 2535
f 2415 2536 2535
f 2415 2416 2536
f 2416 2537 2536
f 2416 2417 2537
f 2417 2538 2537
f 2417 2418 2538
f 2418 2539 2538
f 2418 2419 2539
f 2419 2540 2539
f 2419 2420 2540
f 2420 2541 2540
f 2421 2422 2542
f 2422 2543 2542
f 2422 2423 2543
f 2423 2544 2543
f 2423 2424 2544
f 2424 2545 2544
f 2424 2425 2545
f 2425 2546 2545
f 2425 2426 2546
f 2426 2547 2546
f 2426 2427 2547
f 2427 2548 2547
f 2427 2428 2548
f 2428 2549 2548
f 2428 2429 2549
f 2429 2550 2549
f 2429 2430 2550
f 2430 2551 2550
f 2430 2431 2551
f 2431 2552 2551
f 2431 2432 2552
f 2432 2553 2552
f 2432 2433 2553
f 2433 2554 2553
f 2433 2434 2554
f 2434 2555 2554
f 2434 2435 2555
f 2435 2556 2555
f 2435 2436 2556
f 2436 2557 2556
f 2436 2437 2557
f 2437 2558 2557
f 2437 2438 2558
f 2438 2559 2558
f 2438 2439 2559
f 2439 2560 2559
f 2439 2440 2560
f 2440 2561 2560
f 2440 2441 2561
f 2441 2562 2561
f 2441 2442 2562
f 2442 2563 2562
f 2442 2443 2563
f 2443 2564 2563
f 2443 2444 2564
f 2444 2565 2564
f 2444 2445 2565
f 2445 2566 2565
f 2445 2446 2566
f 2446 2567 2566
f 2446 2447 2567
f 2447 2568 2567
f 2447 2448 2568
f 2448 2569 2568
f 2448 2449 2569
f 2449 2570 2569
f 2449 2450 2570
f 2450 2571 2570
f 2450 2451 2571
f 2451 2572 2571
f 2451 2452 2572
f 2452 2573 2572
f 2452 2453 2573
f 2453 2574 2573
f 2453 2454 2574
f 2454 2575 2574
f 2454 2455 2575
f 2455 2576 2575
f 2455 2456 2576
f 2456 2577 2576
f 2456 2457 2577
f 2457 2578 2577
f 2457 2458 2578
f 2458 2579 2578
f 2458 2459 2579
f 2459 2580 2579
f 2459 2460 2580
f 2460 2581 2580
f 2460 2461 2581
f 2461 2582 2581
f 2461 2462 2582
f 2462 2583 2582
f 2462 2463 2583
f 2463 2584 2583
f 2463 2464 2584
f 2464 2585 2584
f 2464 2465 2585
f 2465 2586 2585
f 2465 2466 2586
f 2466 2587 2586
f 2466 2467 2587
f 2467 2588 2587
f 2467 2468 2588
f 2468 2589 2588
f 2468 2469 2589
f 2469 2590 2589
f 2469 2470 2590
f 2470 2591 2590
f 2470 2471 2591
f 2471 2592 2591
f 2471 2472 2592
f 2472 2593 2592
f 2472 2473 2593
f 2473 2594 2593
f 2473 2474 2594
f 2474 2595 2594
f 2474 2475 2595
f 2475 2596 2595
f 2475 2476 2596
f 2476 2597 2596
f 2476 2477 2597
f 2477 2598 2597
f 2477 2478 2598
f 2478 2599 2598
f 2478 2479 2599
f 2479 2600 2599
f 2479 2480 2600
f 2480 2601 2600
f 2480 2481 2601
f 2481 2602 2601
f 2481 2482 2602
f 2482 2603 2602
f 2482 2483 2603
f 2483 2604 2603
f 2483 2484 2604
f 2484 2605 2604
f 2484 2485 2605
f 2485 2606 2605
f 2485 2486 2606
f 2486 2607 2606
f 2486 2487 2607
f 2487 2608 2607
f 2487 2488 2608
f 2488 2609 2608
f 2488 2489 2609
f 2489 2610 2609
f 2489 2490 2610
f 2490 2611 2610
f 2490 2491 2611
f 2491 2612 2611
f 2491 2492 2612
f 2492 2613 2612
f 2492 2493 2613
f 2493 2614 2613
f 2493 2494 2614
f 2494 2615 2614
f 2494 2495 2615
f 2495 2616 2615
f 2495 2496 2616
f 2496 2617 2616
f 2496 2497 2617
f 2497 2618 2617
f 2497 2498 2618
f 2498 2619 2618
f 2498 2499 2619
f 2499 2620 2619
f 2499 2500 2620
f 2500 2621 2620
f 2500 2501 2621
f 2501 2622 2621
f 2501 2502 2622
f 2502 2623 2622
f 2502 2503 2623
f 2503 2624 2623
f 2503 2504 2624
f 2504 2625 2624
f 2504 2505 2625
f 2505 2626 2625
f 2505 2506 2626
f 2506 2627 2626
f 2506 2507 2627
f 2507 2628 2627
f 2507 2508 2628
f 2508 2629 2628
f 2508 2509 2629
f 2509 2630 2629
f 2509 2510 2630
f 2510 2631 2630
f 2510 2511 2631
f 2511 2632 2631
f 2511 2512 2632
f 2512 2633 2632
f 2512 2513 2633
f 2513 2634 2633
f 2513 2514 2634
f 2514 2635 2634
f 2514 2515 2635
f 2515 2636 2635
f 2515 2516 2636
f 2516 2637 2636
f 2516 2517 2637
f 2517 2638 2637
f 2517 2518 2638
f 2518 2639 2638
f 2518 2519 2639
f 2519 2640 2639
f 2519 2520 2640
f 2520 2641 2640
f 2520 2521 2641
f 2521 2642 2641
f 2521 2522 2642
f 2522 2643 2642
f 2522 2523 2643
f 2523 2644 2643
f 2523 2524 2644
f 2524 2645 2644
f 2524 2525 2645
f 2525 2646 2645
f 2525 2526 2646
f 2526 2647 2646
f 2526 2527 2647
f 2527 2648 2647
f 2527 2528 2648
f 2528 2649 2648
f 2528 2529 2649
f 2529 2650 2649
f 2529 2530 2650
f 2530 2651 2650
f 2530 2531 2651
f 2531 2652 2651
f 2531 2532 2652
f 2532 2653 2652
f 2532 2533 2653
f 2533 2654 2653
f 2533 2534 2654
f 2534 2655 2654
f 2534 2535 2655
f 2535 2656 2655
f 2535 2536 2656
f 2536 2657 2656
f 2536 2537 2657
f 2537 2658 2657
f 2537 2538 2658
f 2538 2659 2658
f 2538 2539 2659
f 2539 2660 2659
f 2539 2540 2660
f 2540 2661 2660
f 2540 2541 2661
f 2541 2662 2661
f 2542 2543 2663
f 2543 2664 2663
f 2543 2544 2664
f 2544 2665 2664
f 2544 2545 2665
f 2545 2666 2665
f 2545 2546 2666
f 2546 2667 2666
f 2546 2547 2667
f 2547 2668 2667
f 2547 2548 2668
f 2548 2669 2668
f 2548 2549 2669
f 2549 2670 2669
f 2549 2550 2670
f 2550 2671 2670
f 2550 2551 2671
f 2551 2672 2671
f 2551 2552 2672
f 2552 2673 2672
f 2552 2553 2673
f 2553 2674 2673
f 2553 2554 2674
f 2554 2675 2674
f 2554 2555 2675
f 2555 2676 2675
f 2555 2556 2676
f 2556 2677 2676
f 2556 2557 2677
f 2557 2678 2677
f 2557 2558 2678
f 2558 2679 2678
f 2558 2559 2679
f 2559 2680 2679
f 2559 2560 2680
f 2560 2681 2680
f 2560 2561 2681
f 2561 2682 2681
f 2561 2562 2682
f 2562 2683 2682
f 2562 2563 2683
f 2563 2684 2683
f 2563 2564 2684
f 2564 2685 2684
f 2564 2565 2685
f 2565 2686 2685
f 2565 2566 2686
f 2566 2687 2686
f 2566 2567 2687
f 2567 2688 2687
f 2567 2568 2688
f 2568 2689 2688
f 2568 2569 2689
f 2569 2690 2689
f 2569 2570 2690
f 2570 2691 2690
f 2570 2571 2691
f 2571 2692 2691
f 2571 2572 2692
f 2572 2693 2692
f 2572 2573 2693
f 2573 2694 2693
f 2573 2574 2694
f 2574 2695 2694
f 2574 2575 2695
f 2575 2696 2695
f 2575 2576 2696
f 2576 2697 2696
f 2576 2577 2697
f 2577 2698 2697
f 2577 2578 2698
f 2578 2699 2698
f 2578 2579 2699
f 2579 2700 2699
f 2579 2580 2700
f 2580 2701 2700
f 2580 2581 2701
f 2581 2702 2701
f 2581 2582 2702
f 2582 2703 2702
f 2582 2583 2703
f 2583 2704 2703
f 2583 2584 2704
f 2584 2705 2704
f 2584 2585 2705
f 2585 2706 2705
f 2585 2586 2706
f 2586 2707 2706
f 2586 2587 2707
f 2587 2708 2707
f 2587 2588 2708
f 2588 2709 2708
f 2588 2589 2709
f 2589 2710 2709
f 2589 2590 2710
f 2590 2711 2710
f 2590 2591 2711
f 2591 2712 2711
f 2591 2592 2712
f 2592 2713 2712
f 2592 2593 2713
f 2593 2714 2713
f 2593 2594 2714
f 2594 2715 2714
f 2594 2595 2715
f 2595 2716 2715
f 2595 2596 2716
f 2596 2717 2716
f 2596 2597 2717
f 2597 2718 2717
f 2597 2598 2718
f 2598 2719 2718
f 2598 2599 2719
f 2599 2720 2719
f 2599 2600 2720
f 2600 2721 2720
f 2600 2601 2721
f 2601 2722 2721
f 2601 2602 2722
f 2602 2723 2722
f 2602 2603 2723
f 2603 2724 2723
f 2603 2604 2724
f 2604 2725 2724
f 2604 2605 2725
f 2605 2726 2725
f 2605 2606 2726
f 2606 2727 2726
f 2606 2607 2727
f 2607 2728 2727
f 2607 2608 2728
f 2608 2729 2728
f 2608 2609 2729
f 2609 2730 2729
f 2609 2610 2730
f 2610 2731 2730
f 2610 2611 2731
f 2611 2732 2731
f 2611 2612 2732
f 2612 2733 2732
f 2612 2613 2733
f 2613 2734 2733
f 2613 2614 2734
f 2614 2735 2734
f 2614 2615 2735
f 2615 2736 2735
f 2615 2616 2736
f 2616 2737 2736
f 2616 2617 2737
f 2617 2738 2737
f 2617 2618 2738
f 2618 2739 2738
f 2618 2619 2739
f 2619 2740 2739
f 2619 2620 2740
f 2620 2741 2740
f 2620 2621 2741
f 2621 2742 2741
f 2621 2622 2742
f 2622 2743 2742
f 2622 2623 2743
f 2623 2744 2743
f 2623 2624 2744
f 2624 2745 2744
f 2624 2625 2745
f 2625 2746 2745
f 2625 2626 2746
f 2626 2747 2746
f 2626 2627 2747
f 2627 2748 2747
f 2627 2628 2748
f 2628 2749 2748
f 2628 2629 2749
f 2629 2750 2749
f 2629 2630 2750
f 2630 2751 2750
f 2630 2631 2751
f 2631 2752 2751
f 2631 2632 2752
f 2632 2753 2752
f 2632 2633 2753
f 2633 2754 2753
f 2633 2634 2754
f 2634 2755 2754
f 2634 2635 2755
f 2635 2756 2755
f 2635 2636 2756
f 2636 2757 2756
f 2636 2637 2757
f 2637 2758 2757
f 2637 2638 2758
f 2638 2759 2758
f 2638 2639 2759
f 2639 2760 2759
f 2639 2640 2760
f 2640 2761 2760
f 2640 2641 2761
f 2641 2762 2761
f 2641 2642 2762
f 2642 2763 2762
f 2642 2643 2763
f 2643 2764 2763
f 2643 2644 2764
f 2644 2765 2764
f 2644 2645 2765
f 2645 2766 2765
f 2645 2646 2766
f 2646 2767 2766
f 2646 2647 2767
f 2647 2768 2767
f 2647 2648 2768
f 2648 2769 2768
f 2648 2649 2769
f 2649 2770 2769
f 2649 2650 2770
f 2650 2771 2770
f 2650 2651 2771
f 2651 2772 2771
f 2651 2652 2772
f 2652 2773 2772
f 2652 2653 2773
f 2653 2774 2773
f 2653 2654 2774
f 2654 2775 2774
f 2654 2655 2775
f 2655 2776 2775
f 2655 2656 2776
f 2656 2777 2776
f 2656 2657 2777
f 2657 2778 2777
f 2657 2658 2778
f 2658 2779 2778
f 2658 2659 2779
f 2659 2780 2779
f 2659 2660 2780
f 2660 2781 2780
f 2660 2661 2781
f 2661 2782 2781
f 2661 2662 2782
f 2662 2783 2782
f 2663 2664 2784
f 2664 2785 2784
f 2664 2665 2785
f 2665 2786 2785
f 2665 2666 2786
f 2666 2787 2786
f 2666 2667 2787
f 2667 2788 2787
f 2667 2668 2788
f 2668 2789 2788
f 2668 2669 2789
f 2669 2790 2789
f 2669 2670 2790
f 2670 2791 2790
f 2670 2671 2791
f 2671 2792 2791
f 2671 2672 2792
f 2672 2793 2792
f 2672 2673 2793
f 2673 2794 2793
f 2673 2674 2794
f 2674 2795 2794
f 2674 2675 2795
f 2675 2796 2795
f 2675 2676 2796
f 2676 2797 2796
f 2676 2677 2797
f 2677 2798 2797
f 2677 2678 2798
f 2678 2799 2798
f 2678 2679 2799
f 2679 2800 2799
f 2679 2680 2800
f 2680 2801 2800
f 2680 2681 2801
f 2681 2802 2801
f 2681 2682 2802
f 2682 2803 2802
f 2682 2683 2803
f 2683 2804 2803
f 2683 2684 2804
f 2684 2805 2804
f 2684 2685 2805
f 2685 2806 2805
f 2685 2686 2806
f 2686 2807 2806
f 2686 2687 2807
f 2687 2808 2807
f 2687 2688 2808
f 2688 2809 2808
f 2688 2689 2809
f 2689 2810 2809
f 2689 2690 2810
f 2690 2811 2810
f 2690 2691 2811
f 2691 2812 2811
f 2691 2692 2812
f 2692 2813 2812
f 2692 2693 2813
f 2693 2814 2813
f 2693 2694 2814
f 2694 2815 2814
f 2694 2695 2815
f 2695 2816 2815
f 2695 2696 2816
f 2696 2817 2816
f 2696 2697 2817
f 2697 2818 2817
f 2697 2698 2818
f 2698 2819 2818
f 2698 2699 2819
f 2699 2820 2819
f 2699 2700 2820
f 2700 2821 2820
f 2700 2701 2821
f 2701 2822 2821
f 2701 2702 2822
f 2702 2823 2822
f 2702 2703 2823
f 2703 2824 2823
f 2703 2704 2824
f 2704 2825 2824
f 2704 2705 2825
f 2705 2826 2825
f 2705 2706 2826
f 2706 2827 2826
f 2706 2707 2827
f 2707 2828 2827
f 2707 2708 2828
f 2708 2829 2828
f 2708 2709 2829
f 2709 2830 2829
f 2709 2710 2830
f 2710 2831 2830
f 2710 2711 2831
f 2711 2832 2831
f 2711 2712 2832
f 2712 2833 2832
f 2712 2713 2833
f 2713 2834 2833
f 2713 2714 2834
f 2714 2835 2834
f 2714 2715 2835
f 2715 2836 2835
f 2715 2716 2836
f 2716 2837 2836
f 2716 2717 2837
f 2717 2838 2837
f 2717 2718 2838
f 2718 2839 2838
f 2718 2719 2839
f 2719 2840 2839
f 2719 2720 2840
f 2720 2841 2840
f 2720 2721 2841
f 2721 2842 2841
f 2721 2722 2842
f 2722 2843 2842
f 2722 2723 2843
f 2723 2844 2843
f 2723 2724 2844
f 2724 2845 2844
f 2724 2725 2845
f 2725 2846 2845
f 2725 2726 2846
f 2726 2847 2846
f 2726 2727 2847
f 2727 2848 2847
f 2727 2728 2848
f 2728 2849 2848
f 2728 2729 2849
f 2729 2850 2849
f 2729 2730 2850
f 2730 2851 2850
f 2730 2731 2851
f 2731 2852 2851
f 2731 2732 2852
f 2732 2853 2852
f 2732 2733 2853
f 2733 2854 2853
f 2733 2734 2854
f 2734 2855 2854
f 2734 2735 2855
f 2735 2856 2855
f 2735 2736 2856
f 2736 2857 2856
f 2736 2737 2857
f 2737 2858 2857
f 2737 2738 2858
f 2738 2859 2858
f 2738 2739 2859
f 2739 2860 2859
f 2739 2740 2860
f 2740 2861 2860
f 2740 2741 2861
f 2741 2862 2861
f 2741 2742 2862
f 2742 2863 2862
f 2742 2743 2863
f 2743 2864 2863
f 2743 2744 2864
f 2744 2865 2864
f 2744 2745 2865
f 2745 2866 2865
f 2745 2746 2866
f 2746 2867 2866
f 2746 2747 2867
f 2747 2868 2867
f 2747 2748 2868
f 2748 2869 2868
f 2748 2749 2869
f 2749 2870 2869
f 2749 2750 2870
f 2750 2871 2870
f 2750 2751 2871
f 2751 2872 2871
f 2751 2752 2872
f 2752 2873 2872
f 2752 2753 2873
f 2753 2874 2873
f 2753 2754 2874
f 2754 2875 2874
f 2754 2755 2875
f 2755 2876 2875
f 2755 2756 2876
f 2756 2877 2876
f 2756 2757 2877
f 2757 2878 2877
f 2757 2758 2878
f 2758 2879 2878
f 2758 2759 2879
f 2759 2880 2879
f 2759 2760 2880
f 2760 2881 2880
f 2760 2761 2881
f 2761 2882 2881
f 2761 2762 2882
f 2762 2883 2882
f 2762 2763 2883
f 2763 2884 2883
f 2763 2764 2884
f 2764 2885 2884
f 2764 2765 2885
f 2765 2886 2885
f 2765 2766 2886
f 2766 2887 2886
f 2766 2767 2887
f 2767 2888 2887
f 2767 2768 2888
f 2768 2889 2888
f 2768 2769 2889
f 2769 2890 2889
f 2769 2770 2890
f 2770 2891 2890
f 2770 2771 2891
f 2771 2892 2891
f 2771 2772 2892
f 2772 2893 2892
f 2772 2773 2893
f 2773 2894 2893
f 2773 2774 2894
f 2774 2895 2894
f 2774 2775 2895
f 2775 2896 2895
f 2775 2776 2896
f 2776 2897 2896
f 2776 2777 2897
f 2777 2898 2897
f 2777 2778 2898
f 2778 2899 2898
f 2778 2779 2899
f 2779 2900 2899
f 2779 2780 2900
f 2780 2901 2900
f 2780 2781 2901
f 2781 2902 2901
f 2781 2782 2902
f 2782 2903 2902
f 2782 2783 2903
f 2783 2904 2903
f 2784 2785 2905
f 2785 2906 2905
f 2785 2786 2906
f 2786 2907 2906
f 2786 2787 2907
f 2787 2908 2907
f 2787 2788 2908
f 2788 2909 2908
f 2788 2789 2909
f 2789 2910 2909
f 2789 2790 2910
f 2790 2911 2910
f 2790 2791 2911
f 2791 2912 2911
f 2791 2792 2912
f 2792 2913 2912
f 2792 2793 2913
f 2793 2914 2913
f 2793 2794 2914
f 2794 2915 2914
f 2794 2795 2915
f 2795 2916 2915
f 2795 2796 2916
f 2796 2917 2916
f 2796 2797 2917
f 2797 2918 2917
f 2797 2798 2918
f 2798 2919 2918
f 2798 2799 2919
f 2799 2920 2919
f 2799 2800 2920
f 2800 2921 2920
f 2800 2801 2921
f 2801 2922 2921
f 2801 2802 2922
f 2802 2923 2922
f 2802 2803 2923
f 2803 2924 2923
f 2803 2804 2924
f 2804 2925 2924
f 2804 2805 2925
f 2805 2926 2925
f 2805 2806 2926
f 2806 2927 2926
f 2806 2807 2927
f 2807 2928 2927
f 2807 2808 2928
f 2808 2929 2928
f 2808 2809 2929
f 2809 2930 2929
f 2809 2810 2930
f 2810 2931 2930
f 2810 2811 2931
f 2811 2932 2931
f 2811 2812 2932
f 2812 2933 2932
f 2812 2813 2933
f 2813 2934 2933
f 2813 2814 2934
f 2814 2935 2934
f 2814 2815 2935
f 2815 2936 2935
f 2815 2816 2936
f 2816 2937 2936
f 2816 2817 2937
f 2817 2938 2937
f 2817 2818 2938
f 2818 2939 2938
f 2818 2819 2939
f 2819 2940 2939
f 2819 2820 2940
f 2820 2941 2940
f 2820 2821 2941
f 2821 2942 2941
f 2821 2822 2942
f 2822 2943 2942
f 2822 2823 2943
f 2823 2944 2943
f 2823 2824 2944
f 2824 2945 2944
f 2824 2825 2945
f 2825 2946 2945
f 2825 2826 2946
f 2826 2947 2946
f 2826 2827 2947
f 2827 2948 2947
f 2827 2828 2948
f 2828 2949 2948
f 2828 2829 2949
f 2829 2950 2949
f 2829 2830 2950
f 2830 2951 2950
f 2830 2831 2951
f 2831 2952 2951
f 2831 2832 2952
f 2832 2953 2952
f 2832 2833 2953
f 2833 2954 2953
f 2833 2834 2954
f 2834 2955 2954
f 2834 2835 2955
f 2835 2956 2955
f 2835 2836 2956
f 2836 2957 2956
f 2836 2837 2957
f 2837 2958 2957
f 2837 2838 2958
f 2838 2959 2958
f 2838 2839 2959
f 2839 2960 2959
f 2839 2840 2960
f 2840 2961 2960
f 2840 2841 2961
f 2841 2962 2961
f 2841 2842 2962
f 2842 2963 2962
f 2842 2843 2963
f 2843 2964 2963
f 2843 2844 2964
f 2844 2965 2964
f 2844 2845 2965
f 2845 2966 2965
f 2845 2846 2966
f 2846 2967 2966
f 2846 2847 2967
f 2847 2968 2967
f 2847 2848 2968
f 2848 2969 2968
f 2848 2849 2969
f 2849 2970 2969
f 2849 2850 2970
f 2850 2971 2970
f 2850 2851 2971
f 2851 2972 2971
f 2851 2852 2972
f 2852 2973 2972
f 2852 2853 2973
f 2853 2974 2973
f 2853 2854 2974
f 2854 2975 2974
f 2854 2855 2975
f 2855 2976 2975
f 2855 2856 2976
f 2856 2977 2976
f 2856 2857 2977
f 2857 2978 2977
f 2857 2858 2978
f 2858 2979 2978
f 2858 2859 2979
f 2859 2980 2979
f 2859 2860 2980
f 2860 2981 2980
f 2860 2861 2981
f 2861 2982 2981
f 2861 2862 2982
f 2862 2983 2982
f 2862 2863 2983
f 2863 2984 2983
f 2863 2864 2984
f 2864 2985 2984
f 2864 2865 2985
f 2865 2986 2985
f 2865 2866 2986
f 2866 2987 2986
f 2866 2867 2987
f 2867 2988 2987
f 2867 2868 2988
f 2868 2989 2988
f 2868 2869 2989
f 2869 2990 2989
f 2869 2870 2990
f 2870 2991 2990
f 2870 2871 2991
f 2871 2992 2991
f 2871 2872 2992
f 2872 2993 2992
f 2872 2873 2993
f 2873 2994 2993
f 2873 2874 2994
f 2874 2995 2994
f 2874 2875 2995
f 2875 2996 2995
f 2875 2876 2996
f 2876 2997 2996
f 2876 2877 2997
f 2877 2998 2997
f 2877 2878 2998
f 2878 2999 2998
f 2878 2879 2999
f 2879 3000 2999
f 2879 2880 3000
f 2880 3001 3000
f 2880 2881 3001
f 2881 3002 3001
f 2881 2882 3002
f 2882 3003 3002
f 2882 2883 3003
f 2883 3004 3003
f 2883 2884 3004
f 2884 3005 3004
f 2884 2885 3005
f 2885 3006 3005
f 2885 2886 3006
f 2886 3007 3006
f 2886 2887 3007
f 2887 3008 3007
f 2887 2888 3008
f 2888 3009 3008
f 2888 2889 3009
f 2889 3010 3009
f 2889 2890 3010
f 2890 3011 3010
f 2890 2891 3011
f 2891 3012 3011
f 2891 2892 3012
f 2892 3013 3012
f 2892 2893 3013
f 2893 3014 3013
f 2893 2894 3014
f 2894 3015 3014
f 2894 2895 3015
f 2895 3016 3015
f 2895 2896 3016
f 2896 3017 3016
f 2896 2897 3017
f 2897 3018 3017
f 2897 2898 3018
f 2898 3019 3018
f 2898 2899 3019
f 2899 3020 3019
f 2899 2900 3020
f 2900 3021 3020
f 2900 2901 3021
f 2901 3022 3021
f 2901 2902 3022
f 2902 3023 3022
f 2902 2903 3023
f 2903 3024 3023
f 2903 2904 3024
f 2904 3025 3024
f 2905 2906 3026
f 2906 3027 3026
f 2906 2907 3027
f 2907 3028 3027
f 2907 2908 3028
f 2908 3029 3028
f 2908 2909 3029
f 2909 3030 3029
f 2909 2910 3030
f 2910 3031 3030
f 2910 2911 3031
f 2911 3032 3031
f 2911 2912 3032
f 2912 3033 3032
f 2912 2913 3033
f 2913 3034 3033
f 2913 2914 3034
f 2914 3035 3034
f 2914 2915 3035
f 2915 3036 3035
f 2915 2916 3036
f 2916 3037 3036
f 2916 2917 3037
f 2917 3038 3037
f 2917 2918 3038
f 2918 3039 3038
f 2918 2919 3039
f 2919 3040 3039
f 2919 2920 3040
f 2920 3041 3040
f 2920 2921 3041
f 2921 3042 3041
f 2921 2922 3042
f 2922 3043 3042
f 2922 2923 3043
f 2923 3044 3043
f 2923 2924 3044
f 2924 3045 3044
f 2924 2925 3045
f 2925 3046 3045
f 2925 2926 3046
f 2926 3047 3046
f 2926 2927 3047
f 2927 3048 3047
f 2927 2928 3048
f 2928 3049 3048
f 2928 2929 3049
f 2929 3050 3049
f 2929 2930 3050
f 2930 3051 3050
f 2930 2931 3051
f 2931 3052 3051
f 2931 2932 3052
f 2932 3053 3052
f 2932 2933 3053
f 2933 3054 3053
f 2933 2934 3054
f 2934 3055 3054
f 2934 2935 3055
f 2935 3056 3055
f 2935 2936 3056
f 2936 3057 3056
f 2936 2937 3057
f 2937 3058 3057
f 2937 2938 3058
f 2938 3059 3058
f 2938 2939 3059
f 2939 3060 3059
f 2939 2940 3060
f 2940 3061 3060
f 2940 2941 3061
f 2941 3062 3061
f 2941 2942 3062
f 2942 3063 3062
f 2942 2943 3063
f 2943 3064 3063
f 2943 2944 3064
f 2944 3065 3064
f 2944 2945 3065
f 2945 3066 3065
f 2945 2946 3066
f 2946 3067 3066
f 2946 2947 3067
f 2947 3068 3067
f 2947 2948 3068
f 2948 3069 3068
f 2948 2949 3069
f 2949 3070 3069
f 2949 2950 3070
f 2950 3071 3070
f 2950 2951 3071
f 2951 3072 3071
f 2951 2952 3072
f 2952 3073 3072
f 2952 2953 3073
f 2953 3074 3073
f 2953 2954 3074
f 2954 3075 3074
f 2954 2955 3075
f 2955 3076 3075
f 2955 2956 3076
f 2956 3077 3076
f 2956 2957 3077
f 2957 3078 3077
f 2957 2958 3078
f 2958 3079 3078
f 2958 2959 3079
f 2959 3080 3079
f 2959 2960 3080
f 2960 3081 3080
f 2960 2961 3081
f 2961 3082 3081
f 2961 2962 3082
f 2962 3083 3082
f 2962 2963 3083
f 2963 3084 3083
f 2963 2964 3084
f 2964 3085 3084
f 2964 2965 3085
f 2965 3086 3085
f 2965 2966 3086
f 2966 3087 3086
f 2966 2967 3087
f 2967 3088 3087
f 2967 2968 3088
f 2968 3089 3088
f 2968 2969 3089
f 2969 3090 3089
f 2969 2970 3090
f 2970 3091 3090
f 2970 2971 3091
f 2971 3092 3091
f 2971 2972 3092
f 2972 3093 3092
f 2972 2973 3093
f 2973 3094 3093
f 2973 2974 3094
f 2974 3095 3094
f 2974 2975 3095
f 2975 3096 3095
f 2975 2976 3096
f 2976 3097 3096
f 2976 2977 3097
f 2977 3098 3097
f 2977 2978 3098
f 2978 3099 3098
f 2978 2979 3099
f 2979 3100 3099
f 2979 2980 3100
f 2980 3101 3100
f 2980 2981 3101
f 2981 3102 3101
f 2981 2982 3102
f 2982 3103 3102
f 2982 2983 3103
f 2983 3104 3103
f 2983 2984 3104
f 2984 3105 3104
f 2984 2985 3105
f 2985 3106 3105
f 2985 2986 3106
f 2986 3107 3106
f 2986 2987 3107
f 2987 3108 3107
f 2987 2988 3108
f 2988 3109 3108
f 2988 2989 3109
f 2989 3110 3109
f 2989 2990 3110
f 2990 3111 3110
f 2990 2991 3111
f 2991 3112 3111
f 2991 2992 3112
f 2992 3113 3112
f 2992 2993 3113
f 2993 3114 3113
f 2993 2994 3114
f 2994 3115 3114
f 2994 2995 3115
f 2995 3116 3115
f 2995 2996 3116
f 2996 3117 3116
f 2996 2997 3117
f 2997 3118 3117
f 2997 2998 3118
f 2998 3119 3118
f 2998 2999 3119
f 2999 3120 3119
f 2999 3000 3120
f 3000 3121 3120
f 3000 3001 3121
f 3001 3122 3121
f 3001 3002 3122
f 3002 3123 3122
f 3002 3003 3123
f 3003 3124 3123
f 3003 3004 3124
f 3004 3125 3124
f 3004 3005 3125
f 3005 3126 3125
f 3005 3006 3126
f 3006 3127 3126
f 3006 3007 3127
f 3007 3128 3127
f 3007 3008 3128
f 3008 3129 3128
f 3008 3009 3129
f 3009 3130 3129
f 3009 3010 3130
f 3010 3131 3130
f 3010 3011 3131
f 3011 3132 3131
f 3011 3012 3132
f 3012 3133 3132
f 3012 3013 3133
f 3013 3134 3133
f 3013 3014 3134
f 3014 3135 3134
f 3014 3015 3135
f 3015 3136 3135
f 3015 3016 3136
f 3016 3137 3136
f 3016 3017 3137
f 3017 3138 3137
f 3017 3018 3138
f 3018 3139 3138
f 3018 3019 3139
f 3019 3140 3139
f 3019 3020 3140
f 3020 3141 3140
f 3020 3021 3141
f 3021 3142 3141
f 3021 3022 3142
f 3022 3143 3142
f 3022 3023 3143
f 3023 3144 3143
f 3023 3024 3144
f 3024 3145 3144
f 3024 3025 3145
f 3025 3146 3145
f 3026 3027 3147
f 3027 3148 3147
f 3027 3028 3148
f 3028 3149 3148
f 3028 3029 3149
f 3029 3150 3149
f 3029 3030 3150
f 3030 3151 3150
f 3030 3031 3151
f 3031 3152 3151
f 3031 3032 3152
f 3032 3153 3152
f 3032 3033 3153
f 3033 3154 3153
f 3033 3034 3154
f 3034 3155 3154
f 3034 3035 3155
f 3035 3156 3155
f 3035 3036 3156
f 3036 3157 3156
f 3036 3037 3157
f 3037 3158 3157
f 3037 3038 3158
f 3038 3159 3158
f 3038 3039 3159
f 3039 3160 3159
f 3039 3040 3160
f 3040 3161 3160
f 3040 3041 3161
f 3041 3162 3161
f 3041 3042 3162
f 3042 3163 3162
f 3042 3043 3163
f 3043 3164 3163
f 3043 3044 3164
f 3044 3165 3164
f 3044 3045 3165
f 3045 3166 3165
f 3045 3046 3166
f 3046 3167 3166
f 3046 3047 3167
f 3047 3168 3167
f 3047 3048 3168
f 3048 3169 3168
f 3048 3049 3169
f 3049 3170 3169
f 3049 3050 3170
f 3050 3171 3170
f 3050 3051 3171
f 3051 3172 3171
f 3051 3052 3172
f 3052 3173 3172
f 3052 3053 3173
f 3053 3174 3173
f 3053 3054 3174
f 3054 3175 3174
f 3054 3055 3175
f 3055 3176 3175
f 3055 3056 3176
f 3056 3177 3176
f 3056 3057 3177
f 3057 3178 3177
f 3057 3058 3178
f 3058 3179 3178
f 3058 3059 3179
f 3059 3180 3179
f 3059 3060 3180
f 3060 3181 3180
f 3060 3061 3181
f 3061 3182 3181
f 3061 3062 3182
f 3062 3183 3182
f 3062 3063 3183
f 3063 3184 3183
f 3063 3064 3184
f 3064 3185 3184
f 3064 3065 3185
f 3065 3186 3185
f 3065 3066 3186
f 3066 3187 3186
f 3066 3067 3187
f 3067 3188 3187
f 3067 3068 3188
f 3068 3189 3188
f 3068 3069 3189
f 3069 3190 3189
f 3069 3070 3190
f 3070 3191 3190
f 3070 3071 3191
f 3071 3192 3191
f 3071 3072 3192
f 3072 3193 3192
f 3072 3073 3193
f 3073 3194 3193
f 3073 3074 3194
f 3074 3195 3194
f 3074 3075 3195
f 3075 3196 3195
f 3075 3076 3196
f 3076 3197 3196
f 3076 3077 3197
f 3077 3198 3197
f 3077 3078 3198
f 3078 3199 3198
f 3078 3079 3199
f 3079 3200 3199
f 3079 3080 3200
f 3080 3201 3200
f 3080 3081 3201
f 3081 3202 3201
f 3081 3082 3202
f 3082 3203 3202
f 3082 3083 3203
f 3083 3204 3203
f 3083 3084 3204
f 3084 3205 3204
f 3084 3085 3205
f 3085 3206 3205
f 3085 3086 3206
f 3086 3207 3206
f 3086 3087 3207
f 3087 3208 3207
f 3087 3088 3208
f 3088 3209 3208
f 3088 3089 3209
f 3089 3210 3209
f 3089 3090 3210
f 3090 3211 3210
f 3090 3091 3211
f 3091 3212 3211
f 3091 3092 3212
f 3092 3213 3212
f 3092 3093 3213
f 3093 3214 3213
f 3093 3094 3214
f 3094 3215 3214
f 3094 3095 3215
f 3095 3216 3215
f 3095 3096 3216
f 3096 3217 3216
f 3096 3097 3217
f 3097 3218 3217
f 3097 3098 3218
f 3098 3219 3218
f 3098 3099 3219
f 3099 3220 3219
f 3099 3100 3220
f 3100 3221 3220
f 3100 3101 3221
f 3101 3222 3221
f 3101 3102 3222
f 3102 3223 3222
f 3102 3103 3223
f 3103 3224 3223
f 3103 3104 3224
f 3104 3225 3224
f 3104 3105 3225
f 3105 3226 3225
f 3105 3106 3226
f 3106 3227 3226
f 3106 3107 3227
f 3107 3228 3227
f 3107 3108 3228
f 3108 3229 3228
f 3108 3109 3229
f 3109 3230 3229
f 3109 3110 3230
f 3110 3231 3230
f 3110 3111 3231
f 3111 3232 3231
f 3111 3112 3232
f 3112 3233 3232
f 3112 3113 3233
f 3113 3234 3233
f 3113 3114 3234
f 3114 3235 3234
f 3114 3115 3235
f 3115 3236 3235
f 3115 3116 3236
f 3116 3237 3236
f 3116 3117 3237
f 3117 3238 3237
f 3117 3118 3238
f 3118 3239 3238
f 3118 3119 3239
f 3119 3240 3239
f 3119 3120 3240
f 3120 3241 3240
f 3120 3121 3241
f 3121 3242 3241
f 3121 3122 3242
f 3122 3243 3242
f 3122 3123 3243
f 3123 3244 3243
f 3123 3124 3244
f 3124 3245 3244
f 3124 3125 3245
f 3125 3246 3245
f 3125 3126 3246
f 3126 3247 3246
f 3126 3127 3247
f 3127 3248 3247
f 3127 3128 3248
f 3128 3249 3248
f 3128 3129 3249
f 3129 3250 3249
f 3129 3130 3250
f 3130 3251 3250
f 3130 3131 3251
f 3131 3252 3251
f 3131 3132 3252
f 3132 3253 3252
f 3132 3133 3253
f 3133 3254 3253
f 3133 3134 3254
f 3134 3255 3254
f 3134 3135 3255
f 3135 3256 3255
f 3135 3136 3256
f 3136 3257 3256
f 3136 3137 3257
f 3137 3258 3257
f 3137 3138 3258
f 3138 3259 3258
f 3138 3139 3259
f 3139 3260 3259
f 3139 3140 3260
f 3140 3261 3260
f 3140 3141 3261
f 3141 3262 3261
f 3141 3142 3262
f 3142 3263 3262
f 3142 3143 3263
f 3143 3264 3263
f 3143 3144 3264
f 3144 3265 3264
f 3144 3145 3265
f 3145 3266 3265
f 3145 3146 3266
f 3146 3267 3266
f 3147 3148 3268
f 3148 3269 3268
f 3148 3149 3269
f 3149 3270 3269
f 3149 3150 3270
f 3150 3271 3270
f 3150 3151 3271
f 3151 3272 3271
f 3151 3152 3272
f 3152 3273 3272
f 3152 3153 3273
f 3153 3274 3273
f 3153 3154 3274
f 3154 3275 3274
f 3154 3155 3275
f 3155 3276 3275
f 3155 3156 3276
f 3156 3277 3276
f 3156 3157 3277
f 3157 3278 3277
f 3157 3158 3278
f 3158 3279 3278
f 3158 3159 3279
f 3159 3280 3279
f 3159 3160 3280
f 3160 3281 3280
f 3160 3161 3281
f 3161 3282 3281
f 3161 3162 3282
f 3162 3283 3282
f 3162 3163 3283
f 3163 3284 3283
f 3163 3164 3284
f 3164 3285 3284
f 3164 3165 3285
f 3165 3286 3285
f 3165 3166 3286
f 3166 3287 3286
f 3166 3167 3287
f 3167 3288 3287
f 3167 3168 3288
f 3168 3289 3288
f 3168 3169 3289
f 3169 3290 3289
f 3169 3170 3290
f 3170 3291 3290
f 3170 3171 3291
f 3171 3292 3291
f 3171 3172 3292
f 3172 3293 3292
f 3172 3173 3293
f 3173 3294 3293
f 3173 3174 3294
f 3174 3295 3294
f 3174 3175 3295
f 3175 3296 3295
f 3175 3176 3296
f 3176 3297 3296
f 3176 3177 3297
f 3177 3298 3297
f 3177 3178 3298
f 3178 3299 3298
f 3178 3179 3299
f 3179 3300 3299
f 3179 3180 3300
f 3180 3301 3300
f 3180 3181 3301
f 3181 3302 3301
f 3181 3182 3302
f 3182 3303 3302
f 3182 3183 3303
f 3183 3304 3303
f 3183 3184 3304
f 3184 3305 3304
f 3184 3185 3305
f 3185 3306 3305
f 3185 3186 3306
f 3186 3307 3306
f 3186 3187 3307
f 3187 3308 3307
f 3187 3188 3308
f 3188 3309 3308
f 3188 3189 3309
f 3189 3310 3309
f 3189 3190 3310
f 3190 3311 3310
f 3190 3191 3311
f 3191 3312 3311
f 3191 3192 3312
f 3192 3313 3312
f 3192 3193 3313
f 3193 3314 3313
f 3193 3194 3314
f 3194 3315 3314
f 3194 3195 3315
f 3195 3316 3315
f 3195 3196 3316
f 3196 3317 3316
f 3196 3197 3317
f 3197 3318 3317
f 3197 3198 3318
f 3198 3319 3318
f 3198 3199 3319
f 3199 3320 3319
f 3199 3200 3320
f 3200 3321 3320
f 3200 3201 3321
f 3201 3322 3321
f 3201 3202 3322
f 3202 3323 3322
f 3202 3203 3323
f 3203 3324 3323
f 3203 3204 3324
f 3204 3325 3324
f 3204 3205 3325
f 3205 3326 3325
f 3205 3206 3326
f 3206 3327 3326
f 3206 3207 3327
f 3207 3328 3327
f 3207 3208 3328
f 3208 3329 3328
f 3208 3209 3329
f 3209 3330 3329
f 3209 3210 3330
f 3210 3331 3330
f 3210 3211 3331
f 3211 3332 3331
f 3211 3212 3332
f 3212 3333 3332
f 3212 3213 3333
f 3213 3334 3333
f 3213 3214 3334
f 3214 3335 3334
f 3214 3215 3335
f 3215 3336 3335
f 3215 3216 3336
f 3216 3337 3336
f 3216 3217 3337
f 3217 3338 3337
f 3217 3218 3338
f 3218 3339 3338
f 3218 3219 3339
f 3219 3340 3339
f 3219 3220 3340
f 3220 3341 3340
f 3220 3221 3341
f 3221 3342 3341
f 3221 3222 3342
f 3222 3343 3342
f 3222 3223 3343
f 3223 3344 3343
f 3223 3224 3344
f 3224 3345 3344
f 3224 3225 3345
f 3225 3346 3345
f 3225 3226 3346
f 3226 3347 3346
f 3226 3227 3347
f 3227 3348 3347
f 3227 3228 3348
f 3228 3349 3348
f 3228 3229 3349
f 3229 3350 3349
f 3229 3230 3350
f 3230 3351 3350
f 3230 3231 3351
f 3231 3352 3351
f 3231 3232 3352
f 3232 3353 3352
f 3232 3233 3353
f 3233 3354 3353
f 3233 3234 3354
f 3234 3355 3354
f 3234 3235 3355
f 3235 3356 3355
f 3235 3236 3356
f 3236 3357 3356
f 3236 3237 3357
f 3237 3358 3357
f 3237 3238 3358
f 3238 3359 3358
f 3238 3239 3359
f 3239 3360 3359
f 3239 3240 3360
f 3240 3361 3360
f 3240 3241 3361
f 3241 3362 3361
f 3241 3242 3362
f 3242 3363 3362
f 3242 3243 3363
f 3243 3364 3363
f 3243 3244 3364
f 3244 3365 3364
f 3244 3245 3365
f 3245 3366 3365
f 3245 3246 3366
f 3246 3367 3366
f 3246 3247 3367
f 3247 3368 3367
f 3247 3248 3368
f 3248 3369 3368
f 3248 3249 3369
f 3249 3370 3369
f 3249 3250 3370
f 3250 3371 3370
f 3250 3251 3371
f 3251 3372 3371
f 3251 3252 3372
f 3252 3373 3372
f 3252 3253 3373
f 3253 3374 3373
f 3253 3254 3374
f 3254 3375 3374
f 3254 3255 3375
f 3255 3376 3375
f 3255 3256 3376
f 3256 3377 3376
f 3256 3257 3377
f 3257 3378 3377
f 3257 3258 3378
f 3258 3379 3378
f 3258 3259 3379
f 3259 3380 3379
f 3259 3260 3380
f 3260 3381 3380
f 3260 3261 3381
f 3261 3382 3381
f 3261 3262 3382
f 3262 3383 3382
f 3262 3263 3383
f 3263 3384 3383
f 3263 3264 3384
f 3264 3385 3384
f 3264 3265 3385
f 3265 3386 3385
f 3265 3266 3386
f 3266 3387 3386
f 3266 3267 3387
f 3267 3388 3387
f 3268 3269 3389
f 3269 3390 3389
f 3269 3270 3390
f 3270 3391 3390
f 3270 3271 3391
f 3271 3392 3391
f 3271 3272 3392
f 3272 3393 3392
f 3272 3273 3393
f 3273 3394 3393
f 3273 3274 3394
f 3274 3395 3394
f 3274 3275 3395
f 3275 3396 3395
f 3275 3276 3396
f 3276 3397 3396
f 3276 3277 3397
f 3277 3398 3397
f 3277 3278 3398
f 3278 3399 3398
f 3278 3279 3399
f 3279 3400 3399
f 3279 3280 3400
f 3280 3401 3400
f 3280 3281 3401
f 3281 3402 3401
f 3281 3282 3402
f 3282 3403 3402
f 3282 3283 3403
f 3283 3404 3403
f 3283 3284 3404
f 3284 3405 3404
f 3284 3285 3405
f 3285 3406 3405
f 3285 3286 3406
f 3286 3407 3406
f 3286 3287 3407
f 3287 3408 3407
f 3287 3288 3408
f 3288 3409 3408
f 3288 3289 3409
f 3289 3410 3409
f 3289 3290 3410
f 3290 3411 3410
f 3290 3291 3411
f 3291 3412 3411
f 3291 3292 3412
f 3292 3413 3412
f 3292 3293 3413
f 3293 3414 3413
f 3293 3294 3414
f 3294 3415 3414
f 3294 3295 3415
f 3295 3416 3415
f 3295 3296 3416
f 3296 3417 3416
f 3296 3297 3417
f 3297 3418 3417
f 3297 3298 3418
f 3298 3419 3418
f 3298 3299 3419
f 3299 3420 3419
f 3299 3300 3420
f 3300 3421 3420
f 3300 3301 3421
f 3301 3422 3421
f 3301 3302 3422
f 3302 3423 3422
f 3302 3303 3423
f 3303 3424 3423
f 3303 3304 3424
f 3304 3425 3424
f 3304 3305 3425
f 3305 3426 3425
f 3305 3306 3426
f 3306 3427 3426
f 3306 3307 3427
f 3307 3428 3427
f 3307 3308 3428
f 3308 3429 3428
f 3308 3309 3429
f 3309 3430 3429
f 3309 3310 3430
f 3310 3431 3430
f 3310 3311 3431
f 3311 3432 3431
f 3311 3312 3432
f 3312 3433 3432
f 3312 3313 3433
f 3313 3434 3433
f 3313 3314 3434
f 3314 3435 3434
f 3314 3315 3435
f 3315 3436 3435
f 3315 3316 3436
f 3316 3437 3436
f 3316 3317 3437
f 3317 3438 3437
f 3317 3318 3438
f 3318 3439 3438
f 3318 3319 3439
f 3319 3440 3439
f 3319 3320 3440
f 3320 3441 3440
f 3320 3321 3441
f 3321 3442 3441
f 3321 3322 3442
f 3322 3443 3442
f 3322 3323 3443
f 3323 3444 3443
f 3323 3324 3444
f 3324 3445 3444
f 3324 3325 3445
f 3325 3446 3445
f 3325 3326 3446
f 3326 3447 3446
f 3326 3327 3447
f 3327 3448 3447
f 3327 3328 3448
f 3328 3449 3448
f 3328 3329 3449
f 3329 3450 3449
f 3329 3330 3450
f 3330 3451 3450
f 3330 3331 3451
f 3331 3452 3451
f 3331 3332 3452
f 3332 3453 3452
f 3332 3333 3453
f 3333 3454 3453
f 3333 3334 3454
f 3334 3455 3454
f 3334 3335 3455
f 3335 3456 3455
f 3335 3336 3456
f 3336 3457 3456
f 3336 3337 3457
f 3337 3458 3457
f 3337 3338 3458
f 3338 3459 3458
f 3338 3339 3459
f 3339 3460 3459
f 3339 3340 3460
f 3340 3461 3460
f 3340 3341 3461
f 3341 3462 3461
f 3341 3342 3462
f 3342 3463 3462
f 3342 3343 3463
f 3343 3464 3463
f 3343 3344 3464
f 3344 3465 3464
f 3344 3345 3465
f 3345 3466 3465
f 3345 3346 3466
f 3346 3467 3466
f 3346 3347 3467
f 3347 3468 3467
f 3347 3348 3468
f 3348 3469 3468
f 3348 3349 3469
f 3349 3470 3469
f 3349 3350 3470
f 3350 3471 3470
f 3350 3351 3471
f 3351 3472 3471
f 3351 3352 3472
f 3352 3473 3472
f 3352 3353 3473
f 3353 3474 3473
f 3353 3354 3474
f 3354 3475 3474
f 3354 3355 3475
f 3355 3476 3475
f 3355 3356 3476
f 3356 3477 3476
f 3356 3357 3477
f 3357 3478 3477
f 3357 3358 3478
f 3358 3479 3478
f 3358 3359 3479
f 3359 3480 3479
f 3359 3360 3480
f 3360 3481 3480
f 3360 3361 3481
f 3361 3482 3481
f 3361 3362 3482
f 3362 3483 3482
f 3362 3363 3483
f 3363 3484 3483
f 3363 3364 3484
f 3364 3485 3484
f 3364 3365 3485
f 3365 3486 3485
f 3365 3366 3486
f 3366 3487 3486
f 3366 3367 3487
f 3367 3488 3487
f 3367 3368 3488
f 3368 3489 3488
f 3368 3369 3489
f 3369 3490 3489
f 3369 3370 3490
f 3370 3491 3490
f 3370 3371 3491
f 3371 3492 3491
f 3371 3372 3492
f 3372 3493 3492
f 3372 3373 3493
f 3373 3494 3493
f 3373 3374 3494
f 3374 3495 3494
f 3374 3375 3495
f 3375 3496 3495
f 3375 3376 3496
f 3376 3497 3496
f 3376 3377 3497
f 3377 3498 3497
f 3377 3378 3498
f 3378 3499 3498
f 3378 3379 3499
f 3379 3500 3499
f 3379 3380 3500
f 3380 3501 3500
f 3380 3381 3501
f 3381 3502 3501
f 3381 3382 3502
f 3382 3503 3502
f 3382 3383 3503
f 3383 3504 3503
f 3383 3384 3504
f 3384 3505 3504
f 3384 3385 3505
f 3385 3506 3505
f 3385 3386 3506
f 3386 3507 3506
f 3386 3387 3507
f 3387 3508 3507
f 3387 3388 3508
f 3388 3509 3508
f 3389 3390 3510
f 3390 3511 3510
f 3390 3391 3511
f 3391 3512 3511
f 3391 3392 3512
f 3392 3513 3512
f 3392 3393 3513
f 3393 3514 3513
f 3393 3394 3514
f 3394 3515 3514
f 3394 3395 3515
f 3395 3516 3515
f 3395 3396 3516
f 3396 3517 3516
f 3396 3397 3517
f 3397 3518 3517
f 3397 3398 3518
f 3398 3519 3518
f 3398 3399 3519
f 3399 3520 3519
f 3399 3400 3520
f 3400 3521 3520
f 3400 3401 3521
f 3401 3522 3521
f 3401 3402 3522
f 3402 3523 3522
f 3402 3403 3523
f 3403 3524 3523
f 3403 3404 3524
f 3404 3525 3524
f 3404 3405 3525
f 3405 3526 3525
f 3405 3406 3526
f 3406 3527 3526
f 3406 3407 3527
f 3407 3528 3527
f 3407 3408 3528
f 3408 3529 3528
f 3408 3409 3529
f 3409 3530 3529
f 3409 3410 3530
f 3410 3531 3530
f 3410 3411 3531
f 3411 3532 3531
f 3411 3412 3532
f 3412 3533 3532
f 3412 3413 3533
f 3413 3534 3533
f 3413 3414 3534
f 3414 3535 3534
f 3414 3415 3535
f 3415 3536 3535
f 3415 3416 3536
f 3416 3537 3536
f 3416 3417 3537
f 3417 3538 3537
f 3417 3418 3538
f 3418 3539 3538
f 3418 3419 3539
f 3419 3540 3539
f 3419 3420 3540
f 3420 3541 3540
f 3420 3421 3541
f 3421 3542 3541
f 3421 3422 3542
f 3422 3543 3542
f 3422 3423 3543
f 3423 3544 3543
f 3423 3424 3544
f 3424 3545 3544
f 3424 3425 3545
f 3425 3546 3545
f 3425 3426 3546
f 3426 3547 3546
f 3426 3427 3547
f 3427 3548 3547
f 3427 3428 3548
f 3428 3549 3548
f 3428 3429 3549
f 3429 3550 3549
f 3429 3430 3550
f 3430 3551 3550
f 3430 3431 3551
f 3431 3552 3551
f 3431 3432 3552
f 3432 3553 3552
f 3432 3433 3553
f 3433 3554 3553
f 3433 3434 3554
f 3434 3555 3554
f 3434 3435 3555
f 3435 3556 3555
f 3435 3436 3556
f 3436 3557 3556
f 3436 3437 3557
f 3437 3558 3557
f 3437 3438 3558
f 3438 3559 3558
f 3438 3439 3559
f 3439 3560 3559
f 3439 3440 3560
f 3440 3561 3560
f 3440 3441 3561
f 3441 3562 3561
f 3441 3442 3562
f 3442 3563 3562
f 3442 3443 3563
f 3443 3564 3563
f 3443 3444 3564
f 3444 3565 3564
f 3444 3445 3565
f 3445 3566 3565
f 3445 3446 3566
f 3446 3567 3566
f 3446 3447 3567
f 3447 3568 3567
f 3447 3448 3568
f 3448 3569 3568
f 3448 3449 3569
f 3449 3570 3569
f 3449 3450 3570
f 3450 3571 3570
f 3450 3451 3571
f 3451 3572 3571
f 3451 3452 3572
f 3452 3573 3572
f 3452 3453 3573
f 3453 3574 3573
f 3453 3454 3574
f 3454 3575 3574
f 3454 3455 3575
f 3455 3576 3575
f 3455 3456 3576
f 3456 3577 3576
f 3456 3457 3577
f 3457 3578 3577
f 3457 3458 3578
f 3458 3579 3578
f 3458 3459 3579
f 3459 3580 3579
f 3459 3460 3580
f 3460 3581 3580
f 3460 3461 3581
f 3461 3582 3581
f 3461 3462 3582
f 3462 3583 3582
f 3462 3463 3583
f 3463 3584 3583
f 3463 3464 3584
f 3464 3585 3584
f 3464 3465 3585
f 3465 3586 3585
f 3465 3466 3586
f 3466 3587 3586
f 3466 3467 3587
f 3467 3588 3587
f 3467 3468 3588
f 3468 3589 3588
f 3468 3469 3589
f 3469 3590 3589
f 3469 3470 3590
f 3470 3591 3590
f 3470 3471 3591
f 3471 3592 3591
f 3471 3472 3592
f 3472 3593 3592
f 3472 3473 3593
f 3473 3594 3593
f 3473 3474 3594
f 3474 3595 3594
f 3474 3475 3595
f 3475 3596 3595
f 3475 3476 3596
f 3476 3597 3596
f 3476 3477 3597
f 3477 3598 3597
f 3477 3478 3598
f 3478 3599 3598
f 3478 3479 3599
f 3479 3600 3599
f 3479 3480 3600
f 3480 3601 3600
f 3480 3481 3601
f 3481 3602 3601
f 3481 3482 3602
f 3482 3603 3602
f 3482 3483 3603
f 3483 3604 3603
f 3483 3484 3604
f 3484 3605 3604
f 3484 3485 3605
f 3485 3606 3605
f 3485 3486 3606
f 3486 3607 3606
f 3486 3487 3607
f 3487 3608 3607
f 3487 3488 3608
f 3488 3609 3608
f 3488 3489 3609
f 3489 3610 3609
f 3489 3490 3610
f 3490 3611 3610
f 3490 3491 3611
f 3491 3612 3611
f 3491 3492 3612
f 3492 3613 3612
f 3492 3493 3613
f 3493 3614 3613
f 3493 3494 3614
f 3494 3615 3614
f 3494 3495 3615
f 3495 3616 3615
f 3495 3496 3616
f 3496 3617 3616
f 3496 3497 3617
f 3497 3618 3617
f 3497 3498 3618
f 3498 3619 3618
f 3498 3499 3619
f 3499 3620 3619
f 3499 3500 3620
f 3500 3621 3620
f 3500 3501 3621
f 3501 3622 3621
f 3501 3502 3622
f 3502 3623 3622
f 3502 3503 3623
f 3503 3624 3623
f 3503 3504 3624
f 3504 3625 3624
f 3504 3505 3625
f 3505 3626 3625
f 3505 3506 3626
f 3506 3627 3626
f 3506 3507 3627
f 3507 3628 3627
f 3507 3508 3628
f 3508 3629 3628
f 3508 3509 3629
f 3509 3630 3629
f 3510 3511 3631
f 3511 3632 3631
f 3511 3512 3632
f 3512 3633 3632
f 3512 3513 3633
f 3513 3634 3633
f 3513 3514 3634
f 3514 3635 3634
f 3514 3515 3635
f 3515 3636 3635
f 3515 3516 3636
f 3516 3637 3636
f 3516 3517 3637
f 3517 3638 3637
f 3517 3518 3638
f 3518 3639 3638
f 3518 3519 3639
f 3519 3640 3639
f 3519 3520 3640
f 3520 3641 3640
f 3520 3521 3641
f 3521 3642 3641
f 3521 3522 3642
f 3522 3643 3642
f 3522 3523 3643
f 3523 3644 3643
f 3523 3524 3644
f 3524 3645 3644
f 3524 3525 3645
f 3525 3646 3645
f 3525 3526 3646
f 3526 3647 3646
f 3526 3527 3647
f 3527 3648 3647
f 3527 3528 3648
f 3528 3649 3648
f 3528 3529 3649
f 3529 3650 3649
f 3529 3530 3650
f 3530 3651 3650
f 3530 3531 3651
f 3531 3652 3651
f 3531 3532 3652
f 3532 3653 3652
f 3532 3533 3653
f 3533 3654 3653
f 3533 3534 3654
f 3534 3655 3654
f 3534 3535 3655
f 3535 3656 3655
f 3535 3536 3656
f 3536 3657 3656
f 3536 3537 3657
f 3537 3658 3657
f 3537 3538 3658
f 3538 3659 3658
f 3538 3539 3659
f 3539 3660 3659
f 3539 3540 3660
f 3540 3661 3660
f 3540 3541 3661
f 3541 3662 3661
f 3541 3542 3662
f 3542 3663 3662
f 3542 3543 3663
f 3543 3664 3663
f 3543 3544 3664
f 3544 3665 3664
f 3544 3545 3665
f 3545 3666 3665
f 3545 3546 3666
f 3546 3667 3666
f 3546 3547 3667
f 3547 3668 3667
f 3547 3548 3668
f 3548 3669 3668
f 3548 3549 3669
f 3549 3670 3669
f 3549 3550 3670
f 3550 3671 3670
f 3550 3551 3671
f 3551 3672 3671
f 3551 3552 3672
f 3552 3673 3672
f 3552 3553 3673
f 3553 3674 3673
f 3553 3554 3674
f 3554 3675 3674
f 3554 3555 3675
f 3555 3676 3675
f 3555 3556 3676
f 3556 3677 3676
f 3556 3557 3677
f 3557 3678 3677
f 3557 3558 3678
f 3558 3679 3678
f 3558 3559 3679
f 3559 3680 3679
f 3559 3560 3680
f 3560 3681 3680
f 3560 3561 3681
f 3561 3682 3681
f 3561 3562 3682
f 3562 3683 3682
f 3562 3563 3683
f 3563 3684 3683
f 3563 3564 3684
f 3564 3685 3684
f 3564 3565 3685
f 3565 3686 3685
f 3565 3566 3686
f 3566 3687 3686
f 3566 3567 3687
f 3567 3688 3687
f 3567 3568 3688
f 3568 3689 3688
f 3568 3569 3689
f 3569 3690 3689
f 3569 3570 3690
f 3570 3691 3690
f 3570 3571 3691
f 3571 3692 3691
f 3571 3572 3692
f 3572 3693 3692
f 3572 3573 3693
f 3573 3694 3693
f 3573 3574 3694
f 3574 3695 3694
f 3574 3575 3695
f 3575 3696 3695
f 3575 3576 3696
f 3576 3697 3696
f 3576 3577 3697
f 3577 3698 3697
f 3577 3578 3698
f 3578 3699 3698
f 3578 3579 3699
f 3579 3700 3699
f 3579 3580 3700
f 3580 3701 3700
f 3580 3581 3701
f 3581 3702 3701
f 3581 3582 3702
f 3582 3703 3702
f 3582 3583 3703
f 3583 3704 3703
f 3583 3584 3704
f 3584 3705 3704
f 3584 3585 3705
f 3585 3706 3705
f 3585 3586 3706
f 3586 3707 3706
f 3586 3587 3707
f 3587 3708 3707
f 3587 3588 3708
f 3588 3709 3708
f 3588 3589 3709
f 3589 3710 3709
f 3589 3590 3710
f 3590 3711 3710
f 3590 3591 3711
f 3591 3712 3711
f 3591 3592 3712
f 3592 3713 3712
f 3592 3593 3713
f 3593 3714 3713
f 3593 3594 3714
f 3594 3715 3714
f 3594 3595 3715
f 3595 3716 3715
f 3595 3596 3716
f 3596 3717 3716
f 3596 3597 3717
f 3597 3718 3717
f 3597 3598 3718
f 3598 3719 3718
f 3598 3599 3719
f 3599 3720 3719
f 3599 3600 3720
f 3600 3721 3720
f 3600 3601 3721
f 3601 3722 3721
f 3601 3602 3722
f 3602 3723 3722
f 3602 3603 3723
f 3603 3724 3723
f 3603 3604 3724
f 3604 3725 3724
f 3604 3605 3725
f 3605 3726 3725
f 3605 3606 3726
f 3606 3727 3726
f 3606 3607 3727
f 3607 3728 3727
f 3607 3608 3728
f 3608 3729 3728
f 3608 3609 3729
f 3609 3730 3729
f 3609 3610 3730
f 3610 3731 3730
f 3610 3611 3731
f 3611 3732 3731
f 3611 3612 3732
f 3612 3733 3732
f 3612 3613 3733
f 3613 3734 3733
f 3613 3614 3734
f 3614 3735 3734
f 3614 3615 3735
f 3615 3736 3735
f 3615 3616 3736
f 3616 3737 3736
f 3616 3617 3737
f 3617 3738 3737
f 3617 3618 3738
f 3618 3739 3738
f 3618 3619 3739
f 3619 3740 3739
f 3619 3620 3740
f 3620 3741 3740
f 3620 3621 3741
f 3621 3742 3741
f 3621 3622 3742
f 3622 3743 3742
f 3622 3623 3743
f 3623 3744 3743
f 3623 3624 3744
f 3624 3745 3744
f 3624 3625 3745
f 3625 3746 3745
f 3625 3626 3746
f 3626 3747 3746
f 3626 3627 3747
f 3627 3748 3747
f 3627 3628 3748
f 3628 3749 3748
f 3628 3629 3749
f 3629 3750 3749
f 3629 3630 3750
f 3630 3751 3750
f 3631 3632 3752
f 3632 3753 3752
f 3632 3633 3753
f 3633 3754 3753
f 3633 3634 3754
f 3634 3755 3754
f 3634 3635 3755
f 3635 3756 3755
f 3635 3636 3756
f 3636 3757 3756
f 3636 3637 3757
f 3637 3758 3757
f 3637 3638 3758
f 3638 3759 3758
f 3638 3639 3759
f 3639 3760 3759
f 3639 3640 3760
f 3640 3761 3760
f 3640 3641 3761
f 3641 3762 3761
f 3641 3642 3762
f 3642 3763 3762
f 3642 3643 3763
f 3643 3764 3763
f 3643 3644 3764
f 3644 3765 3764
f 3644 3645 3765
f 3645 3766 3765
f 3645 3646 3766
f 3646 3767 3766
f 3646 3647 3767
f 3647 3768 3767
f 3647 3648 3768
f 3648 3769 3768
f 3648 3649 3769
f 3649 3770 3769
f 3649 3650 3770
f 3650 3771 3770
f 3650 3651 3771
f 3651 3772 3771
f 3651 3652 3772
f 3652 3773 3772
f 3652 3653 3773
f 3653 3774 3773
f 3653 3654 3774
f 3654 3775 3774
f 3654 3655 3775
f 3655 3776 3775
f 3655 3656 3776
f 3656 3777 3776
f 3656 3657 3777
f 3657 3778 3777
f 3657 3658 3778
f 3658 3779 3778
f 3658 3659 3779
f 3659 3780 3779
f 3659 3660 3780
f 3660 3781 3780
f 3660 3661 3781
f 3661 3782 3781
f 3661 3662 3782
f 3662 3783 3782
f 3662 3663 3783
f 3663 3784 3783
f 3663 3664 3784
f 3664 3785 3784
f 3664 3665 3785
f 3665 3786 3785
f 3665 3666 3786
f 3666 3787 3786
f 3666 3667 3787
f 3667 3788 3787
f 3667 3668 3788
f 3668 3789 3788
f 3668 3669 3789
f 3669 3790 3789
f 3669 3670 3790
f 3670 3791 3790
f 3670 3671 3791
f 3671 3792 3791
f 3671 3672 3792
f 3672 3793 3792
f 3672 3673 3793
f 3673 3794 3793
f 3673 3674 3794
f 3674 3795 3794
f 3674 3675 3795
f 3675 3796 3795
f 3675 3676 3796
f 3676 3797 3796
f 3676 3677 3797
f 3677 3798 3797
f 3677 3678 3798
f 3678 3799 3798
f 3678 3679 3799
f 3679 3800 3799
f 3679 3680 3800
f 3680 3801 3800
f 3680 3681 3801
f 3681 3802 3801
f 3681 3682 3802
f 3682 3803 3802
f 3682 3683 3803
f 3683 3804 3803
f 3683 3684 3804
f 3684 3805 3804
f 3684 3685 3805
f 3685 3806 3805
f 3685 3686 3806
f 3686 3807 3806
f 3686 3687 3807
f 3687 3808 3807
f 3687 3688 3808
f 3688 3809 3808
f 3688 3689 3809
f 3689 3810 3809
f 3689 3690 3810
f 3690 3811 3810
f 3690 3691 3811
f 3691 3812 3811
f 3691 3692 3812
f 3692 3813 3812
f 3692 3693 3813
f 3693 3814 3813
f 3693 3694 3814
f 3694 3815 3814
f 3694 3695 3815
f 3695 3816 3815
f 3695 3696 3816
f 3696 3817 3816
f 3696 3697 3817
f 3697 3818 3817
f 3697 3698 3818
f 3698 3819 3818
f 3698 3699 3819
f 3699 3820 3819
f 3699 3700 3820
f 3700 3821 3820
f 3700 3701 3821
f 3701 3822 3821
f 3701 3702 3822
f 3702 3823 3822
f 3702 3703 3823
f 3703 3824 3823
f 3703 3704 3824
f 3704 3825 3824
f 3704 3705 3825
f 3705 3826 3825
f 3705 3706 3826
f 3706 3827 3826
f 3706 3707 3827
f 3707 3828 3827
f 3707 3708 3828
f 3708 3829 3828
f 3708 3709 3829
f 3709 3830 3829
f 3709 3710 3830
f 3710 3831 3830
f 3710 3711 3831
f 3711 3832 3831
f 3711 3712 3832
f 3712 3833 3832
f 3712 3713 3833
f 3713 3834 3833
f 3713 3714 3834
f 3714 3835 3834
f 3714 3715 3835
f 3715 3836 3835
f 3715 3716 3836
f 3716 3837 3836
f 3716 3717 3837
f 3717 3838 3837
f 3717 3718 3838
f 3718 3839 3838
f 3718 3719 3839
f 3719 3840 3839
f 3719 3720 3840
f 3720 3841 3840
f 3720 3721 3841
f 3721 3842 3841
f 3721 3722 3842
f 3722 3843 3842
f 3722 3723 3843
f 3723 3844 3843
f 3723 3724 3844
f 3724 3845 3844
f 3724 3725 3845
f 3725 3846 3845
f 3725 3726 3846
f 3726 3847 3846
f 3726 3727 3847
f 3727 3848 3847
f 3727 3728 3848
f 3728 3849 3848
f 3728 3729 3849
f 3729 3850 3849
f 3729 3730 3850
f 3730 3851 3850
f 3730 3731 3851
f 3731 3852 3851
f 3731 3732 3852
f 3732 3853 3852
f 3732 3733 3853
f 3733 3854 3853
f 3733 3734 3854
f 3734 3855 3854
f 3734 3735 3855
f 3735 3856 3855
f 3735 3736 3856
f 3736 3857 3856
f 3736 3737 3857
f 3737 3858 3857
f 3737 3738 3858
f 3738 3859 3858
f 3738 3739 3859
f 3739 3860 3859
f 3739 3740 3860
f 3740 3861 3860
f 3740 3741 3861
f 3741 3862 3861
f 3741 3742 3862
f 3742 3863 3862
f 3742 3743 3863
f 3743 3864 3863
f 3743 3744 3864
f 3744 3865 3864
f 3744 3745 3865
f 3745 3866 3865
f 3745 3746 3866
f 3746 3867 3866
f 3746 3747 3867
f 3747 3868 3867
f 3747 3748 3868
f 3748 3869 3868
f 3748 3749 3869
f 3749 3870 3869
f 3749 3750 3870
f 3750 3871 3870
f 3750 3751 3871
f 3751 3872 3871
f 3752 3753 3873
f 3753 3874 3873
f 3753 3754 3874
f 3754 3875 3874
f 3754 3755 3875
f 3755 3876 3875
f 3755 3756 3876
f 3756 3877 3876
f 3756 3757 3877
f 3757 3878 3877
f 3757 3758 3878
f 3758 3879 3878
f 3758 3759 3879
f 3759 3880 3879
f 3759 3760 3880
f 3760 3881 3880
f 3760 3761 3881
f 3761 3882 3881
f 3761 3762 3882
f 3762 3883 3882
f 3762 3763 3883
f 3763 3884 3883
f 3763 3764 3884
f 3764 3885 3884
f 3764 3765 3885
f 3765 3886 3885
f 3765 3766 3886
f 3766 3887 3886
f 3766 3767 3887
f 3767 3888 3887
f 3767 3768 3888
f 3768 3889 3888
f 3768 3769 3889
f 3769 3890 3889
f 3769 3770 3890
f 3770 3891 3890
f 3770 3771 3891
f 3771 3892 3891
f 3771 3772 3892
f 3772 3893 3892
f 3772 3773 3893
f 3773 3894 3893
f 3773 3774 3894
f 3774 3895 3894
f 3774 3775 3895
f 3775 3896 3895
f 3775 3776 3896
f 3776 3897 3896
f 3776 3777 3897
f 3777 3898 3897
f 3777 3778 3898
f 3778 3899 3898
f 3778 3779 3899
f 3779 3900 3899
f 3779 3780 3900
f 3780 3901 3900
f 3780 3781 3901
f 3781 3902 3901
f 3781 3782 3902
f 3782 3903 3902
f 3782 3783 3903
f 3783 3904 3903
f 3783 3784 3904
f 3784 3905 3904
f 3784 3785 3905
f 3785 3906 3905
f 3785 3786 3906
f 3786 3907 3906
f 3786 3787 3907
f 3787 3908 3907
f 3787 3788 3908
f 3788 3909 3908
f 3788 3789 3909
f 3789 3910 3909
f 3789 3790 3910
f 3790 3911 3910
f 3790 3791 3911
f 3791 3912 3911
f 3791 3792 3912
f 3792 3913 3912
f 3792 3793 3913
f 3793 3914 3913
f 3793 3794 3914
f 3794 3915 3914
f 3794 3795 3915
f 3795 3916 3915
f 3795 3796 3916
f 3796 3917 3916
f 3796 3797 3917
f 3797 3918 3917
f 3797 3798 3918
f 3798 3919 3918
f 3798 3799 3919
f 3799 3920 3919
f 3799 3800 3920
f 3800 3921 3920
f 3800 3801 3921
f 3801 3922 3921
f 3801 3802 3922
f 3802 3923 3922
f 3802 3803 3923
f 3803 3924 3923
f 3803 3804 3924
f 3804 3925 3924
f 3804 3805 3925
f 3805 3926 3925
f 3805 3806 3926
f 3806 3927 3926
f 3806 3807 3927
f 3807 3928 3927
f 3807 3808 3928
f 3808 3929 3928
f 3808 3809 3929
f 3809 3930 3929
f 3809 3810 3930
f 3810 3931 3930
f 3810 3811 3931
f 3811 3932 3931
f 3811 3812 3932
f 3812 3933 3932
f 3812 3813 3933
f 3813 3934 3933
f 3813 3814 3934
f 3814 3935 3934
f 3814 3815 3935
f 3815 3936 3935
f 3815 3816 3936
f 3816 3937 3936
f 3816 3817 3937
f 3817 3938 3937
f 3817 3818 3938
f 3818 3939 3938
f 3818 3819 3939
f 3819 3940 3939
f 3819 3820 3940
f 3820 3941 3940
f 3820 3821 3941
f 3821 3942 3941
f 3821 3822 3942
f 3822 3943 3942
f 3822 3823 3943
f 3823 3944 3943
f 3823 3824 3944
f 3824 3945 3944
f 3824 3825 3945
f 3825 3946 3945
f 3825 3826 3946
f 3826 3947 3946
f 3826 3827 3947
f 3827 3948 3947
f 3827 3828 3948
f 3828 3949 3948
f 3828 3829 3949
f 3829 3950 3949
f 3829 3830 3950
f 3830 3951 3950
f 3830 3831 3951
f 3831 3952 3951
f 3831 3832 3952
f 3832 3953 3952
f 3832 3833 3953
f 3833 3954 3953
f 3833 3834 3954
f 3834 3955 3954
f 3834 3835 3955
f 3835 3956 3955
f 3835 3836 3956
f 3836 3957 3956
f 3836 3837 3957
f 3837 3958 3957
f 3837 3838 3958
f 3838 3959 3958
f 3838 3839 3959
f 3839 3960 3959
f 3839 3840 3960
f 3840 3961 3960
f 3840 3841 3961
f 3841 3962 3961
f 3841 3842 3962
f 3842 3963 3962
f 3842 3843 3963
f 3843 3964 3963
f 3843 3844 3964
f 3844 3965 3964
f 3844 3845 3965
f 3845 3966 3965
f 3845 3846 3966
f 3846 3967 3966
f 3846 3847 3967
f 3847 3968 3967
f 3847 3848 3968
f 3848 3969 3968
f 3848 3849 3969
f 3849 3970 3969
f 3849 3850 3970
f 3850 3971 3970
f 3850 3851 3971
f 3851 3972 3971
f 3851 3852 3972
f 3852 3973 3972
f 3852 3853 3973
f 3853 3974 3973
f 3853 3854 3974
f 3854 3975 3974
f 3854 3855 3975
f 3855 3976 3975
f 3855 3856 3976
f 3856 3977 3976
f 3856 3857 3977
f 3857 3978 3977
f 3857 3858 3978
f 3858 3979 3978
f 3858 3859 3979
f 3859 3980 3979
f 3859 3860 3980
f 3860 3981 3980
f 3860 3861 3981
f 3861 3982 3981
f 3861 3862 3982
f 3862 3983 3982
f 3862 3863 3983
f 3863 3984 3983
f 3863 3864 3984
f 3864 3985 3984
f 3864 3865 3985
f 3865 3986 3985
f 3865 3866 3986
f 3866 3987 3986
f 3866 3867 3987
f 3867 3988 3987
f 3867 3868 3988
f 3868 3989 3988
f 3868 3869 3989
f 3869 3990 3989
f 3869 3870 3990
f 3870 3991 3990
f 3870 3871 3991
f 3871 3992 3991
f 3871 3872 3992
f 3872 3993 3992
f 3873 3874 3994
f 3874 3995 3994
f 3874 3875 3995
f 3875 3996 3995
f 3875 3876 3996
f 3876 3997 3996
f 3876 3877 3997
f 3877 3998 3997
f 3877 3878 3998
f 3878 3999 3998
f 3878 3879 3999
f 3879 4000 3999
f 3879 3880 4000
f 3880 4001 4000
f 3880 3881 4001
f 3881 4002 4001
f 3881 3882 4002
f 3882 4003 4002
f 3882 3883 4003
f 3883 4004 4003
f 3883 3884 4004
f 3884 4005 4004
f 3884 3885 4005
f 3885 4006 4005
f 3885 3886 4006
f 3886 4007 4006
f 3886 3887 4007
f 3887 4008 4007
f 3887 3888 4008
f 3888 4009 4008
f 3888 3889 4009
f 3889 4010 4009
f 3889 3890 4010
f 3890 4011 4010
f 3890 3891 4011
f 3891 4012 4011
f 3891 3892 4012
f 3892 4013 4012
f 3892 3893 4013
f 3893 4014 4013
f 3893 3894 4014
f 3894 4015 4014
f 3894 3895 4015
f 3895 4016 4015
f 3895 3896 4016
f 3896 4017 4016
f 3896 3897 4017
f 3897 4018 4017
f 3897 3898 4018
f 3898 4019 4018
f 3898 3899 4019
f 3899 4020 4019
f 3899 3900 4020
f 3900 4021 4020
f 3900 3901 4021
f 3901 4022 4021
f 3901 3902 4022
f 3902 4023 4022
f 3902 3903 4023
f 3903 4024 4023
f 3903 3904 4024
f 3904 4025 4024
f 3904 3905 4025
f 3905 4026 4025
f 3905 3906 4026
f 3906 4027 4026
f 3906 3907 4027
f 3907 4028 4027
f 3907 3908 4028
f 3908 4029 4028
f 3908 3909 4029
f 3909 4030 4029
f 3909 3910 4030
f 3910 4031 4030
f 3910 3911 4031
f 3911 4032 4031
f 3911 3912 4032
f 3912 4033 4032
f 3912 3913 4033
f 3913 4034 4033
f 3913 3914 4034
f 3914 4035 4034
f 3914 3915 4035
f 3915 4036 4035
f 3915 3916 4036
f 3916 4037 4036
f 3916 3917 4037
f 3917 4038 4037
f 3917 3918 4038
f 3918 4039 4038
f 3918 3919 4039
f 3919 4040 4039
f 3919 3920 4040
f 3920 4041 4040
f 3920 3921 4041
f 3921 4042 4041
f 3921 3922 4042
f 3922 4043 4042
f 3922 3923 4043
f 3923 4044 4043
f 3923 3924 4044
f 3924 4045 4044
f 3924 3925 4045
f 3925 4046 4045
f 3925 3926 4046
f 3926 4047 4046
f 3926 3927 4047
f 3927 4048 4047
f 3927 3928 4048
f 3928 4049 4048
f 3928 3929 4049
f 3929 4050 4049
f 3929 3930 4050
f 3930 4051 4050
f 3930 3931 4051
f 3931 4052 4051
f 3931 3932 4052
f 3932 4053 4052
f 3932 3933 4053
f 3933 4054 4053
f 3933 3934 4054
f 3934 4055 4054
f 3934 3935 4055
f 3935 4056 4055
f 3935 3936 4056
f 3936 4057 4056
f 3936 3937 4057
f 3937 4058 4057
f 3937 3938 4058
f 3938 4059 4058
f 3938 3939 4059
f 3939 4060 4059
f 3939 3940 4060
f 3940 4061 4060
f 3940 3941 4061
f 3941 4062 4061
f 3941 3942 4062
f 3942 4063 4062
f 3942 3943 4063
f 3943 4064 4063
f 3943 3944 4064
f 3944 4065 4064
f 3944 3945 4065
f 3945 4066 4065
f 3945 3946 4066
f 3946 4067 4066
f 3946 3947 4067
f 3947 4068 4067
f 3947 3948 4068
f 3948 4069 4068
f 3948 3949 4069
f 3949 4070 4069
f 3949 3950 4070
f 3950 4071 4070
f 3950 3951 4071
f 3951 4072 4071
f 3951 3952 4072
f 3952 4073 4072
f 3952 3953 4073
f 3953 4074 4073
f 3953 3954 4074
f 3954 4075 4074
f 3954 3955 4075
f 3955 4076 4075
f 3955 3956 4076
f 3956 4077 4076
f 3956 3957 4077
f 3957 4078 4077
f 3957 3958 4078
f 3958 4079 4078
f 3958 3959 4079
f 3959 4080 4079
f 3959 3960 4080
f 3960 4081 4080
f 3960 3961 4081
f 3961 4082 4081
f 3961 3962 4082
f 3962 4083 4082
f 3962 3963 4083
f 3963 4084 4083
f 3963 3964 4084
f 3964 4085 4084
f 3964 3965 4085
f 3965 4086 4085
f 3965 3966 4086
f 3966 4087 4086
f 3966 3967 4087
f 3967 4088 4087
f 3967 3968 4088
f 3968 4089 4088
f 3968 3969 4089
f 3969 4090 4089
f 3969 3970 4090
f 3970 4091 4090
f 3970 3971 4091
f 3971 4092 4091
f 3971 3972 4092
f 3972 4093 4092
f 3972 3973 4093
f 3973 4094 4093
f 3973 3974 4094
f 3974 4095 4094
f 3974 3975 4095
f 3975 4096 4095
f 3975 3976 4096
f 3976 4097 4096
f 3976 3977 4097
f 3977 4098 4097
f 3977 3978 4098
f 3978 4099 4098
f 3978 3979 4099
f 3979 4100 4099
f 3979 3980 4100
f 3980 4101 4100
f 3980 3981 4101
f 3981 4102 4101
f 3981 3982 4102
f 3982 4103 4102
f 3982 3983 4103
f 3983 4104 4103
f 3983 3984 4104
f 3984 4105 4104
f 3984 3985 4105
f 3985 4106 4105
f 3985 3986 4106
f 3986 4107 4106
f 3986 3987 4107
f 3987 4108 4107
f 3987 3988 4108
f 3988 4109 4108
f 3988 3989 4109
f 3989 4110 4109
f 3989 3990 4110
f 3990 4111 4110
f 3990 3991 4111
f 3991 4112 4111
f 3991 3992 4112
f 3992 4113 4112
f 3992 3993 4113
f 3993 4114 4113
f 3994 3995 4115
f 3995 4116 4115
f 3995 3996 4116
f 3996 4117 4116
f 3996 3997 4117
f 3997 4118 4117
f 3997 3998 4118
f 3998 4119 4118
f 3998 3999 4119
f 3999 4120 4119
f 3999 4000 4120
f 4000 4121 4120
f 4000 4001 4121
f 4001 4122 4121
f 4001 4002 4122
f 4002 4123 4122
f 4002 4003 4123
f 4003 4124 4123
f 4003 4004 4124
f 4004 4125 4124
f 4004 4005 4125
f 4005 4126 4125
f 4005 4006 4126
f 4006 4127 4126
f 4006 4007 4127
f 4007 4128 4127
f 4007 4008 4128
f 4008 4129 4128
f 4008 4009 4129
f 4009 4130 4129
f 4009 4010 4130
f 4010 4131 4130
f 4010 4011 4131
f 4011 4132 4131
f 4011 4012 4132
f 4012 4133 4132
f 4012 4013 4133
f 4013 4134 4133
f 4013 4014 4134
f 4014 4135 4134
f 4014 4015 4135
f 4015 4136 4135
f 4015 4016 4136
f 4016 4137 4136
f 4016 4017 4137
f 4017 4138 4137
f 4017 4018 4138
f 4018 4139 4138
f 4018 4019 4139
f 4019 4140 4139
f 4019 4020 4140
f 4020 4141 4140
f 4020 4021 4141
f 4021 4142 4141
f 4021 4022 4142
f 4022 4143 4142
f 4022 4023 4143
f 4023 4144 4143
f 4023 4024 4144
f 4024 4145 4144
f 4024 4025 4145
f 4025 4146 4145
f 4025 4026 4146
f 4026 4147 4146
f 4026 4027 4147
f 4027 4148 4147
f 4027 4028 4148
f 4028 4149 4148
f 4028 4029 4149
f 4029 4150 4149
f 4029 4030 4150
f 4030 4151 4150
f 4030 4031 4151
f 4031 4152 4151
f 4031 4032 4152
f 4032 4153 4152
f 4032 4033 4153
f 4033 4154 4153
f 4033 4034 4154
f 4034 4155 4154
f 4034 4035 4155
f 4035 4156 4155
f 4035 4036 4156
f 4036 4157 4156
f 4036 4037 4157
f 4037 4158 4157
f 4037 4038 4158
f 4038 4159 4158
f 4038 4039 4159
f 4039 4160 4159
f 4039 4040 4160
f 4040 4161 4160
f 4040 4041 4161
f 4041 4162 4161
f 4041 4042 4162
f 4042 4163 4162
f 4042 4043 4163
f 4043 4164 4163
f 4043 4044 4164
f 4044 4165 4164
f 4044 4045 4165
f 4045 4166 4165
f 4045 4046 4166
f 4046 4167 4166
f 4046 4047 4167
f 4047 4168 4167
f 4047 4048 4168
f 4048 4169 4168
f 4048 4049 4169
f 4049 4170 4169
f 4049 4050 4170
f 4050 4171 4170
f 4050 4051 4171
f 4051 4172 4171
f 4051 4052 4172
f 4052 4173 4172
f 4052 4053 4173
f 4053 4174 4173
f 4053 4054 4174
f 4054 4175 4174
f 4054 4055 4175
f 4055 4176 4175
f 4055 4056 4176
f 4056 4177 4176
f 4056 4057 4177
f 4057 4178 4177
f 4057 4058 4178
f 4058 4179 4178
f 4058 4059 4179
f 4059 4180 4179
f 4059 4060 4180
f 4060 4181 4180
f 4060 4061 4181
f 4061 4182 4181
f 4061 4062 4182
f 4062 4183 4182
f 4062 4063 4183
f 4063 4184 4183
f 4063 4064 4184
f 4064 4185 4184
f 4064 4065 4185
f 4065 4186 4185
f 4065 4066 4186
f 4066 4187 4186
f 4066 4067 4187
f 4067 4188 4187
f 4067 4068 4188
f 4068 4189 4188
f 4068 4069 4189
f 4069 4190 4189
f 4069 4070 4190
f 4070 4191 4190
f 4070 4071 4191
f 4071 4192 4191
f 4071 4072 4192
f 4072 4193 4192
f 4072 4073 4193
f 4073 4194 4193
f 4073 4074 4194
f 4074 4195 4194
f 4074 4075 4195
f 4075 4196 4195
f 4075 4076 4196
f 4076 4197 4196
f 4076 4077 4197
f 4077 4198 4197
f 4077 4078 4198
f 4078 4199 4198
f 4078 4079 4199
f 4079 4200 4199
f 4079 4080 4200
f 4080 4201 4200
f 4080 4081 4201
f 4081 4202 4201
f 4081 4082 4202
f 4082 4203 4202
f 4082 4083 4203
f 4083 4204 4203
f 4083 4084 4204
f 4084 4205 4204
f 4084 4085 4205
f 4085 4206 4205
f 4085 4086 4206
f 4086 4207 4206
f 4086 4087 4207
f 4087 4208 4207
f 4087 4088 4208
f 4088 4209 4208
f 4088 4089 4209
f 4089 4210 4209
f 4089 4090 4210
f 4090 4211 4210
f 4090 4091 4211
f 4091 4212 4211
f 4091 4092 4212
f 4092 4213 4212
f 4092 4093 4213
f 4093 4214 4213
f 4093 4094 4214
f 4094 4215 4214
f 4094 4095 4215
f 4095 4216 4215
f 4095 4096 4216
f 4096 4217 4216
f 4096 4097 4217
f 4097 4218 4217
f 4097 4098 4218
f 4098 4219 4218
f 4098 4099 4219
f 4099 4220 4219
f 4099 4100 4220
f 4100 4221 4220
f 4100 4101 4221
f 4101 4222 4221
f 4101 4102 4222
f 4102 4223 4222
f 4102 4103 4223
f 4103 4224 4223
f 4103 4104 4224
f 4104 4225 4224
f 4104 4105 4225
f 4105 4226 4225
f 4105 4106 4226
f 4106 4227 4226
f 4106 4107 4227
f 4107 4228 4227
f 4107 4108 4228
f 4108 4229 4228
f 4108 4109 4229
f 4109 4230 4229
f 4109 4110 4230
f 4110 4231 4230
f 4110 4111 4231
f 4111 4232 4231
f 4111 4112 4232
f 4112 4233 4232
f 4112 4113 4233
f 4113 4234 4233
f 4113 4114 4234
f 4114 4235 4234
f 4115 4116 4236
f 4116 4237 4236
f 4116 4117 4237
f 4117 4238 4237
f 4117 4118 4238
f 4118 4239 4238
f 4118 4119 4239
f 4119 4240 4239
f 4119 4120 4240
f 4120 4241 4240
f 4120 4121 4241
f 4121 4242 4241
f 4121 4122 4242
f 4122 4243 4242
f 4122 4123 4243
f 4123 4244 4243
f 4123 4124 4244
f 4124 4245 4244
f 4124 4125 4245
f 4125 4246 4245
f 4125 4126 4246
f 4126 4247 4246
f 4126 4127 4247
f 4127 4248 4247
f 4127 4128 4248
f 4128 4249 4248
f 4128 4129 4249
f 4129 4250 4249
f 4129 4130 4250
f 4130 4251 4250
f 4130 4131 4251
f 4131 4252 4251
f 4131 4132 4252
f 4132 4253 4252
f 4132 4133 4253
f 4133 4254 4253
f 4133 4134 4254
f 4134 4255 4254
f 4134 4135 4255
f 4135 4256 4255
f 4135 4136 4256
f 4136 4257 4256
f 4136 4137 4257
f 4137 4258 4257
f 4137 4138 4258
f 4138 4259 4258
f 4138 4139 4259
f 4139 4260 4259
f 4139 4140 4260
f 4140 4261 4260
f 4140 4141 4261
f 4141 4262 4261
f 4141 4142 4262
f 4142 4263 4262
f 4142 4143 4263
f 4143 4264 4263
f 4143 4144 4264
f 4144 4265 4264
f 4144 4145 4265
f 4145 4266 4265
f 4145 4146 4266
f 4146 4267 4266
f 4146 4147 4267
f 4147 4268 4267
f 4147 4148 4268
f 4148 4269 4268
f 4148 4149 4269
f 4149 4270 4269
f 4149 4150 4270
f 4150 4271 4270
f 4150 4151 4271
f 4151 4272 4271
f 4151 4152 4272
f 4152 4273 4272
f 4152 4153 4273
f 4153 4274 4273
f 4153 4154 4274
f 4154 4275 4274
f 4154 4155 4275
f 4155 4276 4275
f 4155 4156 4276
f 4156 4277 4276
f 4156 4157 4277
f 4157 4278 4277
f 4157 4158 4278
f 4158 4279 4278
f 4158 4159 4279
f 4159 4280 4279
f 4159 4160 4280
f 4160 4281 4280
f 4160 4161 4281
f 4161 4282 4281
f 4161 4162 4282
f 4162 4283 4282
f 4162 4163 4283
f 4163 4284 4283
f 4163 4164 4284
f 4164 4285 4284
f 4164 4165 4285
f 4165 4286 4285
f 4165 4166 4286
f 4166 4287 4286
f 4166 4167 4287
f 4167 4288 4287
f 4167 4168 4288
f 4168 4289 4288
f 4168 4169 4289
f 4169 4290 4289
f 4169 4170 4290
f 4170 4291 4290
f 4170 4171 4291
f 4171 4292 4291
f 4171 4172 4292
f 4172 4293 4292
f 4172 4173 4293
f 4173 4294 4293
f 4173 4174 4294
f 4174 4295 4294
f 4174 4175 4295
f 4175 4296 4295
f 4175 4176 4296
f 4176 4297 4296
f 4176 4177 4297
f 4177 4298 4297
f 4177 4178 4298
f 4178 4299 4298
f 4178 4179 4299
f 4179 4300 4299
f 4179 4180 4300
f 4180 4301 4300
f 4180 4181 4301
f 4181 4302 4301
f 4181 4182 4302
f 4182 4303 4302
f 4182 4183 4303
f 4183 4304 4303
f 4183 4184 4304
f 4184 4305 4304
f 4184 4185 4305
f 4185 4306 4305
f 4185 4186 4306
f 4186 4307 4306
f 4186 4187 4307
f 4187 4308 4307
f 4187 4188 4308
f 4188 4309 4308
f 4188 4189 4309
f 4189 4310 4309
f 4189 4190 4310
f 4190 4311 4310
f 4190 4191 4311
f 4191 4312 4311
f 4191 4192 4312
f 4192 4313 4312
f 4192 4193 4313
f 4193 4314 4313
f 4193 4194 4314
f 4194 4315 4314
f 4194 4195 4315
f 4195 4316 4315
f 4195 4196 4316
f 4196 4317 4316
f 4196 4197 4317
f 4197 4318 4317
f 4197 4198 4318
f 4198 4319 4318
f 4198 4199 4319
f 4199 4320 4319
f 4199 4200 4320
f 4200 4321 4320
f 4200 4201 4321
f 4201 4322 4321
f 4201 4202 4322
f 4202 4323 4322
f 4202 4203 4323
f 4203 4324 4323
f 4203 4204 4324
f 4204 4325 4324
f 4204 4205 4325
f 4205 4326 4325
f 4205 4206 4326
f 4206 4327 4326
f 4206 4207 4327
f 4207 4328 4327
f 4207 4208 4328
f 4208 4329 4328
f 4208 4209 4329
f 4209 4330 4329
f 4209 4210 4330
f 4210 4331 4330
f 4210 4211 4331
f 4211 4332 4331
f 4211 4212 4332
f 4212 4333 4332
f 4212 4213 4333
f 4213 4334 4333
f 4213 4214 4334
f 4214 4335 4334
f 4214 4215 4335
f 4215 4336 4335
f 4215 4216 4336
f 4216 4337 4336
f 4216 4217 4337
f 4217 4338 4337
f 4217 4218 4338
f 4218 4339 4338
f 4218 4219 4339
f 4219 4340 4339
f 4219 4220 4340
f 4220 4341 4340
f 4220 4221 4341
f 4221 4342 4341
f 4221 4222 4342
f 4222 4343 4342
f 4222 4223 4343
f 4223 4344 4343
f 4223 4224 4344
f 4224 4345 4344
f 4224 4225 4345
f 4225 4346 4345
f 4225 4226 4346
f 4226 4347 4346
f 4226 4227 4347
f 4227 4348 4347
f 4227 4228 4348
f 4228 4349 4348
f 4228 4229 4349
f 4229 4350 4349
f 4229 4230 4350
f 4230 4351 4350
f 4230 4231 4351
f 4231 4352 4351
f 4231 4232 4352
f 4232 4353 4352
f 4232 4233 4353
f 4233 4354 4353
f 4233 4234 4354
f 4234 4355 4354
f 4234 4235 4355
f 4235 4356 4355
f 4236 4237 4357
f 4237 4358 4357
f 4237 4238 4358
f 4238 4359 4358
f 4238 4239 4359
f 4239 4360 4359
f 4239 4240 4360
f 4240 4361 4360
f 4240 4241 4361
f 4241 4362 4361
f 4241 4242 4362
f 4242 4363 4362
f 4242 4243 4363
f 4243 4364 4363
f 4243 4244 4364
f 4244 4365 4364
f 4244 4245 4365
f 4245 4366 4365
f 4245 4246 4366
f 4246 4367 4366
f 4246 4247 4367
f 4247 4368 4367
f 4247 4248 4368
f 4248 4369 4368
f 4248 4249 4369
f 4249 4370 4369
f 4249 4250 4370
f 4250 4371 4370
f 4250 4251 4371
f 4251 4372 4371
f 4251 4252 4372
f 4252 4373 4372
f 4252 4253 4373
f 4253 4374 4373
f 4253 4254 4374
f 4254 4375 4374
f 4254 4255 4375
f 4255 4376 4375
f 4255 4256 4376
f 4256 4377 4376
f 4256 4257 4377
f 4257 4378 4377
f 4257 4258 4378
f 4258 4379 4378
f 4258 4259 4379
f 4259 4380 4379
f 4259 4260 4380
f 4260 4381 4380
f 4260 4261 4381
f 4261 4382 4381
f 4261 4262 4382
f 4262 4383 4382
f 4262 4263 4383
f 4263 4384 4383
f 4263 4264 4384
f 4264 4385 4384
f 4264 4265 4385
f 4265 4386 4385
f 4265 4266 4386
f 4266 4387 4386
f 4266 4267 4387
f 4267 4388 4387
f 4267 4268 4388
f 4268 4389 4388
f 4268 4269 4389
f 4269 4390 4389
f 4269 4270 4390
f 4270 4391 4390
f 4270 4271 4391
f 4271 4392 4391
f 4271 4272 4392
f 4272 4393 4392
f 4272 4273 4393
f 4273 4394 4393
f 4273 4274 4394
f 4274 4395 4394
f 4274 4275 4395
f 4275 4396 4395
f 4275 4276 4396
f 4276 4397 4396
f 4276 4277 4397
f 4277 4398 4397
f 4277 4278 4398
f 4278 4399 4398
f 4278 4279 4399
f 4279 4400 4399
f 4279 4280 4400
f 4280 4401 4400
f 4280 4281 4401
f 4281 4402 4401
f 4281 4282 4402
f 4282 4403 4402
f 4282 4283 4403
f 4283 4404 4403
f 4283 4284 4404
f 4284 4405 4404
f 4284 4285 4405
f 4285 4406 4405
f 4285 4286 4406
f 4286 4407 4406
f 4286 4287 4407
f 4287 4408 4407
f 4287 4288 4408
f 4288 4409 4408
f 4288 4289 4409
f 4289 4410 4409
f 4289 4290 4410
f 4290 4411 4410
f 4290 4291 4411
f 4291 4412 4411
f 4291 4292 4412
f 4292 4413 4412
f 4292 4293 4413
f 4293 4414 4413
f 4293 4294 4414
f 4294 4415 4414
f 4294 4295 4415
f 4295 4416 4415
f 4295 4296 4416
f 4296 4417 4416
f 4296 4297 4417
f 4297 4418 4417
f 4297 4298 4418
f 4298 4419 4418
f 4298 4299 4419
f 4299 4420 4419
f 4299 4300 4420
f 4300 4421 4420
f 4300 4301 4421
f 4301 4422 4421
f 4301 4302 4422
f 4302 4423 4422
f 4302 4303 4423
f 4303 4424 4423
f 4303 4304 4424
f 4304 4425 4424
f 4304 4305 4425
f 4305 4426 4425
f 4305 4306 4426
f 4306 4427 4426
f 4306 4307 4427
f 4307 4428 4427
f 4307 4308 4428
f 4308 4429 4428
f 4308 4309 4429
f 4309 4430 4429
f 4309 4310 4430
f 4310 4431 4430
f 4310 4311 4431
f 4311 4432 4431
f 4311 4312 4432
f 4312 4433 4432
f 4312 4313 4433
f 4313 4434 4433
f 4313 4314 4434
f 4314 4435 4434
f 4314 4315 4435
f 4315 4436 4435
f 4315 4316 4436
f 4316 4437 4436
f 4316 4317 4437
f 4317 4438 4437
f 4317 4318 4438
f 4318 4439 4438
f 4318 4319 4439
f 4319 4440 4439
f 4319 4320 4440
f 4320 4441 4440
f 4320 4321 4441
f 4321 4442 4441
f 4321 4322 4442
f 4322 4443 4442
f 4322 4323 4443
f 4323 4444 4443
f 4323 4324 4444
f 4324 4445 4444
f 4324 4325 4445
f 4325 4446 4445
f 4325 4326 4446
f 4326 4447 4446
f 4326 4327 4447
f 4327 4448 4447
f 4327 4328 4448
f 4328 4449 4448
f 4328 4329 4449
f 4329 4450 4449
f 4329 4330 4450
f 4330 4451 4450
f 4330 4331 4451
f 4331 4452 4451
f 4331 4332 4452
f 4332 4453 4452
f 4332 4333 4453
f 4333 4454 4453
f 4333 4334 4454
f 4334 4455 4454
f 4334 4335 4455
f 4335 4456 4455
f 4335 4336 4456
f 4336 4457 4456
f 4336 4337 4457
f 4337 4458 4457
f 4337 4338 4458
f 4338 4459 4458
f 4338 4339 4459
f 4339 4460 4459
f 4339 4340 4460
f 4340 4461 4460
f 4340 4341 4461
f 4341 4462 4461
f 4341 4342 4462
f 4342 4463 4462
f 4342 4343 4463
f 4343 4464 4463
f 4343 4344 4464
f 4344 4465 4464
f 4344 4345 4465
f 4345 4466 4465
f 4345 4346 4466
f 4346 4467 4466
f 4346 4347 4467
f 4347 4468 4467
f 4347 4348 4468
f 4348 4469 4468
f 4348 4349 4469
f 4349 4470 4469
f 4349 4350 4470
f 4350 4471 4470
f 4350 4351 4471
f 4351 4472 4471
f 4351 4352 4472
f 4352 4473 4472
f 4352 4353 4473
f 4353 4474 4473
f 4353 4354 4474
f 4354 4475 4474
f 4354 4355 4475
f 4355 4476 4475
f 4355 4356 4476
f 4356 4477 4476
f 4357 4358 4478
f 4358 4479 4478
f 4358 4359 4479
f 4359 4480 4479
f 4359 4360 4480
f 4360 4481 4480
f 4360 4361 4481
f 4361 4482 4481
f 4361 4362 4482
f 4362 4483 4482
f 4362 4363 4483
f 4363 4484 4483
f 4363 4364 4484
f 4364 4485 4484
f 4364 4365 4485
f 4365 4486 4485
f 4365 4366 4486
f 4366 4487 4486
f 4366 4367 4487
f 4367 4488 4487
f 4367 4368 4488
f 4368 4489 4488
f 4368 4369 4489
f 4369 4490 4489
f 4369 4370 4490
f 4370 4491 4490
f 4370 4371 4491
f 4371 4492 4491
f 4371 4372 4492
f 4372 4493 4492
f 4372 4373 4493
f 4373 4494 4493
f 4373 4374 4494
f 4374 4495 4494
f 4374 4375 4495
f 4375 4496 4495
f 4375 4376 4496
f 4376 4497 4496
f 4376 4377 4497
f 4377 4498 4497
f 4377 4378 4498
f 4378 4499 4498
f 4378 4379 4499
f 4379 4500 4499
f 4379 4380 4500
f 4380 4501 4500
f 4380 4381 4501
f 4381 4502 4501
f 4381 4382 4502
f 4382 4503 4502
f 4382 4383 4503
f 4383 4504 4503
f 4383 4384 4504
f 4384 4505 4504
f 4384 4385 4505
f 4385 4506 4505
f 4385 4386 4506
f 4386 4507 4506
f 4386 4387 4507
f 4387 4508 4507
f 4387 4388 4508
f 4388 4509 4508
f 4388 4389 4509
f 4389 4510 4509
f 4389 4390 4510
f 4390 4511 4510
f 4390 4391 4511
f 4391 4512 4511
f 4391 4392 4512
f 4392 4513 4512
f 4392 4393 4513
f 4393 4514 4513
f 4393 4394 4514
f 4394 4515 4514
f 4394 4395 4515
f 4395 4516 4515
f 4395 4396 4516
f 4396 4517 4516
f 4396 4397 4517
f 4397 4518 4517
f 4397 4398 4518
f 4398 4519 4518
f 4398 4399 4519
f 4399 4520 4519
f 4399 4400 4520
f 4400 4521 4520
f 4400 4401 4521
f 4401 4522 4521
f 4401 4402 4522
f 4402 4523 4522
f 4402 4403 4523
f 4403 4524 4523
f 4403 4404 4524
f 4404 4525 4524
f 4404 4405 4525
f 4405 4526 4525
f 4405 4406 4526
f 4406 4527 4526
f 4406 4407 4527
f 4407 4528 4527
f 4407 4408 4528
f 4408 4529 4528
f 4408 4409 4529
f 4409 4530 4529
f 4409 4410 4530
f 4410 4531 4530
f 4410 4411 4531
f 4411 4532 4531
f 4411 4412 4532
f 4412 4533 4532
f 4412 4413 4533
f 4413 4534 4533
f 4413 4414 4534
f 4414 4535 4534
f 4414 4415 4535
f 4415 4536 4535
f 4415 4416 4536
f 4416 4537 4536
f 4416 4417 4537
f 4417 4538 4537
f 4417 4418 4538
f 4418 4539 4538
f 4418 4419 4539
f 4419 4540 4539
f 4419 4420 4540
f 4420 4541 4540
f 4420 4421 4541
f 4421 4542 4541
f 4421 4422 4542
f 4422 4543 4542
f 4422 4423 4543
f 4423 4544 4543
f 4423 4424 4544
f 4424 4545 4544
f 4424 4425 4545
f 4425 4546 4545
f 4425 4426 4546
f 4426 4547 4546
f 4426 4427 4547
f 4427 4548 4547
f 4427 4428 4548
f 4428 4549 4548
f 4428 4429 4549
f 4429 4550 4549
f 4429 4430 4550
f 4430 4551 4550
f 4430 4431 4551
f 4431 4552 4551
f 4431 4432 4552
f 4432 4553 4552
f 4432 4433 4553
f 4433 4554 4553
f 4433 4434 4554
f 4434 4555 4554
f 4434 4435 4555
f 4435 4556 4555
f 4435 4436 4556
f 4436 4557 4556
f 4436 4437 4557
f 4437 4558 4557
f 4437 4438 4558
f 4438 4559 4558
f 4438 4439 4559
f 4439 4560 4559
f 4439 4440 4560
f 4440 4561 4560
f 4440 4441 4561
f 4441 4562 4561
f 4441 4442 4562
f 4442 4563 4562
f 4442 4443 4563
f 4443 4564 4563
f 4443 4444 4564
f 4444 4565 4564
f 4444 4445 4565
f 4445 4566 4565
f 4445 4446 4566
f 4446 4567 4566
f 4446 4447 4567
f 4447 4568 4567
f 4447 4448 4568
f 4448 4569 4568
f 4448 4449 4569
f 4449 4570 4569
f 4449 4450 4570
f 4450 4571 4570
f 4450 4451 4571
f 4451 4572 4571
f 4451 4452 4572
f 4452 4573 4572
f 4452 4453 4573
f 4453 4574 4573
f 4453 4454 4574
f 4454 4575 4574
f 4454 4455 4575
f 4455 4576 4575
f 4455 4456 4576
f 4456 4577 4576
f 4456 4457 4577
f 4457 4578 4577
f 4457 4458 4578
f 4458 4579 4578
f 4458 4459 4579
f 4459 4580 4579
f 4459 4460 4580
f 4460 4581 4580
f 4460 4461 4581
f 4461 4582 4581
f 4461 4462 4582
f 4462 4583 4582
f 4462 4463 4583
f 4463 4584 4583
f 4463 4464 4584
f 4464 4585 4584
f 4464 4465 4585
f 4465 4586 4585
f 4465 4466 4586
f 4466 4587 4586
f 4466 4467 4587
f 4467 4588 4587
f 4467 4468 4588
f 4468 4589 4588
f 4468 4469 4589
f 4469 4590 4589
f 4469 4470 4590
f 4470 4591 4590
f 4470 4471 4591
f 4471 4592 4591
f 4471 4472 4592
f 4472 4593 4592
f 4472 4473 4593
f 4473 4594 4593
f 4473 4474 4594
f 4474 4595 4594
f 4474 4475 4595
f 4475 4596 4595
f 4475 4476 4596
f 4476 4597 4596
f 4476 4477 4597
f 4477 4598 4597
f 4478 4479 4599
f 4479 4600 4599
f 4479 4480 4600
f 4480 4601 4600
f 4480 4481 4601
f 4481 4602 4601
f 4481 4482 4602
f 4482 4603 4602
f 4482 4483 4603
f 4483 4604 4603
f 4483 4484 4604
f 4484 4605 4604
f 4484 4485 4605
f 4485 4606 4605
f 4485 4486 4606
f 4486 4607 4606
f 4486 4487 4607
f 4487 4608 4607
f 4487 4488 4608
f 4488 4609 4608
f 4488 4489 4609
f 4489 4610 4609
f 4489 4490 4610
f 4490 4611 4610
f 4490 4491 4611
f 4491 4612 4611
f 4491 4492 4612
f 4492 4613 4612
f 4492 4493 4613
f 4493 4614 4613
f 4493 4494 4614
f 4494 4615 4614
f 4494 4495 4615
f 4495 4616 4615
f 4495 4496 4616
f 4496 4617 4616
f 4496 4497 4617
f 4497 4618 4617
f 4497 4498 4618
f 4498 4619 4618
f 4498 4499 4619
f 4499 4620 4619
f 4499 4500 4620
f 4500 4621 4620
f 4500 4501 4621
f 4501 4622 4621
f 4501 4502 4622
f 4502 4623 4622
f 4502 4503 4623
f 4503 4624 4623
f 4503 4504 4624
f 4504 4625 4624
f 4504 4505 4625
f 4505 4626 4625
f 4505 4506 4626
f 4506 4627 4626
f 4506 4507 4627
f 4507 4628 4627
f 4507 4508 4628
f 4508 4629 4628
f 4508 4509 4629
f 4509 4630 4629
f 4509 4510 4630
f 4510 4631 4630
f 4510 4511 4631
f 4511 4632 4631
f 4511 4512 4632
f 4512 4633 4632
f 4512 4513 4633
f 4513 4634 4633
f 4513 4514 4634
f 4514 4635 4634
f 4514 4515 4635
f 4515 4636 4635
f 4515 4516 4636
f 4516 4637 4636
f 4516 4517 4637
f 4517 4638 4637
f 4517 4518 4638
f 4518 4639 4638
f 4518 4519 4639
f 4519 4640 4639
f 4519 4520 4640
f 4520 4641 4640
f 4520 4521 4641
f 4521 4642 4641
f 4521 4522 4642
f 4522 4643 4642
f 4522 4523 4643
f 4523 4644 4643
f 4523 4524 4644
f 4524 4645 4644
f 4524 4525 4645
f 4525 4646 4645
f 4525 4526 4646
f 4526 4647 4646
f 4526 4527 4647
f 4527 4648 4647
f 4527 4528 4648
f 4528 4649 4648
f 4528 4529 4649
f 4529 4650 4649
f 4529 4530 4650
f 4530 4651 4650
f 4530 4531 4651
f 4531 4652 4651
f 4531 4532 4652
f 4532 4653 4652
f 4532 4533 4653
f 4533 4654 4653
f 4533 4534 4654
f 4534 4655 4654
f 4534 4535 4655
f 4535 4656 4655
f 4535 4536 4656
f 4536 4657 4656
f 4536 4537 4657
f 4537 4658 4657
f 4537 4538 4658
f 4538 4659 4658
f 4538 4539 4659
f 4539 4660 4659
f 4539 4540 4660
f 4540 4661 4660
f 4540 4541 4661
f 4541 4662 4661
f 4541 4542 4662
f 4542 4663 4662
f 4542 4543 4663
f 4543 4664 4663
f 4543 4544 4664
f 4544 4665 4664
f 4544 4545 4665
f 4545 4666 4665
f 4545 4546 4666
f 4546 4667 4666
f 4546 4547 4667
f 4547 4668 4667
f 4547 4548 4668
f 4548 4669 4668
f 4548 4549 4669
f 4549 4670 4669
f 4549 4550 4670
f 4550 4671 4670
f 4550 4551 4671
f 4551 4672 4671
f 4551 4552 4672
f 4552 4673 4672
f 4552 4553 4673
f 4553 4674 4673
f 4553 4554 4674
f 4554 4675 4674
f 4554 4555 4675
f 4555 4676 4675
f 4555 4556 4676
f 4556 4677 4676
f 4556 4557 4677
f 4557 4678 4677
f 4557 4558 4678
f 4558 4679 4678
f 4558 4559 4679
f 4559 4680 4679
f 4559 4560 4680
f 4560 4681 4680
f 4560 4561 4681
f 4561 4682 4681
f 4561 4562 4682
f 4562 4683 4682
f 4562 4563 4683
f 4563 4684 4683
f 4563 4564 4684
f 4564 4685 4684
f 4564 4565 4685
f 4565 4686 4685
f 4565 4566 4686
f 4566 4687 4686
f 4566 4567 4687
f 4567 4688 4687
f 4567 4568 4688
f 4568 4689 4688
f 4568 4569 4689
f 4569 4690 4689
f 4569 4570 4690
f 4570 4691 4690
f 4570 4571 4691
f 4571 4692 4691
f 4571 4572 4692
f 4572 4693 4692
f 4572 4573 4693
f 4573 4694 4693
f 4573 4574 4694
f 4574 4695 4694
f 4574 4575 4695
f 4575 4696 4695
f 4575 4576 4696
f 4576 4697 4696
f 4576 4577 4697
f 4577 4698 4697
f 4577 4578 4698
f 4578 4699 4698
f 4578 4579 4699
f 4579 4700 4699
f 4579 4580 4700
f 4580 4701 4700
f 4580 4581 4701
f 4581 4702 4701
f 4581 4582 4702
f 4582 4703 4702
f 4582 4583 4703
f 4583 4704 4703
f 4583 4584 4704
f 4584 4705 4704
f 4584 4585 4705
f 4585 4706 4705
f 4585 4586 4706
f 4586 4707 4706
f 4586 4587 4707
f 4587 4708 4707
f 4587 4588 4708
f 4588 4709 4708
f 4588 4589 4709
f 4589 4710 4709
f 4589 4590 4710
f 4590 4711 4710
f 4590 4591 4711
f 4591 4712 4711
f 4591 4592 4712
f 4592 4713 4712
f 4592 4593 4713
f 4593 4714 4713
f 4593 4594 4714
f 4594 4715 4714
f 4594 4595 4715
f 4595 4716 4715
f 4595 4596 4716
f 4596 4717 4716
f 4596 4597 4717
f 4597 4718 4717
f 4597 4598 4718
f 4598 4719 4718
f 4599 4600 4720
f 4600 4721 4720
f 4600 4601 4721
f 4601 4722 4721
f 4601 4602 4722
f 4602 4723 4722
f 4602 4603 4723
f 4603 4724 4723
f 4603 4604 4724
f 4604 4725 4724
f 4604 4605 4725
f 4605 4726 4725
f 4605 4606 4726
f 4606 4727 4726
f 4606 4607 4727
f 4607 4728 4727
f 4607 4608 4728
f 4608 4729 4728
f 4608 4609 4729
f 4609 4730 4729
f 4609 4610 4730
f 4610 4731 4730
f 4610 4611 4731
f 4611 4732 4731
f 4611 4612 4732
f 4612 4733 4732
f 4612 4613 4733
f 4613 4734 4733
f 4613 4614 4734
f 4614 4735 4734
f 4614 4615 4735
f 4615 4736 4735
f 4615 4616 4736
f 4616 4737 4736
f 4616 4617 4737
f 4617 4738 4737
f 4617 4618 4738
f 4618 4739 4738
f 4618 4619 4739
f 4619 4740 4739
f 4619 4620 4740
f 4620 4741 4740
f 4620 4621 4741
f 4621 4742 4741
f 4621 4622 4742
f 4622 4743 4742
f 4622 4623 4743
f 4623 4744 4743
f 4623 4624 4744
f 4624 4745 4744
f 4624 4625 4745
f 4625 4746 4745
f 4625 4626 4746
f 4626 4747 4746
f 4626 4627 4747
f 4627 4748 4747
f 4627 4628 4748
f 4628 4749 4748
f 4628 4629 4749
f 4629 4750 4749
f 4629 4630 4750
f 4630 4751 4750
f 4630 4631 4751
f 4631 4752 4751
f 4631 4632 4752
f 4632 4753 4752
f 4632 4633 4753
f 4633 4754 4753
f 4633 4634 4754
f 4634 4755 4754
f 4634 4635 4755
f 4635 4756 4755
f 4635 4636 4756
f 4636 4757 4756
f 4636 4637 4757
f 4637 4758 4757
f 4637 4638 4758
f 4638 4759 4758
f 4638 4639 4759
f 4639 4760 4759
f 4639 4640 4760
f 4640 4761 4760
f 4640 4641 4761
f 4641 4762 4761
f 4641 4642 4762
f 4642 4763 4762
f 4642 4643 4763
f 4643 4764 4763
f 4643 4644 4764
f 4644 4765 4764
f 4644 4645 4765
f 4645 4766 4765
f 4645 4646 4766
f 4646 4767 4766
f 4646 4647 4767
f 4647 4768 4767
f 4647 4648 4768
f 4648 4769 4768
f 4648 4649 4769
f 4649 4770 4769
f 4649 4650 4770
f 4650 4771 4770
f 4650 4651 4771
f 4651 4772 4771
f 4651 4652 4772
f 4652 4773 4772
f 4652 4653 4773
f 4653 4774 4773
f 4653 4654 4774
f 4654 4775 4774
f 4654 4655 4775
f 4655 4776 4775
f 4655 4656 4776
f 4656 4777 4776
f 4656 4657 4777
f 4657 4778 4777
f 4657 4658 4778
f 4658 4779 4778
f 4658 4659 4779
f 4659 4780 4779
f 4659 4660 4780
f 4660 4781 4780
f 4660 4661 4781
f 4661 4782 4781
f 4661 4662 4782
f 4662 4783 4782
f 4662 4663 4783
f 4663 4784 4783
f 4663 4664 4784
f 4664 4785 4784
f 4664 4665 4785
f 4665 4786 4785
f 4665 4666 4786
f 4666 4787 4786
f 4666 4667 4787
f 4667 4788 4787
f 4667 4668 4788
f 4668 4789 4788
f 4668 4669 4789
f 4669 4790 4789
f 4669 4670 4790
f 4670 4791 4790
f 4670 4671 4791
f 4671 4792 4791
f 4671 4672 4792
f 4672 4793 4792
f 4672 4673 4793
f 4673 4794 4793
f 4673 4674 4794
f 4674 4795 4794
f 4674 4675 4795
f 4675 4796 4795
f 4675 4676 4796
f 4676 4797 4796
f 4676 4677 4797
f 4677 4798 4797
f 4677 4678 4798
f 4678 4799 4798
f 4678 4679 4799
f 4679 4800 4799
f 4679 4680 4800
f 4680 4801 4800
f 4680 4681 4801
f 4681 4802 4801
f 4681 4682 4802
f 4682 4803 4802
f 4682 4683 4803
f 4683 4804 4803
f 4683 4684 4804
f 4684 4805 4804
f 4684 4685 4805
f 4685 4806 4805
f 4685 4686 4806
f 4686 4807 4806
f 4686 4687 4807
f 4687 4808 4807
f 4687 4688 4808
f 4688 4809 4808
f 4688 4689 4809
f 4689 4810 4809
f 4689 4690 4810
f 4690 4811 4810
f 4690 4691 4811
f 4691 4812 4811
f 4691 4692 4812
f 4692 4813 4812
f 4692 4693 4813
f 4693 4814 4813
f 4693 4694 4814
f 4694 4815 4814
f 4694 4695 4815
f 4695 4816 4815
f 4695 4696 4816
f 4696 4817 4816
f 4696 4697 4817
f 4697 4818 4817
f 4697 4698 4818
f 4698 4819 4818
f 4698 4699 4819
f 4699 4820 4819
f 4699 4700 4820
f 4700 4821 4820
f 4700 4701 4821
f 4701 4822 4821
f 4701 4702 4822
f 4702 4823 4822
f 4702 4703 4823
f 4703 4824 4823
f 4703 4704 4824
f 4704 4825 4824
f 4704 4705 4825
f 4705 4826 4825
f 4705 4706 4826
f 4706 4827 4826
f 4706 4707 4827
f 4707 4828 4827
f 4707 4708 4828
f 4708 4829 4828
f 4708 4709 4829
f 4709 4830 4829
f 4709 4710 4830
f 4710 4831 4830
f 4710 4711 4831
f 4711 4832 4831
f 4711 4712 4832
f 4712 4833 4832
f 4712 4713 4833
f 4713 4834 4833
f 4713 4714 4834
f 4714 4835 4834
f 4714 4715 4835
f 4715 4836 4835
f 4715 4716 4836
f 4716 4837 4836
f 4716 4717 4837
f 4717 4838 4837
f 4717 4718 4838
f 4718 4839 4838
f 4718 4719 4839
f 4719 4840 4839
f 4720 4721 4841
f 4721 4842 4841
f 4721 4722 4842
f 4722 4843 4842
f 4722 4723 4843
f 4723 4844 4843
f 4723 4724 4844
f 4724 4845 4844
f 4724 4725 4845
f 4725 4846 4845
f 4725 4726 4846
f 4726 4847 4846
f 4726 4727 4847
f 4727 4848 4847
f 4727 4728 4848
f 4728 4849 4848
f 4728 4729 4849
f 4729 4850 4849
f 4729 4730 4850
f 4730 4851 4850
f 4730 4731 4851
f 4731 4852 4851
f 4731 4732 4852
f 4732 4853 4852
f 4732 4733 4853
f 4733 4854 4853
f 4733 4734 4854
f 4734 4855 4854
f 4734 4735 4855
f 4735 4856 4855
f 4735 4736 4856
f 4736 4857 4856
f 4736 4737 4857
f 4737 4858 4857
f 4737 4738 4858
f 4738 4859 4858
f 4738 4739 4859
f 4739 4860 4859
f 4739 4740 4860
f 4740 4861 4860
f 4740 4741 4861
f 4741 4862 4861
f 4741 4742 4862
f 4742 4863 4862
f 4742 4743 4863
f 4743 4864 4863
f 4743 4744 4864
f 4744 4865 4864
f 4744 4745 4865
f 4745 4866 4865
f 4745 4746 4866
f 4746 4867 4866
f 4746 4747 4867
f 4747 4868 4867
f 4747 4748 4868
f 4748 4869 4868
f 4748 4749 4869
f 4749 4870 4869
f 4749 4750 4870
f 4750 4871 4870
f 4750 4751 4871
f 4751 4872 4871
f 4751 4752 4872
f 4752 4873 4872
f 4752 4753 4873
f 4753 4874 4873
f 4753 4754 4874
f 4754 4875 4874
f 4754 4755 4875
f 4755 4876 4875
f 4755 4756 4876
f 4756 4877 4876
f 4756 4757 4877
f 4757 4878 4877
f 4757 4758 4878
f 4758 4879 4878
f 4758 4759 4879
f 4759 4880 4879
f 4759 4760 4880
f 4760 4881 4880
f 4760 4761 4881
f 4761 4882 4881
f 4761 4762 4882
f 4762 4883 4882
f 4762 4763 4883
f 4763 4884 4883
f 4763 4764 4884
f 4764 4885 4884
f 4764 4765 4885
f 4765 4886 4885
f 4765 4766 4886
f 4766 4887 4886
f 4766 4767 4887
f 4767 4888 4887
f 4767 4768 4888
f 4768 4889 4888
f 4768 4769 4889
f 4769 4890 4889
f 4769 4770 4890
f 4770 4891 4890
f 4770 4771 4891
f 4771 4892 4891
f 4771 4772 4892
f 4772 4893 4892
f 4772 4773 4893
f 4773 4894 4893
f 4773 4774 4894
f 4774 4895 4894
f 4774 4775 4895
f 4775 4896 4895
f 4775 4776 4896
f 4776 4897 4896
f 4776 4777 4897
f 4777 4898 4897
f 4777 4778 4898
f 4778 4899 4898
f 4778 4779 4899
f 4779 4900 4899
f 4779 4780 4900
f 4780 4901 4900
f 4780 4781 4901
f 4781 4902 4901
f 4781 4782 4902
f 4782 4903 4902
f 4782 4783 4903
f 4783 4904 4903
f 4783 4784 4904
f 4784 4905 4904
f 4784 4785 4905
f 4785 4906 4905
f 4785 4786 4906
f 4786 4907 4906
f 4786 4787 4907
f 4787 4908 4907
f 4787 4788 4908
f 4788 4909 4908
f 4788 4789 4909
f 4789 4910 4909
f 4789 4790 4910
f 4790 4911 4910
f 4790 4791 4911
f 4791 4912 4911
f 4791 4792 4912
f 4792 4913 4912
f 4792 4793 4913
f 4793 4914 4913
f 4793 4794 4914
f 4794 4915 4914
f 4794 4795 4915
f 4795 4916 4915
f 4795 4796 4916
f 4796 4917 4916
f 4796 4797 4917
f 4797 4918 4917
f 4797 4798 4918
f 4798 4919 4918
f 4798 4799 4919
f 4799 4920 4919
f 4799 4800 4920
f 4800 4921 4920
f 4800 4801 4921
f 4801 4922 4921
f 4801 4802 4922
f 4802 4923 4922
f 4802 4803 4923
f 4803 4924 4923
f 4803 4804 4924
f 4804 4925 4924
f 4804 4805 4925
f 4805 4926 4925
f 4805 4806 4926
f 4806 4927 4926
f 4806 4807 4927
f 4807 4928 4927
f 4807 4808 4928
f 4808 4929 4928
f 4808 4809 4929
f 4809 4930 4929
f 4809 4810 4930
f 4810 4931 4930
f 4810 4811 4931
f 4811 4932 4931
f 4811 4812 4932
f 4812 4933 4932
f 4812 4813 4933
f 4813 4934 4933
f 4813 4814 4934
f 4814 4935 4934
f 4814 4815 4935
f 4815 4936 4935
f 4815 4816 4936
f 4816 4937 4936
f 4816 4817 4937
f 4817 4938 4937
f 4817 4818 4938
f 4818 4939 4938
f 4818 4819 4939
f 4819 4940 4939
f 4819 4820 4940
f 4820 4941 4940
f 4820 4821 4941
f 4821 4942 4941
f 4821 4822 4942
f 4822 4943 4942
f 4822 4823 4943
f 4823 4944 4943
f 4823 4824 4944
f 4824 4945 4944
f 4824 4825 4945
f 4825 4946 4945
f 4825 4826 4946
f 4826 4947 4946
f 4826 4827 4947
f 4827 4948 4947
f 4827 4828 4948
f 4828 4949 4948
f 4828 4829 4949
f 4829 4950 4949
f 4829 4830 4950
f 4830 4951 4950
f 4830 4831 4951
f 4831 4952 4951
f 4831 4832 4952
f 4832 4953 4952
f 4832 4833 4953
f 4833 4954 4953
f 4833 4834 4954
f 4834 4955 4954
f 4834 4835 4955
f 4835 4956 4955
f 4835 4836 4956
f 4836 4957 4956
f 4836 4837 4957
f 4837 4958 4957
f 4837 4838 4958
f 4838 4959 4958
f 4838 4839 4959
f 4839 4960 4959
f 4839 4840 4960
f 4840 4961 4960
f 4841 4842 4962
f 4842 4963 4962
f 4842 4843 4963
f 4843 4964 4963
f 4843 4844 4964
f 4844 4965 4964
f 4844 4845 4965
f 4845 4966 4965
f 4845 4846 4966
f 4846 4967 4966
f 4846 4847 4967
f 4847 4968 4967
f 4847 4848 4968
f 4848 4969 4968
f 4848 4849 4969
f 4849 4970 4969
f 4849 4850 4970
f 4850 4971 4970
f 4850 4851 4971
f 4851 4972 4971
f 4851 4852 4972
f 4852 4973 4972
f 4852 4853 4973
f 4853 4974 4973
f 4853 4854 4974
f 4854 4975 4974
f 4854 4855 4975
f 4855 4976 4975
f 4855 4856 4976
f 4856 4977 4976
f 4856 4857 4977
f 4857 4978 4977
f 4857 4858 4978
f 4858 4979 4978
f 4858 4859 4979
f 4859 4980 4979
f 4859 4860 4980
f 4860 4981 4980
f 4860 4861 4981
f 4861 4982 4981
f 4861 4862 4982
f 4862 4983 4982
f 4862 4863 4983
f 4863 4984 4983
f 4863 4864 4984
f 4864 4985 4984
f 4864 4865 4985
f 4865 4986 4985
f 4865 4866 4986
f 4866 4987 4986
f 4866 4867 4987
f 4867 4988 4987
f 4867 4868 4988
f 4868 4989 4988
f 4868 4869 4989
f 4869 4990 4989
f 4869 4870 4990
f 4870 4991 4990
f 4870 4871 4991
f 4871 4992 4991
f 4871 4872 4992
f 4872 4993 4992
f 4872 4873 4993
f 4873 4994 4993
f 4873 4874 4994
f 4874 4995 4994
f 4874 4875 4995
f 4875 4996 4995
f 4875 4876 4996
f 4876 4997 4996
f 4876 4877 4997
f 4877 4998 4997
f 4877 4878 4998
f 4878 4999 4998
f 4878 4879 4999
f 4879 5000 4999
f 4879 4880 5000
f 4880 5001 5000
f 4880 4881 5001
f 4881 5002 5001
f 4881 4882 5002
f 4882 5003 5002
f 4882 4883 5003
f 4883 5004 5003
f 4883 4884 5004
f 4884 5005 5004
f 4884 4885 5005
f 4885 5006 5005
f 4885 4886 5006
f 4886 5007 5006
f 4886 4887 5007
f 4887 5008 5007
f 4887 4888 5008
f 4888 5009 5008
f 4888 4889 5009
f 4889 5010 5009
f 4889 4890 5010
f 4890 5011 5010
f 4890 4891 5011
f 4891 5012 5011
f 4891 4892 5012
f 4892 5013 5012
f 4892 4893 5013
f 4893 5014 5013
f 4893 4894 5014
f 4894 5015 5014
f 4894 4895 5015
f 4895 5016 5015
f 4895 4896 5016
f 4896 5017 5016
f 4896 4897 5017
f 4897 5018 5017
f 4897 4898 5018
f 4898 5019 5018
f 4898 4899 5019
f 4899 5020 5019
f 4899 4900 5020
f 4900 5021 5020
f 4900 4901 5021
f 4901 5022 5021
f 4901 4902 5022
f 4902 5023 5022
f 4902 4903 5023
f 4903 5024 5023
f 4903 4904 5024
f 4904 5025 5024
f 4904 4905 5025
f 4905 5026 5025
f 4905 4906 5026
f 4906 5027 5026
f 4906 4907 5027
f 4907 5028 5027
f 4907 4908 5028
f 4908 5029 5028
f 4908 4909 5029
f 4909 5030 5029
f 4909 4910 5030
f 4910 5031 5030
f 4910 4911 5031
f 4911 5032 5031
f 4911 4912 5032
f 4912 5033 5032
f 4912 4913 5033
f 4913 5034 5033
f 4913 4914 5034
f 4914 5035 5034
f 4914 4915 5035
f 4915 5036 5035
f 4915 4916 5036
f 4916 5037 5036
f 4916 4917 5037
f 4917 5038 5037
f 4917 4918 5038
f 4918 5039 5038
f 4918 4919 5039
f 4919 5040 5039
f 4919 4920 5040
f 4920 5041 5040
f 4920 4921 5041
f 4921 5042 5041
f 4921 4922 5042
f 4922 5043 5042
f 4922 4923 5043
f 4923 5044 5043
f 4923 4924 5044
f 4924 5045 5044
f 4924 4925 5045
f 4925 5046 5045
f 4925 4926 5046
f 4926 5047 5046
f 4926 4927 5047
f 4927 5048 5047
f 4927 4928 5048
f 4928 5049 5048
f 4928 4929 5049
f 4929 5050 5049
f 4929 4930 5050
f 4930 5051 5050
f 4930 4931 5051
f 4931 5052 5051
f 4931 4932 5052
f 4932 5053 5052
f 4932 4933 5053
f 4933 5054 5053
f 4933 4934 5054
f 4934 5055 5054
f 4934 4935 5055
f 4935 5056 5055
f 4935 4936 5056
f 4936 5057 5056
f 4936 4937 5057
f 4937 5058 5057
f 4937 4938 5058
f 4938 5059 5058
f 4938 4939 5059
f 4939 5060 5059
f 4939 4940 5060
f 4940 5061 5060
f 4940 4941 5061
f 4941 5062 5061
f 4941 4942 5062
f 4942 5063 5062
f 4942 4943 5063
f 4943 5064 5063
f 4943 4944 5064
f 4944 5065 5064
f 4944 4945 5065
f 4945 5066 5065
f 4945 4946 5066
f 4946 5067 5066
f 4946 4947 5067
f 4947 5068 5067
f 4947 4948 5068
f 4948 5069 5068
f 4948 4949 5069
f 4949 5070 5069
f 4949 4950 5070
f 4950 5071 5070
f 4950 4951 5071
f 4951 5072 5071
f 4951 4952 5072
f 4952 5073 5072
f 4952 4953 5073
f 4953 5074 5073
f 4953 4954 5074
f 4954 5075 5074
f 4954 4955 5075
f 4955 5076 5075
f 4955 4956 5076
f 4956 5077 5076
f 4956 4957 5077
f 4957 5078 5077
f 4957 4958 5078
f 4958 5079 5078
f 4958 4959 5079
f 4959 5080 5079
f 4959 4960 5080
f 4960 5081 5080
f 4960 4961 5081
f 4961 5082 5081
f 4962 4963 5083
f 4963 5084 5083
f 4963 4964 5084
f 4964 5085 5084
f 4964 4965 5085
f 4965 5086 5085
f 4965 4966 5086
f 4966 5087 5086
f 4966 4967 5087
f 4967 5088 5087
f 4967 4968 5088
f 4968 5089 5088
f 4968 4969 5089
f 4969 5090 5089
f 4969 4970 5090
f 4970 5091 5090
f 4970 4971 5091
f 4971 5092 5091
f 4971 4972 5092
f 4972 5093 5092
f 4972 4973 5093
f 4973 5094 5093
f 4973 4974 5094
f 4974 5095 5094
f 4974 4975 5095
f 4975 5096 5095
f 4975 4976 5096
f 4976 5097 5096
f 4976 4977 5097
f 4977 5098 5097
f 4977 4978 5098
f 4978 5099 5098
f 4978 4979 5099
f 4979 5100 5099
f 4979 4980 5100
f 4980 5101 5100
f 4980 4981 5101
f 4981 5102 5101
f 4981 4982 5102
f 4982 5103 5102
f 4982 4983 5103
f 4983 5104 5103
f 4983 4984 5104
f 4984 5105 5104
f 4984 4985 5105
f 4985 5106 5105
f 4985 4986 5106
f 4986 5107 5106
f 4986 4987 5107
f 4987 5108 5107
f 4987 4988 5108
f 4988 5109 5108
f 4988 4989 5109
f 4989 5110 5109
f 4989 4990 5110
f 4990 5111 5110
f 4990 4991 5111
f 4991 5112 5111
f 4991 4992 5112
f 4992 5113 5112
f 4992 4993 5113
f 4993 5114 5113
f 4993 4994 5114
f 4994 5115 5114
f 4994 4995 5115
f 4995 5116 5115
f 4995 4996 5116
f 4996 5117 5116
f 4996 4997 5117
f 4997 5118 5117
f 4997 4998 5118
f 4998 5119 5118
f 4998 4999 5119
f 4999 5120 5119
f 4999 5000 5120
f 5000 5121 5120
f 5000 5001 5121
f 5001 5122 5121
f 5001 5002 5122
f 5002 5123 5122
f 5002 5003 5123
f 5003 5124 5123
f 5003 5004 5124
f 5004 5125 5124
f 5004 5005 5125
f 5005 5126 5125
f 5005 5006 5126
f 5006 5127 5126
f 5006 5007 5127
f 5007 5128 5127
f 5007 5008 5128
f 5008 5129 5128
f 5008 5009 5129
f 5009 5130 5129
f 5009 5010 5130
f 5010 5131 5130
f 5010 5011 5131
f 5011 5132 5131
f 5011 5012 5132
f 5012 5133 5132
f 5012 5013 5133
f 5013 5134 5133
f 5013 5014 5134
f 5014 5135 5134
f 5014 5015 5135
f 5015 5136 5135
f 5015 5016 5136
f 5016 5137 5136
f 5016 5017 5137
f 5017 5138 5137
f 5017 5018 5138
f 5018 5139 5138
f 5018 5019 5139
f 5019 5140 5139
f 5019 5020 5140
f 5020 5141 5140
f 5020 5021 5141
f 5021 5142 5141
f 5021 5022 5142
f 5022 5143 5142
f 5022 5023 5143
f 5023 5144 5143
f 5023 5024 5144
f 5024 5145 5144
f 5024 5025 5145
f 5025 5146 5145
f 5025 5026 5146
f 5026 5147 5146
f 5026 5027 5147
f 5027 5148 5147
f 5027 5028 5148
f 5028 5149 5148
f 5028 5029 5149
f 5029 5150 5149
f 5029 5030 5150
f 5030 5151 5150
f 5030 5031 5151
f 5031 5152 5151
f 5031 5032 5152
f 5032 5153 5152
f 5032 5033 5153
f 5033 5154 5153
f 5033 5034 5154
f 5034 5155 5154
f 5034 5035 5155
f 5035 5156 5155
f 5035 5036 5156
f 5036 5157 5156
f 5036 5037 5157
f 5037 5158 5157
f 5037 5038 5158
f 5038 5159 5158
f 5038 5039 5159
f 5039 5160 5159
f 5039 5040 5160
f 5040 5161 5160
f 5040 5041 5161
f 5041 5162 5161
f 5041 5042 5162
f 5042 5163 5162
f 5042 5043 5163
f 5043 5164 5163
f 5043 5044 5164
f 5044 5165 5164
f 5044 5045 5165
f 5045 5166 5165
f 5045 5046 5166
f 5046 5167 5166
f 5046 5047 5167
f 5047 5168 5167
f 5047 5048 5168
f 5048 5169 5168
f 5048 5049 5169
f 5049 5170 5169
f 5049 5050 5170
f 5050 5171 5170
f 5050 5051 5171
f 5051 5172 5171
f 5051 5052 5172
f 5052 5173 5172
f 5052 5053 5173
f 5053 5174 5173
f 5053 5054 5174
f 5054 5175 5174
f 5054 5055 5175
f 5055 5176 5175
f 5055 5056 5176
f 5056 5177 5176
f 5056 5057 5177
f 5057 5178 5177
f 5057 5058 5178
f 5058 5179 5178
f 5058 5059 5179
f 5059 5180 5179
f 5059 5060 5180
f 5060 5181 5180
f 5060 5061 5181
f 5061 5182 5181
f 5061 5062 5182
f 5062 5183 5182
f 5062 5063 5183
f 5063 5184 5183
f 5063 5064 5184
f 5064 5185 5184
f 5064 5065 5185
f 5065 5186 5185
f 5065 5066 5186
f 5066 5187 5186
f 5066 5067 5187
f 5067 5188 5187
f 5067 5068 5188
f 5068 5189 5188
f 5068 5069 5189
f 5069 5190 5189
f 5069 5070 5190
f 5070 5191 5190
f 5070 5071 5191
f 5071 5192 5191
f 5071 5072 5192
f 5072 5193 5192
f 5072 5073 5193
f 5073 5194 5193
f 5073 5074 5194
f 5074 5195 5194
f 5074 5075 5195
f 5075 5196 5195
f 5075 5076 5196
f 5076 5197 5196
f 5076 5077 5197
f 5077 5198 5197
f 5077 5078 5198
f 5078 5199 5198
f 5078 5079 5199
f 5079 5200 5199
f 5079 5080 5200
f 5080 5201 5200
f 5080 5081 5201
f 5081 5202 5201
f 5081 5082 5202
f 5082 5203 5202
f 5083 5084 5204
f 5084 5205 5204
f 5084 5085 5205
f 5085 5206 5205
f 5085 5086 5206
f 5086 5207 5206
f 5086 5087 5207
f 5087 5208 5207
f 5087 5088 5208
f 5088 5209 5208
f 5088 5089 5209
f 5089 5210 5209
f 5089 5090 5210
f 5090 5211 5210
f 5090 5091 5211
f 5091 5212 5211
f 5091 5092 5212
f 5092 5213 5212
f 5092 5093 5213
f 5093 5214 5213
f 5093 5094 5214
f 5094 5215 5214
f 5094 5095 5215
f 5095 5216 5215
f 5095 5096 5216
f 5096 5217 5216
f 5096 5097 5217
f 5097 5218 5217
f 5097 5098 5218
f 5098 5219 5218
f 5098 5099 5219
f 5099 5220 5219
f 5099 5100 5220
f 5100 5221 5220
f 5100 5101 5221
f 5101 5222 5221
f 5101 5102 5222
f 5102 5223 5222
f 5102 5103 5223
f 5103 5224 5223
f 5103 5104 5224
f 5104 5225 5224
f 5104 5105 5225
f 5105 5226 5225
f 5105 5106 5226
f 5106 5227 5226
f 5106 5107 5227
f 5107 5228 5227
f 5107 5108 5228
f 5108 5229 5228
f 5108 5109 5229
f 5109 5230 5229
f 5109 5110 5230
f 5110 5231 5230
f 5110 5111 5231
f 5111 5232 5231
f 5111 5112 5232
f 5112 5233 5232
f 5112 5113 5233
f 5113 5234 5233
f 5113 5114 5234
f 5114 5235 5234
f 5114 5115 5235
f 5115 5236 5235
f 5115 5116 5236
f 5116 5237 5236
f 5116 5117 5237
f 5117 5238 5237
f 5117 5118 5238
f 5118 5239 5238
f 5118 5119 5239
f 5119 5240 5239
f 5119 5120 5240
f 5120 5241 5240
f 5120 5121 5241
f 5121 5242 5241
f 5121 5122 5242
f 5122 5243 5242
f 5122 5123 5243
f 5123 5244 5243
f 5123 5124 5244
f 5124 5245 5244
f 5124 5125 5245
f 5125 5246 5245
f 5125 5126 5246
f 5126 5247 5246
f 5126 5127 5247
f 5127 5248 5247
f 5127 5128 5248
f 5128 5249 5248
f 5128 5129 5249
f 5129 5250 5249
f 5129 5130 5250
f 5130 5251 5250
f 5130 5131 5251
f 5131 5252 5251
f 5131 5132 5252
f 5132 5253 5252
f 5132 5133 5253
f 5133 5254 5253
f 5133 5134 5254
f 5134 5255 5254
f 5134 5135 5255
f 5135 5256 5255
f 5135 5136 5256
f 5136 5257 5256
f 5136 5137 5257
f 5137 5258 5257
f 5137 5138 5258
f 5138 5259 5258
f 5138 5139 5259
f 5139 5260 5259
f 5139 5140 5260
f 5140 5261 5260
f 5140 5141 5261
f 5141 5262 5261
f 5141 5142 5262
f 5142 5263 5262
f 5142 5143 5263
f 5143 5264 5263
f 5143 5144 5264
f 5144 5265 5264
f 5144 5145 5265
f 5145 5266 5265
f 5145 5146 5266
f 5146 5267 5266
f 5146 5147 5267
f 5147 5268 5267
f 5147 5148 5268
f 5148 5269 5268
f 5148 5149 5269
f 5149 5270 5269
f 5149 5150 5270
f 5150 5271 5270
f 5150 5151 5271
f 5151 5272 5271
f 5151 5152 5272
f 5152 5273 5272
f 5152 5153 5273
f 5153 5274 5273
f 5153 5154 5274
f 5154 5275 5274
f 5154 5155 5275
f 5155 5276 5275
f 5155 5156 5276
f 5156 5277 5276
f 5156 5157 5277
f 5157 5278 5277
f 5157 5158 5278
f 5158 5279 5278
f 5158 5159 5279
f 5159 5280 5279
f 5159 5160 5280
f 5160 5281 5280
f 5160 5161 5281
f 5161 5282 5281
f 5161 5162 5282
f 5162 5283 5282
f 5162 5163 5283
f 5163 5284 5283
f 5163 5164 5284
f 5164 5285 5284
f 5164 5165 5285
f 5165 5286 5285
f 5165 5166 5286
f 5166 5287 5286
f 5166 5167 5287
f 5167 5288 5287
f 5167 5168 5288
f 5168 5289 5288
f 5168 5169 5289
f 5169 5290 5289
f 5169 5170 5290
f 5170 5291 5290
f 5170 5171 5291
f 5171 5292 5291
f 5171 5172 5292
f 5172 5293 5292
f 5172 5173 5293
f 5173 5294 5293
f 5173 5174 5294
f 5174 5295 5294
f 5174 5175 5295
f 5175 5296 5295
f 5175 5176 5296
f 5176 5297 5296
f 5176 5177 5297
f 5177 5298 5297
f 5177 5178 5298
f 5178 5299 5298
f 5178 5179 5299
f 5179 5300 5299
f 5179 5180 5300
f 5180 5301 5300
f 5180 5181 5301
f 5181 5302 5301
f 5181 5182 5302
f 5182 5303 5302
f 5182 5183 5303
f 5183 5304 5303
f 5183 5184 5304
f 5184 5305 5304
f 5184 5185 5305
f 5185 5306 5305
f 5185 5186 5306
f 5186 5307 5306
f 5186 5187 5307
f 5187 5308 5307
f 5187 5188 5308
f 5188 5309 5308
f 5188 5189 5309
f 5189 5310 5309
f 5189 5190 5310
f 5190 5311 5310
f 5190 5191 5311
f 5191 5312 5311
f 5191 5192 5312
f 5192 5313 5312
f 5192 5193 5313
f 5193 5314 5313
f 5193 5194 5314
f 5194 5315 5314
f 5194 5195 5315
f 5195 5316 5315
f 5195 5196 5316
f 5196 5317 5316
f 5196 5197 5317
f 5197 5318 5317
f 5197 5198 5318
f 5198 5319 5318
f 5198 5199 5319
f 5199 5320 5319
f 5199 5200 5320
f 5200 5321 5320
f 5200 5201 5321
f 5201 5322 5321
f 5201 5202 5322
f 5202 5323 5322
f 5202 5203 5323
f 5203 5324 5323
f 5204 5205 5325
f 5205 5326 5325
f 5205 5206 5326
f 5206 5327 5326
f 5206 5207 5327
f 5207 5328 5327
f 5207 5208 5328
f 5208 5329 5328
f 5208 5209 5329
f 5209 5330 5329
f 5209 5210 5330
f 5210 5331 5330
f 5210 5211 5331
f 5211 5332 5331
f 5211 5212 5332
f 5212 5333 5332
f 5212 5213 5333
f 5213 5334 5333
f 5213 5214 5334
f 5214 5335 5334
f 5214 5215 5335
f 5215 5336 5335
f 5215 5216 5336
f 5216 5337 5336
f 5216 5217 5337
f 5217 5338 5337
f 5217 5218 5338
f 5218 5339 5338
f 5218 5219 5339
f 5219 5340 5339
f 5219 5220 5340
f 5220 5341 5340
f 5220 5221 5341
f 5221 5342 5341
f 5221 5222 5342
f 5222 5343 5342
f 5222 5223 5343
f 5223 5344 5343
f 5223 5224 5344
f 5224 5345 5344
f 5224 5225 5345
f 5225 5346 5345
f 5225 5226 5346
f 5226 5347 5346
f 5226 5227 5347
f 5227 5348 5347
f 5227 5228 5348
f 5228 5349 5348
f 5228 5229 5349
f 5229 5350 5349
f 5229 5230 5350
f 5230 5351 5350
f 5230 5231 5351
f 5231 5352 5351
f 5231 5232 5352
f 5232 5353 5352
f 5232 5233 5353
f 5233 5354 5353
f 5233 5234 5354
f 5234 5355 5354
f 5234 5235 5355
f 5235 5356 5355
f 5235 5236 5356
f 5236 5357 5356
f 5236 5237 5357
f 5237 5358 5357
f 5237 5238 5358
f 5238 5359 5358
f 5238 5239 5359
f 5239 5360 5359
f 5239 5240 5360
f 5240 5361 5360
f 5240 5241 5361
f 5241 5362 5361
f 5241 5242 5362
f 5242 5363 5362
f 5242 5243 5363
f 5243 5364 5363
f 5243 5244 5364
f 5244 5365 5364
f 5244 5245 5365
f 5245 5366 5365
f 5245 5246 5366
f 5246 5367 5366
f 5246 5247 5367
f 5247 5368 5367
f 5247 5248 5368
f 5248 5369 5368
f 5248 5249 5369
f 5249 5370 5369
f 5249 5250 5370
f 5250 5371 5370
f 5250 5251 5371
f 5251 5372 5371
f 5251 5252 5372
f 5252 5373 5372
f 5252 5253 5373
f 5253 5374 5373
f 5253 5254 5374
f 5254 5375 5374
f 5254 5255 5375
f 5255 5376 5375
f 5255 5256 5376
f 5256 5377 5376
f 5256 5257 5377
f 5257 5378 5377
f 5257 5258 5378
f 5258 5379 5378
f 5258 5259 5379
f 5259 5380 5379
f 5259 5260 5380
f 5260 5381 5380
f 5260 5261 5381
f 5261 5382 5381
f 5261 5262 5382
f 5262 5383 5382
f 5262 5263 5383
f 5263 5384 5383
f 5263 5264 5384
f 5264 5385 5384
f 5264 5265 5385
f 5265 5386 5385
f 5265 5266 5386
f 5266 5387 5386
f 5266 5267 5387
f 5267 5388 5387
f 5267 5268 5388
f 5268 5389 5388
f 5268 5269 5389
f 5269 5390 5389
f 5269 5270 5390
f 5270 5391 5390
f 5270 5271 5391
f 5271 5392 5391
f 5271 5272 5392
f 5272 5393 5392
f 5272 5273 5393
f 5273 5394 5393
f 5273 5274 5394
f 5274 5395 5394
f 5274 5275 5395
f 5275 5396 5395
f 5275 5276 5396
f 5276 5397 5396
f 5276 5277 5397
f 5277 5398 5397
f 5277 5278 5398
f 5278 5399 5398
f 5278 5279 5399
f 5279 5400 5399
f 5279 5280 5400
f 5280 5401 5400
f 5280 5281 5401
f 5281 5402 5401
f 5281 5282 5402
f 5282 5403 5402
f 5282 5283 5403
f 5283 5404 5403
f 5283 5284 5404
f 5284 5405 5404
f 5284 5285 5405
f 5285 5406 5405
f 5285 5286 5406
f 5286 5407 5406
f 5286 5287 5407
f 5287 5408 5407
f 5287 5288 5408
f 5288 5409 5408
f 5288 5289 5409
f 5289 5410 5409
f 5289 5290 5410
f 5290 5411 5410
f 5290 5291 5411
f 5291 5412 5411
f 5291 5292 5412
f 5292 5413 5412
f 5292 5293 5413
f 5293 5414 5413
f 5293 5294 5414
f 5294 5415 5414
f 5294 5295 5415
f 5295 5416 5415
f 5295 5296 5416
f 5296 5417 5416
f 5296 5297 5417
f 5297 5418 5417
f 5297 5298 5418
f 5298 5419 5418
f 5298 5299 5419
f 5299 5420 5419
f 5299 5300 5420
f 5300 5421 5420
f 5300 5301 5421
f 5301 5422 5421
f 5301 5302 5422
f 5302 5423 5422
f 5302 5303 5423
f 5303 5424 5423
f 5303 5304 5424
f 5304 5425 5424
f 5304 5305 5425
f 5305 5426 5425
f 5305 5306 5426
f 5306 5427 5426
f 5306 5307 5427
f 5307 5428 5427
f 5307 5308 5428
f 5308 5429 5428
f 5308 5309 5429
f 5309 5430 5429
f 5309 5310 5430
f 5310 5431 5430
f 5310 5311 5431
f 5311 5432 5431
f 5311 5312 5432
f 5312 5433 5432
f 5312 5313 5433
f 5313 5434 5433
f 5313 5314 5434
f 5314 5435 5434
f 5314 5315 5435
f 5315 5436 5435
f 5315 5316 5436
f 5316 5437 5436
f 5316 5317 5437
f 5317 5438 5437
f 5317 5318 5438
f 5318 5439 5438
f 5318 5319 5439
f 5319 5440 5439
f 5319 5320 5440
f 5320 5441 5440
f 5320 5321 5441
f 5321 5442 5441
f 5321 5322 5442
f 5322 5443 5442
f 5322 5323 5443
f 5323 5444 5443
f 5323 5324 5444
f 5324 5445 5444
f 5325 5326 5446
f 5326 5447 5446
f 5326 5327 5447
f 5327 5448 5447
f 5327 5328 5448
f 5328 5449 5448
f 5328 5329 5449
f 5329 5450 5449
f 5329 5330 5450
f 5330 5451 5450
f 5330 5331 5451
f 5331 5452 5451
f 5331 5332 5452
f 5332 5453 5452
f 5332 5333 5453
f 5333 5454 5453
f 5333 5334 5454
f 5334 5455 5454
f 5334 5335 5455
f 5335 5456 5455
f 5335 5336 5456
f 5336 5457 5456
f 5336 5337 5457
f 5337 5458 5457
f 5337 5338 5458
f 5338 5459 5458
f 5338 5339 5459
f 5339 5460 5459
f 5339 5340 5460
f 5340 5461 5460
f 5340 5341 5461
f 5341 5462 5461
f 5341 5342 5462
f 5342 5463 5462
f 5342 5343 5463
f 5343 5464 5463
f 5343 5344 5464
f 5344 5465 5464
f 5344 5345 5465
f 5345 5466 5465
f 5345 5346 5466
f 5346 5467 5466
f 5346 5347 5467
f 5347 5468 5467
f 5347 5348 5468
f 5348 5469 5468
f 5348 5349 5469
f 5349 5470 5469
f 5349 5350 5470
f 5350 5471 5470
f 5350 5351 5471
f 5351 5472 5471
f 5351 5352 5472
f 5352 5473 5472
f 5352 5353 5473
f 5353 5474 5473
f 5353 5354 5474
f 5354 5475 5474
f 5354 5355 5475
f 5355 5476 5475
f 5355 5356 5476
f 5356 5477 5476
f 5356 5357 5477
f 5357 5478 5477
f 5357 5358 5478
f 5358 5479 5478
f 5358 5359 5479
f 5359 5480 5479
f 5359 5360 5480
f 5360 5481 5480
f 5360 5361 5481
f 5361 5482 5481
f 5361 5362 5482
f 5362 5483 5482
f 5362 5363 5483
f 5363 5484 5483
f 5363 5364 5484
f 5364 5485 5484
f 5364 5365 5485
f 5365 5486 5485
f 5365 5366 5486
f 5366 5487 5486
f 5366 5367 5487
f 5367 5488 5487
f 5367 5368 5488
f 5368 5489 5488
f 5368 5369 5489
f 5369 5490 5489
f 5369 5370 5490
f 5370 5491 5490
f 5370 5371 5491
f 5371 5492 5491
f 5371 5372 5492
f 5372 5493 5492
f 5372 5373 5493
f 5373 5494 5493
f 5373 5374 5494
f 5374 5495 5494
f 5374 5375 5495
f 5375 5496 5495
f 5375 5376 5496
f 5376 5497 5496
f 5376 5377 5497
f 5377 5498 5497
f 5377 5378 5498
f 5378 5499 5498
f 5378 5379 5499
f 5379 5500 5499
f 5379 5380 5500
f 5380 5501 5500
f 5380 5381 5501
f 5381 5502 5501
f 5381 5382 5502
f 5382 5503 5502
f 5382 5383 5503
f 5383 5504 5503
f 5383 5384 5504
f 5384 5505 5504
f 5384 5385 5505
f 5385 5506 5505
f 5385 5386 5506
f 5386 5507 5506
f 5386 5387 5507
f 5387 5508 5507
f 5387 5388 5508
f 5388 5509 5508
f 5388 5389 5509
f 5389 5510 5509
f 5389 5390 5510
f 5390 5511 5510
f 5390 5391 5511
f 5391 5512 5511
f 5391 5392 5512
f 5392 5513 5512
f 5392 5393 5513
f 5393 5514 5513
f 5393 5394 5514
f 5394 5515 5514
f 5394 5395 5515
f 5395 5516 5515
f 5395 5396 5516
f 5396 5517 5516
f 5396 5397 5517
f 5397 5518 5517
f 5397 5398 5518
f 5398 5519 5518
f 5398 5399 5519
f 5399 5520 5519
f 5399 5400 5520
f 5400 5521 5520
f 5400 5401 5521
f 5401 5522 5521
f 5401 5402 5522
f 5402 5523 5522
f 5402 5403 5523
f 5403 5524 5523
f 5403 5404 5524
f 5404 5525 5524
f 5404 5405 5525
f 5405 5526 5525
f 5405 5406 5526
f 5406 5527 5526
f 5406 5407 5527
f 5407 5528 5527
f 5407 5408 5528
f 5408 5529 5528
f 5408 5409 5529
f 5409 5530 5529
f 5409 5410 5530
f 5410 5531 5530
f 5410 5411 5531
f 5411 5532 5531
f 5411 5412 5532
f 5412 5533 5532
f 5412 5413 5533
f 5413 5534 5533
f 5413 5414 5534
f 5414 5535 5534
f 5414 5415 5535
f 5415 5536 5535
f 5415 5416 5536
f 5416 5537 5536
f 5416 5417 5537
f 5417 5538 5537
f 5417 5418 5538
f 5418 5539 5538
f 5418 5419 5539
f 5419 5540 5539
f 5419 5420 5540
f 5420 5541 5540
f 5420 5421 5541
f 5421 5542 5541
f 5421 5422 5542
f 5422 5543 5542
f 5422 5423 5543
f 5423 5544 5543
f 5423 5424 5544
f 5424 5545 5544
f 5424 5425 5545
f 5425 5546 5545
f 5425 5426 5546
f 5426 5547 5546
f 5426 5427 5547
f 5427 5548 5547
f 5427 5428 5548
f 5428 5549 5548
f 5428 5429 5549
f 5429 5550 5549
f 5429 5430 5550
f 5430 5551 5550
f 5430 5431 5551
f 5431 5552 5551
f 5431 5432 5552
f 5432 5553 5552
f 5432 5433 5553
f 5433 5554 5553
f 5433 5434 5554
f 5434 5555 5554
f 5434 5435 5555
f 5435 5556 5555
f 5435 5436 5556
f 5436 5557 5556
f 5436 5437 5557
f 5437 5558 5557
f 5437 5438 5558
f 5438 5559 5558
f 5438 5439 5559
f 5439 5560 5559
f 5439 5440 5560
f 5440 5561 5560
f 5440 5441 5561
f 5441 5562 5561
f 5441 5442 5562
f 5442 5563 5562
f 5442 5443 5563
f 5443 5564 5563
f 5443 5444 5564
f 5444 5565 5564
f 5444 5445 5565
f 5445 5566 5565
f 5446 5447 5567
f 5447 5568 5567
f 5447 5448 5568
f 5448 5569 5568
f 5448 5449 5569
f 5449 5570 5569
f 5449 5450 5570
f 5450 5571 5570
f 5450 5451 5571
f 5451 5572 5571
f 5451 5452 5572
f 5452 5573 5572
f 5452 5453 5573
f 5453 5574 5573
f 5453 5454 5574
f 5454 5575 5574
f 5454 5455 5575
f 5455 5576 5575
f 5455 5456 5576
f 5456 5577 5576
f 5456 5457 5577
f 5457 5578 5577
f 5457 5458 5578
f 5458 5579 5578
f 5458 5459 5579
f 5459 5580 5579
f 5459 5460 5580
f 5460 5581 5580
f 5460 5461 5581
f 5461 5582 5581
f 5461 5462 5582
f 5462 5583 5582
f 5462 5463 5583
f 5463 5584 5583
f 5463 5464 5584
f 5464 5585 5584
f 5464 5465 5585
f 5465 5586 5585
f 5465 5466 5586
f 5466 5587 5586
f 5466 5467 5587
f 5467 5588 5587
f 5467 5468 5588
f 5468 5589 5588
f 5468 5469 5589
f 5469 5590 5589
f 5469 5470 5590
f 5470 5591 5590
f 5470 5471 5591
f 5471 5592 5591
f 5471 5472 5592
f 5472 5593 5592
f 5472 5473 5593
f 5473 5594 5593
f 5473 5474 5594
f 5474 5595 5594
f 5474 5475 5595
f 5475 5596 5595
f 5475 5476 5596
f 5476 5597 5596
f 5476 5477 5597
f 5477 5598 5597
f 5477 5478 5598
f 5478 5599 5598
f 5478 5479 5599
f 5479 5600 5599
f 5479 5480 5600
f 5480 5601 5600
f 5480 5481 5601
f 5481 5602 5601
f 5481 5482 5602
f 5482 5603 5602
f 5482 5483 5603
f 5483 5604 5603
f 5483 5484 5604
f 5484 5605 5604
f 5484 5485 5605
f 5485 5606 5605
f 5485 5486 5606
f 5486 5607 5606
f 5486 5487 5607
f 5487 5608 5607
f 5487 5488 5608
f 5488 5609 5608
f 5488 5489 5609
f 5489 5610 5609
f 5489 5490 5610
f 5490 5611 5610
f 5490 5491 5611
f 5491 5612 5611
f 5491 5492 5612
f 5492 5613 5612
f 5492 5493 5613
f 5493 5614 5613
f 5493 5494 5614
f 5494 5615 5614
f 5494 5495 5615
f 5495 5616 5615
f 5495 5496 5616
f 5496 5617 5616
f 5496 5497 5617
f 5497 5618 5617
f 5497 5498 5618
f 5498 5619 5618
f 5498 5499 5619
f 5499 5620 5619
f 5499 5500 5620
f 5500 5621 5620
f 5500 5501 5621
f 5501 5622 5621
f 5501 5502 5622
f 5502 5623 5622
f 5502 5503 5623
f 5503 5624 5623
f 5503 5504 5624
f 5504 5625 5624
f 5504 5505 5625
f 5505 5626 5625
f 5505 5506 5626
f 5506 5627 5626
f 5506 5507 5627
f 5507 5628 5627
f 5507 5508 5628
f 5508 5629 5628
f 5508 5509 5629
f 5509 5630 5629
f 5509 5510 5630
f 5510 5631 5630
f 5510 5511 5631
f 5511 5632 5631
f 5511 5512 5632
f 5512 5633 5632
f 5512 5513 5633
f 5513 5634 5633
f 5513 5514 5634
f 5514 5635 5634
f 5514 5515 5635
f 5515 5636 5635
f 5515 5516 5636
f 5516 5637 5636
f 5516 5517 5637
f 5517 5638 5637
f 5517 5518 5638
f 5518 5639 5638
f 5518 5519 5639
f 5519 5640 5639
f 5519 5520 5640
f 5520 5641 5640
f 5520 5521 5641
f 5521 5642 5641
f 5521 5522 5642
f 5522 5643 5642
f 5522 5523 5643
f 5523 5644 5643
f 5523 5524 5644
f 5524 5645 5644
f 5524 5525 5645
f 5525 5646 5645
f 5525 5526 5646
f 5526 5647 5646
f 5526 5527 5647
f 5527 5648 5647
f 5527 5528 5648
f 5528 5649 5648
f 5528 5529 5649
f 5529 5650 5649
f 5529 5530 5650
f 5530 5651 5650
f 5530 5531 5651
f 5531 5652 5651
f 5531 5532 5652
f 5532 5653 5652
f 5532 5533 5653
f 5533 5654 5653
f 5533 5534 5654
f 5534 5655 5654
f 5534 5535 5655
f 5535 5656 5655
f 5535 5536 5656
f 5536 5657 5656
f 5536 5537 5657
f 5537 5658 5657
f 5537 5538 5658
f 5538 5659 5658
f 5538 5539 5659
f 5539 5660 5659
f 5539 5540 5660
f 5540 5661 5660
f 5540 5541 5661
f 5541 5662 5661
f 5541 5542 5662
f 5542 5663 5662
f 5542 5543 5663
f 5543 5664 5663
f 5543 5544 5664
f 5544 5665 5664
f 5544 5545 5665
f 5545 5666 5665
f 5545 5546 5666
f 5546 5667 5666
f 5546 5547 5667
f 5547 5668 5667
f 5547 5548 5668
f 5548 5669 5668
f 5548 5549 5669
f 5549 5670 5669
f 5549 5550 5670
f 5550 5671 5670
f 5550 5551 5671
f 5551 5672 5671
f 5551 5552 5672
f 5552 5673 5672
f 5552 5553 5673
f 5553 5674 5673
f 5553 5554 5674
f 5554 5675 5674
f 5554 5555 5675
f 5555 5676 5675
f 5555 5556 5676
f 5556 5677 5676
f 5556 5557 5677
f 5557 5678 5677
f 5557 5558 5678
f 5558 5679 5678
f 5558 5559 5679
f 5559 5680 5679
f 5559 5560 5680
f 5560 5681 5680
f 5560 5561 5681
f 5561 5682 5681
f 5561 5562 5682
f 5562 5683 5682
f 5562 5563 5683
f 5563 5684 5683
f 5563 5564 5684
f 5564 5685 5684
f 5564 5565 5685
f 5565 5686 5685
f 5565 5566 5686
f 5566 5687 5686
f 5567 5568 5688
f 5568 5689 5688
f 5568 5569 5689
f 5569 5690 5689
f 5569 5570 5690
f 5570 5691 5690
f 5570 5571 5691
f 5571 5692 5691
f 5571 5572 5692
f 5572 5693 5692
f 5572 5573 5693
f 5573 5694 5693
f 5573 5574 5694
f 5574 5695 5694
f 5574 5575 5695
f 5575 5696 5695
f 5575 5576 5696
f 5576 5697 5696
f 5576 5577 5697
f 5577 5698 5697
f 5577 5578 5698
f 5578 5699 5698
f 5578 5579 5699
f 5579 5700 5699
f 5579 5580 5700
f 5580 5701 5700
f 5580 5581 5701
f 5581 5702 5701
f 5581 5582 5702
f 5582 5703 5702
f 5582 5583 5703
f 5583 5704 5703
f 5583 5584 5704
f 5584 5705 5704
f 5584 5585 5705
f 5585 5706 5705
f 5585 5586 5706
f 5586 5707 5706
f 5586 5587 5707
f 5587 5708 5707
f 5587 5588 5708
f 5588 5709 5708
f 5588 5589 5709
f 5589 5710 5709
f 5589 5590 5710
f 5590 5711 5710
f 5590 5591 5711
f 5591 5712 5711
f 5591 5592 5712
f 5592 5713 5712
f 5592 5593 5713
f 5593 5714 5713
f 5593 5594 5714
f 5594 5715 5714
f 5594 5595 5715
f 5595 5716 5715
f 5595 5596 5716
f 5596 5717 5716
f 5596 5597 5717
f 5597 5718 5717
f 5597 5598 5718
f 5598 5719 5718
f 5598 5599 5719
f 5599 5720 5719
f 5599 5600 5720
f 5600 5721 5720
f 5600 5601 5721
f 5601 5722 5721
f 5601 5602 5722
f 5602 5723 5722
f 5602 5603 5723
f 5603 5724 5723
f 5603 5604 5724
f 5604 5725 5724
f 5604 5605 5725
f 5605 5726 5725
f 5605 5606 5726
f 5606 5727 5726
f 5606 5607 5727
f 5607 5728 5727
f 5607 5608 5728
f 5608 5729 5728
f 5608 5609 5729
f 5609 5730 5729
f 5609 5610 5730
f 5610 5731 5730
f 5610 5611 5731
f 5611 5732 5731
f 5611 5612 5732
f 5612 5733 5732
f 5612 5613 5733
f 5613 5734 5733
f 5613 5614 5734
f 5614 5735 5734
f 5614 5615 5735
f 5615 5736 5735
f 5615 5616 5736
f 5616 5737 5736
f 5616 5617 5737
f 5617 5738 5737
f 5617 5618 5738
f 5618 5739 5738
f 5618 5619 5739
f 5619 5740 5739
f 5619 5620 5740
f 5620 5741 5740
f 5620 5621 5741
f 5621 5742 5741
f 5621 5622 5742
f 5622 5743 5742
f 5622 5623 5743
f 5623 5744 5743
f 5623 5624 5744
f 5624 5745 5744
f 5624 5625 5745
f 5625 5746 5745
f 5625 5626 5746
f 5626 5747 5746
f 5626 5627 5747
f 5627 5748 5747
f 5627 5628 5748
f 5628 5749 5748
f 5628 5629 5749
f 5629 5750 5749
f 5629 5630 5750
f 5630 5751 5750
f 5630 5631 5751
f 5631 5752 5751
f 5631 5632 5752
f 5632 5753 5752
f 5632 5633 5753
f 5633 5754 5753
f 5633 5634 5754
f 5634 5755 5754
f 5634 5635 5755
f 5635 5756 5755
f 5635 5636 5756
f 5636 5757 5756
f 5636 5637 5757
f 5637 5758 5757
f 5637 5638 5758
f 5638 5759 5758
f 5638 5639 5759
f 5639 5760 5759
f 5639 5640 5760
f 5640 5761 5760
f 5640 5641 5761
f 5641 5762 5761
f 5641 5642 5762
f 5642 5763 5762
f 5642 5643 5763
f 5643 5764 5763
f 5643 5644 5764
f 5644 5765 5764
f 5644 5645 5765
f 5645 5766 5765
f 5645 5646 5766
f 5646 5767 5766
f 5646 5647 5767
f 5647 5768 5767
f 5647 5648 5768
f 5648 5769 5768
f 5648 5649 5769
f 5649 5770 5769
f 5649 5650 5770
f 5650 5771 5770
f 5650 5651 5771
f 5651 5772 5771
f 5651 5652 5772
f 5652 5773 5772
f 5652 5653 5773
f 5653 5774 5773
f 5653 5654 5774
f 5654 5775 5774
f 5654 5655 5775
f 5655 5776 5775
f 5655 5656 5776
f 5656 5777 5776
f 5656 5657 5777
f 5657 5778 5777
f 5657 5658 5778
f 5658 5779 5778
f 5658 5659 5779
f 5659 5780 5779
f 5659 5660 5780
f 5660 5781 5780
f 5660 5661 5781
f 5661 5782 5781
f 5661 5662 5782
f 5662 5783 5782
f 5662 5663 5783
f 5663 5784 5783
f 5663 5664 5784
f 5664 5785 5784
f 5664 5665 5785
f 5665 5786 5785
f 5665 5666 5786
f 5666 5787 5786
f 5666 5667 5787
f 5667 5788 5787
f 5667 5668 5788
f 5668 5789 5788
f 5668 5669 5789
f 5669 5790 5789
f 5669 5670 5790
f 5670 5791 5790
f 5670 5671 5791
f 5671 5792 5791
f 5671 5672 5792
f 5672 5793 5792
f 5672 5673 5793
f 5673 5794 5793
f 5673 5674 5794
f 5674 5795 5794
f 5674 5675 5795
f 5675 5796 5795
f 5675 5676 5796
f 5676 5797 5796
f 5676 5677 5797
f 5677 5798 5797
f 5677 5678 5798
f 5678 5799 5798
f 5678 5679 5799
f 5679 5800 5799
f 5679 5680 5800
f 5680 5801 5800
f 5680 5681 5801
f 5681 5802 5801
f 5681 5682 5802
f 5682 5803 5802
f 5682 5683 5803
f 5683 5804 5803
f 5683 5684 5804
f 5684 5805 5804
f 5684 5685 5805
f 5685 5806 5805
f 5685 5686 5806
f 5686 5807 5806
f 5686 5687 5807
f 5687 5808 5807
f 5688 5689 5809
f 5689 5810 5809
f 5689 5690 5810
f 5690 5811 5810
f 5690 5691 5811
f 5691 5812 5811
f 5691 5692 5812
f 5692 5813 5812
f 5692 5693 5813
f 5693 5814 5813
f 5693 5694 5814
f 5694 5815 5814
f 5694 5695 5815
f 5695 5816 5815
f 5695 5696 5816
f 5696 5817 5816
f 5696 5697 5817
f 5697 5818 5817
f 5697 5698 5818
f 5698 5819 5818
f 5698 5699 5819
f 5699 5820 5819
f 5699 5700 5820
f 5700 5821 5820
f 5700 5701 5821
f 5701 5822 5821
f 5701 5702 5822
f 5702 5823 5822
f 5702 5703 5823
f 5703 5824 5823
f 5703 5704 5824
f 5704 5825 5824
f 5704 5705 5825
f 5705 5826 5825
f 5705 5706 5826
f 5706 5827 5826
f 5706 5707 5827
f 5707 5828 5827
f 5707 5708 5828
f 5708 5829 5828
f 5708 5709 5829
f 5709 5830 5829
f 5709 5710 5830
f 5710 5831 5830
f 5710 5711 5831
f 5711 5832 5831
f 5711 5712 5832
f 5712 5833 5832
f 5712 5713 5833
f 5713 5834 5833
f 5713 5714 5834
f 5714 5835 5834
f 5714 5715 5835
f 5715 5836 5835
f 5715 5716 5836
f 5716 5837 5836
f 5716 5717 5837
f 5717 5838 5837
f 5717 5718 5838
f 5718 5839 5838
f 5718 5719 5839
f 5719 5840 5839
f 5719 5720 5840
f 5720 5841 5840
f 5720 5721 5841
f 5721 5842 5841
f 5721 5722 5842
f 5722 5843 5842
f 5722 5723 5843
f 5723 5844 5843
f 5723 5724 5844
f 5724 5845 5844
f 5724 5725 5845
f 5725 5846 5845
f 5725 5726 5846
f 5726 5847 5846
f 5726 5727 5847
f 5727 5848 5847
f 5727 5728 5848
f 5728 5849 5848
f 5728 5729 5849
f 5729 5850 5849
f 5729 5730 5850
f 5730 5851 5850
f 5730 5731 5851
f 5731 5852 5851
f 5731 5732 5852
f 5732 5853 5852
f 5732 5733 5853
f 5733 5854 5853
f 5733 5734 5854
f 5734 5855 5854
f 5734 5735 5855
f 5735 5856 5855
f 5735 5736 5856
f 5736 5857 5856
f 5736 5737 5857
f 5737 5858 5857
f 5737 5738 5858
f 5738 5859 5858
f 5738 5739 5859
f 5739 5860 5859
f 5739 5740 5860
f 5740 5861 5860
f 5740 5741 5861
f 5741 5862 5861
f 5741 5742 5862
f 5742 5863 5862
f 5742 5743 5863
f 5743 5864 5863
f 5743 5744 5864
f 5744 5865 5864
f 5744 5745 5865
f 5745 5866 5865
f 5745 5746 5866
f 5746 5867 5866
f 5746 5747 5867
f 5747 5868 5867
f 5747 5748 5868
f 5748 5869 5868
f 5748 5749 5869
f 5749 5870 5869
f 5749 5750 5870
f 5750 5871 5870
f 5750 5751 5871
f 5751 5872 5871
f 5751 5752 5872
f 5752 5873 5872
f 5752 5753 5873
f 5753 5874 5873
f 5753 5754 5874
f 5754 5875 5874
f 5754 5755 5875
f 5755 5876 5875
f 5755 5756 5876
f 5756 5877 5876
f 5756 5757 5877
f 5757 5878 5877
f 5757 5758 5878
f 5758 5879 5878
f 5758 5759 5879
f 5759 5880 5879
f 5759 5760 5880
f 5760 5881 5880
f 5760 5761 5881
f 5761 5882 5881
f 5761 5762 5882
f 5762 5883 5882
f 5762 5763 5883
f 5763 5884 5883
f 5763 5764 5884
f 5764 5885 5884
f 5764 5765 5885
f 5765 5886 5885
f 5765 5766 5886
f 5766 5887 5886
f 5766 5767 5887
f 5767 5888 5887
f 5767 5768 5888
f 5768 5889 5888
f 5768 5769 5889
f 5769 5890 5889
f 5769 5770 5890
f 5770 5891 5890
f 5770 5771 5891
f 5771 5892 5891
f 5771 5772 5892
f 5772 5893 5892
f 5772 5773 5893
f 5773 5894 5893
f 5773 5774 5894
f 5774 5895 5894
f 5774 5775 5895
f 5775 5896 5895
f 5775 5776 5896
f 5776 5897 5896
f 5776 5777 5897
f 5777 5898 5897
f 5777 5778 5898
f 5778 5899 5898
f 5778 5779 5899
f 5779 5900 5899
f 5779 5780 5900
f 5780 5901 5900
f 5780 5781 5901
f 5781 5902 5901
f 5781 5782 5902
f 5782 5903 5902
f 5782 5783 5903
f 5783 5904 5903
f 5783 5784 5904
f 5784 5905 5904
f 5784 5785 5905
f 5785 5906 5905
f 5785 5786 5906
f 5786 5907 5906
f 5786 5787 5907
f 5787 5908 5907
f 5787 5788 5908
f 5788 5909 5908
f 5788 5789 5909
f 5789 5910 5909
f 5789 5790 5910
f 5790 5911 5910
f 5790 5791 5911
f 5791 5912 5911
f 5791 5792 5912
f 5792 5913 5912
f 5792 5793 5913
f 5793 5914 5913
f 5793 5794 5914
f 5794 5915 5914
f 5794 5795 5915
f 5795 5916 5915
f 5795 5796 5916
f 5796 5917 5916
f 5796 5797 5917
f 5797 5918 5917
f 5797 5798 5918
f 5798 5919 5918
f 5798 5799 5919
f 5799 5920 5919
f 5799 5800 5920
f 5800 5921 5920
f 5800 5801 5921
f 5801 5922 5921
f 5801 5802 5922
f 5802 5923 5922
f 5802 5803 5923
f 5803 5924 5923
f 5803 5804 5924
f 5804 5925 5924
f 5804 5805 5925
f 5805 5926 5925
f 5805 5806 5926
f 5806 5927 5926
f 5806 5807 5927
f 5807 5928 5927
f 5807 5808 5928
f 5808 5929 5928
f 5809 5810 5930
f 5810 5931 5930
f 5810 5811 5931
f 5811 5932 5931
f 5811 5812 5932
f 5812 5933 5932
f 5812 5813 5933
f 5813 5934 5933
f 5813 5814 5934
f 5814 5935 5934
f 5814 5815 5935
f 5815 5936 5935
f 5815 5816 5936
f 5816 5937 5936
f 5816 5817 5937
f 5817 5938 5937
f 5817 5818 5938
f 5818 5939 5938
f 5818 5819 5939
f 5819 5940 5939
f 5819 5820 5940
f 5820 5941 5940
f 5820 5821 5941
f 5821 5942 5941
f 5821 5822 5942
f 5822 5943 5942
f 5822 5823 5943
f 5823 5944 5943
f 5823 5824 5944
f 5824 5945 5944
f 5824 5825 5945
f 5825 5946 5945
f 5825 5826 5946
f 5826 5947 5946
f 5826 5827 5947
f 5827 5948 5947
f 5827 5828 5948
f 5828 5949 5948
f 5828 5829 5949
f 5829 5950 5949
f 5829 5830 5950
f 5830 5951 5950
f 5830 5831 5951
f 5831 5952 5951
f 5831 5832 5952
f 5832 5953 5952
f 5832 5833 5953
f 5833 5954 5953
f 5833 5834 5954
f 5834 5955 5954
f 5834 5835 5955
f 5835 5956 5955
f 5835 5836 5956
f 5836 5957 5956
f 5836 5837 5957
f 5837 5958 5957
f 5837 5838 5958
f 5838 5959 5958
f 5838 5839 5959
f 5839 5960 5959
f 5839 5840 5960
f 5840 5961 5960
f 5840 5841 5961
f 5841 5962 5961
f 5841 5842 5962
f 5842 5963 5962
f 5842 5843 5963
f 5843 5964 5963
f 5843 5844 5964
f 5844 5965 5964
f 5844 5845 5965
f 5845 5966 5965
f 5845 5846 5966
f 5846 5967 5966
f 5846 5847 5967
f 5847 5968 5967
f 5847 5848 5968
f 5848 5969 5968
f 5848 5849 5969
f 5849 5970 5969
f 5849 5850 5970
f 5850 5971 5970
f 5850 5851 5971
f 5851 5972 5971
f 5851 5852 5972
f 5852 5973 5972
f 5852 5853 5973
f 5853 5974 5973
f 5853 5854 5974
f 5854 5975 5974
f 5854 5855 5975
f 5855 5976 5975
f 5855 5856 5976
f 5856 5977 5976
f 5856 5857 5977
f 5857 5978 5977
f 5857 5858 5978
f 5858 5979 5978
f 5858 5859 5979
f 5859 5980 5979
f 5859 5860 5980
f 5860 5981 5980
f 5860 5861 5981
f 5861 5982 5981
f 5861 5862 5982
f 5862 5983 5982
f 5862 5863 5983
f 5863 5984 5983
f 5863 5864 5984
f 5864 5985 5984
f 5864 5865 5985
f 5865 5986 5985
f 5865 5866 5986
f 5866 5987 5986
f 5866 5867 5987
f 5867 5988 5987
f 5867 5868 5988
f 5868 5989 5988
f 5868 5869 5989
f 5869 5990 5989
f 5869 5870 5990
f 5870 5991 5990
f 5870 5871 5991
f 5871 5992 5991
f 5871 5872 5992
f 5872 5993 5992
f 5872 5873 5993
f 5873 5994 5993
f 5873 5874 5994
f 5874 5995 5994
f 5874 5875 5995
f 5875 5996 5995
f 5875 5876 5996
f 5876 5997 5996
f 5876 5877 5997
f 5877 5998 5997
f 5877 5878 5998
f 5878 5999 5998
f 5878 5879 5999
f 5879 6000 5999
f 5879 5880 6000
f 5880 6001 6000
f 5880 5881 6001
f 5881 6002 6001
f 5881 5882 6002
f 5882 6003 6002
f 5882 5883 6003
f 5883 6004 6003
f 5883 5884 6004
f 5884 6005 6004
f 5884 5885 6005
f 5885 6006 6005
f 5885 5886 6006
f 5886 6007 6006
f 5886 5887 6007
f 5887 6008 6007
f 5887 5888 6008
f 5888 6009 6008
f 5888 5889 6009
f 5889 6010 6009
f 5889 5890 6010
f 5890 6011 6010
f 5890 5891 6011
f 5891 6012 6011
f 5891 5892 6012
f 5892 6013 6012
f 5892 5893 6013
f 5893 6014 6013
f 5893 5894 6014
f 5894 6015 6014
f 5894 5895 6015
f 5895 6016 6015
f 5895 5896 6016
f 5896 6017 6016
f 5896 5897 6017
f 5897 6018 6017
f 5897 5898 6018
f 5898 6019 6018
f 5898 5899 6019
f 5899 6020 6019
f 5899 5900 6020
f 5900 6021 6020
f 5900 5901 6021
f 5901 6022 6021
f 5901 5902 6022
f 5902 6023 6022
f 5902 5903 6023
f 5903 6024 6023
f 5903 5904 6024
f 5904 6025 6024
f 5904 5905 6025
f 5905 6026 6025
f 5905 5906 6026
f 5906 6027 6026
f 5906 5907 6027
f 5907 6028 6027
f 5907 5908 6028
f 5908 6029 6028
f 5908 5909 6029
f 5909 6030 6029
f 5909 5910 6030
f 5910 6031 6030
f 5910 5911 6031
f 5911 6032 6031
f 5911 5912 6032
f 5912 6033 6032
f 5912 5913 6033
f 5913 6034 6033
f 5913 5914 6034
f 5914 6035 6034
f 5914 5915 6035
f 5915 6036 6035
f 5915 5916 6036
f 5916 6037 6036
f 5916 5917 6037
f 5917 6038 6037
f 5917 5918 6038
f 5918 6039 6038
f 5918 5919 6039
f 5919 6040 6039
f 5919 5920 6040
f 5920 6041 6040
f 5920 5921 6041
f 5921 6042 6041
f 5921 5922 6042
f 5922 6043 6042
f 5922 5923 6043
f 5923 6044 6043
f 5923 5924 6044
f 5924 6045 6044
f 5924 5925 6045
f 5925 6046 6045
f 5925 5926 6046
f 5926 6047 6046
f 5926 5927 6047
f 5927 6048 6047
f 5927 5928 6048
f 5928 6049 6048
f 5928 5929 6049
f 5929 6050 6049
f 5930 5931 6051
f 5931 6052 6051
f 5931 5932 6052
f 5932 6053 6052
f 5932 5933 6053
f 5933 6054 6053
f 5933 5934 6054
f 5934 6055 6054
f 5934 5935 6055
f 5935 6056 6055
f 5935 5936 6056
f 5936 6057 6056
f 5936 5937 6057
f 5937 6058 6057
f 5937 5938 6058
f 5938 6059 6058
f 5938 5939 6059
f 5939 6060 6059
f 5939 5940 6060
f 5940 6061 6060
f 5940 5941 6061
f 5941 6062 6061
f 5941 5942 6062
f 5942 6063 6062
f 5942 5943 6063
f 5943 6064 6063
f 5943 5944 6064
f 5944 6065 6064
f 5944 5945 6065
f 5945 6066 6065
f 5945 5946 6066
f 5946 6067 6066
f 5946 5947 6067
f 5947 6068 6067
f 5947 5948 6068
f 5948 6069 6068
f 5948 5949 6069
f 5949 6070 6069
f 5949 5950 6070
f 5950 6071 6070
f 5950 5951 6071
f 5951 6072 6071
f 5951 5952 6072
f 5952 6073 6072
f 5952 5953 6073
f 5953 6074 6073
f 5953 5954 6074
f 5954 6075 6074
f 5954 5955 6075
f 5955 6076 6075
f 5955 5956 6076
f 5956 6077 6076
f 5956 5957 6077
f 5957 6078 6077
f 5957 5958 6078
f 5958 6079 6078
f 5958 5959 6079
f 5959 6080 6079
f 5959 5960 6080
f 5960 6081 6080
f 5960 5961 6081
f 5961 6082 6081
f 5961 5962 6082
f 5962 6083 6082
f 5962 5963 6083
f 5963 6084 6083
f 5963 5964 6084
f 5964 6085 6084
f 5964 5965 6085
f 5965 6086 6085
f 5965 5966 6086
f 5966 6087 6086
f 5966 5967 6087
f 5967 6088 6087
f 5967 5968 6088
f 5968 6089 6088
f 5968 5969 6089
f 5969 6090 6089
f 5969 5970 6090
f 5970 6091 6090
f 5970 5971 6091
f 5971 6092 6091
f 5971 5972 6092
f 5972 6093 6092
f 5972 5973 6093
f 5973 6094 6093
f 5973 5974 6094
f 5974 6095 6094
f 5974 5975 6095
f 5975 6096 6095
f 5975 5976 6096
f 5976 6097 6096
f 5976 5977 6097
f 5977 6098 6097
f 5977 5978 6098
f 5978 6099 6098
f 5978 5979 6099
f 5979 6100 6099
f 5979 5980 6100
f 5980 6101 6100
f 5980 5981 6101
f 5981 6102 6101
f 5981 5982 6102
f 5982 6103 6102
f 5982 5983 6103
f 5983 6104 6103
f 5983 5984 6104
f 5984 6105 6104
f 5984 5985 6105
f 5985 6106 6105
f 5985 5986 6106
f 5986 6107 6106
f 5986 5987 6107
f 5987 6108 6107
f 5987 5988 6108
f 5988 6109 6108
f 5988 5989 6109
f 5989 6110 6109
f 5989 5990 6110
f 5990 6111 6110
f 5990 5991 6111
f 5991 6112 6111
f 5991 5992 6112
f 5992 6113 6112
f 5992 5993 6113
f 5993 6114 6113
f 5993 5994 6114
f 5994 6115 6114
f 5994 5995 6115
f 5995 6116 6115
f 5995 5996 6116
f 5996 6117 6116
f 5996 5997 6117
f 5997 6118 6117
f 5997 5998 6118
f 5998 6119 6118
f 5998 5999 6119
f 5999 6120 6119
f 5999 6000 6120
f 6000 6121 6120
f 6000 6001 6121
f 6001 6122 6121
f 6001 6002 6122
f 6002 6123 6122
f 6002 6003 6123
f 6003 6124 6123
f 6003 6004 6124
f 6004 6125 6124
f 6004 6005 6125
f 6005 6126 6125
f 6005 6006 6126
f 6006 6127 6126
f 6006 6007 6127
f 6007 6128 6127
f 6007 6008 6128
f 6008 6129 6128
f 6008 6009 6129
f 6009 6130 6129
f 6009 6010 6130
f 6010 6131 6130
f 6010 6011 6131
f 6011 6132 6131
f 6011 6012 6132
f 6012 6133 6132
f 6012 6013 6133
f 6013 6134 6133
f 6013 6014 6134
f 6014 6135 6134
f 6014 6015 6135
f 6015 6136 6135
f 6015 6016 6136
f 6016 6137 6136
f 6016 6017 6137
f 6017 6138 6137
f 6017 6018 6138
f 6018 6139 6138
f 6018 6019 6139
f 6019 6140 6139
f 6019 6020 6140
f 6020 6141 6140
f 6020 6021 6141
f 6021 6142 6141
f 6021 6022 6142
f 6022 6143 6142
f 6022 6023 6143
f 6023 6144 6143
f 6023 6024 6144
f 6024 6145 6144
f 6024 6025 6145
f 6025 6146 6145
f 6025 6026 6146
f 6026 6147 6146
f 6026 6027 6147
f 6027 6148 6147
f 6027 6028 6148
f 6028 6149 6148
f 6028 6029 6149
f 6029 6150 6149
f 6029 6030 6150
f 6030 6151 6150
f 6030 6031 6151
f 6031 6152 6151
f 6031 6032 6152
f 6032 6153 6152
f 6032 6033 6153
f 6033 6154 6153
f 6033 6034 6154
f 6034 6155 6154
f 6034 6035 6155
f 6035 6156 6155
f 6035 6036 6156
f 6036 6157 6156
f 6036 6037 6157
f 6037 6158 6157
f 6037 6038 6158
f 6038 6159 6158
f 6038 6039 6159
f 6039 6160 6159
f 6039 6040 6160
f 6040 6161 6160
f 6040 6041 6161
f 6041 6162 6161
f 6041 6042 6162
f 6042 6163 6162
f 6042 6043 6163
f 6043 6164 6163
f 6043 6044 6164
f 6044 6165 6164
f 6044 6045 6165
f 6045 6166 6165
f 6045 6046 6166
f 6046 6167 6166
f 6046 6047 6167
f 6047 6168 6167
f 6047 6048 6168
f 6048 6169 6168
f 6048 6049 6169
f 6049 6170 6169
f 6049 6050 6170
f 6050 6171 6170
f 6051 6052 6172
f 6052 6173 6172
f 6052 6053 6173
f 6053 6174 6173
f 6053 6054 6174
f 6054 6175 6174
f 6054 6055 6175
f 6055 6176 6175
f 6055 6056 6176
f 6056 6177 6176
f 6056 6057 6177
f 6057 6178 6177
f 6057 6058 6178
f 6058 6179 6178
f 6058 6059 6179
f 6059 6180 6179
f 6059 6060 6180
f 6060 6181 6180
f 6060 6061 6181
f 6061 6182 6181
f 6061 6062 6182
f 6062 6183 6182
f 6062 6063 6183
f 6063 6184 6183
f 6063 6064 6184
f 6064 6185 6184
f 6064 6065 6185
f 6065 6186 6185
f 6065 6066 6186
f 6066 6187 6186
f 6066 6067 6187
f 6067 6188 6187
f 6067 6068 6188
f 6068 6189 6188
f 6068 6069 6189
f 6069 6190 6189
f 6069 6070 6190
f 6070 6191 6190
f 6070 6071 6191
f 6071 6192 6191
f 6071 6072 6192
f 6072 6193 6192
f 6072 6073 6193
f 6073 6194 6193
f 6073 6074 6194
f 6074 6195 6194
f 6074 6075 6195
f 6075 6196 6195
f 6075 6076 6196
f 6076 6197 6196
f 6076 6077 6197
f 6077 6198 6197
f 6077 6078 6198
f 6078 6199 6198
f 6078 6079 6199
f 6079 6200 6199
f 6079 6080 6200
f 6080 6201 6200
f 6080 6081 6201
f 6081 6202 6201
f 6081 6082 6202
f 6082 6203 6202
f 6082 6083 6203
f 6083 6204 6203
f 6083 6084 6204
f 6084 6205 6204
f 6084 6085 6205
f 6085 6206 6205
f 6085 6086 6206
f 6086 6207 6206
f 6086 6087 6207
f 6087 6208 6207
f 6087 6088 6208
f 6088 6209 6208
f 6088 6089 6209
f 6089 6210 6209
f 6089 6090 6210
f 6090 6211 6210
f 6090 6091 6211
f 6091 6212 6211
f 6091 6092 6212
f 6092 6213 6212
f 6092 6093 6213
f 6093 6214 6213
f 6093 6094 6214
f 6094 6215 6214
f 6094 6095 6215
f 6095 6216 6215
f 6095 6096 6216
f 6096 6217 6216
f 6096 6097 6217
f 6097 6218 6217
f 6097 6098 6218
f 6098 6219 6218
f 6098 6099 6219
f 6099 6220 6219
f 6099 6100 6220
f 6100 6221 6220
f 6100 6101 6221
f 6101 6222 6221
f 6101 6102 6222
f 6102 6223 6222
f 6102 6103 6223
f 6103 6224 6223
f 6103 6104 6224
f 6104 6225 6224
f 6104 6105 6225
f 6105 6226 6225
f 6105 6106 6226
f 6106 6227 6226
f 6106 6107 6227
f 6107 6228 6227
f 6107 6108 6228
f 6108 6229 6228
f 6108 6109 6229
f 6109 6230 6229
f 6109 6110 6230
f 6110 6231 6230
f 6110 6111 6231
f 6111 6232 6231
f 6111 6112 6232
f 6112 6233 6232
f 6112 6113 6233
f 6113 6234 6233
f 6113 6114 6234
f 6114 6235 6234
f 6114 6115 6235
f 6115 6236 6235
f 6115 6116 6236
f 6116 6237 6236
f 6116 6117 6237
f 6117 6238 6237
f 6117 6118 6238
f 6118 6239 6238
f 6118 6119 6239
f 6119 6240 6239
f 6119 6120 6240
f 6120 6241 6240
f 6120 6121 6241
f 6121 6242 6241
f 6121 6122 6242
f 6122 6243 6242
f 6122 6123 6243
f 6123 6244 6243
f 6123 6124 6244
f 6124 6245 6244
f 6124 6125 6245
f 6125 6246 6245
f 6125 6126 6246
f 6126 6247 6246
f 6126 6127 6247
f 6127 6248 6247
f 6127 6128 6248
f 6128 6249 6248
f 6128 6129 6249
f 6129 6250 6249
f 6129 6130 6250
f 6130 6251 6250
f 6130 6131 6251
f 6131 6252 6251
f 6131 6132 6252
f 6132 6253 6252
f 6132 6133 6253
f 6133 6254 6253
f 6133 6134 6254
f 6134 6255 6254
f 6134 6135 6255
f 6135 6256 6255
f 6135 6136 6256
f 6136 6257 6256
f 6136 6137 6257
f 6137 6258 6257
f 6137 6138 6258
f 6138 6259 6258
f 6138 6139 6259
f 6139 6260 6259
f 6139 6140 6260
f 6140 6261 6260
f 6140 6141 6261
f 6141 6262 6261
f 6141 6142 6262
f 6142 6263 6262
f 6142 6143 6263
f 6143 6264 6263
f 6143 6144 6264
f 6144 6265 6264
f 6144 6145 6265
f 6145 6266 6265
f 6145 6146 6266
f 6146 6267 6266
f 6146 6147 6267
f 6147 6268 6267
f 6147 6148 6268
f 6148 6269 6268
f 6148 6149 6269
f 6149 6270 6269
f 6149 6150 6270
f 6150 6271 6270
f 6150 6151 6271
f 6151 6272 6271
f 6151 6152 6272
f 6152 6273 6272
f 6152 6153 6273
f 6153 6274 6273
f 6153 6154 6274
f 6154 6275 6274
f 6154 6155 6275
f 6155 6276 6275
f 6155 6156 6276
f 6156 6277 6276
f 6156 6157 6277
f 6157 6278 6277
f 6157 6158 6278
f 6158 6279 6278
f 6158 6159 6279
f 6159 6280 6279
f 6159 6160 6280
f 6160 6281 6280
f 6160 6161 6281
f 6161 6282 6281
f 6161 6162 6282
f 6162 6283 6282
f 6162 6163 6283
f 6163 6284 6283
f 6163 6164 6284
f 6164 6285 6284
f 6164 6165 6285
f 6165 6286 6285
f 6165 6166 6286
f 6166 6287 6286
f 6166 6167 6287
f 6167 6288 6287
f 6167 6168 6288
f 6168 6289 6288
f 6168 6169 6289
f 6169 6290 6289
f 6169 6170 6290
f 6170 6291 6290
f 6170 6171 6291
f 6171 6292 6291
f 6172 6173 6293
f 6173 6294 6293
f 6173 6174 6294
f 6174 6295 6294
f 6174 6175 6295
f 6175 6296 6295
f 6175 6176 6296
f 6176 6297 6296
f 6176 6177 6297
f 6177 6298 6297
f 6177 6178 6298
f 6178 6299 6298
f 6178 6179 6299
f 6179 6300 6299
f 6179 6180 6300
f 6180 6301 6300
f 6180 6181 6301
f 6181 6302 6301
f 6181 6182 6302
f 6182 6303 6302
f 6182 6183 6303
f 6183 6304 6303
f 6183 6184 6304
f 6184 6305 6304
f 6184 6185 6305
f 6185 6306 6305
f 6185 6186 6306
f 6186 6307 6306
f 6186 6187 6307
f 6187 6308 6307
f 6187 6188 6308
f 6188 6309 6308
f 6188 6189 6309
f 6189 6310 6309
f 6189 6190 6310
f 6190 6311 6310
f 6190 6191 6311
f 6191 6312 6311
f 6191 6192 6312
f 6192 6313 6312
f 6192 6193 6313
f 6193 6314 6313
f 6193 6194 6314
f 6194 6315 6314
f 6194 6195 6315
f 6195 6316 6315
f 6195 6196 6316
f 6196 6317 6316
f 6196 6197 6317
f 6197 6318 6317
f 6197 6198 6318
f 6198 6319 6318
f 6198 6199 6319
f 6199 6320 6319
f 6199 6200 6320
f 6200 6321 6320
f 6200 6201 6321
f 6201 6322 6321
f 6201 6202 6322
f 6202 6323 6322
f 6202 6203 6323
f 6203 6324 6323
f 6203 6204 6324
f 6204 6325 6324
f 6204 6205 6325
f 6205 6326 6325
f 6205 6206 6326
f 6206 6327 6326
f 6206 6207 6327
f 6207 6328 6327
f 6207 6208 6328
f 6208 6329 6328
f 6208 6209 6329
f 6209 6330 6329
f 6209 6210 6330
f 6210 6331 6330
f 6210 6211 6331
f 6211 6332 6331
f 6211 6212 6332
f 6212 6333 6332
f 6212 6213 6333
f 6213 6334 6333
f 6213 6214 6334
f 6214 6335 6334
f 6214 6215 6335
f 6215 6336 6335
f 6215 6216 6336
f 6216 6337 6336
f 6216 6217 6337
f 6217 6338 6337
f 6217 6218 6338
f 6218 6339 6338
f 6218 6219 6339
f 6219 6340 6339
f 6219 6220 6340
f 6220 6341 6340
f 6220 6221 6341
f 6221 6342 6341
f 6221 6222 6342
f 6222 6343 6342
f 6222 6223 6343
f 6223 6344 6343
f 6223 6224 6344
f 6224 6345 6344
f 6224 6225 6345
f 6225 6346 6345
f 6225 6226 6346
f 6226 6347 6346
f 6226 6227 6347
f 6227 6348 6347
f 6227 6228 6348
f 6228 6349 6348
f 6228 6229 6349
f 6229 6350 6349
f 6229 6230 6350
f 6230 6351 6350
f 6230 6231 6351
f 6231 6352 6351
f 6231 6232 6352
f 6232 6353 6352
f 6232 6233 6353
f 6233 6354 6353
f 6233 6234 6354
f 6234 6355 6354
f 6234 6235 6355
f 6235 6356 6355
f 6235 6236 6356
f 6236 6357 6356
f 6236 6237 6357
f 6237 6358 6357
f 6237 6238 6358
f 6238 6359 6358
f 6238 6239 6359
f 6239 6360 6359
f 6239 6240 6360
f 6240 6361 6360
f 6240 6241 6361
f 6241 6362 6361
f 6241 6242 6362
f 6242 6363 6362
f 6242 6243 6363
f 6243 6364 6363
f 6243 6244 6364
f 6244 6365 6364
f 6244 6245 6365
f 6245 6366 6365
f 6245 6246 6366
f 6246 6367 6366
f 6246 6247 6367
f 6247 6368 6367
f 6247 6248 6368
f 6248 6369 6368
f 6248 6249 6369
f 6249 6370 6369
f 6249 6250 6370
f 6250 6371 6370
f 6250 6251 6371
f 6251 6372 6371
f 6251 6252 6372
f 6252 6373 6372
f 6252 6253 6373
f 6253 6374 6373
f 6253 6254 6374
f 6254 6375 6374
f 6254 6255 6375
f 6255 6376 6375
f 6255 6256 6376
f 6256 6377 6376
f 6256 6257 6377
f 6257 6378 6377
f 6257 6258 6378
f 6258 6379 6378
f 6258 6259 6379
f 6259 6380 6379
f 6259 6260 6380
f 6260 6381 6380
f 6260 6261 6381
f 6261 6382 6381
f 6261 6262 6382
f 6262 6383 6382
f 6262 6263 6383
f 6263 6384 6383
f 6263 6264 6384
f 6264 6385 6384
f 6264 6265 6385
f 6265 6386 6385
f 6265 6266 6386
f 6266 6387 6386
f 6266 6267 6387
f 6267 6388 6387
f 6267 6268 6388
f 6268 6389 6388
f 6268 6269 6389
f 6269 6390 6389
f 6269 6270 6390
f 6270 6391 6390
f 6270 6271 6391
f 6271 6392 6391
f 6271 6272 6392
f 6272 6393 6392
f 6272 6273 6393
f 6273 6394 6393
f 6273 6274 6394
f 6274 6395 6394
f 6274 6275 6395
f 6275 6396 6395
f 6275 6276 6396
f 6276 6397 6396
f 6276 6277 6397
f 6277 6398 6397
f 6277 6278 6398
f 6278 6399 6398
f 6278 6279 6399
f 6279 6400 6399
f 6279 6280 6400
f 6280 6401 6400
f 6280 6281 6401
f 6281 6402 6401
f 6281 6282 6402
f 6282 6403 6402
f 6282 6283 6403
f 6283 6404 6403
f 6283 6284 6404
f 6284 6405 6404
f 6284 6285 6405
f 6285 6406 6405
f 6285 6286 6406
f 6286 6407 6406
f 6286 6287 6407
f 6287 6408 6407
f 6287 6288 6408
f 6288 6409 6408
f 6288 6289 6409
f 6289 6410 6409
f 6289 6290 6410
f 6290 6411 6410
f 6290 6291 6411
f 6291 6412 6411
f 6291 6292 6412
f 6292 6413 6412
f 6293 6294 6414
f 6294 6415 6414
f 6294 6295 6415
f 6295 6416 6415
f 6295 6296 6416
f 6296 6417 6416
f 6296 6297 6417
f 6297 6418 6417
f 6297 6298 6418
f 6298 6419 6418
f 6298 6299 6419
f 6299 6420 6419
f 6299 6300 6420
f 6300 6421 6420
f 6300 6301 6421
f 6301 6422 6421
f 6301 6302 6422
f 6302 6423 6422
f 6302 6303 6423
f 6303 6424 6423
f 6303 6304 6424
f 6304 6425 6424
f 6304 6305 6425
f 6305 6426 6425
f 6305 6306 6426
f 6306 6427 6426
f 6306 6307 6427
f 6307 6428 6427
f 6307 6308 6428
f 6308 6429 6428
f 6308 6309 6429
f 6309 6430 6429
f 6309 6310 6430
f 6310 6431 6430
f 6310 6311 6431
f 6311 6432 6431
f 6311 6312 6432
f 6312 6433 6432
f 6312 6313 6433
f 6313 6434 6433
f 6313 6314 6434
f 6314 6435 6434
f 6314 6315 6435
f 6315 6436 6435
f 6315 6316 6436
f 6316 6437 6436
f 6316 6317 6437
f 6317 6438 6437
f 6317 6318 6438
f 6318 6439 6438
f 6318 6319 6439
f 6319 6440 6439
f 6319 6320 6440
f 6320 6441 6440
f 6320 6321 6441
f 6321 6442 6441
f 6321 6322 6442
f 6322 6443 6442
f 6322 6323 6443
f 6323 6444 6443
f 6323 6324 6444
f 6324 6445 6444
f 6324 6325 6445
f 6325 6446 6445
f 6325 6326 6446
f 6326 6447 6446
f 6326 6327 6447
f 6327 6448 6447
f 6327 6328 6448
f 6328 6449 6448
f 6328 6329 6449
f 6329 6450 6449
f 6329 6330 6450
f 6330 6451 6450
f 6330 6331 6451
f 6331 6452 6451
f 6331 6332 6452
f 6332 6453 6452
f 6332 6333 6453
f 6333 6454 6453
f 6333 6334 6454
f 6334 6455 6454
f 6334 6335 6455
f 6335 6456 6455
f 6335 6336 6456
f 6336 6457 6456
f 6336 6337 6457
f 6337 6458 6457
f 6337 6338 6458
f 6338 6459 6458
f 6338 6339 6459
f 6339 6460 6459
f 6339 6340 6460
f 6340 6461 6460
f 6340 6341 6461
f 6341 6462 6461
f 6341 6342 6462
f 6342 6463 6462
f 6342 6343 6463
f 6343 6464 6463
f 6343 6344 6464
f 6344 6465 6464
f 6344 6345 6465
f 6345 6466 6465
f 6345 6346 6466
f 6346 6467 6466
f 6346 6347 6467
f 6347 6468 6467
f 6347 6348 6468
f 6348 6469 6468
f 6348 6349 6469
f 6349 6470 6469
f 6349 6350 6470
f 6350 6471 6470
f 6350 6351 6471
f 6351 6472 6471
f 6351 6352 6472
f 6352 6473 6472
f 6352 6353 6473
f 6353 6474 6473
f 6353 6354 6474
f 6354 6475 6474
f 6354 6355 6475
f 6355 6476 6475
f 6355 6356 6476
f 6356 6477 6476
f 6356 6357 6477
f 6357 6478 6477
f 6357 6358 6478
f 6358 6479 6478
f 6358 6359 6479
f 6359 6480 6479
f 6359 6360 6480
f 6360 6481 6480
f 6360 6361 6481
f 6361 6482 6481
f 6361 6362 6482
f 6362 6483 6482
f 6362 6363 6483
f 6363 6484 6483
f 6363 6364 6484
f 6364 6485 6484
f 6364 6365 6485
f 6365 6486 6485
f 6365 6366 6486
f 6366 6487 6486
f 6366 6367 6487
f 6367 6488 6487
f 6367 6368 6488
f 6368 6489 6488
f 6368 6369 6489
f 6369 6490 6489
f 6369 6370 6490
f 6370 6491 6490
f 6370 6371 6491
f 6371 6492 6491
f 6371 6372 6492
f 6372 6493 6492
f 6372 6373 6493
f 6373 6494 6493
f 6373 6374 6494
f 6374 6495 6494
f 6374 6375 6495
f 6375 6496 6495
f 6375 6376 6496
f 6376 6497 6496
f 6376 6377 6497
f 6377 6498 6497
f 6377 6378 6498
f 6378 6499 6498
f 6378 6379 6499
f 6379 6500 6499
f 6379 6380 6500
f 6380 6501 6500
f 6380 6381 6501
f 6381 6502 6501
f 6381 6382 6502
f 6382 6503 6502
f 6382 6383 6503
f 6383 6504 6503
f 6383 6384 6504
f 6384 6505 6504
f 6384 6385 6505
f 6385 6506 6505
f 6385 6386 6506
f 6386 6507 6506
f 6386 6387 6507
f 6387 6508 6507
f 6387 6388 6508
f 6388 6509 6508
f 6388 6389 6509
f 6389 6510 6509
f 6389 6390 6510
f 6390 6511 6510
f 6390 6391 6511
f 6391 6512 6511
f 6391 6392 6512
f 6392 6513 6512
f 6392 6393 6513
f 6393 6514 6513
f 6393 6394 6514
f 6394 6515 6514
f 6394 6395 6515
f 6395 6516 6515
f 6395 6396 6516
f 6396 6517 6516
f 6396 6397 6517
f 6397 6518 6517
f 6397 6398 6518
f 6398 6519 6518
f 6398 6399 6519
f 6399 6520 6519
f 6399 6400 6520
f 6400 6521 6520
f 6400 6401 6521
f 6401 6522 6521
f 6401 6402 6522
f 6402 6523 6522
f 6402 6403 6523
f 6403 6524 6523
f 6403 6404 6524
f 6404 6525 6524
f 6404 6405 6525
f 6405 6526 6525
f 6405 6406 6526
f 6406 6527 6526
f 6406 6407 6527
f 6407 6528 6527
f 6407 6408 6528
f 6408 6529 6528
f 6408 6409 6529
f 6409 6530 6529
f 6409 6410 6530
f 6410 6531 6530
f 6410 6411 6531
f 6411 6532 6531
f 6411 6412 6532
f 6412 6533 6532
f 6412 6413 6533
f 6413 6534 6533
f 6414 6415 6535
f 6415 6536 6535
f 6415 6416 6536
f 6416 6537 6536
f 6416 6417 6537
f 6417 6538 6537
f 6417 6418 6538
f 6418 6539 6538
f 6418 6419 6539
f 6419 6540 6539
f 6419 6420 6540
f 6420 6541 6540
f 6420 6421 6541
f 6421 6542 6541
f 6421 6422 6542
f 6422 6543 6542
f 6422 6423 6543
f 6423 6544 6543
f 6423 6424 6544
f 6424 6545 6544
f 6424 6425 6545
f 6425 6546 6545
f 6425 6426 6546
f 6426 6547 6546
f 6426 6427 6547
f 6427 6548 6547
f 6427 6428 6548
f 6428 6549 6548
f 6428 6429 6549
f 6429 6550 6549
f 6429 6430 6550
f 6430 6551 6550
f 6430 6431 6551
f 6431 6552 6551
f 6431 6432 6552
f 6432 6553 6552
f 6432 6433 6553
f 6433 6554 6553
f 6433 6434 6554
f 6434 6555 6554
f 6434 6435 6555
f 6435 6556 6555
f 6435 6436 6556
f 6436 6557 6556
f 6436 6437 6557
f 6437 6558 6557
f 6437 6438 6558
f 6438 6559 6558
f 6438 6439 6559
f 6439 6560 6559
f 6439 6440 6560
f 6440 6561 6560
f 6440 6441 6561
f 6441 6562 6561
f 6441 6442 6562
f 6442 6563 6562
f 6442 6443 6563
f 6443 6564 6563
f 6443 6444 6564
f 6444 6565 6564
f 6444 6445 6565
f 6445 6566 6565
f 6445 6446 6566
f 6446 6567 6566
f 6446 6447 6567
f 6447 6568 6567
f 6447 6448 6568
f 6448 6569 6568
f 6448 6449 6569
f 6449 6570 6569
f 6449 6450 6570
f 6450 6571 6570
f 6450 6451 6571
f 6451 6572 6571
f 6451 6452 6572
f 6452 6573 6572
f 6452 6453 6573
f 6453 6574 6573
f 6453 6454 6574
f 6454 6575 6574
f 6454 6455 6575
f 6455 6576 6575
f 6455 6456 6576
f 6456 6577 6576
f 6456 6457 6577
f 6457 6578 6577
f 6457 6458 6578
f 6458 6579 6578
f 6458 6459 6579
f 6459 6580 6579
f 6459 6460 6580
f 6460 6581 6580
f 6460 6461 6581
f 6461 6582 6581
f 6461 6462 6582
f 6462 6583 6582
f 6462 6463 6583
f 6463 6584 6583
f 6463 6464 6584
f 6464 6585 6584
f 6464 6465 6585
f 6465 6586 6585
f 6465 6466 6586
f 6466 6587 6586
f 6466 6467 6587
f 6467 6588 6587
f 6467 6468 6588
f 6468 6589 6588
f 6468 6469 6589
f 6469 6590 6589
f 6469 6470 6590
f 6470 6591 6590
f 6470 6471 6591
f 6471 6592 6591
f 6471 6472 6592
f 6472 6593 6592
f 6472 6473 6593
f 6473 6594 6593
f 6473 6474 6594
f 6474 6595 6594
f 6474 6475 6595
f 6475 6596 6595
f 6475 6476 6596
f 6476 6597 6596
f 6476 6477 6597
f 6477 6598 6597
f 6477 6478 6598
f 6478 6599 6598
f 6478 6479 6599
f 6479 6600 6599
f 6479 6480 6600
f 6480 6601 6600
f 6480 6481 6601
f 6481 6602 6601
f 6481 6482 6602
f 6482 6603 6602
f 6482 6483 6603
f 6483 6604 6603
f 6483 6484 6604
f 6484 6605 6604
f 6484 6485 6605
f 6485 6606 6605
f 6485 6486 6606
f 6486 6607 6606
f 6486 6487 6607
f 6487 6608 6607
f 6487 6488 6608
f 6488 6609 6608
f 6488 6489 6609
f 6489 6610 6609
f 6489 6490 6610
f 6490 6611 6610
f 6490 6491 6611
f 6491 6612 6611
f 6491 6492 6612
f 6492 6613 6612
f 6492 6493 6613
f 6493 6614 6613
f 6493 6494 6614
f 6494 6615 6614
f 6494 6495 6615
f 6495 6616 6615
f 6495 6496 6616
f 6496 6617 6616
f 6496 6497 6617
f 6497 6618 6617
f 6497 6498 6618
f 6498 6619 6618
f 6498 6499 6619
f 6499 6620 6619
f 6499 6500 6620
f 6500 6621 6620
f 6500 6501 6621
f 6501 6622 6621
f 6501 6502 6622
f 6502 6623 6622
f 6502 6503 6623
f 6503 6624 6623
f 6503 6504 6624
f 6504 6625 6624
f 6504 6505 6625
f 6505 6626 6625
f 6505 6506 6626
f 6506 6627 6626
f 6506 6507 6627
f 6507 6628 6627
f 6507 6508 6628
f 6508 6629 6628
f 6508 6509 6629
f 6509 6630 6629
f 6509 6510 6630
f 6510 6631 6630
f 6510 6511 6631
f 6511 6632 6631
f 6511 6512 6632
f 6512 6633 6632
f 6512 6513 6633
f 6513 6634 6633
f 6513 6514 6634
f 6514 6635 6634
f 6514 6515 6635
f 6515 6636 6635
f 6515 6516 6636
f 6516 6637 6636
f 6516 6517 6637
f 6517 6638 6637
f 6517 6518 6638
f 6518 6639 6638
f 6518 6519 6639
f 6519 6640 6639
f 6519 6520 6640
f 6520 6641 6640
f 6520 6521 6641
f 6521 6642 6641
f 6521 6522 6642
f 6522 6643 6642
f 6522 6523 6643
f 6523 6644 6643
f 6523 6524 6644
f 6524 6645 6644
f 6524 6525 6645
f 6525 6646 6645
f 6525 6526 6646
f 6526 6647 6646
f 6526 6527 6647
f 6527 6648 6647
f 6527 6528 6648
f 6528 6649 6648
f 6528 6529 6649
f 6529 6650 6649
f 6529 6530 6650
f 6530 6651 6650
f 6530 6531 6651
f 6531 6652 6651
f 6531 6532 6652
f 6532 6653 6652
f 6532 6533 6653
f 6533 6654 6653
f 6533 6534 6654
f 6534 6655 6654
f 6535 6536 6656
f 6536 6657 6656
f 6536 6537 6657
f 6537 6658 6657
f 6537 6538 6658
f 6538 6659 6658
f 6538 6539 6659
f 6539 6660 6659
f 6539 6540 6660
f 6540 6661 6660
f 6540 6541 6661
f 6541 6662 6661
f 6541 6542 6662
f 6542 6663 6662
f 6542 6543 6663
f 6543 6664 6663
f 6543 6544 6664
f 6544 6665 6664
f 6544 6545 6665
f 6545 6666 6665
f 6545 6546 6666
f 6546 6667 6666
f 6546 6547 6667
f 6547 6668 6667
f 6547 6548 6668
f 6548 6669 6668
f 6548 6549 6669
f 6549 6670 6669
f 6549 6550 6670
f 6550 6671 6670
f 6550 6551 6671
f 6551 6672 6671
f 6551 6552 6672
f 6552 6673 6672
f 6552 6553 6673
f 6553 6674 6673
f 6553 6554 6674
f 6554 6675 6674
f 6554 6555 6675
f 6555 6676 6675
f 6555 6556 6676
f 6556 6677 6676
f 6556 6557 6677
f 6557 6678 6677
f 6557 6558 6678
f 6558 6679 6678
f 6558 6559 6679
f 6559 6680 6679
f 6559 6560 6680
f 6560 6681 6680
f 6560 6561 6681
f 6561 6682 6681
f 6561 6562 6682
f 6562 6683 6682
f 6562 6563 6683
f 6563 6684 6683
f 6563 6564 6684
f 6564 6685 6684
f 6564 6565 6685
f 6565 6686 6685
f 6565 6566 6686
f 6566 6687 6686
f 6566 6567 6687
f 6567 6688 6687
f 6567 6568 6688
f 6568 6689 6688
f 6568 6569 6689
f 6569 6690 6689
f 6569 6570 6690
f 6570 6691 6690
f 6570 6571 6691
f 6571 6692 6691
f 6571 6572 6692
f 6572 6693 6692
f 6572 6573 6693
f 6573 6694 6693
f 6573 6574 6694
f 6574 6695 6694
f 6574 6575 6695
f 6575 6696 6695
f 6575 6576 6696
f 6576 6697 6696
f 6576 6577 6697
f 6577 6698 6697
f 6577 6578 6698
f 6578 6699 6698
f 6578 6579 6699
f 6579 6700 6699
f 6579 6580 6700
f 6580 6701 6700
f 6580 6581 6701
f 6581 6702 6701
f 6581 6582 6702
f 6582 6703 6702
f 6582 6583 6703
f 6583 6704 6703
f 6583 6584 6704
f 6584 6705 6704
f 6584 6585 6705
f 6585 6706 6705
f 6585 6586 6706
f 6586 6707 6706
f 6586 6587 6707
f 6587 6708 6707
f 6587 6588 6708
f 6588 6709 6708
f 6588 6589 6709
f 6589 6710 6709
f 6589 6590 6710
f 6590 6711 6710
f 6590 6591 6711
f 6591 6712 6711
f 6591 6592 6712
f 6592 6713 6712
f 6592 6593 6713
f 6593 6714 6713
f 6593 6594 6714
f 6594 6715 6714
f 6594 6595 6715
f 6595 6716 6715
f 6595 6596 6716
f 6596 6717 6716
f 6596 6597 6717
f 6597 6718 6717
f 6597 6598 6718
f 6598 6719 6718
f 6598 6599 6719
f 6599 6720 6719
f 6599 6600 6720
f 6600 6721 6720
f 6600 6601 6721
f 6601 6722 6721
f 6601 6602 6722
f 6602 6723 6722
f 6602 6603 6723
f 6603 6724 6723
f 6603 6604 6724
f 6604 6725 6724
f 6604 6605 6725
f 6605 6726 6725
f 6605 6606 6726
f 6606 6727 6726
f 6606 6607 6727
f 6607 6728 6727
f 6607 6608 6728
f 6608 6729 6728
f 6608 6609 6729
f 6609 6730 6729
f 6609 6610 6730
f 6610 6731 6730
f 6610 6611 6731
f 6611 6732 6731
f 6611 6612 6732
f 6612 6733 6732
f 6612 6613 6733
f 6613 6734 6733
f 6613 6614 6734
f 6614 6735 6734
f 6614 6615 6735
f 6615 6736 6735
f 6615 6616 6736
f 6616 6737 6736
f 6616 6617 6737
f 6617 6738 6737
f 6617 6618 6738
f 6618 6739 6738
f 6618 6619 6739
f 6619 6740 6739
f 6619 6620 6740
f 6620 6741 6740
f 6620 6621 6741
f 6621 6742 6741
f 6621 6622 6742
f 6622 6743 6742
f 6622 6623 6743
f 6623 6744 6743
f 6623 6624 6744
f 6624 6745 6744
f 6624 6625 6745
f 6625 6746 6745
f 6625 6626 6746
f 6626 6747 6746
f 6626 6627 6747
f 6627 6748 6747
f 6627 6628 6748
f 6628 6749 6748
f 6628 6629 6749
f 6629 6750 6749
f 6629 6630 6750
f 6630 6751 6750
f 6630 6631 6751
f 6631 6752 6751
f 6631 6632 6752
f 6632 6753 6752
f 6632 6633 6753
f 6633 6754 6753
f 6633 6634 6754
f 6634 6755 6754
f 6634 6635 6755
f 6635 6756 6755
f 6635 6636 6756
f 6636 6757 6756
f 6636 6637 6757
f 6637 6758 6757
f 6637 6638 6758
f 6638 6759 6758
f 6638 6639 6759
f 6639 6760 6759
f 6639 6640 6760
f 6640 6761 6760
f 6640 6641 6761
f 6641 6762 6761
f 6641 6642 6762
f 6642 6763 6762
f 6642 6643 6763
f 6643 6764 6763
f 6643 6644 6764
f 6644 6765 6764
f 6644 6645 6765
f 6645 6766 6765
f 6645 6646 6766
f 6646 6767 6766
f 6646 6647 6767
f 6647 6768 6767
f 6647 6648 6768
f 6648 6769 6768
f 6648 6649 6769
f 6649 6770 6769
f 6649 6650 6770
f 6650 6771 6770
f 6650 6651 6771
f 6651 6772 6771
f 6651 6652 6772
f 6652 6773 6772
f 6652 6653 6773
f 6653 6774 6773
f 6653 6654 6774
f 6654 6775 6774
f 6654 6655 6775
f 6655 6776 6775
f 6656 6657 6777
f 6657 6778 6777
f 6657 6658 6778
f 6658 6779 6778
f 6658 6659 6779
f 6659 6780 6779
f 6659 6660 6780
f 6660 6781 6780
f 6660 6661 6781
f 6661 6782 6781
f 6661 6662 6782
f 6662 6783 6782
f 6662 6663 6783
f 6663 6784 6783
f 6663 6664 6784
f 6664 6785 6784
f 6664 6665 6785
f 6665 6786 6785
f 6665 6666 6786
f 6666 6787 6786
f 6666 6667 6787
f 6667 6788 6787
f 6667 6668 6788
f 6668 6789 6788
f 6668 6669 6789
f 6669 6790 6789
f 6669 6670 6790
f 6670 6791 6790
f 6670 6671 6791
f 6671 6792 6791
f 6671 6672 6792
f 6672 6793 6792
f 6672 6673 6793
f 6673 6794 6793
f 6673 6674 6794
f 6674 6795 6794
f 6674 6675 6795
f 6675 6796 6795
f 6675 6676 6796
f 6676 6797 6796
f 6676 6677 6797
f 6677 6798 6797
f 6677 6678 6798
f 6678 6799 6798
f 6678 6679 6799
f 6679 6800 6799
f 6679 6680 6800
f 6680 6801 6800
f 6680 6681 6801
f 6681 6802 6801
f 6681 6682 6802
f 6682 6803 6802
f 6682 6683 6803
f 6683 6804 6803
f 6683 6684 6804
f 6684 6805 6804
f 6684 6685 6805
f 6685 6806 6805
f 6685 6686 6806
f 6686 6807 6806
f 6686 6687 6807
f 6687 6808 6807
f 6687 6688 6808
f 6688 6809 6808
f 6688 6689 6809
f 6689 6810 6809
f 6689 6690 6810
f 6690 6811 6810
f 6690 6691 6811
f 6691 6812 6811
f 6691 6692 6812
f 6692 6813 6812
f 6692 6693 6813
f 6693 6814 6813
f 6693 6694 6814
f 6694 6815 6814
f 6694 6695 6815
f 6695 6816 6815
f 6695 6696 6816
f 6696 6817 6816
f 6696 6697 6817
f 6697 6818 6817
f 6697 6698 6818
f 6698 6819 6818
f 6698 6699 6819
f 6699 6820 6819
f 6699 6700 6820
f 6700 6821 6820
f 6700 6701 6821
f 6701 6822 6821
f 6701 6702 6822
f 6702 6823 6822
f 6702 6703 6823
f 6703 6824 6823
f 6703 6704 6824
f 6704 6825 6824
f 6704 6705 6825
f 6705 6826 6825
f 6705 6706 6826
f 6706 6827 6826
f 6706 6707 6827
f 6707 6828 6827
f 6707 6708 6828
f 6708 6829 6828
f 6708 6709 6829
f 6709 6830 6829
f 6709 6710 6830
f 6710 6831 6830
f 6710 6711 6831
f 6711 6832 6831
f 6711 6712 6832
f 6712 6833 6832
f 6712 6713 6833
f 6713 6834 6833
f 6713 6714 6834
f 6714 6835 6834
f 6714 6715 6835
f 6715 6836 6835
f 6715 6716 6836
f 6716 6837 6836
f 6716 6717 6837
f 6717 6838 6837
f 6717 6718 6838
f 6718 6839 6838
f 6718 6719 6839
f 6719 6840 6839
f 6719 6720 6840
f 6720 6841 6840
f 6720 6721 6841
f 6721 6842 6841
f 6721 6722 6842
f 6722 6843 6842
f 6722 6723 6843
f 6723 6844 6843
f 6723 6724 6844
f 6724 6845 6844
f 6724 6725 6845
f 6725 6846 6845
f 6725 6726 6846
f 6726 6847 6846
f 6726 6727 6847
f 6727 6848 6847
f 6727 6728 6848
f 6728 6849 6848
f 6728 6729 6849
f 6729 6850 6849
f 6729 6730 6850
f 6730 6851 6850
f 6730 6731 6851
f 6731 6852 6851
f 6731 6732 6852
f 6732 6853 6852
f 6732 6733 6853
f 6733 6854 6853
f 6733 6734 6854
f 6734 6855 6854
f 6734 6735 6855
f 6735 6856 6855
f 6735 6736 6856
f 6736 6857 6856
f 6736 6737 6857
f 6737 6858 6857
f 6737 6738 6858
f 6738 6859 6858
f 6738 6739 6859
f 6739 6860 6859
f 6739 6740 6860
f 6740 6861 6860
f 6740 6741 6861
f 6741 6862 6861
f 6741 6742 6862
f 6742 6863 6862
f 6742 6743 6863
f 6743 6864 6863
f 6743 6744 6864
f 6744 6865 6864
f 6744 6745 6865
f 6745 6866 6865
f 6745 6746 6866
f 6746 6867 6866
f 6746 6747 6867
f 6747 6868 6867
f 6747 6748 6868
f 6748 6869 6868
f 6748 6749 6869
f 6749 6870 6869
f 6749 6750 6870
f 6750 6871 6870
f 6750 6751 6871
f 6751 6872 6871
f 6751 6752 6872
f 6752 6873 6872
f 6752 6753 6873
f 6753 6874 6873
f 6753 6754 6874
f 6754 6875 6874
f 6754 6755 6875
f 6755 6876 6875
f 6755 6756 6876
f 6756 6877 6876
f 6756 6757 6877
f 6757 6878 6877
f 6757 6758 6878
f 6758 6879 6878
f 6758 6759 6879
f 6759 6880 6879
f 6759 6760 6880
f 6760 6881 6880
f 6760 6761 6881
f 6761 6882 6881
f 6761 6762 6882
f 6762 6883 6882
f 6762 6763 6883
f 6763 6884 6883
f 6763 6764 6884
f 6764 6885 6884
f 6764 6765 6885
f 6765 6886 6885
f 6765 6766 6886
f 6766 6887 6886
f 6766 6767 6887
f 6767 6888 6887
f 6767 6768 6888
f 6768 6889 6888
f 6768 6769 6889
f 6769 6890 6889
f 6769 6770 6890
f 6770 6891 6890
f 6770 6771 6891
f 6771 6892 6891
f 6771 6772 6892
f 6772 6893 6892
f 6772 6773 6893
f 6773 6894 6893
f 6773 6774 6894
f 6774 6895 6894
f 6774 6775 6895
f 6775 6896 6895
f 6775 6776 6896
f 6776 6897 6896
f 6777 6778 6898
f 6778 6899 6898
f 6778 6779 6899
f 6779 6900 6899
f 6779 6780 6900
f 6780 6901 6900
f 6780 6781 6901
f 6781 6902 6901
f 6781 6782 6902
f 6782 6903 6902
f 6782 6783 6903
f 6783 6904 6903
f 6783 6784 6904
f 6784 6905 6904
f 6784 6785 6905
f 6785 6906 6905
f 6785 6786 6906
f 6786 6907 6906
f 6786 6787 6907
f 6787 6908 6907
f 6787 6788 6908
f 6788 6909 6908
f 6788 6789 6909
f 6789 6910 6909
f 6789 6790 6910
f 6790 6911 6910
f 6790 6791 6911
f 6791 6912 6911
f 6791 6792 6912
f 6792 6913 6912
f 6792 6793 6913
f 6793 6914 6913
f 6793 6794 6914
f 6794 6915 6914
f 6794 6795 6915
f 6795 6916 6915
f 6795 6796 6916
f 6796 6917 6916
f 6796 6797 6917
f 6797 6918 6917
f 6797 6798 6918
f 6798 6919 6918
f 6798 6799 6919
f 6799 6920 6919
f 6799 6800 6920
f 6800 6921 6920
f 6800 6801 6921
f 6801 6922 6921
f 6801 6802 6922
f 6802 6923 6922
f 6802 6803 6923
f 6803 6924 6923
f 6803 6804 6924
f 6804 6925 6924
f 6804 6805 6925
f 6805 6926 6925
f 6805 6806 6926
f 6806 6927 6926
f 6806 6807 6927
f 6807 6928 6927
f 6807 6808 6928
f 6808 6929 6928
f 6808 6809 6929
f 6809 6930 6929
f 6809 6810 6930
f 6810 6931 6930
f 6810 6811 6931
f 6811 6932 6931
f 6811 6812 6932
f 6812 6933 6932
f 6812 6813 6933
f 6813 6934 6933
f 6813 6814 6934
f 6814 6935 6934
f 6814 6815 6935
f 6815 6936 6935
f 6815 6816 6936
f 6816 6937 6936
f 6816 6817 6937
f 6817 6938 6937
f 6817 6818 6938
f 6818 6939 6938
f 6818 6819 6939
f 6819 6940 6939
f 6819 6820 6940
f 6820 6941 6940
f 6820 6821 6941
f 6821 6942 6941
f 6821 6822 6942
f 6822 6943 6942
f 6822 6823 6943
f 6823 6944 6943
f 6823 6824 6944
f 6824 6945 6944
f 6824 6825 6945
f 6825 6946 6945
f 6825 6826 6946
f 6826 6947 6946
f 6826 6827 6947
f 6827 6948 6947
f 6827 6828 6948
f 6828 6949 6948
f 6828 6829 6949
f 6829 6950 6949
f 6829 6830 6950
f 6830 6951 6950
f 6830 6831 6951
f 6831 6952 6951
f 6831 6832 6952
f 6832 6953 6952
f 6832 6833 6953
f 6833 6954 6953
f 6833 6834 6954
f 6834 6955 6954
f 6834 6835 6955
f 6835 6956 6955
f 6835 6836 6956
f 6836 6957 6956
f 6836 6837 6957
f 6837 6958 6957
f 6837 6838 6958
f 6838 6959 6958
f 6838 6839 6959
f 6839 6960 6959
f 6839 6840 6960
f 6840 6961 6960
f 6840 6841 6961
f 6841 6962 6961
f 6841 6842 6962
f 6842 6963 6962
f 6842 6843 6963
f 6843 6964 6963
f 6843 6844 6964
f 6844 6965 6964
f 6844 6845 6965
f 6845 6966 6965
f 6845 6846 6966
f 6846 6967 6966
f 6846 6847 6967
f 6847 6968 6967
f 6847 6848 6968
f 6848 6969 6968
f 6848 6849 6969
f 6849 6970 6969
f 6849 6850 6970
f 6850 6971 6970
f 6850 6851 6971
f 6851 6972 6971
f 6851 6852 6972
f 6852 6973 6972
f 6852 6853 6973
f 6853 6974 6973
f 6853 6854 6974
f 6854 6975 6974
f 6854 6855 6975
f 6855 6976 6975
f 6855 6856 6976
f 6856 6977 6976
f 6856 6857 6977
f 6857 6978 6977
f 6857 6858 6978
f 6858 6979 6978
f 6858 6859 6979
f 6859 6980 6979
f 6859 6860 6980
f 6860 6981 6980
f 6860 6861 6981
f 6861 6982 6981
f 6861 6862 6982
f 6862 6983 6982
f 6862 6863 6983
f 6863 6984 6983
f 6863 6864 6984
f 6864 6985 6984
f 6864 6865 6985
f 6865 6986 6985
f 6865 6866 6986
f 6866 6987 6986
f 6866 6867 6987
f 6867 6988 6987
f 6867 6868 6988
f 6868 6989 6988
f 6868 6869 6989
f 6869 6990 6989
f 6869 6870 6990
f 6870 6991 6990
f 6870 6871 6991
f 6871 6992 6991
f 6871 6872 6992
f 6872 6993 6992
f 6872 6873 6993
f 6873 6994 6993
f 6873 6874 6994
f 6874 6995 6994
f 6874 6875 6995
f 6875 6996 6995
f 6875 6876 6996
f 6876 6997 6996
f 6876 6877 6997
f 6877 6998 6997
f 6877 6878 6998
f 6878 6999 6998
f 6878 6879 6999
f 6879 7000 6999
f 6879 6880 7000
f 6880 7001 7000
f 6880 6881 7001
f 6881 7002 7001
f 6881 6882 7002
f 6882 7003 7002
f 6882 6883 7003
f 6883 7004 7003
f 6883 6884 7004
f 6884 7005 7004
f 6884 6885 7005
f 6885 7006 7005
f 6885 6886 7006
f 6886 7007 7006
f 6886 6887 7007
f 6887 7008 7007
f 6887 6888 7008
f 6888 7009 7008
f 6888 6889 7009
f 6889 7010 7009
f 6889 6890 7010
f 6890 7011 7010
f 6890 6891 7011
f 6891 7012 7011
f 6891 6892 7012
f 6892 7013 7012
f 6892 6893 7013
f 6893 7014 7013
f 6893 6894 7014
f 6894 7015 7014
f 6894 6895 7015
f 6895 7016 7015
f 6895 6896 7016
f 6896 7017 7016
f 6896 6897 7017
f 6897 7018 7017
f 6898 6899 7019
f 6899 7020 7019
f 6899 6900 7020
f 6900 7021 7020
f 6900 6901 7021
f 6901 7022 7021
f 6901 6902 7022
f 6902 7023 7022
f 6902 6903 7023
f 6903 7024 7023
f 6903 6904 7024
f 6904 7025 7024
f 6904 6905 7025
f 6905 7026 7025
f 6905 6906 7026
f 6906 7027 7026
f 6906 6907 7027
f 6907 7028 7027
f 6907 6908 7028
f 6908 7029 7028
f 6908 6909 7029
f 6909 7030 7029
f 6909 6910 7030
f 6910 7031 7030
f 6910 6911 7031
f 6911 7032 7031
f 6911 6912 7032
f 6912 7033 7032
f 6912 6913 7033
f 6913 7034 7033
f 6913 6914 7034
f 6914 7035 7034
f 6914 6915 7035
f 6915 7036 7035
f 6915 6916 7036
f 6916 7037 7036
f 6916 6917 7037
f 6917 7038 7037
f 6917 6918 7038
f 6918 7039 7038
f 6918 6919 7039
f 6919 7040 7039
f 6919 6920 7040
f 6920 7041 7040
f 6920 6921 7041
f 6921 7042 7041
f 6921 6922 7042
f 6922 7043 7042
f 6922 6923 7043
f 6923 7044 7043
f 6923 6924 7044
f 6924 7045 7044
f 6924 6925 7045
f 6925 7046 7045
f 6925 6926 7046
f 6926 7047 7046
f 6926 6927 7047
f 6927 7048 7047
f 6927 6928 7048
f 6928 7049 7048
f 6928 6929 7049
f 6929 7050 7049
f 6929 6930 7050
f 6930 7051 7050
f 6930 6931 7051
f 6931 7052 7051
f 6931 6932 7052
f 6932 7053 7052
f 6932 6933 7053
f 6933 7054 7053
f 6933 6934 7054
f 6934 7055 7054
f 6934 6935 7055
f 6935 7056 7055
f 6935 6936 7056
f 6936 7057 7056
f 6936 6937 7057
f 6937 7058 7057
f 6937 6938 7058
f 6938 7059 7058
f 6938 6939 7059
f 6939 7060 7059
f 6939 6940 7060
f 6940 7061 7060
f 6940 6941 7061
f 6941 7062 7061
f 6941 6942 7062
f 6942 7063 7062
f 6942 6943 7063
f 6943 7064 7063
f 6943 6944 7064
f 6944 7065 7064
f 6944 6945 7065
f 6945 7066 7065
f 6945 6946 7066
f 6946 7067 7066
f 6946 6947 7067
f 6947 7068 7067
f 6947 6948 7068
f 6948 7069 7068
f 6948 6949 7069
f 6949 7070 7069
f 6949 6950 7070
f 6950 7071 7070
f 6950 6951 7071
f 6951 7072 7071
f 6951 6952 7072
f 6952 7073 7072
f 6952 6953 7073
f 6953 7074 7073
f 6953 6954 7074
f 6954 7075 7074
f 6954 6955 7075
f 6955 7076 7075
f 6955 6956 7076
f 6956 7077 7076
f 6956 6957 7077
f 6957 7078 7077
f 6957 6958 7078
f 6958 7079 7078
f 6958 6959 7079
f 6959 7080 7079
f 6959 6960 7080
f 6960 7081 7080
f 6960 6961 7081
f 6961 7082 7081
f 6961 6962 7082
f 6962 7083 7082
f 6962 6963 7083
f 6963 7084 7083
f 6963 6964 7084
f 6964 7085 7084
f 6964 6965 7085
f 6965 7086 7085
f 6965 6966 7086
f 6966 7087 7086
f 6966 6967 7087
f 6967 7088 7087
f 6967 6968 7088
f 6968 7089 7088
f 6968 6969 7089
f 6969 7090 7089
f 6969 6970 7090
f 6970 7091 7090
f 6970 6971 7091
f 6971 7092 7091
f 6971 6972 7092
f 6972 7093 7092
f 6972 6973 7093
f 6973 7094 7093
f 6973 6974 7094
f 6974 7095 7094
f 6974 6975 7095
f 6975 7096 7095
f 6975 6976 7096
f 6976 7097 7096
f 6976 6977 7097
f 6977 7098 7097
f 6977 6978 7098
f 6978 7099 7098
f 6978 6979 7099
f 6979 7100 7099
f 6979 6980 7100
f 6980 7101 7100
f 6980 6981 7101
f 6981 7102 7101
f 6981 6982 7102
f 6982 7103 7102
f 6982 6983 7103
f 6983 7104 7103
f 6983 6984 7104
f 6984 7105 7104
f 6984 6985 7105
f 6985 7106 7105
f 6985 6986 7106
f 6986 7107 7106
f 6986 6987 7107
f 6987 7108 7107
f 6987 6988 7108
f 6988 7109 7108
f 6988 6989 7109
f 6989 7110 7109
f 6989 6990 7110
f 6990 7111 7110
f 6990 6991 7111
f 6991 7112 7111
f 6991 6992 7112
f 6992 7113 7112
f 6992 6993 7113
f 6993 7114 7113
f 6993 6994 7114
f 6994 7115 7114
f 6994 6995 7115
f 6995 7116 7115
f 6995 6996 7116
f 6996 7117 7116
f 6996 6997 7117
f 6997 7118 7117
f 6997 6998 7118
f 6998 7119 7118
f 6998 6999 7119
f 6999 7120 7119
f 6999 7000 7120
f 7000 7121 7120
f 7000 7001 7121
f 7001 7122 7121
f 7001 7002 7122
f 7002 7123 7122
f 7002 7003 7123
f 7003 7124 7123
f 7003 7004 7124
f 7004 7125 7124
f 7004 7005 7125
f 7005 7126 7125
f 7005 7006 7126
f 7006 7127 7126
f 7006 7007 7127
f 7007 7128 7127
f 7007 7008 7128
f 7008 7129 7128
f 7008 7009 7129
f 7009 7130 7129
f 7009 7010 7130
f 7010 7131 7130
f 7010 7011 7131
f 7011 7132 7131
f 7011 7012 7132
f 7012 7133 7132
f 7012 7013 7133
f 7013 7134 7133
f 7013 7014 7134
f 7014 7135 7134
f 7014 7015 7135
f 7015 7136 7135
f 7015 7016 7136
f 7016 7137 7136
f 7016 7017 7137
f 7017 7138 7137
f 7017 7018 7138
f 7018 7139 7138
f 7019 7020 7140
f 7020 7141 7140
f 7020 7021 7141
f 7021 7142 7141
f 7021 7022 7142
f 7022 7143 7142
f 7022 7023 7143
f 7023 7144 7143
f 7023 7024 7144
f 7024 7145 7144
f 7024 7025 7145
f 7025 7146 7145
f 7025 7026 7146
f 7026 7147 7146
f 7026 7027 7147
f 7027 7148 7147
f 7027 7028 7148
f 7028 7149 7148
f 7028 7029 7149
f 7029 7150 7149
f 7029 7030 7150
f 7030 7151 7150
f 7030 7031 7151
f 7031 7152 7151
f 7031 7032 7152
f 7032 7153 7152
f 7032 7033 7153
f 7033 7154 7153
f 7033 7034 7154
f 7034 7155 7154
f 7034 7035 7155
f 7035 7156 7155
f 7035 7036 7156
f 7036 7157 7156
f 7036 7037 7157
f 7037 7158 7157
f 7037 7038 7158
f 7038 7159 7158
f 7038 7039 7159
f 7039 7160 7159
f 7039 7040 7160
f 7040 7161 7160
f 7040 7041 7161
f 7041 7162 7161
f 7041 7042 7162
f 7042 7163 7162
f 7042 7043 7163
f 7043 7164 7163
f 7043 7044 7164
f 7044 7165 7164
f 7044 7045 7165
f 7045 7166 7165
f 7045 7046 7166
f 7046 7167 7166
f 7046 7047 7167
f 7047 7168 7167
f 7047 7048 7168
f 7048 7169 7168
f 7048 7049 7169
f 7049 7170 7169
f 7049 7050 7170
f 7050 7171 7170
f 7050 7051 7171
f 7051 7172 7171
f 7051 7052 7172
f 7052 7173 7172
f 7052 7053 7173
f 7053 7174 7173
f 7053 7054 7174
f 7054 7175 7174
f 7054 7055 7175
f 7055 7176 7175
f 7055 7056 7176
f 7056 7177 7176
f 7056 7057 7177
f 7057 7178 7177
f 7057 7058 7178
f 7058 7179 7178
f 7058 7059 7179
f 7059 7180 7179
f 7059 7060 7180
f 7060 7181 7180
f 7060 7061 7181
f 7061 7182 7181
f 7061 7062 7182
f 7062 7183 7182
f 7062 7063 7183
f 7063 7184 7183
f 7063 7064 7184
f 7064 7185 7184
f 7064 7065 7185
f 7065 7186 7185
f 7065 7066 7186
f 7066 7187 7186
f 7066 7067 7187
f 7067 7188 7187
f 7067 7068 7188
f 7068 7189 7188
f 7068 7069 7189
f 7069 7190 7189
f 7069 7070 7190
f 7070 7191 7190
f 7070 7071 7191
f 7071 7192 7191
f 7071 7072 7192
f 7072 7193 7192
f 7072 7073 7193
f 7073 7194 7193
f 7073 7074 7194
f 7074 7195 7194
f 7074 7075 7195
f 7075 7196 7195
f 7075 7076 7196
f 7076 7197 7196
f 7076 7077 7197
f 7077 7198 7197
f 7077 7078 7198
f 7078 7199 7198
f 7078 7079 7199
f 7079 7200 7199
f 7079 7080 7200
f 7080 7201 7200
f 7080 7081 7201
f 7081 7202 7201
f 7081 7082 7202
f 7082 7203 7202
f 7082 7083 7203
f 7083 7204 7203
f 7083 7084 7204
f 7084 7205 7204
f 7084 7085 7205
f 7085 7206 7205
f 7085 7086 7206
f 7086 7207 7206
f 7086 7087 7207
f 7087 7208 7207
f 7087 7088 7208
f 7088 7209 7208
f 7088 7089 7209
f 7089 7210 7209
f 7089 7090 7210
f 7090 7211 7210
f 7090 7091 7211
f 7091 7212 7211
f 7091 7092 7212
f 7092 7213 7212
f 7092 7093 7213
f 7093 7214 7213
f 7093 7094 7214
f 7094 7215 7214
f 7094 7095 7215
f 7095 7216 7215
f 7095 7096 7216
f 7096 7217 7216
f 7096 7097 7217
f 7097 7218 7217
f 7097 7098 7218
f 7098 7219 7218
f 7098 7099 7219
f 7099 7220 7219
f 7099 7100 7220
f 7100 7221 7220
f 7100 7101 7221
f 7101 7222 7221
f 7101 7102 7222
f 7102 7223 7222
f 7102 7103 7223
f 7103 7224 7223
f 7103 7104 7224
f 7104 7225 7224
f 7104 7105 7225
f 7105 7226 7225
f 7105 7106 7226
f 7106 7227 7226
f 7106 7107 7227
f 7107 7228 7227
f 7107 7108 7228
f 7108 7229 7228
f 7108 7109 7229
f 7109 7230 7229
f 7109 7110 7230
f 7110 7231 7230
f 7110 7111 7231
f 7111 7232 7231
f 7111 7112 7232
f 7112 7233 7232
f 7112 7113 7233
f 7113 7234 7233
f 7113 7114 7234
f 7114 7235 7234
f 7114 7115 7235
f 7115 7236 7235
f 7115 7116 7236
f 7116 7237 7236
f 7116 7117 7237
f 7117 7238 7237
f 7117 7118 7238
f 7118 7239 7238
f 7118 7119 7239
f 7119 7240 7239
f 7119 7120 7240
f 7120 7241 7240
f 7120 7121 7241
f 7121 7242 7241
f 7121 7122 7242
f 7122 7243 7242
f 7122 7123 7243
f 7123 7244 7243
f 7123 7124 7244
f 7124 7245 7244
f 7124 7125 7245
f 7125 7246 7245
f 7125 7126 7246
f 7126 7247 7246
f 7126 7127 7247
f 7127 7248 7247
f 7127 7128 7248
f 7128 7249 7248
f 7128 7129 7249
f 7129 7250 7249
f 7129 7130 7250
f 7130 7251 7250
f 7130 7131 7251
f 7131 7252 7251
f 7131 7132 7252
f 7132 7253 7252
f 7132 7133 7253
f 7133 7254 7253
f 7133 7134 7254
f 7134 7255 7254
f 7134 7135 7255
f 7135 7256 7255
f 7135 7136 7256
f 7136 7257 7256
f 7136 7137 7257
f 7137 7258 7257
f 7137 7138 7258
f 7138 7259 7258
f 7138 7139 7259
f 7139 7260 7259
f 7140 7141 7261
f 7141 7262 7261
f 7141 7142 7262
f 7142 7263 7262
f 7142 7143 7263
f 7143 7264 7263
f 7143 7144 7264
f 7144 7265 7264
f 7144 7145 7265
f 7145 7266 7265
f 7145 7146 7266
f 7146 7267 7266
f 7146 7147 7267
f 7147 7268 7267
f 7147 7148 7268
f 7148 7269 7268
f 7148 7149 7269
f 7149 7270 7269
f 7149 7150 7270
f 7150 7271 7270
f 7150 7151 7271
f 7151 7272 7271
f 7151 7152 7272
f 7152 7273 7272
f 7152 7153 7273
f 7153 7274 7273
f 7153 7154 7274
f 7154 7275 7274
f 7154 7155 7275
f 7155 7276 7275
f 7155 7156 7276
f 7156 7277 7276
f 7156 7157 7277
f 7157 7278 7277
f 7157 7158 7278
f 7158 7279 7278
f 7158 7159 7279
f 7159 7280 7279
f 7159 7160 7280
f 7160 7281 7280
f 7160 7161 7281
f 7161 7282 7281
f 7161 7162 7282
f 7162 7283 7282
f 7162 7163 7283
f 7163 7284 7283
f 7163 7164 7284
f 7164 7285 7284
f 7164 7165 7285
f 7165 7286 7285
f 7165 7166 7286
f 7166 7287 7286
f 7166 7167 7287
f 7167 7288 7287
f 7167 7168 7288
f 7168 7289 7288
f 7168 7169 7289
f 7169 7290 7289
f 7169 7170 7290
f 7170 7291 7290
f 7170 7171 7291
f 7171 7292 7291
f 7171 7172 7292
f 7172 7293 7292
f 7172 7173 7293
f 7173 7294 7293
f 7173 7174 7294
f 7174 7295 7294
f 7174 7175 7295
f 7175 7296 7295
f 7175 7176 7296
f 7176 7297 7296
f 7176 7177 7297
f 7177 7298 7297
f 7177 7178 7298
f 7178 7299 7298
f 7178 7179 7299
f 7179 7300 7299
f 7179 7180 7300
f 7180 7301 7300
f 7180 7181 7301
f 7181 7302 7301
f 7181 7182 7302
f 7182 7303 7302
f 7182 7183 7303
f 7183 7304 7303
f 7183 7184 7304
f 7184 7305 7304
f 7184 7185 7305
f 7185 7306 7305
f 7185 7186 7306
f 7186 7307 7306
f 7186 7187 7307
f 7187 7308 7307
f 7187 7188 7308
f 7188 7309 7308
f 7188 7189 7309
f 7189 7310 7309
f 7189 7190 7310
f 7190 7311 7310
f 7190 7191 7311
f 7191 7312 7311
f 7191 7192 7312
f 7192 7313 7312
f 7192 7193 7313
f 7193 7314 7313
f 7193 7194 7314
f 7194 7315 7314
f 7194 7195 7315
f 7195 7316 7315
f 7195 7196 7316
f 7196 7317 7316
f 7196 7197 7317
f 7197 7318 7317
f 7197 7198 7318
f 7198 7319 7318
f 7198 7199 7319
f 7199 7320 7319
f 7199 7200 7320
f 7200 7321 7320
f 7200 7201 7321
f 7201 7322 7321
f 7201 7202 7322
f 7202 7323 7322
f 7202 7203 7323
f 7203 7324 7323
f 7203 7204 7324
f 7204 7325 7324
f 7204 7205 7325
f 7205 7326 7325
f 7205 7206 7326
f 7206 7327 7326
f 7206 7207 7327
f 7207 7328 7327
f 7207 7208 7328
f 7208 7329 7328
f 7208 7209 7329
f 7209 7330 7329
f 7209 7210 7330
f 7210 7331 7330
f 7210 7211 7331
f 7211 7332 7331
f 7211 7212 7332
f 7212 7333 7332
f 7212 7213 7333
f 7213 7334 7333
f 7213 7214 7334
f 7214 7335 7334
f 7214 7215 7335
f 7215 7336 7335
f 7215 7216 7336
f 7216 7337 7336
f 7216 7217 7337
f 7217 7338 7337
f 7217 7218 7338
f 7218 7339 7338
f 7218 7219 7339
f 7219 7340 7339
f 7219 7220 7340
f 7220 7341 7340
f 7220 7221 7341
f 7221 7342 7341
f 7221 7222 7342
f 7222 7343 7342
f 7222 7223 7343
f 7223 7344 7343
f 7223 7224 7344
f 7224 7345 7344
f 7224 7225 7345
f 7225 7346 7345
f 7225 7226 7346
f 7226 7347 7346
f 7226 7227 7347
f 7227 7348 7347
f 7227 7228 7348
f 7228 7349 7348
f 7228 7229 7349
f 7229 7350 7349
f 7229 7230 7350
f 7230 7351 7350
f 7230 7231 7351
f 7231 7352 7351
f 7231 7232 7352
f 7232 7353 7352
f 7232 7233 7353
f 7233 7354 7353
f 7233 7234 7354
f 7234 7355 7354
f 7234 7235 7355
f 7235 7356 7355
f 7235 7236 7356
f 7236 7357 7356
f 7236 7237 7357
f 7237 7358 7357
f 7237 7238 7358
f 7238 7359 7358
f 7238 7239 7359
f 7239 7360 7359
f 7239 7240 7360
f 7240 7361 7360
f 7240 7241 7361
f 7241 7362 7361
f 7241 7242 7362
f 7242 7363 7362
f 7242 7243 7363
f 7243 7364 7363
f 7243 7244 7364
f 7244 7365 7364
f 7244 7245 7365
f 7245 7366 7365
f 7245 7246 7366
f 7246 7367 7366
f 7246 7247 7367
f 7247 7368 7367
f 7247 7248 7368
f 7248 7369 7368
f 7248 7249 7369
f 7249 7370 7369
f 7249 7250 7370
f 7250 7371 7370
f 7250 7251 7371
f 7251 7372 7371
f 7251 7252 7372
f 7252 7373 7372
f 7252 7253 7373
f 7253 7374 7373
f 7253 7254 7374
f 7254 7375 7374
f 7254 7255 7375
f 7255 7376 7375
f 7255 7256 7376
f 7256 7377 7376
f 7256 7257 7377
f 7257 7378 7377
f 7257 7258 7378
f 7258 7379 7378
f 7258 7259 7379
f 7259 7380 7379
f 7259 7260 7380
f 7260 7381 7380
f 7261 7262 7382
f 7262 7383 7382
f 7262 7263 7383
f 7263 7384 7383
f 7263 7264 7384
f 7264 7385 7384
f 7264 7265 7385
f 7265 7386 7385
f 7265 7266 7386
f 7266 7387 7386
f 7266 7267 7387
f 7267 7388 7387
f 7267 7268 7388
f 7268 7389 7388
f 7268 7269 7389
f 7269 7390 7389
f 7269 7270 7390
f 7270 7391 7390
f 7270 7271 7391
f 7271 7392 7391
f 7271 7272 7392
f 7272 7393 7392
f 7272 7273 7393
f 7273 7394 7393
f 7273 7274 7394
f 7274 7395 7394
f 7274 7275 7395
f 7275 7396 7395
f 7275 7276 7396
f 7276 7397 7396
f 7276 7277 7397
f 7277 7398 7397
f 7277 7278 7398
f 7278 7399 7398
f 7278 7279 7399
f 7279 7400 7399
f 7279 7280 7400
f 7280 7401 7400
f 7280 7281 7401
f 7281 7402 7401
f 7281 7282 7402
f 7282 7403 7402
f 7282 7283 7403
f 7283 7404 7403
f 7283 7284 7404
f 7284 7405 7404
f 7284 7285 7405
f 7285 7406 7405
f 7285 7286 7406
f 7286 7407 7406
f 7286 7287 7407
f 7287 7408 7407
f 7287 7288 7408
f 7288 7409 7408
f 7288 7289 7409
f 7289 7410 7409
f 7289 7290 7410
f 7290 7411 7410
f 7290 7291 7411
f 7291 7412 7411
f 7291 7292 7412
f 7292 7413 7412
f 7292 7293 7413
f 7293 7414 7413
f 7293 7294 7414
f 7294 7415 7414
f 7294 7295 7415
f 7295 7416 7415
f 7295 7296 7416
f 7296 7417 7416
f 7296 7297 7417
f 7297 7418 7417
f 7297 7298 7418
f 7298 7419 7418
f 7298 7299 7419
f 7299 7420 7419
f 7299 7300 7420
f 7300 7421 7420
f 7300 7301 7421
f 7301 7422 7421
f 7301 7302 7422
f 7302 7423 7422
f 7302 7303 7423
f 7303 7424 7423
f 7303 7304 7424
f 7304 7425 7424
f 7304 7305 7425
f 7305 7426 7425
f 7305 7306 7426
f 7306 7427 7426
f 7306 7307 7427
f 7307 7428 7427
f 7307 7308 7428
f 7308 7429 7428
f 7308 7309 7429
f 7309 7430 7429
f 7309 7310 7430
f 7310 7431 7430
f 7310 7311 7431
f 7311 7432 7431
f 7311 7312 7432
f 7312 7433 7432
f 7312 7313 7433
f 7313 7434 7433
f 7313 7314 7434
f 7314 7435 7434
f 7314 7315 7435
f 7315 7436 7435
f 7315 7316 7436
f 7316 7437 7436
f 7316 7317 7437
f 7317 7438 7437
f 7317 7318 7438
f 7318 7439 7438
f 7318 7319 7439
f 7319 7440 7439
f 7319 7320 7440
f 7320 7441 7440
f 7320 7321 7441
f 7321 7442 7441
f 7321 7322 7442
f 7322 7443 7442
f 7322 7323 7443
f 7323 7444 7443
f 7323 7324 7444
f 7324 7445 7444
f 7324 7325 7445
f 7325 7446 7445
f 7325 7326 7446
f 7326 7447 7446
f 7326 7327 7447
f 7327 7448 7447
f 7327 7328 7448
f 7328 7449 7448
f 7328 7329 7449
f 7329 7450 7449
f 7329 7330 7450
f 7330 7451 7450
f 7330 7331 7451
f 7331 7452 7451
f 7331 7332 7452
f 7332 7453 7452
f 7332 7333 7453
f 7333 7454 7453
f 7333 7334 7454
f 7334 7455 7454
f 7334 7335 7455
f 7335 7456 7455
f 7335 7336 7456
f 7336 7457 7456
f 7336 7337 7457
f 7337 7458 7457
f 7337 7338 7458
f 7338 7459 7458
f 7338 7339 7459
f 7339 7460 7459
f 7339 7340 7460
f 7340 7461 7460
f 7340 7341 7461
f 7341 7462 7461
f 7341 7342 7462
f 7342 7463 7462
f 7342 7343 7463
f 7343 7464 7463
f 7343 7344 7464
f 7344 7465 7464
f 7344 7345 7465
f 7345 7466 7465
f 7345 7346 7466
f 7346 7467 7466
f 7346 7347 7467
f 7347 7468 7467
f 7347 7348 7468
f 7348 7469 7468
f 7348 7349 7469
f 7349 7470 7469
f 7349 7350 7470
f 7350 7471 7470
f 7350 7351 7471
f 7351 7472 7471
f 7351 7352 7472
f 7352 7473 7472
f 7352 7353 7473
f 7353 7474 7473
f 7353 7354 7474
f 7354 7475 7474
f 7354 7355 7475
f 7355 7476 7475
f 7355 7356 7476
f 7356 7477 7476
f 7356 7357 7477
f 7357 7478 7477
f 7357 7358 7478
f 7358 7479 7478
f 7358 7359 7479
f 7359 7480 7479
f 7359 7360 7480
f 7360 7481 7480
f 7360 7361 7481
f 7361 7482 7481
f 7361 7362 7482
f 7362 7483 7482
f 7362 7363 7483
f 7363 7484 7483
f 7363 7364 7484
f 7364 7485 7484
f 7364 7365 7485
f 7365 7486 7485
f 7365 7366 7486
f 7366 7487 7486
f 7366 7367 7487
f 7367 7488 7487
f 7367 7368 7488
f 7368 7489 7488
f 7368 7369 7489
f 7369 7490 7489
f 7369 7370 7490
f 7370 7491 7490
f 7370 7371 7491
f 7371 7492 7491
f 7371 7372 7492
f 7372 7493 7492
f 7372 7373 7493
f 7373 7494 7493
f 7373 7374 7494
f 7374 7495 7494
f 7374 7375 7495
f 7375 7496 7495
f 7375 7376 7496
f 7376 7497 7496
f 7376 7377 7497
f 7377 7498 7497
f 7377 7378 7498
f 7378 7499 7498
f 7378 7379 7499
f 7379 7500 7499
f 7379 7380 7500
f 7380 7501 7500
f 7380 7381 7501
f 7381 7502 7501
f 7382 7383 7503
f 7383 7504 7503
f 7383 7384 7504
f 7384 7505 7504
f 7384 7385 7505
f 7385 7506 7505
f 7385 7386 7506
f 7386 7507 7506
f 7386 7387 7507
f 7387 7508 7507
f 7387 7388 7508
f 7388 7509 7508
f 7388 7389 7509
f 7389 7510 7509
f 7389 7390 7510
f 7390 7511 7510
f 7390 7391 7511
f 7391 7512 7511
f 7391 7392 7512
f 7392 7513 7512
f 7392 7393 7513
f 7393 7514 7513
f 7393 7394 7514
f 7394 7515 7514
f 7394 7395 7515
f 7395 7516 7515
f 7395 7396 7516
f 7396 7517 7516
f 7396 7397 7517
f 7397 7518 7517
f 7397 7398 7518
f 7398 7519 7518
f 7398 7399 7519
f 7399 7520 7519
f 7399 7400 7520
f 7400 7521 7520
f 7400 7401 7521
f 7401 7522 7521
f 7401 7402 7522
f 7402 7523 7522
f 7402 7403 7523
f 7403 7524 7523
f 7403 7404 7524
f 7404 7525 7524
f 7404 7405 7525
f 7405 7526 7525
f 7405 7406 7526
f 7406 7527 7526
f 7406 7407 7527
f 7407 7528 7527
f 7407 7408 7528
f 7408 7529 7528
f 7408 7409 7529
f 7409 7530 7529
f 7409 7410 7530
f 7410 7531 7530
f 7410 7411 7531
f 7411 7532 7531
f 7411 7412 7532
f 7412 7533 7532
f 7412 7413 7533
f 7413 7534 7533
f 7413 7414 7534
f 7414 7535 7534
f 7414 7415 7535
f 7415 7536 7535
f 7415 7416 7536
f 7416 7537 7536
f 7416 7417 7537
f 7417 7538 7537
f 7417 7418 7538
f 7418 7539 7538
f 7418 7419 7539
f 7419 7540 7539
f 7419 7420 7540
f 7420 7541 7540
f 7420 7421 7541
f 7421 7542 7541
f 7421 7422 7542
f 7422 7543 7542
f 7422 7423 7543
f 7423 7544 7543
f 7423 7424 7544
f 7424 7545 7544
f 7424 7425 7545
f 7425 7546 7545
f 7425 7426 7546
f 7426 7547 7546
f 7426 7427 7547
f 7427 7548 7547
f 7427 7428 7548
f 7428 7549 7548
f 7428 7429 7549
f 7429 7550 7549
f 7429 7430 7550
f 7430 7551 7550
f 7430 7431 7551
f 7431 7552 7551
f 7431 7432 7552
f 7432 7553 7552
f 7432 7433 7553
f 7433 7554 7553
f 7433 7434 7554
f 7434 7555 7554
f 7434 7435 7555
f 7435 7556 7555
f 7435 7436 7556
f 7436 7557 7556
f 7436 7437 7557
f 7437 7558 7557
f 7437 7438 7558
f 7438 7559 7558
f 7438 7439 7559
f 7439 7560 7559
f 7439 7440 7560
f 7440 7561 7560
f 7440 7441 7561
f 7441 7562 7561
f 7441 7442 7562
f 7442 7563 7562
f 7442 7443 7563
f 7443 7564 7563
f 7443 7444 7564
f 7444 7565 7564
f 7444 7445 7565
f 7445 7566 7565
f 7445 7446 7566
f 7446 7567 7566
f 7446 7447 7567
f 7447 7568 7567
f 7447 7448 7568
f 7448 7569 7568
f 7448 7449 7569
f 7449 7570 7569
f 7449 7450 7570
f 7450 7571 7570
f 7450 7451 7571
f 7451 7572 7571
f 7451 7452 7572
f 7452 7573 7572
f 7452 7453 7573
f 7453 7574 7573
f 7453 7454 7574
f 7454 7575 7574
f 7454 7455 7575
f 7455 7576 7575
f 7455 7456 7576
f 7456 7577 7576
f 7456 7457 7577
f 7457 7578 7577
f 7457 7458 7578
f 7458 7579 7578
f 7458 7459 7579
f 7459 7580 7579
f 7459 7460 7580
f 7460 7581 7580
f 7460 7461 7581
f 7461 7582 7581
f 7461 7462 7582
f 7462 7583 7582
f 7462 7463 7583
f 7463 7584 7583
f 7463 7464 7584
f 7464 7585 7584
f 7464 7465 7585
f 7465 7586 7585
f 7465 7466 7586
f 7466 7587 7586
f 7466 7467 7587
f 7467 7588 7587
f 7467 7468 7588
f 7468 7589 7588
f 7468 7469 7589
f 7469 7590 7589
f 7469 7470 7590
f 7470 7591 7590
f 7470 7471 7591
f 7471 7592 7591
f 7471 7472 7592
f 7472 7593 7592
f 7472 7473 7593
f 7473 7594 7593
f 7473 7474 7594
f 7474 7595 7594
f 7474 7475 7595
f 7475 7596 7595
f 7475 7476 7596
f 7476 7597 7596
f 7476 7477 7597
f 7477 7598 7597
f 7477 7478 7598
f 7478 7599 7598
f 7478 7479 7599
f 7479 7600 7599
f 7479 7480 7600
f 7480 7601 7600
f 7480 7481 7601
f 7481 7602 7601
f 7481 7482 7602
f 7482 7603 7602
f 7482 7483 7603
f 7483 7604 7603
f 7483 7484 7604
f 7484 7605 7604
f 7484 7485 7605
f 7485 7606 7605
f 7485 7486 7606
f 7486 7607 7606
f 7486 7487 7607
f 7487 7608 7607
f 7487 7488 7608
f 7488 7609 7608
f 7488 7489 7609
f 7489 7610 7609
f 7489 7490 7610
f 7490 7611 7610
f 7490 7491 7611
f 7491 7612 7611
f 7491 7492 7612
f 7492 7613 7612
f 7492 7493 7613
f 7493 7614 7613
f 7493 7494 7614
f 7494 7615 7614
f 7494 7495 7615
f 7495 7616 7615
f 7495 7496 7616
f 7496 7617 7616
f 7496 7497 7617
f 7497 7618 7617
f 7497 7498 7618
f 7498 7619 7618
f 7498 7499 7619
f 7499 7620 7619
f 7499 7500 7620
f 7500 7621 7620
f 7500 7501 7621
f 7501 7622 7621
f 7501 7502 7622
f 7502 7623 7622
f 7503 7504 7624
f 7504 7625 7624
f 7504 7505 7625
f 7505 7626 7625
f 7505 7506 7626
f 7506 7627 7626
f 7506 7507 7627
f 7507 7628 7627
f 7507 7508 7628
f 7508 7629 7628
f 7508 7509 7629
f 7509 7630 7629
f 7509 7510 7630
f 7510 7631 7630
f 7510 7511 7631
f 7511 7632 7631
f 7511 7512 7632
f 7512 7633 7632
f 7512 7513 7633
f 7513 7634 7633
f 7513 7514 7634
f 7514 7635 7634
f 7514 7515 7635
f 7515 7636 7635
f 7515 7516 7636
f 7516 7637 7636
f 7516 7517 7637
f 7517 7638 7637
f 7517 7518 7638
f 7518 7639 7638
f 7518 7519 7639
f 7519 7640 7639
f 7519 7520 7640
f 7520 7641 7640
f 7520 7521 7641
f 7521 7642 7641
f 7521 7522 7642
f 7522 7643 7642
f 7522 7523 7643
f 7523 7644 7643
f 7523 7524 7644
f 7524 7645 7644
f 7524 7525 7645
f 7525 7646 7645
f 7525 7526 7646
f 7526 7647 7646
f 7526 7527 7647
f 7527 7648 7647
f 7527 7528 7648
f 7528 7649 7648
f 7528 7529 7649
f 7529 7650 7649
f 7529 7530 7650
f 7530 7651 7650
f 7530 7531 7651
f 7531 7652 7651
f 7531 7532 7652
f 7532 7653 7652
f 7532 7533 7653
f 7533 7654 7653
f 7533 7534 7654
f 7534 7655 7654
f 7534 7535 7655
f 7535 7656 7655
f 7535 7536 7656
f 7536 7657 7656
f 7536 7537 7657
f 7537 7658 7657
f 7537 7538 7658
f 7538 7659 7658
f 7538 7539 7659
f 7539 7660 7659
f 7539 7540 7660
f 7540 7661 7660
f 7540 7541 7661
f 7541 7662 7661
f 7541 7542 7662
f 7542 7663 7662
f 7542 7543 7663
f 7543 7664 7663
f 7543 7544 7664
f 7544 7665 7664
f 7544 7545 7665
f 7545 7666 7665
f 7545 7546 7666
f 7546 7667 7666
f 7546 7547 7667
f 7547 7668 7667
f 7547 7548 7668
f 7548 7669 7668
f 7548 7549 7669
f 7549 7670 7669
f 7549 7550 7670
f 7550 7671 7670
f 7550 7551 7671
f 7551 7672 7671
f 7551 7552 7672
f 7552 7673 7672
f 7552 7553 7673
f 7553 7674 7673
f 7553 7554 7674
f 7554 7675 7674
f 7554 7555 7675
f 7555 7676 7675
f 7555 7556 7676
f 7556 7677 7676
f 7556 7557 7677
f 7557 7678 7677
f 7557 7558 7678
f 7558 7679 7678
f 7558 7559 7679
f 7559 7680 7679
f 7559 7560 7680
f 7560 7681 7680
f 7560 7561 7681
f 7561 7682 7681
f 7561 7562 7682
f 7562 7683 7682
f 7562 7563 7683
f 7563 7684 7683
f 7563 7564 7684
f 7564 7685 7684
f 7564 7565 7685
f 7565 7686 7685
f 7565 7566 7686
f 7566 7687 7686
f 7566 7567 7687
f 7567 7688 7687
f 7567 7568 7688
f 7568 7689 7688
f 7568 7569 7689
f 7569 7690 7689
f 7569 7570 7690
f 7570 7691 7690
f 7570 7571 7691
f 7571 7692 7691
f 7571 7572 7692
f 7572 7693 7692
f 7572 7573 7693
f 7573 7694 7693
f 7573 7574 7694
f 7574 7695 7694
f 7574 7575 7695
f 7575 7696 7695
f 7575 7576 7696
f 7576 7697 7696
f 7576 7577 7697
f 7577 7698 7697
f 7577 7578 7698
f 7578 7699 7698
f 7578 7579 7699
f 7579 7700 7699
f 7579 7580 7700
f 7580 7701 7700
f 7580 7581 7701
f 7581 7702 7701
f 7581 7582 7702
f 7582 7703 7702
f 7582 7583 7703
f 7583 7704 7703
f 7583 7584 7704
f 7584 7705 7704
f 7584 7585 7705
f 7585 7706 7705
f 7585 7586 7706
f 7586 7707 7706
f 7586 7587 7707
f 7587 7708 7707
f 7587 7588 7708
f 7588 7709 7708
f 7588 7589 7709
f 7589 7710 7709
f 7589 7590 7710
f 7590 7711 7710
f 7590 7591 7711
f 7591 7712 7711
f 7591 7592 7712
f 7592 7713 7712
f 7592 7593 7713
f 7593 7714 7713
f 7593 7594 7714
f 7594 7715 7714
f 7594 7595 7715
f 7595 7716 7715
f 7595 7596 7716
f 7596 7717 7716
f 7596 7597 7717
f 7597 7718 7717
f 7597 7598 7718
f 7598 7719 7718
f 7598 7599 7719
f 7599 7720 7719
f 7599 7600 7720
f 7600 7721 7720
f 7600 7601 7721
f 7601 7722 7721
f 7601 7602 7722
f 7602 7723 7722
f 7602 7603 7723
f 7603 7724 7723
f 7603 7604 7724
f 7604 7725 7724
f 7604 7605 7725
f 7605 7726 7725
f 7605 7606 7726
f 7606 7727 7726
f 7606 7607 7727
f 7607 7728 7727
f 7607 7608 7728
f 7608 7729 7728
f 7608 7609 7729
f 7609 7730 7729
f 7609 7610 7730
f 7610 7731 7730
f 7610 7611 7731
f 7611 7732 7731
f 7611 7612 7732
f 7612 7733 7732
f 7612 7613 7733
f 7613 7734 7733
f 7613 7614 7734
f 7614 7735 7734
f 7614 7615 7735
f 7615 7736 7735
f 7615 7616 7736
f 7616 7737 7736
f 7616 7617 7737
f 7617 7738 7737
f 7617 7618 7738
f 7618 7739 7738
f 7618 7619 7739
f 7619 7740 7739
f 7619 7620 7740
f 7620 7741 7740
f 7620 7621 7741
f 7621 7742 7741
f 7621 7622 7742
f 7622 7743 7742
f 7622 7623 7743
f 7623 7744 7743
f 7624 7625 7745
f 7625 7746 7745
f 7625 7626 7746
f 7626 7747 7746
f 7626 7627 7747
f 7627 7748 7747
f 7627 7628 7748
f 7628 7749 7748
f 7628 7629 7749
f 7629 7750 7749
f 7629 7630 7750
f 7630 7751 7750
f 7630 7631 7751
f 7631 7752 7751
f 7631 7632 7752
f 7632 7753 7752
f 7632 7633 7753
f 7633 7754 7753
f 7633 7634 7754
f 7634 7755 7754
f 7634 7635 7755
f 7635 7756 7755
f 7635 7636 7756
f 7636 7757 7756
f 7636 7637 7757
f 7637 7758 7757
f 7637 7638 7758
f 7638 7759 7758
f 7638 7639 7759
f 7639 7760 7759
f 7639 7640 7760
f 7640 7761 7760
f 7640 7641 7761
f 7641 7762 7761
f 7641 7642 7762
f 7642 7763 7762
f 7642 7643 7763
f 7643 7764 7763
f 7643 7644 7764
f 7644 7765 7764
f 7644 7645 7765
f 7645 7766 7765
f 7645 7646 7766
f 7646 7767 7766
f 7646 7647 7767
f 7647 7768 7767
f 7647 7648 7768
f 7648 7769 7768
f 7648 7649 7769
f 7649 7770 7769
f 7649 7650 7770
f 7650 7771 7770
f 7650 7651 7771
f 7651 7772 7771
f 7651 7652 7772
f 7652 7773 7772
f 7652 7653 7773
f 7653 7774 7773
f 7653 7654 7774
f 7654 7775 7774
f 7654 7655 7775
f 7655 7776 7775
f 7655 7656 7776
f 7656 7777 7776
f 7656 7657 7777
f 7657 7778 7777
f 7657 7658 7778
f 7658 7779 7778
f 7658 7659 7779
f 7659 7780 7779
f 7659 7660 7780
f 7660 7781 7780
f 7660 7661 7781
f 7661 7782 7781
f 7661 7662 7782
f 7662 7783 7782
f 7662 7663 7783
f 7663 7784 7783
f 7663 7664 7784
f 7664 7785 7784
f 7664 7665 7785
f 7665 7786 7785
f 7665 7666 7786
f 7666 7787 7786
f 7666 7667 7787
f 7667 7788 7787
f 7667 7668 7788
f 7668 7789 7788
f 7668 7669 7789
f 7669 7790 7789
f 7669 7670 7790
f 7670 7791 7790
f 7670 7671 7791
f 7671 7792 7791
f 7671 7672 7792
f 7672 7793 7792
f 7672 7673 7793
f 7673 7794 7793
f 7673 7674 7794
f 7674 7795 7794
f 7674 7675 7795
f 7675 7796 7795
f 7675 7676 7796
f 7676 7797 7796
f 7676 7677 7797
f 7677 7798 7797
f 7677 7678 7798
f 7678 7799 7798
f 7678 7679 7799
f 7679 7800 7799
f 7679 7680 7800
f 7680 7801 7800
f 7680 7681 7801
f 7681 7802 7801
f 7681 7682 7802
f 7682 7803 7802
f 7682 7683 7803
f 7683 7804 7803
f 7683 7684 7804
f 7684 7805 7804
f 7684 7685 7805
f 7685 7806 7805
f 7685 7686 7806
f 7686 7807 7806
f 7686 7687 7807
f 7687 7808 7807
f 7687 7688 7808
f 7688 7809 7808
f 7688 7689 7809
f 7689 7810 7809
f 7689 7690 7810
f 7690 7811 7810
f 7690 7691 7811
f 7691 7812 7811
f 7691 7692 7812
f 7692 7813 7812
f 7692 7693 7813
f 7693 7814 7813
f 7693 7694 7814
f 7694 7815 7814
f 7694 7695 7815
f 7695 7816 7815
f 7695 7696 7816
f 7696 7817 7816
f 7696 7697 7817
f 7697 7818 7817
f 7697 7698 7818
f 7698 7819 7818
f 7698 7699 7819
f 7699 7820 7819
f 7699 7700 7820
f 7700 7821 7820
f 7700 7701 7821
f 7701 7822 7821
f 7701 7702 7822
f 7702 7823 7822
f 7702 7703 7823
f 7703 7824 7823
f 7703 7704 7824
f 7704 7825 7824
f 7704 7705 7825
f 7705 7826 7825
f 7705 7706 7826
f 7706 7827 7826
f 7706 7707 7827
f 7707 7828 7827
f 7707 7708 7828
f 7708 7829 7828
f 7708 7709 7829
f 7709 7830 7829
f 7709 7710 7830
f 7710 7831 7830
f 7710 7711 7831
f 7711 7832 7831
f 7711 7712 7832
f 7712 7833 7832
f 7712 7713 7833
f 7713 7834 7833
f 7713 7714 7834
f 7714 7835 7834
f 7714 7715 7835
f 7715 7836 7835
f 7715 7716 7836
f 7716 7837 7836
f 7716 7717 7837
f 7717 7838 7837
f 7717 7718 7838
f 7718 7839 7838
f 7718 7719 7839
f 7719 7840 7839
f 7719 7720 7840
f 7720 7841 7840
f 7720 7721 7841
f 7721 7842 7841
f 7721 7722 7842
f 7722 7843 7842
f 7722 7723 7843
f 7723 7844 7843
f 7723 7724 7844
f 7724 7845 7844
f 7724 7725 7845
f 7725 7846 7845
f 7725 7726 7846
f 7726 7847 7846
f 7726 7727 7847
f 7727 7848 7847
f 7727 7728 7848
f 7728 7849 7848
f 7728 7729 7849
f 7729 7850 7849
f 7729 7730 7850
f 7730 7851 7850
f 7730 7731 7851
f 7731 7852 7851
f 7731 7732 7852
f 7732 7853 7852
f 7732 7733 7853
f 7733 7854 7853
f 7733 7734 7854
f 7734 7855 7854
f 7734 7735 7855
f 7735 7856 7855
f 7735 7736 7856
f 7736 7857 7856
f 7736 7737 7857
f 7737 7858 7857
f 7737 7738 7858
f 7738 7859 7858
f 7738 7739 7859
f 7739 7860 7859
f 7739 7740 7860
f 7740 7861 7860
f 7740 7741 7861
f 7741 7862 7861
f 7741 7742 7862
f 7742 7863 7862
f 7742 7743 7863
f 7743 7864 7863
f 7743 7744 7864
f 7744 7865 7864
f 7745 7746 7866
f 7746 7867 7866
f 7746 7747 7867
f 7747 7868 7867
f 7747 7748 7868
f 7748 7869 7868
f 7748 7749 7869
f 7749 7870 7869
f 7749 7750 7870
f 7750 7871 7870
f 7750 7751 7871
f 7751 7872 7871
f 7751 7752 7872
f 7752 7873 7872
f 7752 7753 7873
f 7753 7874 7873
f 7753 7754 7874
f 7754 7875 7874
f 7754 7755 7875
f 7755 7876 7875
f 7755 7756 7876
f 7756 7877 7876
f 7756 7757 7877
f 7757 7878 7877
f 7757 7758 7878
f 7758 7879 7878
f 7758 7759 7879
f 7759 7880 7879
f 7759 7760 7880
f 7760 7881 7880
f 7760 7761 7881
f 7761 7882 7881
f 7761 7762 7882
f 7762 7883 7882
f 7762 7763 7883
f 7763 7884 7883
f 7763 7764 7884
f 7764 7885 7884
f 7764 7765 7885
f 7765 7886 7885
f 7765 7766 7886
f 7766 7887 7886
f 7766 7767 7887
f 7767 7888 7887
f 7767 7768 7888
f 7768 7889 7888
f 7768 7769 7889
f 7769 7890 7889
f 7769 7770 7890
f 7770 7891 7890
f 7770 7771 7891
f 7771 7892 7891
f 7771 7772 7892
f 7772 7893 7892
f 7772 7773 7893
f 7773 7894 7893
f 7773 7774 7894
f 7774 7895 7894
f 7774 7775 7895
f 7775 7896 7895
f 7775 7776 7896
f 7776 7897 7896
f 7776 7777 7897
f 7777 7898 7897
f 7777 7778 7898
f 7778 7899 7898
f 7778 7779 7899
f 7779 7900 7899
f 7779 7780 7900
f 7780 7901 7900
f 7780 7781 7901
f 7781 7902 7901
f 7781 7782 7902
f 7782 7903 7902
f 7782 7783 7903
f 7783 7904 7903
f 7783 7784 7904
f 7784 7905 7904
f 7784 7785 7905
f 7785 7906 7905
f 7785 7786 7906
f 7786 7907 7906
f 7786 7787 7907
f 7787 7908 7907
f 7787 7788 7908
f 7788 7909 7908
f 7788 7789 7909
f 7789 7910 7909
f 7789 7790 7910
f 7790 7911 7910
f 7790 7791 7911
f 7791 7912 7911
f 7791 7792 7912
f 7792 7913 7912
f 7792 7793 7913
f 7793 7914 7913
f 7793 7794 7914
f 7794 7915 7914
f 7794 7795 7915
f 7795 7916 7915
f 7795 7796 7916
f 7796 7917 7916
f 7796 7797 7917
f 7797 7918 7917
f 7797 7798 7918
f 7798 7919 7918
f 7798 7799 7919
f 7799 7920 7919
f 7799 7800 7920
f 7800 7921 7920
f 7800 7801 7921
f 7801 7922 7921
f 7801 7802 7922
f 7802 7923 7922
f 7802 7803 7923
f 7803 7924 7923
f 7803 7804 7924
f 7804 7925 7924
f 7804 7805 7925
f 7805 7926 7925
f 7805 7806 7926
f 7806 7927 7926
f 7806 7807 7927
f 7807 7928 7927
f 7807 7808 7928
f 7808 7929 7928
f 7808 7809 7929
f 7809 7930 7929
f 7809 7810 7930
f 7810 7931 7930
f 7810 7811 7931
f 7811 7932 7931
f 7811 7812 7932
f 7812 7933 7932
f 7812 7813 7933
f 7813 7934 7933
f 7813 7814 7934
f 7814 7935 7934
f 7814 7815 7935
f 7815 7936 7935
f 7815 7816 7936
f 7816 7937 7936
f 7816 7817 7937
f 7817 7938 7937
f 7817 7818 7938
f 7818 7939 7938
f 7818 7819 7939
f 7819 7940 7939
f 7819 7820 7940
f 7820 7941 7940
f 7820 7821 7941
f 7821 7942 7941
f 7821 7822 7942
f 7822 7943 7942
f 7822 7823 7943
f 7823 7944 7943
f 7823 7824 7944
f 7824 7945 7944
f 7824 7825 7945
f 7825 7946 7945
f 7825 7826 7946
f 7826 7947 7946
f 7826 7827 7947
f 7827 7948 7947
f 7827 7828 7948
f 7828 7949 7948
f 7828 7829 7949
f 7829 7950 7949
f 7829 7830 7950
f 7830 7951 7950
f 7830 7831 7951
f 7831 7952 7951
f 7831 7832 7952
f 7832 7953 7952
f 7832 7833 7953
f 7833 7954 7953
f 7833 7834 7954
f 7834 7955 7954
f 7834 7835 7955
f 7835 7956 7955
f 7835 7836 7956
f 7836 7957 7956
f 7836 7837 7957
f 7837 7958 7957
f 7837 7838 7958
f 7838 7959 7958
f 7838 7839 7959
f 7839 7960 7959
f 7839 7840 7960
f 7840 7961 7960
f 7840 7841 7961
f 7841 7962 7961
f 7841 7842 7962
f 7842 7963 7962
f 7842 7843 7963
f 7843 7964 7963
f 7843 7844 7964
f 7844 7965 7964
f 7844 7845 7965
f 7845 7966 7965
f 7845 7846 7966
f 7846 7967 7966
f 7846 7847 7967
f 7847 7968 7967
f 7847 7848 7968
f 7848 7969 7968
f 7848 7849 7969
f 7849 7970 7969
f 7849 7850 7970
f 7850 7971 7970
f 7850 7851 7971
f 7851 7972 7971
f 7851 7852 7972
f 7852 7973 7972
f 7852 7853 7973
f 7853 7974 7973
f 7853 7854 7974
f 7854 7975 7974
f 7854 7855 7975
f 7855 7976 7975
f 7855 7856 7976
f 7856 7977 7976
f 7856 7857 7977
f 7857 7978 7977
f 7857 7858 7978
f 7858 7979 7978
f 7858 7859 7979
f 7859 7980 7979
f 7859 7860 7980
f 7860 7981 7980
f 7860 7861 7981
f 7861 7982 7981
f 7861 7862 7982
f 7862 7983 7982
f 7862 7863 7983
f 7863 7984 7983
f 7863 7864 7984
f 7864 7985 7984
f 7864 7865 7985
f 7865 7986 7985
f 7866 7867 7987
f 7867 7988 7987
f 7867 7868 7988
f 7868 7989 7988
f 7868 7869 7989
f 7869 7990 7989
f 7869 7870 7990
f 7870 7991 7990
f 7870 7871 7991
f 7871 7992 7991
f 7871 7872 7992
f 7872 7993 7992
f 7872 7873 7993
f 7873 7994 7993
f 7873 7874 7994
f 7874 7995 7994
f 7874 7875 7995
f 7875 7996 7995
f 7875 7876 7996
f 7876 7997 7996
f 7876 7877 7997
f 7877 7998 7997
f 7877 7878 7998
f 7878 7999 7998
f 7878 7879 7999
f 7879 8000 7999
f 7879 7880 8000
f 7880 8001 8000
f 7880 7881 8001
f 7881 8002 8001
f 7881 7882 8002
f 7882 8003 8002
f 7882 7883 8003
f 7883 8004 8003
f 7883 7884 8004
f 7884 8005 8004
f 7884 7885 8005
f 7885 8006 8005
f 7885 7886 8006
f 7886 8007 8006
f 7886 7887 8007
f 7887 8008 8007
f 7887 7888 8008
f 7888 8009 8008
f 7888 7889 8009
f 7889 8010 8009
f 7889 7890 8010
f 7890 8011 8010
f 7890 7891 8011
f 7891 8012 8011
f 7891 7892 8012
f 7892 8013 8012
f 7892 7893 8013
f 7893 8014 8013
f 7893 7894 8014
f 7894 8015 8014
f 7894 7895 8015
f 7895 8016 8015
f 7895 7896 8016
f 7896 8017 8016
f 7896 7897 8017
f 7897 8018 8017
f 7897 7898 8018
f 7898 8019 8018
f 7898 7899 8019
f 7899 8020 8019
f 7899 7900 8020
f 7900 8021 8020
f 7900 7901 8021
f 7901 8022 8021
f 7901 7902 8022
f 7902 8023 8022
f 7902 7903 8023
f 7903 8024 8023
f 7903 7904 8024
f 7904 8025 8024
f 7904 7905 8025
f 7905 8026 8025
f 7905 7906 8026
f 7906 8027 8026
f 7906 7907 8027
f 7907 8028 8027
f 7907 7908 8028
f 7908 8029 8028
f 7908 7909 8029
f 7909 8030 8029
f 7909 7910 8030
f 7910 8031 8030
f 7910 7911 8031
f 7911 8032 8031
f 7911 7912 8032
f 7912 8033 8032
f 7912 7913 8033
f 7913 8034 8033
f 7913 7914 8034
f 7914 8035 8034
f 7914 7915 8035
f 7915 8036 8035
f 7915 7916 8036
f 7916 8037 8036
f 7916 7917 8037
f 7917 8038 8037
f 7917 7918 8038
f 7918 8039 8038
f 7918 7919 8039
f 7919 8040 8039
f 7919 7920 8040
f 7920 8041 8040
f 7920 7921 8041
f 7921 8042 8041
f 7921 7922 8042
f 7922 8043 8042
f 7922 7923 8043
f 7923 8044 8043
f 7923 7924 8044
f 7924 8045 8044
f 7924 7925 8045
f 7925 8046 8045
f 7925 7926 8046
f 7926 8047 8046
f 7926 7927 8047
f 7927 8048 8047
f 7927 7928 8048
f 7928 8049 8048
f 7928 7929 8049
f 7929 8050 8049
f 7929 7930 8050
f 7930 8051 8050
f 7930 7931 8051
f 7931 8052 8051
f 7931 7932 8052
f 7932 8053 8052
f 7932 7933 8053
f 7933 8054 8053
f 7933 7934 8054
f 7934 8055 8054
f 7934 7935 8055
f 7935 8056 8055
f 7935 7936 8056
f 7936 8057 8056
f 7936 7937 8057
f 7937 8058 8057
f 7937 7938 8058
f 7938 8059 8058
f 7938 7939 8059
f 7939 8060 8059
f 7939 7940 8060
f 7940 8061 8060
f 7940 7941 8061
f 7941 8062 8061
f 7941 7942 8062
f 7942 8063 8062
f 7942 7943 8063
f 7943 8064 8063
f 7943 7944 8064
f 7944 8065 8064
f 7944 7945 8065
f 7945 8066 8065
f 7945 7946 8066
f 7946 8067 8066
f 7946 7947 8067
f 7947 8068 8067
f 7947 7948 8068
f 7948 8069 8068
f 7948 7949 8069
f 7949 8070 8069
f 7949 7950 8070
f 7950 8071 8070
f 7950 7951 8071
f 7951 8072 8071
f 7951 7952 8072
f 7952 8073 8072
f 7952 7953 8073
f 7953 8074 8073
f 7953 7954 8074
f 7954 8075 8074
f 7954 7955 8075
f 7955 8076 8075
f 7955 7956 8076
f 7956 8077 8076
f 7956 7957 8077
f 7957 8078 8077
f 7957 7958 8078
f 7958 8079 8078
f 7958 7959 8079
f 7959 8080 8079
f 7959 7960 8080
f 7960 8081 8080
f 7960 7961 8081
f 7961 8082 8081
f 7961 7962 8082
f 7962 8083 8082
f 7962 7963 8083
f 7963 8084 8083
f 7963 7964 8084
f 7964 8085 8084
f 7964 7965 8085
f 7965 8086 8085
f 7965 7966 8086
f 7966 8087 8086
f 7966 7967 8087
f 7967 8088 8087
f 7967 7968 8088
f 7968 8089 8088
f 7968 7969 8089
f 7969 8090 8089
f 7969 7970 8090
f 7970 8091 8090
f 7970 7971 8091
f 7971 8092 8091
f 7971 7972 8092
f 7972 8093 8092
f 7972 7973 8093
f 7973 8094 8093
f 7973 7974 8094
f 7974 8095 8094
f 7974 7975 8095
f 7975 8096 8095
f 7975 7976 8096
f 7976 8097 8096
f 7976 7977 8097
f 7977 8098 8097
f 7977 7978 8098
f 7978 8099 8098
f 7978 7979 8099
f 7979 8100 8099
f 7979 7980 8100
f 7980 8101 8100
f 7980 7981 8101
f 7981 8102 8101
f 7981 7982 8102
f 7982 8103 8102
f 7982 7983 8103
f 7983 8104 8103
f 7983 7984 8104
f 7984 8105 8104
f 7984 7985 8105
f 7985 8106 8105
f 7985 7986 8106
f 7986 8107 8106
f 7987 7988 8108
f 7988 8109 8108
f 7988 7989 8109
f 7989 8110 8109
f 7989 7990 8110
f 7990 8111 8110
f 7990 7991 8111
f 7991 8112 8111
f 7991 7992 8112
f 7992 8113 8112
f 7992 7993 8113
f 7993 8114 8113
f 7993 7994 8114
f 7994 8115 8114
f 7994 7995 8115
f 7995 8116 8115
f 7995 7996 8116
f 7996 8117 8116
f 7996 7997 8117
f 7997 8118 8117
f 7997 7998 8118
f 7998 8119 8118
f 7998 7999 8119
f 7999 8120 8119
f 7999 8000 8120
f 8000 8121 8120
f 8000 8001 8121
f 8001 8122 8121
f 8001 8002 8122
f 8002 8123 8122
f 8002 8003 8123
f 8003 8124 8123
f 8003 8004 8124
f 8004 8125 8124
f 8004 8005 8125
f 8005 8126 8125
f 8005 8006 8126
f 8006 8127 8126
f 8006 8007 8127
f 8007 8128 8127
f 8007 8008 8128
f 8008 8129 8128
f 8008 8009 8129
f 8009 8130 8129
f 8009 8010 8130
f 8010 8131 8130
f 8010 8011 8131
f 8011 8132 8131
f 8011 8012 8132
f 8012 8133 8132
f 8012 8013 8133
f 8013 8134 8133
f 8013 8014 8134
f 8014 8135 8134
f 8014 8015 8135
f 8015 8136 8135
f 8015 8016 8136
f 8016 8137 8136
f 8016 8017 8137
f 8017 8138 8137
f 8017 8018 8138
f 8018 8139 8138
f 8018 8019 8139
f 8019 8140 8139
f 8019 8020 8140
f 8020 8141 8140
f 8020 8021 8141
f 8021 8142 8141
f 8021 8022 8142
f 8022 8143 8142
f 8022 8023 8143
f 8023 8144 8143
f 8023 8024 8144
f 8024 8145 8144
f 8024 8025 8145
f 8025 8146 8145
f 8025 8026 8146
f 8026 8147 8146
f 8026 8027 8147
f 8027 8148 8147
f 8027 8028 8148
f 8028 8149 8148
f 8028 8029 8149
f 8029 8150 8149
f 8029 8030 8150
f 8030 8151 8150
f 8030 8031 8151
f 8031 8152 8151
f 8031 8032 8152
f 8032 8153 8152
f 8032 8033 8153
f 8033 8154 8153
f 8033 8034 8154
f 8034 8155 8154
f 8034 8035 8155
f 8035 8156 8155
f 8035 8036 8156
f 8036 8157 8156
f 8036 8037 8157
f 8037 8158 8157
f 8037 8038 8158
f 8038 8159 8158
f 8038 8039 8159
f 8039 8160 8159
f 8039 8040 8160
f 8040 8161 8160
f 8040 8041 8161
f 8041 8162 8161
f 8041 8042 8162
f 8042 8163 8162
f 8042 8043 8163
f 8043 8164 8163
f 8043 8044 8164
f 8044 8165 8164
f 8044 8045 8165
f 8045 8166 8165
f 8045 8046 8166
f 8046 8167 8166
f 8046 8047 8167
f 8047 8168 8167
f 8047 8048 8168
f 8048 8169 8168
f 8048 8049 8169
f 8049 8170 8169
f 8049 8050 8170
f 8050 8171 8170
f 8050 8051 8171
f 8051 8172 8171
f 8051 8052 8172
f 8052 8173 8172
f 8052 8053 8173
f 8053 8174 8173
f 8053 8054 8174
f 8054 8175 8174
f 8054 8055 8175
f 8055 8176 8175
f 8055 8056 8176
f 8056 8177 8176
f 8056 8057 8177
f 8057 8178 8177
f 8057 8058 8178
f 8058 8179 8178
f 8058 8059 8179
f 8059 8180 8179
f 8059 8060 8180
f 8060 8181 8180
f 8060 8061 8181
f 8061 8182 8181
f 8061 8062 8182
f 8062 8183 8182
f 8062 8063 8183
f 8063 8184 8183
f 8063 8064 8184
f 8064 8185 8184
f 8064 8065 8185
f 8065 8186 8185
f 8065 8066 8186
f 8066 8187 8186
f 8066 8067 8187
f 8067 8188 8187
f 8067 8068 8188
f 8068 8189 8188
f 8068 8069 8189
f 8069 8190 8189
f 8069 8070 8190
f 8070 8191 8190
f 8070 8071 8191
f 8071 8192 8191
f 8071 8072 8192
f 8072 8193 8192
f 8072 8073 8193
f 8073 8194 8193
f 8073 8074 8194
f 8074 8195 8194
f 8074 8075 8195
f 8075 8196 8195
f 8075 8076 8196
f 8076 8197 8196
f 8076 8077 8197
f 8077 8198 8197
f 8077 8078 8198
f 8078 8199 8198
f 8078 8079 8199
f 8079 8200 8199
f 8079 8080 8200
f 8080 8201 8200
f 8080 8081 8201
f 8081 8202 8201
f 8081 8082 8202
f 8082 8203 8202
f 8082 8083 8203
f 8083 8204 8203
f 8083 8084 8204
f 8084 8205 8204
f 8084 8085 8205
f 8085 8206 8205
f 8085 8086 8206
f 8086 8207 8206
f 8086 8087 8207
f 8087 8208 8207
f 8087 8088 8208
f 8088 8209 8208
f 8088 8089 8209
f 8089 8210 8209
f 8089 8090 8210
f 8090 8211 8210
f 8090 8091 8211
f 8091 8212 8211
f 8091 8092 8212
f 8092 8213 8212
f 8092 8093 8213
f 8093 8214 8213
f 8093 8094 8214
f 8094 8215 8214
f 8094 8095 8215
f 8095 8216 8215
f 8095 8096 8216
f 8096 8217 8216
f 8096 8097 8217
f 8097 8218 8217
f 8097 8098 8218
f 8098 8219 8218
f 8098 8099 8219
f 8099 8220 8219
f 8099 8100 8220
f 8100 8221 8220
f 8100 8101 8221
f 8101 8222 8221
f 8101 8102 8222
f 8102 8223 8222
f 8102 8103 8223
f 8103 8224 8223
f 8103 8104 8224
f 8104 8225 8224
f 8104 8105 8225
f 8105 8226 8225
f 8105 8106 8226
f 8106 8227 8226
f 8106 8107 8227
f 8107 8228 8227
f 8108 8109 8229
f 8109 8230 8229
f 8109 8110 8230
f 8110 8231 8230
f 8110 8111 8231
f 8111 8232 8231
f 8111 8112 8232
f 8112 8233 8232
f 8112 8113 8233
f 8113 8234 8233
f 8113 8114 8234
f 8114 8235 8234
f 8114 8115 8235
f 8115 8236 8235
f 8115 8116 8236
f 8116 8237 8236
f 8116 8117 8237
f 8117 8238 8237
f 8117 8118 8238
f 8118 8239 8238
f 8118 8119 8239
f 8119 8240 8239
f 8119 8120 8240
f 8120 8241 8240
f 8120 8121 8241
f 8121 8242 8241
f 8121 8122 8242
f 8122 8243 8242
f 8122 8123 8243
f 8123 8244 8243
f 8123 8124 8244
f 8124 8245 8244
f 8124 8125 8245
f 8125 8246 8245
f 8125 8126 8246
f 8126 8247 8246
f 8126 8127 8247
f 8127 8248 8247
f 8127 8128 8248
f 8128 8249 8248
f 8128 8129 8249
f 8129 8250 8249
f 8129 8130 8250
f 8130 8251 8250
f 8130 8131 8251
f 8131 8252 8251
f 8131 8132 8252
f 8132 8253 8252
f 8132 8133 8253
f 8133 8254 8253
f 8133 8134 8254
f 8134 8255 8254
f 8134 8135 8255
f 8135 8256 8255
f 8135 8136 8256
f 8136 8257 8256
f 8136 8137 8257
f 8137 8258 8257
f 8137 8138 8258
f 8138 8259 8258
f 8138 8139 8259
f 8139 8260 8259
f 8139 8140 8260
f 8140 8261 8260
f 8140 8141 8261
f 8141 8262 8261
f 8141 8142 8262
f 8142 8263 8262
f 8142 8143 8263
f 8143 8264 8263
f 8143 8144 8264
f 8144 8265 8264
f 8144 8145 8265
f 8145 8266 8265
f 8145 8146 8266
f 8146 8267 8266
f 8146 8147 8267
f 8147 8268 8267
f 8147 8148 8268
f 8148 8269 8268
f 8148 8149 8269
f 8149 8270 8269
f 8149 8150 8270
f 8150 8271 8270
f 8150 8151 8271
f 8151 8272 8271
f 8151 8152 8272
f 8152 8273 8272
f 8152 8153 8273
f 8153 8274 8273
f 8153 8154 8274
f 8154 8275 8274
f 8154 8155 8275
f 8155 8276 8275
f 8155 8156 8276
f 8156 8277 8276
f 8156 8157 8277
f 8157 8278 8277
f 8157 8158 8278
f 8158 8279 8278
f 8158 8159 8279
f 8159 8280 8279
f 8159 8160 8280
f 8160 8281 8280
f 8160 8161 8281
f 8161 8282 8281
f 8161 8162 8282
f 8162 8283 8282
f 8162 8163 8283
f 8163 8284 8283
f 8163 8164 8284
f 8164 8285 8284
f 8164 8165 8285
f 8165 8286 8285
f 8165 8166 8286
f 8166 8287 8286
f 8166 8167 8287
f 8167 8288 8287
f 8167 8168 8288
f 8168 8289 8288
f 8168 8169 8289
f 8169 8290 8289
f 8169 8170 8290
f 8170 8291 8290
f 8170 8171 8291
f 8171 8292 8291
f 8171 8172 8292
f 8172 8293 8292
f 8172 8173 8293
f 8173 8294 8293
f 8173 8174 8294
f 8174 8295 8294
f 8174 8175 8295
f 8175 8296 8295
f 8175 8176 8296
f 8176 8297 8296
f 8176 8177 8297
f 8177 8298 8297
f 8177 8178 8298
f 8178 8299 8298
f 8178 8179 8299
f 8179 8300 8299
f 8179 8180 8300
f 8180 8301 8300
f 8180 8181 8301
f 8181 8302 8301
f 8181 8182 8302
f 8182 8303 8302
f 8182 8183 8303
f 8183 8304 8303
f 8183 8184 8304
f 8184 8305 8304
f 8184 8185 8305
f 8185 8306 8305
f 8185 8186 8306
f 8186 8307 8306
f 8186 8187 8307
f 8187 8308 8307
f 8187 8188 8308
f 8188 8309 8308
f 8188 8189 8309
f 8189 8310 8309
f 8189 8190 8310
f 8190 8311 8310
f 8190 8191 8311
f 8191 8312 8311
f 8191 8192 8312
f 8192 8313 8312
f 8192 8193 8313
f 8193 8314 8313
f 8193 8194 8314
f 8194 8315 8314
f 8194 8195 8315
f 8195 8316 8315
f 8195 8196 8316
f 8196 8317 8316
f 8196 8197 8317
f 8197 8318 8317
f 8197 8198 8318
f 8198 8319 8318
f 8198 8199 8319
f 8199 8320 8319
f 8199 8200 8320
f 8200 8321 8320
f 8200 8201 8321
f 8201 8322 8321
f 8201 8202 8322
f 8202 8323 8322
f 8202 8203 8323
f 8203 8324 8323
f 8203 8204 8324
f 8204 8325 8324
f 8204 8205 8325
f 8205 8326 8325
f 8205 8206 8326
f 8206 8327 8326
f 8206 8207 8327
f 8207 8328 8327
f 8207 8208 8328
f 8208 8329 8328
f 8208 8209 8329
f 8209 8330 8329
f 8209 8210 8330
f 8210 8331 8330
f 8210 8211 8331
f 8211 8332 8331
f 8211 8212 8332
f 8212 8333 8332
f 8212 8213 8333
f 8213 8334 8333
f 8213 8214 8334
f 8214 8335 8334
f 8214 8215 8335
f 8215 8336 8335
f 8215 8216 8336
f 8216 8337 8336
f 8216 8217 8337
f 8217 8338 8337
f 8217 8218 8338
f 8218 8339 8338
f 8218 8219 8339
f 8219 8340 8339
f 8219 8220 8340
f 8220 8341 8340
f 8220 8221 8341
f 8221 8342 8341
f 8221 8222 8342
f 8222 8343 8342
f 8222 8223 8343
f 8223 8344 8343
f 8223 8224 8344
f 8224 8345 8344
f 8224 8225 8345
f 8225 8346 8345
f 8225 8226 8346
f 8226 8347 8346
f 8226 8227 8347
f 8227 8348 8347
f 8227 8228 8348
f 8228 8349 8348
f 8229 8230 8350
f 8230 8351 8350
f 8230 8231 8351
f 8231 8352 8351
f 8231 8232 8352
f 8232 8353 8352
f 8232 8233 8353
f 8233 8354 8353
f 8233 8234 8354
f 8234 8355 8354
f 8234 8235 8355
f 8235 8356 8355
f 8235 8236 8356
f 8236 8357 8356
f 8236 8237 8357
f 8237 8358 8357
f 8237 8238 8358
f 8238 8359 8358
f 8238 8239 8359
f 8239 8360 8359
f 8239 8240 8360
f 8240 8361 8360
f 8240 8241 8361
f 8241 8362 8361
f 8241 8242 8362
f 8242 8363 8362
f 8242 8243 8363
f 8243 8364 8363
f 8243 8244 8364
f 8244 8365 8364
f 8244 8245 8365
f 8245 8366 8365
f 8245 8246 8366
f 8246 8367 8366
f 8246 8247 8367
f 8247 8368 8367
f 8247 8248 8368
f 8248 8369 8368
f 8248 8249 8369
f 8249 8370 8369
f 8249 8250 8370
f 8250 8371 8370
f 8250 8251 8371
f 8251 8372 8371
f 8251 8252 8372
f 8252 8373 8372
f 8252 8253 8373
f 8253 8374 8373
f 8253 8254 8374
f 8254 8375 8374
f 8254 8255 8375
f 8255 8376 8375
f 8255 8256 8376
f 8256 8377 8376
f 8256 8257 8377
f 8257 8378 8377
f 8257 8258 8378
f 8258 8379 8378
f 8258 8259 8379
f 8259 8380 8379
f 8259 8260 8380
f 8260 8381 8380
f 8260 8261 8381
f 8261 8382 8381
f 8261 8262 8382
f 8262 8383 8382
f 8262 8263 8383
f 8263 8384 8383
f 8263 8264 8384
f 8264 8385 8384
f 8264 8265 8385
f 8265 8386 8385
f 8265 8266 8386
f 8266 8387 8386
f 8266 8267 8387
f 8267 8388 8387
f 8267 8268 8388
f 8268 8389 8388
f 8268 8269 8389
f 8269 8390 8389
f 8269 8270 8390
f 8270 8391 8390
f 8270 8271 8391
f 8271 8392 8391
f 8271 8272 8392
f 8272 8393 8392
f 8272 8273 8393
f 8273 8394 8393
f 8273 8274 8394
f 8274 8395 8394
f 8274 8275 8395
f 8275 8396 8395
f 8275 8276 8396
f 8276 8397 8396
f 8276 8277 8397
f 8277 8398 8397
f 8277 8278 8398
f 8278 8399 8398
f 8278 8279 8399
f 8279 8400 8399
f 8279 8280 8400
f 8280 8401 8400
f 8280 8281 8401
f 8281 8402 8401
f 8281 8282 8402
f 8282 8403 8402
f 8282 8283 8403
f 8283 8404 8403
f 8283 8284 8404
f 8284 8405 8404
f 8284 8285 8405
f 8285 8406 8405
f 8285 8286 8406
f 8286 8407 8406
f 8286 8287 8407
f 8287 8408 8407
f 8287 8288 8408
f 8288 8409 8408
f 8288 8289 8409
f 8289 8410 8409
f 8289 8290 8410
f 8290 8411 8410
f 8290 8291 8411
f 8291 8412 8411
f 8291 8292 8412
f 8292 8413 8412
f 8292 8293 8413
f 8293 8414 8413
f 8293 8294 8414
f 8294 8415 8414
f 8294 8295 8415
f 8295 8416 8415
f 8295 8296 8416
f 8296 8417 8416
f 8296 8297 8417
f 8297 8418 8417
f 8297 8298 8418
f 8298 8419 8418
f 8298 8299 8419
f 8299 8420 8419
f 8299 8300 8420
f 8300 8421 8420
f 8300 8301 8421
f 8301 8422 8421
f 8301 8302 8422
f 8302 8423 8422
f 8302 8303 8423
f 8303 8424 8423
f 8303 8304 8424
f 8304 8425 8424
f 8304 8305 8425
f 8305 8426 8425
f 8305 8306 8426
f 8306 8427 8426
f 8306 8307 8427
f 8307 8428 8427
f 8307 8308 8428
f 8308 8429 8428
f 8308 8309 8429
f 8309 8430 8429
f 8309 8310 8430
f 8310 8431 8430
f 8310 8311 8431
f 8311 8432 8431
f 8311 8312 8432
f 8312 8433 8432
f 8312 8313 8433
f 8313 8434 8433
f 8313 8314 8434
f 8314 8435 8434
f 8314 8315 8435
f 8315 8436 8435
f 8315 8316 8436
f 8316 8437 8436
f 8316 8317 8437
f 8317 8438 8437
f 8317 8318 8438
f 8318 8439 8438
f 8318 8319 8439
f 8319 8440 8439
f 8319 8320 8440
f 8320 8441 8440
f 8320 8321 8441
f 8321 8442 8441
f 8321 8322 8442
f 8322 8443 8442
f 8322 8323 8443
f 8323 8444 8443
f 8323 8324 8444
f 8324 8445 8444
f 8324 8325 8445
f 8325 8446 8445
f 8325 8326 8446
f 8326 8447 8446
f 8326 8327 8447
f 8327 8448 8447
f 8327 8328 8448
f 8328 8449 8448
f 8328 8329 8449
f 8329 8450 8449
f 8329 8330 8450
f 8330 8451 8450
f 8330 8331 8451
f 8331 8452 8451
f 8331 8332 8452
f 8332 8453 8452
f 8332 8333 8453
f 8333 8454 8453
f 8333 8334 8454
f 8334 8455 8454
f 8334 8335 8455
f 8335 8456 8455
f 8335 8336 8456
f 8336 8457 8456
f 8336 8337 8457
f 8337 8458 8457
f 8337 8338 8458
f 8338 8459 8458
f 8338 8339 8459
f 8339 8460 8459
f 8339 8340 8460
f 8340 8461 8460
f 8340 8341 8461
f 8341 8462 8461
f 8341 8342 8462
f 8342 8463 8462
f 8342 8343 8463
f 8343 8464 8463
f 8343 8344 8464
f 8344 8465 8464
f 8344 8345 8465
f 8345 8466 8465
f 8345 8346 8466
f 8346 8467 8466
f 8346 8347 8467
f 8347 8468 8467
f 8347 8348 8468
f 8348 8469 8468
f 8348 8349 8469
f 8349 8470 8469
f 8350 8351 8471
f 8351 8472 8471
f 8351 8352 8472
f 8352 8473 8472
f 8352 8353 8473
f 8353 8474 8473
f 8353 8354 8474
f 8354 8475 8474
f 8354 8355 8475
f 8355 8476 8475
f 8355 8356 8476
f 8356 8477 8476
f 8356 8357 8477
f 8357 8478 8477
f 8357 8358 8478
f 8358 8479 8478
f 8358 8359 8479
f 8359 8480 8479
f 8359 8360 8480
f 8360 8481 8480
f 8360 8361 8481
f 8361 8482 8481
f 8361 8362 8482
f 8362 8483 8482
f 8362 8363 8483
f 8363 8484 8483
f 8363 8364 8484
f 8364 8485 8484
f 8364 8365 8485
f 8365 8486 8485
f 8365 8366 8486
f 8366 8487 8486
f 8366 8367 8487
f 8367 8488 8487
f 8367 8368 8488
f 8368 8489 8488
f 8368 8369 8489
f 8369 8490 8489
f 8369 8370 8490
f 8370 8491 8490
f 8370 8371 8491
f 8371 8492 8491
f 8371 8372 8492
f 8372 8493 8492
f 8372 8373 8493
f 8373 8494 8493
f 8373 8374 8494
f 8374 8495 8494
f 8374 8375 8495
f 8375 8496 8495
f 8375 8376 8496
f 8376 8497 8496
f 8376 8377 8497
f 8377 8498 8497
f 8377 8378 8498
f 8378 8499 8498
f 8378 8379 8499
f 8379 8500 8499
f 8379 8380 8500
f 8380 8501 8500
f 8380 8381 8501
f 8381 8502 8501
f 8381 8382 8502
f 8382 8503 8502
f 8382 8383 8503
f 8383 8504 8503
f 8383 8384 8504
f 8384 8505 8504
f 8384 8385 8505
f 8385 8506 8505
f 8385 8386 8506
f 8386 8507 8506
f 8386 8387 8507
f 8387 8508 8507
f 8387 8388 8508
f 8388 8509 8508
f 8388 8389 8509
f 8389 8510 8509
f 8389 8390 8510
f 8390 8511 8510
f 8390 8391 8511
f 8391 8512 8511
f 8391 8392 8512
f 8392 8513 8512
f 8392 8393 8513
f 8393 8514 8513
f 8393 8394 8514
f 8394 8515 8514
f 8394 8395 8515
f 8395 8516 8515
f 8395 8396 8516
f 8396 8517 8516
f 8396 8397 8517
f 8397 8518 8517
f 8397 8398 8518
f 8398 8519 8518
f 8398 8399 8519
f 8399 8520 8519
f 8399 8400 8520
f 8400 8521 8520
f 8400 8401 8521
f 8401 8522 8521
f 8401 8402 8522
f 8402 8523 8522
f 8402 8403 8523
f 8403 8524 8523
f 8403 8404 8524
f 8404 8525 8524
f 8404 8405 8525
f 8405 8526 8525
f 8405 8406 8526
f 8406 8527 8526
f 8406 8407 8527
f 8407 8528 8527
f 8407 8408 8528
f 8408 8529 8528
f 8408 8409 8529
f 8409 8530 8529
f 8409 8410 8530
f 8410 8531 8530
f 8410 8411 8531
f 8411 8532 8531
f 8411 8412 8532
f 8412 8533 8532
f 8412 8413 8533
f 8413 8534 8533
f 8413 8414 8534
f 8414 8535 8534
f 8414 8415 8535
f 8415 8536 8535
f 8415 8416 8536
f 8416 8537 8536
f 8416 8417 8537
f 8417 8538 8537
f 8417 8418 8538
f 8418 8539 8538
f 8418 8419 8539
f 8419 8540 8539
f 8419 8420 8540
f 8420 8541 8540
f 8420 8421 8541
f 8421 8542 8541
f 8421 8422 8542
f 8422 8543 8542
f 8422 8423 8543
f 8423 8544 8543
f 8423 8424 8544
f 8424 8545 8544
f 8424 8425 8545
f 8425 8546 8545
f 8425 8426 8546
f 8426 8547 8546
f 8426 8427 8547
f 8427 8548 8547
f 8427 8428 8548
f 8428 8549 8548
f 8428 8429 8549
f 8429 8550 8549
f 8429 8430 8550
f 8430 8551 8550
f 8430 8431 8551
f 8431 8552 8551
f 8431 8432 8552
f 8432 8553 8552
f 8432 8433 8553
f 8433 8554 8553
f 8433 8434 8554
f 8434 8555 8554
f 8434 8435 8555
f 8435 8556 8555
f 8435 8436 8556
f 8436 8557 8556
f 8436 8437 8557
f 8437 8558 8557
f 8437 8438 8558
f 8438 8559 8558
f 8438 8439 8559
f 8439 8560 8559
f 8439 8440 8560
f 8440 8561 8560
f 8440 8441 8561
f 8441 8562 8561
f 8441 8442 8562
f 8442 8563 8562
f 8442 8443 8563
f 8443 8564 8563
f 8443 8444 8564
f 8444 8565 8564
f 8444 8445 8565
f 8445 8566 8565
f 8445 8446 8566
f 8446 8567 8566
f 8446 8447 8567
f 8447 8568 8567
f 8447 8448 8568
f 8448 8569 8568
f 8448 8449 8569
f 8449 8570 8569
f 8449 8450 8570
f 8450 8571 8570
f 8450 8451 8571
f 8451 8572 8571
f 8451 8452 8572
f 8452 8573 8572
f 8452 8453 8573
f 8453 8574 8573
f 8453 8454 8574
f 8454 8575 8574
f 8454 8455 8575
f 8455 8576 8575
f 8455 8456 8576
f 8456 8577 8576
f 8456 8457 8577
f 8457 8578 8577
f 8457 8458 8578
f 8458 8579 8578
f 8458 8459 8579
f 8459 8580 8579
f 8459 8460 8580
f 8460 8581 8580
f 8460 8461 8581
f 8461 8582 8581
f 8461 8462 8582
f 8462 8583 8582
f 8462 8463 8583
f 8463 8584 8583
f 8463 8464 8584
f 8464 8585 8584
f 8464 8465 8585
f 8465 8586 8585
f 8465 8466 8586
f 8466 8587 8586
f 8466 8467 8587
f 8467 8588 8587
f 8467 8468 8588
f 8468 8589 8588
f 8468 8469 8589
f 8469 8590 8589
f 8469 8470 8590
f 8470 8591 8590
f 8471 8472 8592
f 8472 8593 8592
f 8472 8473 8593
f 8473 8594 8593
f 8473 8474 8594
f 8474 8595 8594
f 8474 8475 8595
f 8475 8596 8595
f 8475 8476 8596
f 8476 8597 8596
f 8476 8477 8597
f 8477 8598 8597
f 8477 8478 8598
f 8478 8599 8598
f 8478 8479 8599
f 8479 8600 8599
f 8479 8480 8600
f 8480 8601 8600
f 8480 8481 8601
f 8481 8602 8601
f 8481 8482 8602
f 8482 8603 8602
f 8482 8483 8603
f 8483 8604 8603
f 8483 8484 8604
f 8484 8605 8604
f 8484 8485 8605
f 8485 8606 8605
f 8485 8486 8606
f 8486 8607 8606
f 8486 8487 8607
f 8487 8608 8607
f 8487 8488 8608
f 8488 8609 8608
f 8488 8489 8609
f 8489 8610 8609
f 8489 8490 8610
f 8490 8611 8610
f 8490 8491 8611
f 8491 8612 8611
f 8491 8492 8612
f 8492 8613 8612
f 8492 8493 8613
f 8493 8614 8613
f 8493 8494 8614
f 8494 8615 8614
f 8494 8495 8615
f 8495 8616 8615
f 8495 8496 8616
f 8496 8617 8616
f 8496 8497 8617
f 8497 8618 8617
f 8497 8498 8618
f 8498 8619 8618
f 8498 8499 8619
f 8499 8620 8619
f 8499 8500 8620
f 8500 8621 8620
f 8500 8501 8621
f 8501 8622 8621
f 8501 8502 8622
f 8502 8623 8622
f 8502 8503 8623
f 8503 8624 8623
f 8503 8504 8624
f 8504 8625 8624
f 8504 8505 8625
f 8505 8626 8625
f 8505 8506 8626
f 8506 8627 8626
f 8506 8507 8627
f 8507 8628 8627
f 8507 8508 8628
f 8508 8629 8628
f 8508 8509 8629
f 8509 8630 8629
f 8509 8510 8630
f 8510 8631 8630
f 8510 8511 8631
f 8511 8632 8631
f 8511 8512 8632
f 8512 8633 8632
f 8512 8513 8633
f 8513 8634 8633
f 8513 8514 8634
f 8514 8635 8634
f 8514 8515 8635
f 8515 8636 8635
f 8515 8516 8636
f 8516 8637 8636
f 8516 8517 8637
f 8517 8638 8637
f 8517 8518 8638
f 8518 8639 8638
f 8518 8519 8639
f 8519 8640 8639
f 8519 8520 8640
f 8520 8641 8640
f 8520 8521 8641
f 8521 8642 8641
f 8521 8522 8642
f 8522 8643 8642
f 8522 8523 8643
f 8523 8644 8643
f 8523 8524 8644
f 8524 8645 8644
f 8524 8525 8645
f 8525 8646 8645
f 8525 8526 8646
f 8526 8647 8646
f 8526 8527 8647
f 8527 8648 8647
f 8527 8528 8648
f 8528 8649 8648
f 8528 8529 8649
f 8529 8650 8649
f 8529 8530 8650
f 8530 8651 8650
f 8530 8531 8651
f 8531 8652 8651
f 8531 8532 8652
f 8532 8653 8652
f 8532 8533 8653
f 8533 8654 8653
f 8533 8534 8654
f 8534 8655 8654
f 8534 8535 8655
f 8535 8656 8655
f 8535 8536 8656
f 8536 8657 8656
f 8536 8537 8657
f 8537 8658 8657
f 8537 8538 8658
f 8538 8659 8658
f 8538 8539 8659
f 8539 8660 8659
f 8539 8540 8660
f 8540 8661 8660
f 8540 8541 8661
f 8541 8662 8661
f 8541 8542 8662
f 8542 8663 8662
f 8542 8543 8663
f 8543 8664 8663
f 8543 8544 8664
f 8544 8665 8664
f 8544 8545 8665
f 8545 8666 8665
f 8545 8546 8666
f 8546 8667 8666
f 8546 8547 8667
f 8547 8668 8667
f 8547 8548 8668
f 8548 8669 8668
f 8548 8549 8669
f 8549 8670 8669
f 8549 8550 8670
f 8550 8671 8670
f 8550 8551 8671
f 8551 8672 8671
f 8551 8552 8672
f 8552 8673 8672
f 8552 8553 8673
f 8553 8674 8673
f 8553 8554 8674
f 8554 8675 8674
f 8554 8555 8675
f 8555 8676 8675
f 8555 8556 8676
f 8556 8677 8676
f 8556 8557 8677
f 8557 8678 8677
f 8557 8558 8678
f 8558 8679 8678
f 8558 8559 8679
f 8559 8680 8679
f 8559 8560 8680
f 8560 8681 8680
f 8560 8561 8681
f 8561 8682 8681
f 8561 8562 8682
f 8562 8683 8682
f 8562 8563 8683
f 8563 8684 8683
f 8563 8564 8684
f 8564 8685 8684
f 8564 8565 8685
f 8565 8686 8685
f 8565 8566 8686
f 8566 8687 8686
f 8566 8567 8687
f 8567 8688 8687
f 8567 8568 8688
f 8568 8689 8688
f 8568 8569 8689
f 8569 8690 8689
f 8569 8570 8690
f 8570 8691 8690
f 8570 8571 8691
f 8571 8692 8691
f 8571 8572 8692
f 8572 8693 8692
f 8572 8573 8693
f 8573 8694 8693
f 8573 8574 8694
f 8574 8695 8694
f 8574 8575 8695
f 8575 8696 8695
f 8575 8576 8696
f 8576 8697 8696
f 8576 8577 8697
f 8577 8698 8697
f 8577 8578 8698
f 8578 8699 8698
f 8578 8579 8699
f 8579 8700 8699
f 8579 8580 8700
f 8580 8701 8700
f 8580 8581 8701
f 8581 8702 8701
f 8581 8582 8702
f 8582 8703 8702
f 8582 8583 8703
f 8583 8704 8703
f 8583 8584 8704
f 8584 8705 8704
f 8584 8585 8705
f 8585 8706 8705
f 8585 8586 8706
f 8586 8707 8706
f 8586 8587 8707
f 8587 8708 8707
f 8587 8588 8708
f 8588 8709 8708
f 8588 8589 8709
f 8589 8710 8709
f 8589 8590 8710
f 8590 8711 8710
f 8590 8591 8711
f 8591 8712 8711
f 8592 8593 8713
f 8593 8714 8713
f 8593 8594 8714
f 8594 8715 8714
f 8594 8595 8715
f 8595 8716 8715
f 8595 8596 8716
f 8596 8717 8716
f 8596 8597 8717
f 8597 8718 8717
f 8597 8598 8718
f 8598 8719 8718
f 8598 8599 8719
f 8599 8720 8719
f 8599 8600 8720
f 8600 8721 8720
f 8600 8601 8721
f 8601 8722 8721
f 8601 8602 8722
f 8602 8723 8722
f 8602 8603 8723
f 8603 8724 8723
f 8603 8604 8724
f 8604 8725 8724
f 8604 8605 8725
f 8605 8726 8725
f 8605 8606 8726
f 8606 8727 8726
f 8606 8607 8727
f 8607 8728 8727
f 8607 8608 8728
f 8608 8729 8728
f 8608 8609 8729
f 8609 8730 8729
f 8609 8610 8730
f 8610 8731 8730
f 8610 8611 8731
f 8611 8732 8731
f 8611 8612 8732
f 8612 8733 8732
f 8612 8613 8733
f 8613 8734 8733
f 8613 8614 8734
f 8614 8735 8734
f 8614 8615 8735
f 8615 8736 8735
f 8615 8616 8736
f 8616 8737 8736
f 8616 8617 8737
f 8617 8738 8737
f 8617 8618 8738
f 8618 8739 8738
f 8618 8619 8739
f 8619 8740 8739
f 8619 8620 8740
f 8620 8741 8740
f 8620 8621 8741
f 8621 8742 8741
f 8621 8622 8742
f 8622 8743 8742
f 8622 8623 8743
f 8623 8744 8743
f 8623 8624 8744
f 8624 8745 8744
f 8624 8625 8745
f 8625 8746 8745
f 8625 8626 8746
f 8626 8747 8746
f 8626 8627 8747
f 8627 8748 8747
f 8627 8628 8748
f 8628 8749 8748
f 8628 8629 8749
f 8629 8750 8749
f 8629 8630 8750
f 8630 8751 8750
f 8630 8631 8751
f 8631 8752 8751
f 8631 8632 8752
f 8632 8753 8752
f 8632 8633 8753
f 8633 8754 8753
f 8633 8634 8754
f 8634 8755 8754
f 8634 8635 8755
f 8635 8756 8755
f 8635 8636 8756
f 8636 8757 8756
f 8636 8637 8757
f 8637 8758 8757
f 8637 8638 8758
f 8638 8759 8758
f 8638 8639 8759
f 8639 8760 8759
f 8639 8640 8760
f 8640 8761 8760
f 8640 8641 8761
f 8641 8762 8761
f 8641 8642 8762
f 8642 8763 8762
f 8642 8643 8763
f 8643 8764 8763
f 8643 8644 8764
f 8644 8765 8764
f 8644 8645 8765
f 8645 8766 8765
f 8645 8646 8766
f 8646 8767 8766
f 8646 8647 8767
f 8647 8768 8767
f 8647 8648 8768
f 8648 8769 8768
f 8648 8649 8769
f 8649 8770 8769
f 8649 8650 8770
f 8650 8771 8770
f 8650 8651 8771
f 8651 8772 8771
f 8651 8652 8772
f 8652 8773 8772
f 8652 8653 8773
f 8653 8774 8773
f 8653 8654 8774
f 8654 8775 8774
f 8654 8655 8775
f 8655 8776 8775
f 8655 8656 8776
f 8656 8777 8776
f 8656 8657 8777
f 8657 8778 8777
f 8657 8658 8778
f 8658 8779 8778
f 8658 8659 8779
f 8659 8780 8779
f 8659 8660 8780
f 8660 8781 8780
f 8660 8661 8781
f 8661 8782 8781
f 8661 8662 8782
f 8662 8783 8782
f 8662 8663 8783
f 8663 8784 8783
f 8663 8664 8784
f 8664 8785 8784
f 8664 8665 8785
f 8665 8786 8785
f 8665 8666 8786
f 8666 8787 8786
f 8666 8667 8787
f 8667 8788 8787
f 8667 8668 8788
f 8668 8789 8788
f 8668 8669 8789
f 8669 8790 8789
f 8669 8670 8790
f 8670 8791 8790
f 8670 8671 8791
f 8671 8792 8791
f 8671 8672 8792
f 8672 8793 8792
f 8672 8673 8793
f 8673 8794 8793
f 8673 8674 8794
f 8674 8795 8794
f 8674 8675 8795
f 8675 8796 8795
f 8675 8676 8796
f 8676 8797 8796
f 8676 8677 8797
f 8677 8798 8797
f 8677 8678 8798
f 8678 8799 8798
f 8678 8679 8799
f 8679 8800 8799
f 8679 8680 8800
f 8680 8801 8800
f 8680 8681 8801
f 8681 8802 8801
f 8681 8682 8802
f 8682 8803 8802
f 8682 8683 8803
f 8683 8804 8803
f 8683 8684 8804
f 8684 8805 8804
f 8684 8685 8805
f 8685 8806 8805
f 8685 8686 8806
f 8686 8807 8806
f 8686 8687 8807
f 8687 8808 8807
f 8687 8688 8808
f 8688 8809 8808
f 8688 8689 8809
f 8689 8810 8809
f 8689 8690 8810
f 8690 8811 8810
f 8690 8691 8811
f 8691 8812 8811
f 8691 8692 8812
f 8692 8813 8812
f 8692 8693 8813
f 8693 8814 8813
f 8693 8694 8814
f 8694 8815 8814
f 8694 8695 8815
f 8695 8816 8815
f 8695 8696 8816
f 8696 8817 8816
f 8696 8697 8817
f 8697 8818 8817
f 8697 8698 8818
f 8698 8819 8818
f 8698 8699 8819
f 8699 8820 8819
f 8699 8700 8820
f 8700 8821 8820
f 8700 8701 8821
f 8701 8822 8821
f 8701 8702 8822
f 8702 8823 8822
f 8702 8703 8823
f 8703 8824 8823
f 8703 8704 8824
f 8704 8825 8824
f 8704 8705 8825
f 8705 8826 8825
f 8705 8706 8826
f 8706 8827 8826
f 8706 8707 8827
f 8707 8828 8827
f 8707 8708 8828
f 8708 8829 8828
f 8708 8709 8829
f 8709 8830 8829
f 8709 8710 8830
f 8710 8831 8830
f 8710 8711 8831
f 8711 8832 8831
f 8711 8712 8832
f 8712 8833 8832
f 8713 8714 8834
f 8714 8835 8834
f 8714 8715 8835
f 8715 8836 8835
f 8715 8716 8836
f 8716 8837 8836
f 8716 8717 8837
f 8717 8838 8837
f 8717 8718 8838
f 8718 8839 8838
f 8718 8719 8839
f 8719 8840 8839
f 8719 8720 8840
f 8720 8841 8840
f 8720 8721 8841
f 8721 8842 8841
f 8721 8722 8842
f 8722 8843 8842
f 8722 8723 8843
f 8723 8844 8843
f 8723 8724 8844
f 8724 8845 8844
f 8724 8725 8845
f 8725 8846 8845
f 8725 8726 8846
f 8726 8847 8846
f 8726 8727 8847
f 8727 8848 8847
f 8727 8728 8848
f 8728 8849 8848
f 8728 8729 8849
f 8729 8850 8849
f 8729 8730 8850
f 8730 8851 8850
f 8730 8731 8851
f 8731 8852 8851
f 8731 8732 8852
f 8732 8853 8852
f 8732 8733 8853
f 8733 8854 8853
f 8733 8734 8854
f 8734 8855 8854
f 8734 8735 8855
f 8735 8856 8855
f 8735 8736 8856
f 8736 8857 8856
f 8736 8737 8857
f 8737 8858 8857
f 8737 8738 8858
f 8738 8859 8858
f 8738 8739 8859
f 8739 8860 8859
f 8739 8740 8860
f 8740 8861 8860
f 8740 8741 8861
f 8741 8862 8861
f 8741 8742 8862
f 8742 8863 8862
f 8742 8743 8863
f 8743 8864 8863
f 8743 8744 8864
f 8744 8865 8864
f 8744 8745 8865
f 8745 8866 8865
f 8745 8746 8866
f 8746 8867 8866
f 8746 8747 8867
f 8747 8868 8867
f 8747 8748 8868
f 8748 8869 8868
f 8748 8749 8869
f 8749 8870 8869
f 8749 8750 8870
f 8750 8871 8870
f 8750 8751 8871
f 8751 8872 8871
f 8751 8752 8872
f 8752 8873 8872
f 8752 8753 8873
f 8753 8874 8873
f 8753 8754 8874
f 8754 8875 8874
f 8754 8755 8875
f 8755 8876 8875
f 8755 8756 8876
f 8756 8877 8876
f 8756 8757 8877
f 8757 8878 8877
f 8757 8758 8878
f 8758 8879 8878
f 8758 8759 8879
f 8759 8880 8879
f 8759 8760 8880
f 8760 8881 8880
f 8760 8761 8881
f 8761 8882 8881
f 8761 8762 8882
f 8762 8883 8882
f 8762 8763 8883
f 8763 8884 8883
f 8763 8764 8884
f 8764 8885 8884
f 8764 8765 8885
f 8765 8886 8885
f 8765 8766 8886
f 8766 8887 8886
f 8766 8767 8887
f 8767 8888 8887
f 8767 8768 8888
f 8768 8889 8888
f 8768 8769 8889
f 8769 8890 8889
f 8769 8770 8890
f 8770 8891 8890
f 8770 8771 8891
f 8771 8892 8891
f 8771 8772 8892
f 8772 8893 8892
f 8772 8773 8893
f 8773 8894 8893
f 8773 8774 8894
f 8774 8895 8894
f 8774 8775 8895
f 8775 8896 8895
f 8775 8776 8896
f 8776 8897 8896
f 8776 8777 8897
f 8777 8898 8897
f 8777 8778 8898
f 8778 8899 8898
f 8778 8779 8899
f 8779 8900 8899
f 8779 8780 8900
f 8780 8901 8900
f 8780 8781 8901
f 8781 8902 8901
f 8781 8782 8902
f 8782 8903 8902
f 8782 8783 8903
f 8783 8904 8903
f 8783 8784 8904
f 8784 8905 8904
f 8784 8785 8905
f 8785 8906 8905
f 8785 8786 8906
f 8786 8907 8906
f 8786 8787 8907
f 8787 8908 8907
f 8787 8788 8908
f 8788 8909 8908
f 8788 8789 8909
f 8789 8910 8909
f 8789 8790 8910
f 8790 8911 8910
f 8790 8791 8911
f 8791 8912 8911
f 8791 8792 8912
f 8792 8913 8912
f 8792 8793 8913
f 8793 8914 8913
f 8793 8794 8914
f 8794 8915 8914
f 8794 8795 8915
f 8795 8916 8915
f 8795 8796 8916
f 8796 8917 8916
f 8796 8797 8917
f 8797 8918 8917
f 8797 8798 8918
f 8798 8919 8918
f 8798 8799 8919
f 8799 8920 8919
f 8799 8800 8920
f 8800 8921 8920
f 8800 8801 8921
f 8801 8922 8921
f 8801 8802 8922
f 8802 8923 8922
f 8802 8803 8923
f 8803 8924 8923
f 8803 8804 8924
f 8804 8925 8924
f 8804 8805 8925
f 8805 8926 8925
f 8805 8806 8926
f 8806 8927 8926
f 8806 8807 8927
f 8807 8928 8927
f 8807 8808 8928
f 8808 8929 8928
f 8808 8809 8929
f 8809 8930 8929
f 8809 8810 8930
f 8810 8931 8930
f 8810 8811 8931
f 8811 8932 8931
f 8811 8812 8932
f 8812 8933 8932
f 8812 8813 8933
f 8813 8934 8933
f 8813 8814 8934
f 8814 8935 8934
f 8814 8815 8935
f 8815 8936 8935
f 8815 8816 8936
f 8816 8937 8936
f 8816 8817 8937
f 8817 8938 8937
f 8817 8818 8938
f 8818 8939 8938
f 8818 8819 8939
f 8819 8940 8939
f 8819 8820 8940
f 8820 8941 8940
f 8820 8821 8941
f 8821 8942 8941
f 8821 8822 8942
f 8822 8943 8942
f 8822 8823 8943
f 8823 8944 8943
f 8823 8824 8944
f 8824 8945 8944
f 8824 8825 8945
f 8825 8946 8945
f 8825 8826 8946
f 8826 8947 8946
f 8826 8827 8947
f 8827 8948 8947
f 8827 8828 8948
f 8828 8949 8948
f 8828 8829 8949
f 8829 8950 8949
f 8829 8830 8950
f 8830 8951 8950
f 8830 8831 8951
f 8831 8952 8951
f 8831 8832 8952
f 8832 8953 8952
f 8832 8833 8953
f 8833 8954 8953
f 8834 8835 8955
f 8835 8956 8955
f 8835 8836 8956
f 8836 8957 8956
f 8836 8837 8957
f 8837 8958 8957
f 8837 8838 8958
f 8838 8959 8958
f 8838 8839 8959
f 8839 8960 8959
f 8839 8840 8960
f 8840 8961 8960
f 8840 8841 8961
f 8841 8962 8961
f 8841 8842 8962
f 8842 8963 8962
f 8842 8843 8963
f 8843 8964 8963
f 8843 8844 8964
f 8844 8965 8964
f 8844 8845 8965
f 8845 8966 8965
f 8845 8846 8966
f 8846 8967 8966
f 8846 8847 8967
f 8847 8968 8967
f 8847 8848 8968
f 8848 8969 8968
f 8848 8849 8969
f 8849 8970 8969
f 8849 8850 8970
f 8850 8971 8970
f 8850 8851 8971
f 8851 8972 8971
f 8851 8852 8972
f 8852 8973 8972
f 8852 8853 8973
f 8853 8974 8973
f 8853 8854 8974
f 8854 8975 8974
f 8854 8855 8975
f 8855 8976 8975
f 8855 8856 8976
f 8856 8977 8976
f 8856 8857 8977
f 8857 8978 8977
f 8857 8858 8978
f 8858 8979 8978
f 8858 8859 8979
f 8859 8980 8979
f 8859 8860 8980
f 8860 8981 8980
f 8860 8861 8981
f 8861 8982 8981
f 8861 8862 8982
f 8862 8983 8982
f 8862 8863 8983
f 8863 8984 8983
f 8863 8864 8984
f 8864 8985 8984
f 8864 8865 8985
f 8865 8986 8985
f 8865 8866 8986
f 8866 8987 8986
f 8866 8867 8987
f 8867 8988 8987
f 8867 8868 8988
f 8868 8989 8988
f 8868 8869 8989
f 8869 8990 8989
f 8869 8870 8990
f 8870 8991 8990
f 8870 8871 8991
f 8871 8992 8991
f 8871 8872 8992
f 8872 8993 8992
f 8872 8873 8993
f 8873 8994 8993
f 8873 8874 8994
f 8874 8995 8994
f 8874 8875 8995
f 8875 8996 8995
f 8875 8876 8996
f 8876 8997 8996
f 8876 8877 8997
f 8877 8998 8997
f 8877 8878 8998
f 8878 8999 8998
f 8878 8879 8999
f 8879 9000 8999
f 8879 8880 9000
f 8880 9001 9000
f 8880 8881 9001
f 8881 9002 9001
f 8881 8882 9002
f 8882 9003 9002
f 8882 8883 9003
f 8883 9004 9003
f 8883 8884 9004
f 8884 9005 9004
f 8884 8885 9005
f 8885 9006 9005
f 8885 8886 9006
f 8886 9007 9006
f 8886 8887 9007
f 8887 9008 9007
f 8887 8888 9008
f 8888 9009 9008
f 8888 8889 9009
f 8889 9010 9009
f 8889 8890 9010
f 8890 9011 9010
f 8890 8891 9011
f 8891 9012 9011
f 8891 8892 9012
f 8892 9013 9012
f 8892 8893 9013
f 8893 9014 9013
f 8893 8894 9014
f 8894 9015 9014
f 8894 8895 9015
f 8895 9016 9015
f 8895 8896 9016
f 8896 9017 9016
f 8896 8897 9017
f 8897 9018 9017
f 8897 8898 9018
f 8898 9019 9018
f 8898 8899 9019
f 8899 9020 9019
f 8899 8900 9020
f 8900 9021 9020
f 8900 8901 9021
f 8901 9022 9021
f 8901 8902 9022
f 8902 9023 9022
f 8902 8903 9023
f 8903 9024 9023
f 8903 8904 9024
f 8904 9025 9024
f 8904 8905 9025
f 8905 9026 9025
f 8905 8906 9026
f 8906 9027 9026
f 8906 8907 9027
f 8907 9028 9027
f 8907 8908 9028
f 8908 9029 9028
f 8908 8909 9029
f 8909 9030 9029
f 8909 8910 9030
f 8910 9031 9030
f 8910 8911 9031
f 8911 9032 9031
f 8911 8912 9032
f 8912 9033 9032
f 8912 8913 9033
f 8913 9034 9033
f 8913 8914 9034
f 8914 9035 9034
f 8914 8915 9035
f 8915 9036 9035
f 8915 8916 9036
f 8916 9037 9036
f 8916 8917 9037
f 8917 9038 9037
f 8917 8918 9038
f 8918 9039 9038
f 8918 8919 9039
f 8919 9040 9039
f 8919 8920 9040
f 8920 9041 9040
f 8920 8921 9041
f 8921 9042 9041
f 8921 8922 9042
f 8922 9043 9042
f 8922 8923 9043
f 8923 9044 9043
f 8923 8924 9044
f 8924 9045 9044
f 8924 8925 9045
f 8925 9046 9045
f 8925 8926 9046
f 8926 9047 9046
f 8926 8927 9047
f 8927 9048 9047
f 8927 8928 9048
f 8928 9049 9048
f 8928 8929 9049
f 8929 9050 9049
f 8929 8930 9050
f 8930 9051 9050
f 8930 8931 9051
f 8931 9052 9051
f 8931 8932 9052
f 8932 9053 9052
f 8932 8933 9053
f 8933 9054 9053
f 8933 8934 9054
f 8934 9055 9054
f 8934 8935 9055
f 8935 9056 9055
f 8935 8936 9056
f 8936 9057 9056
f 8936 8937 9057
f 8937 9058 9057
f 8937 8938 9058
f 8938 9059 9058
f 8938 8939 9059
f 8939 9060 9059
f 8939 8940 9060
f 8940 9061 9060
f 8940 8941 9061
f 8941 9062 9061
f 8941 8942 9062
f 8942 9063 9062
f 8942 8943 9063
f 8943 9064 9063
f 8943 8944 9064
f 8944 9065 9064
f 8944 8945 9065
f 8945 9066 9065
f 8945 8946 9066
f 8946 9067 9066
f 8946 8947 9067
f 8947 9068 9067
f 8947 8948 9068
f 8948 9069 9068
f 8948 8949 9069
f 8949 9070 9069
f 8949 8950 9070
f 8950 9071 9070
f 8950 8951 9071
f 8951 9072 9071
f 8951 8952 9072
f 8952 9073 9072
f 8952 8953 9073
f 8953 9074 9073
f 8953 8954 9074
f 8954 9075 9074
f 8955 8956 9076
f 8956 9077 9076
f 8956 8957 9077
f 8957 9078 9077
f 8957 8958 9078
f 8958 9079 9078
f 8958 8959 9079
f 8959 9080 9079
f 8959 8960 9080
f 8960 9081 9080
f 8960 8961 9081
f 8961 9082 9081
f 8961 8962 9082
f 8962 9083 9082
f 8962 8963 9083
f 8963 9084 9083
f 8963 8964 9084
f 8964 9085 9084
f 8964 8965 9085
f 8965 9086 9085
f 8965 8966 9086
f 8966 9087 9086
f 8966 8967 9087
f 8967 9088 9087
f 8967 8968 9088
f 8968 9089 9088
f 8968 8969 9089
f 8969 9090 9089
f 8969 8970 9090
f 8970 9091 9090
f 8970 8971 9091
f 8971 9092 9091
f 8971 8972 9092
f 8972 9093 9092
f 8972 8973 9093
f 8973 9094 9093
f 8973 8974 9094
f 8974 9095 9094
f 8974 8975 9095
f 8975 9096 9095
f 8975 8976 9096
f 8976 9097 9096
f 8976 8977 9097
f 8977 9098 9097
f 8977 8978 9098
f 8978 9099 9098
f 8978 8979 9099
f 8979 9100 9099
f 8979 8980 9100
f 8980 9101 9100
f 8980 8981 9101
f 8981 9102 9101
f 8981 8982 9102
f 8982 9103 9102
f 8982 8983 9103
f 8983 9104 9103
f 8983 8984 9104
f 8984 9105 9104
f 8984 8985 9105
f 8985 9106 9105
f 8985 8986 9106
f 8986 9107 9106
f 8986 8987 9107
f 8987 9108 9107
f 8987 8988 9108
f 8988 9109 9108
f 8988 8989 9109
f 8989 9110 9109
f 8989 8990 9110
f 8990 9111 9110
f 8990 8991 9111
f 8991 9112 9111
f 8991 8992 9112
f 8992 9113 9112
f 8992 8993 9113
f 8993 9114 9113
f 8993 8994 9114
f 8994 9115 9114
f 8994 8995 9115
f 8995 9116 9115
f 8995 8996 9116
f 8996 9117 9116
f 8996 8997 9117
f 8997 9118 9117
f 8997 8998 9118
f 8998 9119 9118
f 8998 8999 9119
f 8999 9120 9119
f 8999 9000 9120
f 9000 9121 9120
f 9000 9001 9121
f 9001 9122 9121
f 9001 9002 9122
f 9002 9123 9122
f 9002 9003 9123
f 9003 9124 9123
f 9003 9004 9124
f 9004 9125 9124
f 9004 9005 9125
f 9005 9126 9125
f 9005 9006 9126
f 9006 9127 9126
f 9006 9007 9127
f 9007 9128 9127
f 9007 9008 9128
f 9008 9129 9128
f 9008 9009 9129
f 9009 9130 9129
f 9009 9010 9130
f 9010 9131 9130
f 9010 9011 9131
f 9011 9132 9131
f 9011 9012 9132
f 9012 9133 9132
f 9012 9013 9133
f 9013 9134 9133
f 9013 9014 9134
f 9014 9135 9134
f 9014 9015 9135
f 9015 9136 9135
f 9015 9016 9136
f 9016 9137 9136
f 9016 9017 9137
f 9017 9138 9137
f 9017 9018 9138
f 9018 9139 9138
f 9018 9019 9139
f 9019 9140 9139
f 9019 9020 9140
f 9020 9141 9140
f 9020 9021 9141
f 9021 9142 9141
f 9021 9022 9142
f 9022 9143 9142
f 9022 9023 9143
f 9023 9144 9143
f 9023 9024 9144
f 9024 9145 9144
f 9024 9025 9145
f 9025 9146 9145
f 9025 9026 9146
f 9026 9147 9146
f 9026 9027 9147
f 9027 9148 9147
f 9027 9028 9148
f 9028 9149 9148
f 9028 9029 9149
f 9029 9150 9149
f 9029 9030 9150
f 9030 9151 9150
f 9030 9031 9151
f 9031 9152 9151
f 9031 9032 9152
f 9032 9153 9152
f 9032 9033 9153
f 9033 9154 9153
f 9033 9034 9154
f 9034 9155 9154
f 9034 9035 9155
f 9035 9156 9155
f 9035 9036 9156
f 9036 9157 9156
f 9036 9037 9157
f 9037 9158 9157
f 9037 9038 9158
f 9038 9159 9158
f 9038 9039 9159
f 9039 9160 9159
f 9039 9040 9160
f 9040 9161 9160
f 9040 9041 9161
f 9041 9162 9161
f 9041 9042 9162
f 9042 9163 9162
f 9042 9043 9163
f 9043 9164 9163
f 9043 9044 9164
f 9044 9165 9164
f 9044 9045 9165
f 9045 9166 9165
f 9045 9046 9166
f 9046 9167 9166
f 9046 9047 9167
f 9047 9168 9167
f 9047 9048 9168
f 9048 9169 9168
f 9048 9049 9169
f 9049 9170 9169
f 9049 9050 9170
f 9050 9171 9170
f 9050 9051 9171
f 9051 9172 9171
f 9051 9052 9172
f 9052 9173 9172
f 9052 9053 9173
f 9053 9174 9173
f 9053 9054 9174
f 9054 9175 9174
f 9054 9055 9175
f 9055 9176 9175
f 9055 9056 9176
f 9056 9177 9176
f 9056 9057 9177
f 9057 9178 9177
f 9057 9058 9178
f 9058 9179 9178
f 9058 9059 9179
f 9059 9180 9179
f 9059 9060 9180
f 9060 9181 9180
f 9060 9061 9181
f 9061 9182 9181
f 9061 9062 9182
f 9062 9183 9182
f 9062 9063 9183
f 9063 9184 9183
f 9063 9064 9184
f 9064 9185 9184
f 9064 9065 9185
f 9065 9186 9185
f 9065 9066 9186
f 9066 9187 9186
f 9066 9067 9187
f 9067 9188 9187
f 9067 9068 9188
f 9068 9189 9188
f 9068 9069 9189
f 9069 9190 9189
f 9069 9070 9190
f 9070 9191 9190
f 9070 9071 9191
f 9071 9192 9191
f 9071 9072 9192
f 9072 9193 9192
f 9072 9073 9193
f 9073 9194 9193
f 9073 9074 9194
f 9074 9195 9194
f 9074 9075 9195
f 9075 9196 9195
f 9076 9077 9197
f 9077 9198 9197
f 9077 9078 9198
f 9078 9199 9198
f 9078 9079 9199
f 9079 9200 9199
f 9079 9080 9200
f 9080 9201 9200
f 9080 9081 9201
f 9081 9202 9201
f 9081 9082 9202
f 9082 9203 9202
f 9082 9083 9203
f 9083 9204 9203
f 9083 9084 9204
f 9084 9205 9204
f 9084 9085 9205
f 9085 9206 9205
f 9085 9086 9206
f 9086 9207 9206
f 9086 9087 9207
f 9087 9208 9207
f 9087 9088 9208
f 9088 9209 9208
f 9088 9089 9209
f 9089 9210 9209
f 9089 9090 9210
f 9090 9211 9210
f 9090 9091 9211
f 9091 9212 9211
f 9091 9092 9212
f 9092 9213 9212
f 9092 9093 9213
f 9093 9214 9213
f 9093 9094 9214
f 9094 9215 9214
f 9094 9095 9215
f 9095 9216 9215
f 9095 9096 9216
f 9096 9217 9216
f 9096 9097 9217
f 9097 9218 9217
f 9097 9098 9218
f 9098 9219 9218
f 9098 9099 9219
f 9099 9220 9219
f 9099 9100 9220
f 9100 9221 9220
f 9100 9101 9221
f 9101 9222 9221
f 9101 9102 9222
f 9102 9223 9222
f 9102 9103 9223
f 9103 9224 9223
f 9103 9104 9224
f 9104 9225 9224
f 9104 9105 9225
f 9105 9226 9225
f 9105 9106 9226
f 9106 9227 9226
f 9106 9107 9227
f 9107 9228 9227
f 9107 9108 9228
f 9108 9229 9228
f 9108 9109 9229
f 9109 9230 9229
f 9109 9110 9230
f 9110 9231 9230
f 9110 9111 9231
f 9111 9232 9231
f 9111 9112 9232
f 9112 9233 9232
f 9112 9113 9233
f 9113 9234 9233
f 9113 9114 9234
f 9114 9235 9234
f 9114 9115 9235
f 9115 9236 9235
f 9115 9116 9236
f 9116 9237 9236
f 9116 9117 9237
f 9117 9238 9237
f 9117 9118 9238
f 9118 9239 9238
f 9118 9119 9239
f 9119 9240 9239
f 9119 9120 9240
f 9120 9241 9240
f 9120 9121 9241
f 9121 9242 9241
f 9121 9122 9242
f 9122 9243 9242
f 9122 9123 9243
f 9123 9244 9243
f 9123 9124 9244
f 9124 9245 9244
f 9124 9125 9245
f 9125 9246 9245
f 9125 9126 9246
f 9126 9247 9246
f 9126 9127 9247
f 9127 9248 9247
f 9127 9128 9248
f 9128 9249 9248
f 9128 9129 9249
f 9129 9250 9249
f 9129 9130 9250
f 9130 9251 9250
f 9130 9131 9251
f 9131 9252 9251
f 9131 9132 9252
f 9132 9253 9252
f 9132 9133 9253
f 9133 9254 9253
f 9133 9134 9254
f 9134 9255 9254
f 9134 9135 9255
f 9135 9256 9255
f 9135 9136 9256
f 9136 9257 9256
f 9136 9137 9257
f 9137 9258 9257
f 9137 9138 9258
f 9138 9259 9258
f 9138 9139 9259
f 9139 9260 9259
f 9139 9140 9260
f 9140 9261 9260
f 9140 9141 9261
f 9141 9262 9261
f 9141 9142 9262
f 9142 9263 9262
f 9142 9143 9263
f 9143 9264 9263
f 9143 9144 9264
f 9144 9265 9264
f 9144 9145 9265
f 9145 9266 9265
f 9145 9146 9266
f 9146 9267 9266
f 9146 9147 9267
f 9147 9268 9267
f 9147 9148 9268
f 9148 9269 9268
f 9148 9149 9269
f 9149 9270 9269
f 9149 9150 9270
f 9150 9271 9270
f 9150 9151 9271
f 9151 9272 9271
f 9151 9152 9272
f 9152 9273 9272
f 9152 9153 9273
f 9153 9274 9273
f 9153 9154 9274
f 9154 9275 9274
f 9154 9155 9275
f 9155 9276 9275
f 9155 9156 9276
f 9156 9277 9276
f 9156 9157 9277
f 9157 9278 9277
f 9157 9158 9278
f 9158 9279 9278
f 9158 9159 9279
f 9159 9280 9279
f 9159 9160 9280
f 9160 9281 9280
f 9160 9161 9281
f 9161 9282 9281
f 9161 9162 9282
f 9162 9283 9282
f 9162 9163 9283
f 9163 9284 9283
f 9163 9164 9284
f 9164 9285 9284
f 9164 9165 9285
f 9165 9286 9285
f 9165 9166 9286
f 9166 9287 9286
f 9166 9167 9287
f 9167 9288 9287
f 9167 9168 9288
f 9168 9289 9288
f 9168 9169 9289
f 9169 9290 9289
f 9169 9170 9290
f 9170 9291 9290
f 9170 9171 9291
f 9171 9292 9291
f 9171 9172 9292
f 9172 9293 9292
f 9172 9173 9293
f 9173 9294 9293
f 9173 9174 9294
f 9174 9295 9294
f 9174 9175 9295
f 9175 9296 9295
f 9175 9176 9296
f 9176 9297 9296
f 9176 9177 9297
f 9177 9298 9297
f 9177 9178 9298
f 9178 9299 9298
f 9178 9179 9299
f 9179 9300 9299
f 9179 9180 9300
f 9180 9301 9300
f 9180 9181 9301
f 9181 9302 9301
f 9181 9182 9302
f 9182 9303 9302
f 9182 9183 9303
f 9183 9304 9303
f 9183 9184 9304
f 9184 9305 9304
f 9184 9185 9305
f 9185 9306 9305
f 9185 9186 9306
f 9186 9307 9306
f 9186 9187 9307
f 9187 9308 9307
f 9187 9188 9308
f 9188 9309 9308
f 9188 9189 9309
f 9189 9310 9309
f 9189 9190 9310
f 9190 9311 9310
f 9190 9191 9311
f 9191 9312 9311
f 9191 9192 9312
f 9192 9313 9312
f 9192 9193 9313
f 9193 9314 9313
f 9193 9194 9314
f 9194 9315 9314
f 9194 9195 9315
f 9195 9316 9315
f 9195 9196 9316
f 9196 9317 9316
f 9197 9198 9318
f 9198 9319 9318
f 9198 9199 9319
f 9199 9320 9319
f 9199 9200 9320
f 9200 9321 9320
f 9200 9201 9321
f 9201 9322 9321
f 9201 9202 9322
f 9202 9323 9322
f 9202 9203 9323
f 9203 9324 9323
f 9203 9204 9324
f 9204 9325 9324
f 9204 9205 9325
f 9205 9326 9325
f 9205 9206 9326
f 9206 9327 9326
f 9206 9207 9327
f 9207 9328 9327
f 9207 9208 9328
f 9208 9329 9328
f 9208 9209 9329
f 9209 9330 9329
f 9209 9210 9330
f 9210 9331 9330
f 9210 9211 9331
f 9211 9332 9331
f 9211 9212 9332
f 9212 9333 9332
f 9212 9213 9333
f 9213 9334 9333
f 9213 9214 9334
f 9214 9335 9334
f 9214 9215 9335
f 9215 9336 9335
f 9215 9216 9336
f 9216 9337 9336
f 9216 9217 9337
f 9217 9338 9337
f 9217 9218 9338
f 9218 9339 9338
f 9218 9219 9339
f 9219 9340 9339
f 9219 9220 9340
f 9220 9341 9340
f 9220 9221 9341
f 9221 9342 9341
f 9221 9222 9342
f 9222 9343 9342
f 9222 9223 9343
f 9223 9344 9343
f 9223 9224 9344
f 9224 9345 9344
f 9224 9225 9345
f 9225 9346 9345
f 9225 9226 9346
f 9226 9347 9346
f 9226 9227 9347
f 9227 9348 9347
f 9227 9228 9348
f 9228 9349 9348
f 9228 9229 9349
f 9229 9350 9349
f 9229 9230 9350
f 9230 9351 9350
f 9230 9231 9351
f 9231 9352 9351
f 9231 9232 9352
f 9232 9353 9352
f 9232 9233 9353
f 9233 9354 9353
f 9233 9234 9354
f 9234 9355 9354
f 9234 9235 9355
f 9235 9356 9355
f 9235 9236 9356
f 9236 9357 9356
f 9236 9237 9357
f 9237 9358 9357
f 9237 9238 9358
f 9238 9359 9358
f 9238 9239 9359
f 9239 9360 9359
f 9239 9240 9360
f 9240 9361 9360
f 9240 9241 9361
f 9241 9362 9361
f 9241 9242 9362
f 9242 9363 9362
f 9242 9243 9363
f 9243 9364 9363
f 9243 9244 9364
f 9244 9365 9364
f 9244 9245 9365
f 9245 9366 9365
f 9245 9246 9366
f 9246 9367 9366
f 9246 9247 9367
f 9247 9368 9367
f 9247 9248 9368
f 9248 9369 9368
f 9248 9249 9369
f 9249 9370 9369
f 9249 9250 9370
f 9250 9371 9370
f 9250 9251 9371
f 9251 9372 9371
f 9251 9252 9372
f 9252 9373 9372
f 9252 9253 9373
f 9253 9374 9373
f 9253 9254 9374
f 9254 9375 9374
f 9254 9255 9375
f 9255 9376 9375
f 9255 9256 9376
f 9256 9377 9376
f 9256 9257 9377
f 9257 9378 9377
f 9257 9258 9378
f 9258 9379 9378
f 9258 9259 9379
f 9259 9380 9379
f 9259 9260 9380
f 9260 9381 9380
f 9260 9261 9381
f 9261 9382 9381
f 9261 9262 9382
f 9262 9383 9382
f 9262 9263 9383
f 9263 9384 9383
f 9263 9264 9384
f 9264 9385 9384
f 9264 9265 9385
f 9265 9386 9385
f 9265 9266 9386
f 9266 9387 9386
f 9266 9267 9387
f 9267 9388 9387
f 9267 9268 9388
f 9268 9389 9388
f 9268 9269 9389
f 9269 9390 9389
f 9269 9270 9390
f 9270 9391 9390
f 9270 9271 9391
f 9271 9392 9391
f 9271 9272 9392
f 9272 9393 9392
f 9272 9273 9393
f 9273 9394 9393
f 9273 9274 9394
f 9274 9395 9394
f 9274 9275 9395
f 9275 9396 9395
f 9275 9276 9396
f 9276 9397 9396
f 9276 9277 9397
f 9277 9398 9397
f 9277 9278 9398
f 9278 9399 9398
f 9278 9279 9399
f 9279 9400 9399
f 9279 9280 9400
f 9280 9401 9400
f 9280 9281 9401
f 9281 9402 9401
f 9281 9282 9402
f 9282 9403 9402
f 9282 9283 9403
f 9283 9404 9403
f 9283 9284 9404
f 9284 9405 9404
f 9284 9285 9405
f 9285 9406 9405
f 9285 9286 9406
f 9286 9407 9406
f 9286 9287 9407
f 9287 9408 9407
f 9287 9288 9408
f 9288 9409 9408
f 9288 9289 9409
f 9289 9410 9409
f 9289 9290 9410
f 9290 9411 9410
f 9290 9291 9411
f 9291 9412 9411
f 9291 9292 9412
f 9292 9413 9412
f 9292 9293 9413
f 9293 9414 9413
f 9293 9294 9414
f 9294 9415 9414
f 9294 9295 9415
f 9295 9416 9415
f 9295 9296 9416
f 9296 9417 9416
f 9296 9297 9417
f 9297 9418 9417
f 9297 9298 9418
f 9298 9419 9418
f 9298 9299 9419
f 9299 9420 9419
f 9299 9300 9420
f 9300 9421 9420
f 9300 9301 9421
f 9301 9422 9421
f 9301 9302 9422
f 9302 9423 9422
f 9302 9303 9423
f 9303 9424 9423
f 9303 9304 9424
f 9304 9425 9424
f 9304 9305 9425
f 9305 9426 9425
f 9305 9306 9426
f 9306 9427 9426
f 9306 9307 9427
f 9307 9428 9427
f 9307 9308 9428
f 9308 9429 9428
f 9308 9309 9429
f 9309 9430 9429
f 9309 9310 9430
f 9310 9431 9430
f 9310 9311 9431
f 9311 9432 9431
f 9311 9312 9432
f 9312 9433 9432
f 9312 9313 9433
f 9313 9434 9433
f 9313 9314 9434
f 9314 9435 9434
f 9314 9315 9435
f 9315 9436 9435
f 9315 9316 9436
f 9316 9437 9436
f 9316 9317 9437
f 9317 9438 9437
f 9318 9319 9439
f 9319 9440 9439
f 9319 9320 9440
f 9320 9441 9440
f 9320 9321 9441
f 9321 9442 9441
f 9321 9322 9442
f 9322 9443 9442
f 9322 9323 9443
f 9323 9444 9443
f 9323 9324 9444
f 9324 9445 9444
f 9324 9325 9445
f 9325 9446 9445
f 9325 9326 9446
f 9326 9447 9446
f 9326 9327 9447
f 9327 9448 9447
f 9327 9328 9448
f 9328 9449 9448
f 9328 9329 9449
f 9329 9450 9449
f 9329 9330 9450
f 9330 9451 9450
f 9330 9331 9451
f 9331 9452 9451
f 9331 9332 9452
f 9332 9453 9452
f 9332 9333 9453
f 9333 9454 9453
f 9333 9334 9454
f 9334 9455 9454
f 9334 9335 9455
f 9335 9456 9455
f 9335 9336 9456
f 9336 9457 9456
f 9336 9337 9457
f 9337 9458 9457
f 9337 9338 9458
f 9338 9459 9458
f 9338 9339 9459
f 9339 9460 9459
f 9339 9340 9460
f 9340 9461 9460
f 9340 9341 9461
f 9341 9462 9461
f 9341 9342 9462
f 9342 9463 9462
f 9342 9343 9463
f 9343 9464 9463
f 9343 9344 9464
f 9344 9465 9464
f 9344 9345 9465
f 9345 9466 9465
f 9345 9346 9466
f 9346 9467 9466
f 9346 9347 9467
f 9347 9468 9467
f 9347 9348 9468
f 9348 9469 9468
f 9348 9349 9469
f 9349 9470 9469
f 9349 9350 9470
f 9350 9471 9470
f 9350 9351 9471
f 9351 9472 9471
f 9351 9352 9472
f 9352 9473 9472
f 9352 9353 9473
f 9353 9474 9473
f 9353 9354 9474
f 9354 9475 9474
f 9354 9355 9475
f 9355 9476 9475
f 9355 9356 9476
f 9356 9477 9476
f 9356 9357 9477
f 9357 9478 9477
f 9357 9358 9478
f 9358 9479 9478
f 9358 9359 9479
f 9359 9480 9479
f 9359 9360 9480
f 9360 9481 9480
f 9360 9361 9481
f 9361 9482 9481
f 9361 9362 9482
f 9362 9483 9482
f 9362 9363 9483
f 9363 9484 9483
f 9363 9364 9484
f 9364 9485 9484
f 9364 9365 9485
f 9365 9486 9485
f 9365 9366 9486
f 9366 9487 9486
f 9366 9367 9487
f 9367 9488 9487
f 9367 9368 9488
f 9368 9489 9488
f 9368 9369 9489
f 9369 9490 9489
f 9369 9370 9490
f 9370 9491 9490
f 9370 9371 9491
f 9371 9492 9491
f 9371 9372 9492
f 9372 9493 9492
f 9372 9373 9493
f 9373 9494 9493
f 9373 9374 9494
f 9374 9495 9494
f 9374 9375 9495
f 9375 9496 9495
f 9375 9376 9496
f 9376 9497 9496
f 9376 9377 9497
f 9377 9498 9497
f 9377 9378 9498
f 9378 9499 9498
f 9378 9379 9499
f 9379 9500 9499
f 9379 9380 9500
f 9380 9501 9500
f 9380 9381 9501
f 9381 9502 9501
f 9381 9382 9502
f 9382 9503 9502
f 9382 9383 9503
f 9383 9504 9503
f 9383 9384 9504
f 9384 9505 9504
f 9384 9385 9505
f 9385 9506 9505
f 9385 9386 9506
f 9386 9507 9506
f 9386 9387 9507
f 9387 9508 9507
f 9387 9388 9508
f 9388 9509 9508
f 9388 9389 9509
f 9389 9510 9509
f 9389 9390 9510
f 9390 9511 9510
f 9390 9391 9511
f 9391 9512 9511
f 9391 9392 9512
f 9392 9513 9512
f 9392 9393 9513
f 9393 9514 9513
f 9393 9394 9514
f 9394 9515 9514
f 9394 9395 9515
f 9395 9516 9515
f 9395 9396 9516
f 9396 9517 9516
f 9396 9397 9517
f 9397 9518 9517
f 9397 9398 9518
f 9398 9519 9518
f 9398 9399 9519
f 9399 9520 9519
f 9399 9400 9520
f 9400 9521 9520
f 9400 9401 9521
f 9401 9522 9521
f 9401 9402 9522
f 9402 9523 9522
f 9402 9403 9523
f 9403 9524 9523
f 9403 9404 9524
f 9404 9525 9524
f 9404 9405 9525
f 9405 9526 9525
f 9405 9406 9526
f 9406 9527 9526
f 9406 9407 9527
f 9407 9528 9527
f 9407 9408 9528
f 9408 9529 9528
f 9408 9409 9529
f 9409 9530 9529
f 9409 9410 9530
f 9410 9531 9530
f 9410 9411 9531
f 9411 9532 9531
f 9411 9412 9532
f 9412 9533 9532
f 9412 9413 9533
f 9413 9534 9533
f 9413 9414 9534
f 9414 9535 9534
f 9414 9415 9535
f 9415 9536 9535
f 9415 9416 9536
f 9416 9537 9536
f 9416 9417 9537
f 9417 9538 9537
f 9417 9418 9538
f 9418 9539 9538
f 9418 9419 9539
f 9419 9540 9539
f 9419 9420 9540
f 9420 9541 9540
f 9420 9421 9541
f 9421 9542 9541
f 9421 9422 9542
f 9422 9543 9542
f 9422 9423 9543
f 9423 9544 9543
f 9423 9424 9544
f 9424 9545 9544
f 9424 9425 9545
f 9425 9546 9545
f 9425 9426 9546
f 9426 9547 9546
f 9426 9427 9547
f 9427 9548 9547
f 9427 9428 9548
f 9428 9549 9548
f 9428 9429 9549
f 9429 9550 9549
f 9429 9430 9550
f 9430 9551 9550
f 9430 9431 9551
f 9431 9552 9551
f 9431 9432 9552
f 9432 9553 9552
f 9432 9433 9553
f 9433 9554 9553
f 9433 9434 9554
f 9434 9555 9554
f 9434 9435 9555
f 9435 9556 9555
f 9435 9436 9556
f 9436 9557 9556
f 9436 9437 9557
f 9437 9558 9557
f 9437 9438 9558
f 9438 9559 9558
f 9439 9440 9560
f 9440 9561 9560
f 9440 9441 9561
f 9441 9562 9561
f 9441 9442 9562
f 9442 9563 9562
f 9442 9443 9563
f 9443 9564 9563
f 9443 9444 9564
f 9444 9565 9564
f 9444 9445 9565
f 9445 9566 9565
f 9445 9446 9566
f 9446 9567 9566
f 9446 9447 9567
f 9447 9568 9567
f 9447 9448 9568
f 9448 9569 9568
f 9448 9449 9569
f 9449 9570 9569
f 9449 9450 9570
f 9450 9571 9570
f 9450 9451 9571
f 9451 9572 9571
f 9451 9452 9572
f 9452 9573 9572
f 9452 9453 9573
f 9453 9574 9573
f 9453 9454 9574
f 9454 9575 9574
f 9454 9455 9575
f 9455 9576 9575
f 9455 9456 9576
f 9456 9577 9576
f 9456 9457 9577
f 9457 9578 9577
f 9457 9458 9578
f 9458 9579 9578
f 9458 9459 9579
f 9459 9580 9579
f 9459 9460 9580
f 9460 9581 9580
f 9460 9461 9581
f 9461 9582 9581
f 9461 9462 9582
f 9462 9583 9582
f 9462 9463 9583
f 9463 9584 9583
f 9463 9464 9584
f 9464 9585 9584
f 9464 9465 9585
f 9465 9586 9585
f 9465 9466 9586
f 9466 9587 9586
f 9466 9467 9587
f 9467 9588 9587
f 9467 9468 9588
f 9468 9589 9588
f 9468 9469 9589
f 9469 9590 9589
f 9469 9470 9590
f 9470 9591 9590
f 9470 9471 9591
f 9471 9592 9591
f 9471 9472 9592
f 9472 9593 9592
f 9472 9473 9593
f 9473 9594 9593
f 9473 9474 9594
f 9474 9595 9594
f 9474 9475 9595
f 9475 9596 9595
f 9475 9476 9596
f 9476 9597 9596
f 9476 9477 9597
f 9477 9598 9597
f 9477 9478 9598
f 9478 9599 9598
f 9478 9479 9599
f 9479 9600 9599
f 9479 9480 9600
f 9480 9601 9600
f 9480 9481 9601
f 9481 9602 9601
f 9481 9482 9602
f 9482 9603 9602
f 9482 9483 9603
f 9483 9604 9603
f 9483 9484 9604
f 9484 9605 9604
f 9484 9485 9605
f 9485 9606 9605
f 9485 9486 9606
f 9486 9607 9606
f 9486 9487 9607
f 9487 9608 9607
f 9487 9488 9608
f 9488 9609 9608
f 9488 9489 9609
f 9489 9610 9609
f 9489 9490 9610
f 9490 9611 9610
f 9490 9491 9611
f 9491 9612 9611
f 9491 9492 9612
f 9492 9613 9612
f 9492 9493 9613
f 9493 9614 9613
f 9493 9494 9614
f 9494 9615 9614
f 9494 9495 9615
f 9495 9616 9615
f 9495 9496 9616
f 9496 9617 9616
f 9496 9497 9617
f 9497 9618 9617
f 9497 9498 9618
f 9498 9619 9618
f 9498 9499 9619
f 9499 9620 9619
f 9499 9500 9620
f 9500 9621 9620
f 9500 9501 9621
f 9501 9622 9621
f 9501 9502 9622
f 9502 9623 9622
f 9502 9503 9623
f 9503 9624 9623
f 9503 9504 9624
f 9504 9625 9624
f 9504 9505 9625
f 9505 9626 9625
f 9505 9506 9626
f 9506 9627 9626
f 9506 9507 9627
f 9507 9628 9627
f 9507 9508 9628
f 9508 9629 9628
f 9508 9509 9629
f 9509 9630 9629
f 9509 9510 9630
f 9510 9631 9630
f 9510 9511 9631
f 9511 9632 9631
f 9511 9512 9632
f 9512 9633 9632
f 9512 9513 9633
f 9513 9634 9633
f 9513 9514 9634
f 9514 9635 9634
f 9514 9515 9635
f 9515 9636 9635
f 9515 9516 9636
f 9516 9637 9636
f 9516 9517 9637
f 9517 9638 9637
f 9517 9518 9638
f 9518 9639 9638
f 9518 9519 9639
f 9519 9640 9639
f 9519 9520 9640
f 9520 9641 9640
f 9520 9521 9641
f 9521 9642 9641
f 9521 9522 9642
f 9522 9643 9642
f 9522 9523 9643
f 9523 9644 9643
f 9523 9524 9644
f 9524 9645 9644
f 9524 9525 9645
f 9525 9646 9645
f 9525 9526 9646
f 9526 9647 9646
f 9526 9527 9647
f 9527 9648 9647
f 9527 9528 9648
f 9528 9649 9648
f 9528 9529 9649
f 9529 9650 9649
f 9529 9530 9650
f 9530 9651 9650
f 9530 9531 9651
f 9531 9652 9651
f 9531 9532 9652
f 9532 9653 9652
f 9532 9533 9653
f 9533 9654 9653
f 9533 9534 9654
f 9534 9655 9654
f 9534 9535 9655
f 9535 9656 9655
f 9535 9536 9656
f 9536 9657 9656
f 9536 9537 9657
f 9537 9658 9657
f 9537 9538 9658
f 9538 9659 9658
f 9538 9539 9659
f 9539 9660 9659
f 9539 9540 9660
f 9540 9661 9660
f 9540 9541 9661
f 9541 9662 9661
f 9541 9542 9662
f 9542 9663 9662
f 9542 9543 9663
f 9543 9664 9663
f 9543 9544 9664
f 9544 9665 9664
f 9544 9545 9665
f 9545 9666 9665
f 9545 9546 9666
f 9546 9667 9666
f 9546 9547 9667
f 9547 9668 9667
f 9547 9548 9668
f 9548 9669 9668
f 9548 9549 9669
f 9549 9670 9669
f 9549 9550 9670
f 9550 9671 9670
f 9550 9551 9671
f 9551 9672 9671
f 9551 9552 9672
f 9552 9673 9672
f 9552 9553 9673
f 9553 9674 9673
f 9553 9554 9674
f 9554 9675 9674
f 9554 9555 9675
f 9555 9676 9675
f 9555 9556 9676
f 9556 9677 9676
f 9556 9557 9677
f 9557 9678 9677
f 9557 9558 9678
f 9558 9679 9678
f 9558 9559 9679
f 9559 9680 9679
f 9560 9561 9681
f 9561 9682 9681
f 9561 9562 9682
f 9562 9683 9682
f 9562 9563 9683
f 9563 9684 9683
f 9563 9564 9684
f 9564 9685 9684
f 9564 9565 9685
f 9565 9686 9685
f 9565 9566 9686
f 9566 9687 9686
f 9566 9567 9687
f 9567 9688 9687
f 9567 9568 9688
f 9568 9689 9688
f 9568 9569 9689
f 9569 9690 9689
f 9569 9570 9690
f 9570 9691 9690
f 9570 9571 9691
f 9571 9692 9691
f 9571 9572 9692
f 9572 9693 9692
f 9572 9573 9693
f 9573 9694 9693
f 9573 9574 9694
f 9574 9695 9694
f 9574 9575 9695
f 9575 9696 9695
f 9575 9576 9696
f 9576 9697 9696
f 9576 9577 9697
f 9577 9698 9697
f 9577 9578 9698
f 9578 9699 9698
f 9578 9579 9699
f 9579 9700 9699
f 9579 9580 9700
f 9580 9701 9700
f 9580 9581 9701
f 9581 9702 9701
f 9581 9582 9702
f 9582 9703 9702
f 9582 9583 9703
f 9583 9704 9703
f 9583 9584 9704
f 9584 9705 9704
f 9584 9585 9705
f 9585 9706 9705
f 9585 9586 9706
f 9586 9707 9706
f 9586 9587 9707
f 9587 9708 9707
f 9587 9588 9708
f 9588 9709 9708
f 9588 9589 9709
f 9589 9710 9709
f 9589 9590 9710
f 9590 9711 9710
f 9590 9591 9711
f 9591 9712 9711
f 9591 9592 9712
f 9592 9713 9712
f 9592 9593 9713
f 9593 9714 9713
f 9593 9594 9714
f 9594 9715 9714
f 9594 9595 9715
f 9595 9716 9715
f 9595 9596 9716
f 9596 9717 9716
f 9596 9597 9717
f 9597 9718 9717
f 9597 9598 9718
f 9598 9719 9718
f 9598 9599 9719
f 9599 9720 9719
f 9599 9600 9720
f 9600 9721 9720
f 9600 9601 9721
f 9601 9722 9721
f 9601 9602 9722
f 9602 9723 9722
f 9602 9603 9723
f 9603 9724 9723
f 9603 9604 9724
f 9604 9725 9724
f 9604 9605 9725
f 9605 9726 9725
f 9605 9606 9726
f 9606 9727 9726
f 9606 9607 9727
f 9607 9728 9727
f 9607 9608 9728
f 9608 9729 9728
f 9608 9609 9729
f 9609 9730 9729
f 9609 9610 9730
f 9610 9731 9730
f 9610 9611 9731
f 9611 9732 9731
f 9611 9612 9732
f 9612 9733 9732
f 9612 9613 9733
f 9613 9734 9733
f 9613 9614 9734
f 9614 9735 9734
f 9614 9615 9735
f 9615 9736 9735
f 9615 9616 9736
f 9616 9737 9736
f 9616 9617 9737
f 9617 9738 9737
f 9617 9618 9738
f 9618 9739 9738
f 9618 9619 9739
f 9619 9740 9739
f 9619 9620 9740
f 9620 9741 9740
f 9620 9621 9741
f 9621 9742 9741
f 9621 9622 9742
f 9622 9743 9742
f 9622 9623 9743
f 9623 9744 9743
f 9623 9624 9744
f 9624 9745 9744
f 9624 9625 9745
f 9625 9746 9745
f 9625 9626 9746
f 9626 9747 9746
f 9626 9627 9747
f 9627 9748 9747
f 9627 9628 9748
f 9628 9749 9748
f 9628 9629 9749
f 9629 9750 9749
f 9629 9630 9750
f 9630 9751 9750
f 9630 9631 9751
f 9631 9752 9751
f 9631 9632 9752
f 9632 9753 9752
f 9632 9633 9753
f 9633 9754 9753
f 9633 9634 9754
f 9634 9755 9754
f 9634 9635 9755
f 9635 9756 9755
f 9635 9636 9756
f 9636 9757 9756
f 9636 9637 9757
f 9637 9758 9757
f 9637 9638 9758
f 9638 9759 9758
f 9638 9639 9759
f 9639 9760 9759
f 9639 9640 9760
f 9640 9761 9760
f 9640 9641 9761
f 9641 9762 9761
f 9641 9642 9762
f 9642 9763 9762
f 9642 9643 9763
f 9643 9764 9763
f 9643 9644 9764
f 9644 9765 9764
f 9644 9645 9765
f 9645 9766 9765
f 9645 9646 9766
f 9646 9767 9766
f 9646 9647 9767
f 9647 9768 9767
f 9647 9648 9768
f 9648 9769 9768
f 9648 9649 9769
f 9649 9770 9769
f 9649 9650 9770
f 9650 9771 9770
f 9650 9651 9771
f 9651 9772 9771
f 9651 9652 9772
f 9652 9773 9772
f 9652 9653 9773
f 9653 9774 9773
f 9653 9654 9774
f 9654 9775 9774
f 9654 9655 9775
f 9655 9776 9775
f 9655 9656 9776
f 9656 9777 9776
f 9656 9657 9777
f 9657 9778 9777
f 9657 9658 9778
f 9658 9779 9778
f 9658 9659 9779
f 9659 9780 9779
f 9659 9660 9780
f 9660 9781 9780
f 9660 9661 9781
f 9661 9782 9781
f 9661 9662 9782
f 9662 9783 9782
f 9662 9663 9783
f 9663 9784 9783
f 9663 9664 9784
f 9664 9785 9784
f 9664 9665 9785
f 9665 9786 9785
f 9665 9666 9786
f 9666 9787 9786
f 9666 9667 9787
f 9667 9788 9787
f 9667 9668 9788
f 9668 9789 9788
f 9668 9669 9789
f 9669 9790 9789
f 9669 9670 9790
f 9670 9791 9790
f 9670 9671 9791
f 9671 9792 9791
f 9671 9672 9792
f 9672 9793 9792
f 9672 9673 9793
f 9673 9794 9793
f 9673 9674 9794
f 9674 9795 9794
f 9674 9675 9795
f 9675 9796 9795
f 9675 9676 9796
f 9676 9797 9796
f 9676 9677 9797
f 9677 9798 9797
f 9677 9678 9798
f 9678 9799 9798
f 9678 9679 9799
f 9679 9800 9799
f 9679 9680 9800
f 9680 9801 9800
f 9681 9682 9802
f 9682 9803 9802
f 9682 9683 9803
f 9683 9804 9803
f 9683 9684 9804
f 9684 9805 9804
f 9684 9685 9805
f 9685 9806 9805
f 9685 9686 9806
f 9686 9807 9806
f 9686 9687 9807
f 9687 9808 9807
f 9687 9688 9808
f 9688 9809 9808
f 9688 9689 9809
f 9689 9810 9809
f 9689 9690 9810
f 9690 9811 9810
f 9690 9691 9811
f 9691 9812 9811
f 9691 9692 9812
f 9692 9813 9812
f 9692 9693 9813
f 9693 9814 9813
f 9693 9694 9814
f 9694 9815 9814
f 9694 9695 9815
f 9695 9816 9815
f 9695 9696 9816
f 9696 9817 9816
f 9696 9697 9817
f 9697 9818 9817
f 9697 9698 9818
f 9698 9819 9818
f 9698 9699 9819
f 9699 9820 9819
f 9699 9700 9820
f 9700 9821 9820
f 9700 9701 9821
f 9701 9822 9821
f 9701 9702 9822
f 9702 9823 9822
f 9702 9703 9823
f 9703 9824 9823
f 9703 9704 9824
f 9704 9825 9824
f 9704 9705 9825
f 9705 9826 9825
f 9705 9706 9826
f 9706 9827 9826
f 9706 9707 9827
f 9707 9828 9827
f 9707 9708 9828
f 9708 9829 9828
f 9708 9709 9829
f 9709 9830 9829
f 9709 9710 9830
f 9710 9831 9830
f 9710 9711 9831
f 9711 9832 9831
f 9711 9712 9832
f 9712 9833 9832
f 9712 9713 9833
f 9713 9834 9833
f 9713 9714 9834
f 9714 9835 9834
f 9714 9715 9835
f 9715 9836 9835
f 9715 9716 9836
f 9716 9837 9836
f 9716 9717 9837
f 9717 9838 9837
f 9717 9718 9838
f 9718 9839 9838
f 9718 9719 9839
f 9719 9840 9839
f 9719 9720 9840
f 9720 9841 9840
f 9720 9721 9841
f 9721 9842 9841
f 9721 9722 9842
f 9722 9843 9842
f 9722 9723 9843
f 9723 9844 9843
f 9723 9724 9844
f 9724 9845 9844
f 9724 9725 9845
f 9725 9846 9845
f 9725 9726 9846
f 9726 9847 9846
f 9726 9727 9847
f 9727 9848 9847
f 9727 9728 9848
f 9728 9849 9848
f 9728 9729 9849
f 9729 9850 9849
f 9729 9730 9850
f 9730 9851 9850
f 9730 9731 9851
f 9731 9852 9851
f 9731 9732 9852
f 9732 9853 9852
f 9732 9733 9853
f 9733 9854 9853
f 9733 9734 9854
f 9734 9855 9854
f 9734 9735 9855
f 9735 9856 9855
f 9735 9736 9856
f 9736 9857 9856
f 9736 9737 9857
f 9737 9858 9857
f 9737 9738 9858
f 9738 9859 9858
f 9738 9739 9859
f 9739 9860 9859
f 9739 9740 9860
f 9740 9861 9860
f 9740 9741 9861
f 9741 9862 9861
f 9741 9742 9862
f 9742 9863 9862
f 9742 9743 9863
f 9743 9864 9863
f 9743 9744 9864
f 9744 9865 9864
f 9744 9745 9865
f 9745 9866 9865
f 9745 9746 9866
f 9746 9867 9866
f 9746 9747 9867
f 9747 9868 9867
f 9747 9748 9868
f 9748 9869 9868
f 9748 9749 9869
f 9749 9870 9869
f 9749 9750 9870
f 9750 9871 9870
f 9750 9751 9871
f 9751 9872 9871
f 9751 9752 9872
f 9752 9873 9872
f 9752 9753 9873
f 9753 9874 9873
f 9753 9754 9874
f 9754 9875 9874
f 9754 9755 9875
f 9755 9876 9875
f 9755 9756 9876
f 9756 9877 9876
f 9756 9757 9877
f 9757 9878 9877
f 9757 9758 9878
f 9758 9879 9878
f 9758 9759 9879
f 9759 9880 9879
f 9759 9760 9880
f 9760 9881 9880
f 9760 9761 9881
f 9761 9882 9881
f 9761 9762 9882
f 9762 9883 9882
f 9762 9763 9883
f 9763 9884 9883
f 9763 9764 9884
f 9764 9885 9884
f 9764 9765 9885
f 9765 9886 9885
f 9765 9766 9886
f 9766 9887 9886
f 9766 9767 9887
f 9767 9888 9887
f 9767 9768 9888
f 9768 9889 9888
f 9768 9769 9889
f 9769 9890 9889
f 9769 9770 9890
f 9770 9891 9890
f 9770 9771 9891
f 9771 9892 9891
f 9771 9772 9892
f 9772 9893 9892
f 9772 9773 9893
f 9773 9894 9893
f 9773 9774 9894
f 9774 9895 9894
f 9774 9775 9895
f 9775 9896 9895
f 9775 9776 9896
f 9776 9897 9896
f 9776 9777 9897
f 9777 9898 9897
f 9777 9778 9898
f 9778 9899 9898
f 9778 9779 9899
f 9779 9900 9899
f 9779 9780 9900
f 9780 9901 9900
f 9780 9781 9901
f 9781 9902 9901
f 9781 9782 9902
f 9782 9903 9902
f 9782 9783 9903
f 9783 9904 9903
f 9783 9784 9904
f 9784 9905 9904
f 9784 9785 9905
f 9785 9906 9905
f 9785 9786 9906
f 9786 9907 9906
f 9786 9787 9907
f 9787 9908 9907
f 9787 9788 9908
f 9788 9909 9908
f 9788 9789 9909
f 9789 9910 9909
f 9789 9790 9910
f 9790 9911 9910
f 9790 9791 9911
f 9791 9912 9911
f 9791 9792 9912
f 9792 9913 9912
f 9792 9793 9913
f 9793 9914 9913
f 9793 9794 9914
f 9794 9915 9914
f 9794 9795 9915
f 9795 9916 9915
f 9795 9796 9916
f 9796 9917 9916
f 9796 9797 9917
f 9797 9918 9917
f 9797 9798 9918
f 9798 9919 9918
f 9798 9799 9919
f 9799 9920 9919
f 9799 9800 9920
f 9800 9921 9920
f 9800 9801 9921
f 9801 9922 9921
f 9802 9803 9923
f 9803 9924 9923
f 9803 9804 9924
f 9804 9925 9924
f 9804 9805 9925
f 9805 9926 9925
f 9805 9806 9926
f 9806 9927 9926
f 9806 9807 9927
f 9807 9928 9927
f 9807 9808 9928
f 9808 9929 9928
f 9808 9809 9929
f 9809 9930 9929
f 9809 9810 9930
f 9810 9931 9930
f 9810 9811 9931
f 9811 9932 9931
f 9811 9812 9932
f 9812 9933 9932
f 9812 9813 9933
f 9813 9934 9933
f 9813 9814 9934
f 9814 9935 9934
f 9814 9815 9935
f 9815 9936 9935
f 9815 9816 9936
f 9816 9937 9936
f 9816 9817 9937
f 9817 9938 9937
f 9817 9818 9938
f 9818 9939 9938
f 9818 9819 9939
f 9819 9940 9939
f 9819 9820 9940
f 9820 9941 9940
f 9820 9821 9941
f 9821 9942 9941
f 9821 9822 9942
f 9822 9943 9942
f 9822 9823 9943
f 9823 9944 9943
f 9823 9824 9944
f 9824 9945 9944
f 9824 9825 9945
f 9825 9946 9945
f 9825 9826 9946
f 9826 9947 9946
f 9826 9827 9947
f 9827 9948 9947
f 9827 9828 9948
f 9828 9949 9948
f 9828 9829 9949
f 9829 9950 9949
f 9829 9830 9950
f 9830 9951 9950
f 9830 9831 9951
f 9831 9952 9951
f 9831 9832 9952
f 9832 9953 9952
f 9832 9833 9953
f 9833 9954 9953
f 9833 9834 9954
f 9834 9955 9954
f 9834 9835 9955
f 9835 9956 9955
f 9835 9836 9956
f 9836 9957 9956
f 9836 9837 9957
f 9837 9958 9957
f 9837 9838 9958
f 9838 9959 9958
f 9838 9839 9959
f 9839 9960 9959
f 9839 9840 9960
f 9840 9961 9960
f 9840 9841 9961
f 9841 9962 9961
f 9841 9842 9962
f 9842 9963 9962
f 9842 9843 9963
f 9843 9964 9963
f 9843 9844 9964
f 9844 9965 9964
f 9844 9845 9965
f 9845 9966 9965
f 9845 9846 9966
f 9846 9967 9966
f 9846 9847 9967
f 9847 9968 9967
f 9847 9848 9968
f 9848 9969 9968
f 9848 9849 9969
f 9849 9970 9969
f 9849 9850 9970
f 9850 9971 9970
f 9850 9851 9971
f 9851 9972 9971
f 9851 9852 9972
f 9852 9973 9972
f 9852 9853 9973
f 9853 9974 9973
f 9853 9854 9974
f 9854 9975 9974
f 9854 9855 9975
f 9855 9976 9975
f 9855 9856 9976
f 9856 9977 9976
f 9856 9857 9977
f 9857 9978 9977
f 9857 9858 9978
f 9858 9979 9978
f 9858 9859 9979
f 9859 9980 9979
f 9859 9860 9980
f 9860 9981 9980
f 9860 9861 9981
f 9861 9982 9981
f 9861 9862 9982
f 9862 9983 9982
f 9862 9863 9983
f 9863 9984 9983
f 9863 9864 9984
f 9864 9985 9984
f 9864 9865 9985
f 9865 9986 9985
f 9865 9866 9986
f 9866 9987 9986
f 9866 9867 9987
f 9867 9988 9987
f 9867 9868 9988
f 9868 9989 9988
f 9868 9869 9989
f 9869 9990 9989
f 9869 9870 9990
f 9870 9991 9990
f 9870 9871 9991
f 9871 9992 9991
f 9871 9872 9992
f 9872 9993 9992
f 9872 9873 9993
f 9873 9994 9993
f 9873 9874 9994
f 9874 9995 9994
f 9874 9875 9995
f 9875 9996 9995
f 9875 9876 9996
f 9876 9997 9996
f 9876 9877 9997
f 9877 9998 9997
f 9877 9878 9998
f 9878 9999 9998
f 9878 9879 9999
f 9879 10000 9999
f 9879 9880 10000
f 9880 10001 10000
f 9880 9881 10001
f 9881 10002 10001
f 9881 9882 10002
f 9882 10003 10002
f 9882 9883 10003
f 9883 10004 10003
f 9883 9884 10004
f 9884 10005 10004
f 9884 9885 10005
f 9885 10006 10005
f 9885 9886 10006
f 9886 10007 10006
f 9886 9887 10007
f 9887 10008 10007
f 9887 9888 10008
f 9888 10009 10008
f 9888 9889 10009
f 9889 10010 10009
f 9889 9890 10010
f 9890 10011 10010
f 9890 9891 10011
f 9891 10012 10011
f 9891 9892 10012
f 9892 10013 10012
f 9892 9893 10013
f 9893 10014 10013
f 9893 9894 10014
f 9894 10015 10014
f 9894 9895 10015
f 9895 10016 10015
f 9895 9896 10016
f 9896 10017 10016
f 9896 9897 10017
f 9897 10018 10017
f 9897 9898 10018
f 9898 10019 10018
f 9898 9899 10019
f 9899 10020 10019
f 9899 9900 10020
f 9900 10021 10020
f 9900 9901 10021
f 9901 10022 10021
f 9901 9902 10022
f 9902 10023 10022
f 9902 9903 10023
f 9903 10024 10023
f 9903 9904 10024
f 9904 10025 10024
f 9904 9905 10025
f 9905 10026 10025
f 9905 9906 10026
f 9906 10027 10026
f 9906 9907 10027
f 9907 10028 10027
f 9907 9908 10028
f 9908 10029 10028
f 9908 9909 10029
f 9909 10030 10029
f 9909 9910 10030
f 9910 10031 10030
f 9910 9911 10031
f 9911 10032 10031
f 9911 9912 10032
f 9912 10033 10032
f 9912 9913 10033
f 9913 10034 10033
f 9913 9914 10034
f 9914 10035 10034
f 9914 9915 10035
f 9915 10036 10035
f 9915 9916 10036
f 9916 10037 10036
f 9916 9917 10037
f 9917 10038 10037
f 9917 9918 10038
f 9918 10039 10038
f 9918 9919 10039
f 9919 10040 10039
f 9919 9920 10040
f 9920 10041 10040
f 9920 9921 10041
f 9921 10042 10041
f 9921 9922 10042
f 9922 10043 10042
f 9923 9924 10044
f 9924 10045 10044
f 9924 9925 10045
f 9925 10046 10045
f 9925 9926 10046
f 9926 10047 10046
f 9926 9927 10047
f 9927 10048 10047
f 9927 9928 10048
f 9928 10049 10048
f 9928 9929 10049
f 9929 10050 10049
f 9929 9930 10050
f 9930 10051 10050
f 9930 9931 10051
f 9931 10052 10051
f 9931 9932 10052
f 9932 10053 10052
f 9932 9933 10053
f 9933 10054 10053
f 9933 9934 10054
f 9934 10055 10054
f 9934 9935 10055
f 9935 10056 10055
f 9935 9936 10056
f 9936 10057 10056
f 9936 9937 10057
f 9937 10058 10057
f 9937 9938 10058
f 9938 10059 10058
f 9938 9939 10059
f 9939 10060 10059
f 9939 9940 10060
f 9940 10061 10060
f 9940 9941 10061
f 9941 10062 10061
f 9941 9942 10062
f 9942 10063 10062
f 9942 9943 10063
f 9943 10064 10063
f 9943 9944 10064
f 9944 10065 10064
f 9944 9945 10065
f 9945 10066 10065
f 9945 9946 10066
f 9946 10067 10066
f 9946 9947 10067
f 9947 10068 10067
f 9947 9948 10068
f 9948 10069 10068
f 9948 9949 10069
f 9949 10070 10069
f 9949 9950 10070
f 9950 10071 10070
f 9950 9951 10071
f 9951 10072 10071
f 9951 9952 10072
f 9952 10073 10072
f 9952 9953 10073
f 9953 10074 10073
f 9953 9954 10074
f 9954 10075 10074
f 9954 9955 10075
f 9955 10076 10075
f 9955 9956 10076
f 9956 10077 10076
f 9956 9957 10077
f 9957 10078 10077
f 9957 9958 10078
f 9958 10079 10078
f 9958 9959 10079
f 9959 10080 10079
f 9959 9960 10080
f 9960 10081 10080
f 9960 9961 10081
f 9961 10082 10081
f 9961 9962 10082
f 9962 10083 10082
f 9962 9963 10083
f 9963 10084 10083
f 9963 9964 10084
f 9964 10085 10084
f 9964 9965 10085
f 9965 10086 10085
f 9965 9966 10086
f 9966 10087 10086
f 9966 9967 10087
f 9967 10088 10087
f 9967 9968 10088
f 9968 10089 10088
f 9968 9969 10089
f 9969 10090 10089
f 9969 9970 10090
f 9970 10091 10090
f 9970 9971 10091
f 9971 10092 10091
f 9971 9972 10092
f 9972 10093 10092
f 9972 9973 10093
f 9973 10094 10093
f 9973 9974 10094
f 9974 10095 10094
f 9974 9975 10095
f 9975 10096 10095
f 9975 9976 10096
f 9976 10097 10096
f 9976 9977 10097
f 9977 10098 10097
f 9977 9978 10098
f 9978 10099 10098
f 9978 9979 10099
f 9979 10100 10099
f 9979 9980 10100
f 9980 10101 10100
f 9980 9981 10101
f 9981 10102 10101
f 9981 9982 10102
f 9982 10103 10102
f 9982 9983 10103
f 9983 10104 10103
f 9983 9984 10104
f 9984 10105 10104
f 9984 9985 10105
f 9985 10106 10105
f 9985 9986 10106
f 9986 10107 10106
f 9986 9987 10107
f 9987 10108 10107
f 9987 9988 10108
f 9988 10109 10108
f 9988 9989 10109
f 9989 10110 10109
f 9989 9990 10110
f 9990 10111 10110
f 9990 9991 10111
f 9991 10112 10111
f 9991 9992 10112
f 9992 10113 10112
f 9992 9993 10113
f 9993 10114 10113
f 9993 9994 10114
f 9994 10115 10114
f 9994 9995 10115
f 9995 10116 10115
f 9995 9996 10116
f 9996 10117 10116
f 9996 9997 10117
f 9997 10118 10117
f 9997 9998 10118
f 9998 10119 10118
f 9998 9999 10119
f 9999 10120 10119
f 9999 10000 10120
f 10000 10121 10120
f 10000 10001 10121
f 10001 10122 10121
f 10001 10002 10122
f 10002 10123 10122
f 10002 10003 10123
f 10003 10124 10123
f 10003 10004 10124
f 10004 10125 10124
f 10004 10005 10125
f 10005 10126 10125
f 10005 10006 10126
f 10006 10127 10126
f 10006 10007 10127
f 10007 10128 10127
f 10007 10008 10128
f 10008 10129 10128
f 10008 10009 10129
f 10009 10130 10129
f 10009 10010 10130
f 10010 10131 10130
f 10010 10011 10131
f 10011 10132 10131
f 10011 10012 10132
f 10012 10133 10132
f 10012 10013 10133
f 10013 10134 10133
f 10013 10014 10134
f 10014 10135 10134
f 10014 10015 10135
f 10015 10136 10135
f 10015 10016 10136
f 10016 10137 10136
f 10016 10017 10137
f 10017 10138 10137
f 10017 10018 10138
f 10018 10139 10138
f 10018 10019 10139
f 10019 10140 10139
f 10019 10020 10140
f 10020 10141 10140
f 10020 10021 10141
f 10021 10142 10141
f 10021 10022 10142
f 10022 10143 10142
f 10022 10023 10143
f 10023 10144 10143
f 10023 10024 10144
f 10024 10145 10144
f 10024 10025 10145
f 10025 10146 10145
f 10025 10026 10146
f 10026 10147 10146
f 10026 10027 10147
f 10027 10148 10147
f 10027 10028 10148
f 10028 10149 10148
f 10028 10029 10149
f 10029 10150 10149
f 10029 10030 10150
f 10030 10151 10150
f 10030 10031 10151
f 10031 10152 10151
f 10031 10032 10152
f 10032 10153 10152
f 10032 10033 10153
f 10033 10154 10153
f 10033 10034 10154
f 10034 10155 10154
f 10034 10035 10155
f 10035 10156 10155
f 10035 10036 10156
f 10036 10157 10156
f 10036 10037 10157
f 10037 10158 10157
f 10037 10038 10158
f 10038 10159 10158
f 10038 10039 10159
f 10039 10160 10159
f 10039 10040 10160
f 10040 10161 10160
f 10040 10041 10161
f 10041 10162 10161
f 10041 10042 10162
f 10042 10163 10162
f 10042 10043 10163
f 10043 10164 10163
f 10044 10045 10165
f 10045 10166 10165
f 10045 10046 10166
f 10046 10167 10166
f 10046 10047 10167
f 10047 10168 10167
f 10047 10048 10168
f 10048 10169 10168
f 10048 10049 10169
f 10049 10170 10169
f 10049 10050 10170
f 10050 10171 10170
f 10050 10051 10171
f 10051 10172 10171
f 10051 10052 10172
f 10052 10173 10172
f 10052 10053 10173
f 10053 10174 10173
f 10053 10054 10174
f 10054 10175 10174
f 10054 10055 10175
f 10055 10176 10175
f 10055 10056 10176
f 10056 10177 10176
f 10056 10057 10177
f 10057 10178 10177
f 10057 10058 10178
f 10058 10179 10178
f 10058 10059 10179
f 10059 10180 10179
f 10059 10060 10180
f 10060 10181 10180
f 10060 10061 10181
f 10061 10182 10181
f 10061 10062 10182
f 10062 10183 10182
f 10062 10063 10183
f 10063 10184 10183
f 10063 10064 10184
f 10064 10185 10184
f 10064 10065 10185
f 10065 10186 10185
f 10065 10066 10186
f 10066 10187 10186
f 10066 10067 10187
f 10067 10188 10187
f 10067 10068 10188
f 10068 10189 10188
f 10068 10069 10189
f 10069 10190 10189
f 10069 10070 10190
f 10070 10191 10190
f 10070 10071 10191
f 10071 10192 10191
f 10071 10072 10192
f 10072 10193 10192
f 10072 10073 10193
f 10073 10194 10193
f 10073 10074 10194
f 10074 10195 10194
f 10074 10075 10195
f 10075 10196 10195
f 10075 10076 10196
f 10076 10197 10196
f 10076 10077 10197
f 10077 10198 10197
f 10077 10078 10198
f 10078 10199 10198
f 10078 10079 10199
f 10079 10200 10199
f 10079 10080 10200
f 10080 10201 10200
f 10080 10081 10201
f 10081 10202 10201
f 10081 10082 10202
f 10082 10203 10202
f 10082 10083 10203
f 10083 10204 10203
f 10083 10084 10204
f 10084 10205 10204
f 10084 10085 10205
f 10085 10206 10205
f 10085 10086 10206
f 10086 10207 10206
f 10086 10087 10207
f 10087 10208 10207
f 10087 10088 10208
f 10088 10209 10208
f 10088 10089 10209
f 10089 10210 10209
f 10089 10090 10210
f 10090 10211 10210
f 10090 10091 10211
f 10091 10212 10211
f 10091 10092 10212
f 10092 10213 10212
f 10092 10093 10213
f 10093 10214 10213
f 10093 10094 10214
f 10094 10215 10214
f 10094 10095 10215
f 10095 10216 10215
f 10095 10096 10216
f 10096 10217 10216
f 10096 10097 10217
f 10097 10218 10217
f 10097 10098 10218
f 10098 10219 10218
f 10098 10099 10219
f 10099 10220 10219
f 10099 10100 10220
f 10100 10221 10220
f 10100 10101 10221
f 10101 10222 10221
f 10101 10102 10222
f 10102 10223 10222
f 10102 10103 10223
f 10103 10224 10223
f 10103 10104 10224
f 10104 10225 10224
f 10104 10105 10225
f 10105 10226 10225
f 10105 10106 10226
f 10106 10227 10226
f 10106 10107 10227
f 10107 10228 10227
f 10107 10108 10228
f 10108 10229 10228
f 10108 10109 10229
f 10109 10230 10229
f 10109 10110 10230
f 10110 10231 10230
f 10110 10111 10231
f 10111 10232 10231
f 10111 10112 10232
f 10112 10233 10232
f 10112 10113 10233
f 10113 10234 10233
f 10113 10114 10234
f 10114 10235 10234
f 10114 10115 10235
f 10115 10236 10235
f 10115 10116 10236
f 10116 10237 10236
f 10116 10117 10237
f 10117 10238 10237
f 10117 10118 10238
f 10118 10239 10238
f 10118 10119 10239
f 10119 10240 10239
f 10119 10120 10240
f 10120 10241 10240
f 10120 10121 10241
f 10121 10242 10241
f 10121 10122 10242
f 10122 10243 10242
f 10122 10123 10243
f 10123 10244 10243
f 10123 10124 10244
f 10124 10245 10244
f 10124 10125 10245
f 10125 10246 10245
f 10125 10126 10246
f 10126 10247 10246
f 10126 10127 10247
f 10127 10248 10247
f 10127 10128 10248
f 10128 10249 10248
f 10128 10129 10249
f 10129 10250 10249
f 10129 10130 10250
f 10130 10251 10250
f 10130 10131 10251
f 10131 10252 10251
f 10131 10132 10252
f 10132 10253 10252
f 10132 10133 10253
f 10133 10254 10253
f 10133 10134 10254
f 10134 10255 10254
f 10134 10135 10255
f 10135 10256 10255
f 10135 10136 10256
f 10136 10257 10256
f 10136 10137 10257
f 10137 10258 10257
f 10137 10138 10258
f 10138 10259 10258
f 10138 10139 10259
f 10139 10260 10259
f 10139 10140 10260
f 10140 10261 10260
f 10140 10141 10261
f 10141 10262 10261
f 10141 10142 10262
f 10142 10263 10262
f 10142 10143 10263
f 10143 10264 10263
f 10143 10144 10264
f 10144 10265 10264
f 10144 10145 10265
f 10145 10266 10265
f 10145 10146 10266
f 10146 10267 10266
f 10146 10147 10267
f 10147 10268 10267
f 10147 10148 10268
f 10148 10269 10268
f 10148 10149 10269
f 10149 10270 10269
f 10149 10150 10270
f 10150 10271 10270
f 10150 10151 10271
f 10151 10272 10271
f 10151 10152 10272
f 10152 10273 10272
f 10152 10153 10273
f 10153 10274 10273
f 10153 10154 10274
f 10154 10275 10274
f 10154 10155 10275
f 10155 10276 10275
f 10155 10156 10276
f 10156 10277 10276
f 10156 10157 10277
f 10157 10278 10277
f 10157 10158 10278
f 10158 10279 10278
f 10158 10159 10279
f 10159 10280 10279
f 10159 10160 10280
f 10160 10281 10280
f 10160 10161 10281
f 10161 10282 10281
f 10161 10162 10282
f 10162 10283 10282
f 10162 10163 10283
f 10163 10284 10283
f 10163 10164 10284
f 10164 10285 10284
f 10165 10166 10286
f 10166 10287 10286
f 10166 10167 10287
f 10167 10288 10287
f 10167 10168 10288
f 10168 10289 10288
f 10168 10169 10289
f 10169 10290 10289
f 10169 10170 10290
f 10170 10291 10290
f 10170 10171 10291
f 10171 10292 10291
f 10171 10172 10292
f 10172 10293 10292
f 10172 10173 10293
f 10173 10294 10293
f 10173 10174 10294
f 10174 10295 10294
f 10174 10175 10295
f 10175 10296 10295
f 10175 10176 10296
f 10176 10297 10296
f 10176 10177 10297
f 10177 10298 10297
f 10177 10178 10298
f 10178 10299 10298
f 10178 10179 10299
f 10179 10300 10299
f 10179 10180 10300
f 10180 10301 10300
f 10180 10181 10301
f 10181 10302 10301
f 10181 10182 10302
f 10182 10303 10302
f 10182 10183 10303
f 10183 10304 10303
f 10183 10184 10304
f 10184 10305 10304
f 10184 10185 10305
f 10185 10306 10305
f 10185 10186 10306
f 10186 10307 10306
f 10186 10187 10307
f 10187 10308 10307
f 10187 10188 10308
f 10188 10309 10308
f 10188 10189 10309
f 10189 10310 10309
f 10189 10190 10310
f 10190 10311 10310
f 10190 10191 10311
f 10191 10312 10311
f 10191 10192 10312
f 10192 10313 10312
f 10192 10193 10313
f 10193 10314 10313
f 10193 10194 10314
f 10194 10315 10314
f 10194 10195 10315
f 10195 10316 10315
f 10195 10196 10316
f 10196 10317 10316
f 10196 10197 10317
f 10197 10318 10317
f 10197 10198 10318
f 10198 10319 10318
f 10198 10199 10319
f 10199 10320 10319
f 10199 10200 10320
f 10200 10321 10320
f 10200 10201 10321
f 10201 10322 10321
f 10201 10202 10322
f 10202 10323 10322
f 10202 10203 10323
f 10203 10324 10323
f 10203 10204 10324
f 10204 10325 10324
f 10204 10205 10325
f 10205 10326 10325
f 10205 10206 10326
f 10206 10327 10326
f 10206 10207 10327
f 10207 10328 10327
f 10207 10208 10328
f 10208 10329 10328
f 10208 10209 10329
f 10209 10330 10329
f 10209 10210 10330
f 10210 10331 10330
f 10210 10211 10331
f 10211 10332 10331
f 10211 10212 10332
f 10212 10333 10332
f 10212 10213 10333
f 10213 10334 10333
f 10213 10214 10334
f 10214 10335 10334
f 10214 10215 10335
f 10215 10336 10335
f 10215 10216 10336
f 10216 10337 10336
f 10216 10217 10337
f 10217 10338 10337
f 10217 10218 10338
f 10218 10339 10338
f 10218 10219 10339
f 10219 10340 10339
f 10219 10220 10340
f 10220 10341 10340
f 10220 10221 10341
f 10221 10342 10341
f 10221 10222 10342
f 10222 10343 10342
f 10222 10223 10343
f 10223 10344 10343
f 10223 10224 10344
f 10224 10345 10344
f 10224 10225 10345
f 10225 10346 10345
f 10225 10226 10346
f 10226 10347 10346
f 10226 10227 10347
f 10227 10348 10347
f 10227 10228 10348
f 10228 10349 10348
f 10228 10229 10349
f 10229 10350 10349
f 10229 10230 10350
f 10230 10351 10350
f 10230 10231 10351
f 10231 10352 10351
f 10231 10232 10352
f 10232 10353 10352
f 10232 10233 10353
f 10233 10354 10353
f 10233 10234 10354
f 10234 10355 10354
f 10234 10235 10355
f 10235 10356 10355
f 10235 10236 10356
f 10236 10357 10356
f 10236 10237 10357
f 10237 10358 10357
f 10237 10238 10358
f 10238 10359 10358
f 10238 10239 10359
f 10239 10360 10359
f 10239 10240 10360
f 10240 10361 10360
f 10240 10241 10361
f 10241 10362 10361
f 10241 10242 10362
f 10242 10363 10362
f 10242 10243 10363
f 10243 10364 10363
f 10243 10244 10364
f 10244 10365 10364
f 10244 10245 10365
f 10245 10366 10365
f 10245 10246 10366
f 10246 10367 10366
f 10246 10247 10367
f 10247 10368 10367
f 10247 10248 10368
f 10248 10369 10368
f 10248 10249 10369
f 10249 10370 10369
f 10249 10250 10370
f 10250 10371 10370
f 10250 10251 10371
f 10251 10372 10371
f 10251 10252 10372
f 10252 10373 10372
f 10252 10253 10373
f 10253 10374 10373
f 10253 10254 10374
f 10254 10375 10374
f 10254 10255 10375
f 10255 10376 10375
f 10255 10256 10376
f 10256 10377 10376
f 10256 10257 10377
f 10257 10378 10377
f 10257 10258 10378
f 10258 10379 10378
f 10258 10259 10379
f 10259 10380 10379
f 10259 10260 10380
f 10260 10381 10380
f 10260 10261 10381
f 10261 10382 10381
f 10261 10262 10382
f 10262 10383 10382
f 10262 10263 10383
f 10263 10384 10383
f 10263 10264 10384
f 10264 10385 10384
f 10264 10265 10385
f 10265 10386 10385
f 10265 10266 10386
f 10266 10387 10386
f 10266 10267 10387
f 10267 10388 10387
f 10267 10268 10388
f 10268 10389 10388
f 10268 10269 10389
f 10269 10390 10389
f 10269 10270 10390
f 10270 10391 10390
f 10270 10271 10391
f 10271 10392 10391
f 10271 10272 10392
f 10272 10393 10392
f 10272 10273 10393
f 10273 10394 10393
f 10273 10274 10394
f 10274 10395 10394
f 10274 10275 10395
f 10275 10396 10395
f 10275 10276 10396
f 10276 10397 10396
f 10276 10277 10397
f 10277 10398 10397
f 10277 10278 10398
f 10278 10399 10398
f 10278 10279 10399
f 10279 10400 10399
f 10279 10280 10400
f 10280 10401 10400
f 10280 10281 10401
f 10281 10402 10401
f 10281 10282 10402
f 10282 10403 10402
f 10282 10283 10403
f 10283 10404 10403
f 10283 10284 10404
f 10284 10405 10404
f 10284 10285 10405
f 10285 10406 10405
f 10286 10287 10407
f 10287 10408 10407
f 10287 10288 10408
f 10288 10409 10408
f 10288 10289 10409
f 10289 10410 10409
f 10289 10290 10410
f 10290 10411 10410
f 10290 10291 10411
f 10291 10412 10411
f 10291 10292 10412
f 10292 10413 10412
f 10292 10293 10413
f 10293 10414 10413
f 10293 10294 10414
f 10294 10415 10414
f 10294 10295 10415
f 10295 10416 10415
f 10295 10296 10416
f 10296 10417 10416
f 10296 10297 10417
f 10297 10418 10417
f 10297 10298 10418
f 10298 10419 10418
f 10298 10299 10419
f 10299 10420 10419
f 10299 10300 10420
f 10300 10421 10420
f 10300 10301 10421
f 10301 10422 10421
f 10301 10302 10422
f 10302 10423 10422
f 10302 10303 10423
f 10303 10424 10423
f 10303 10304 10424
f 10304 10425 10424
f 10304 10305 10425
f 10305 10426 10425
f 10305 10306 10426
f 10306 10427 10426
f 10306 10307 10427
f 10307 10428 10427
f 10307 10308 10428
f 10308 10429 10428
f 10308 10309 10429
f 10309 10430 10429
f 10309 10310 10430
f 10310 10431 10430
f 10310 10311 10431
f 10311 10432 10431
f 10311 10312 10432
f 10312 10433 10432
f 10312 10313 10433
f 10313 10434 10433
f 10313 10314 10434
f 10314 10435 10434
f 10314 10315 10435
f 10315 10436 10435
f 10315 10316 10436
f 10316 10437 10436
f 10316 10317 10437
f 10317 10438 10437
f 10317 10318 10438
f 10318 10439 10438
f 10318 10319 10439
f 10319 10440 10439
f 10319 10320 10440
f 10320 10441 10440
f 10320 10321 10441
f 10321 10442 10441
f 10321 10322 10442
f 10322 10443 10442
f 10322 10323 10443
f 10323 10444 10443
f 10323 10324 10444
f 10324 10445 10444
f 10324 10325 10445
f 10325 10446 10445
f 10325 10326 10446
f 10326 10447 10446
f 10326 10327 10447
f 10327 10448 10447
f 10327 10328 10448
f 10328 10449 10448
f 10328 10329 10449
f 10329 10450 10449
f 10329 10330 10450
f 10330 10451 10450
f 10330 10331 10451
f 10331 10452 10451
f 10331 10332 10452
f 10332 10453 10452
f 10332 10333 10453
f 10333 10454 10453
f 10333 10334 10454
f 10334 10455 10454
f 10334 10335 10455
f 10335 10456 10455
f 10335 10336 10456
f 10336 10457 10456
f 10336 10337 10457
f 10337 10458 10457
f 10337 10338 10458
f 10338 10459 10458
f 10338 10339 10459
f 10339 10460 10459
f 10339 10340 10460
f 10340 10461 10460
f 10340 10341 10461
f 10341 10462 10461
f 10341 10342 10462
f 10342 10463 10462
f 10342 10343 10463
f 10343 10464 10463
f 10343 10344 10464
f 10344 10465 10464
f 10344 10345 10465
f 10345 10466 10465
f 10345 10346 10466
f 10346 10467 10466
f 10346 10347 10467
f 10347 10468 10467
f 10347 10348 10468
f 10348 10469 10468
f 10348 10349 10469
f 10349 10470 10469
f 10349 10350 10470
f 10350 10471 10470
f 10350 10351 10471
f 10351 10472 10471
f 10351 10352 10472
f 10352 10473 10472
f 10352 10353 10473
f 10353 10474 10473
f 10353 10354 10474
f 10354 10475 10474
f 10354 10355 10475
f 10355 10476 10475
f 10355 10356 10476
f 10356 10477 10476
f 10356 10357 10477
f 10357 10478 10477
f 10357 10358 10478
f 10358 10479 10478
f 10358 10359 10479
f 10359 10480 10479
f 10359 10360 10480
f 10360 10481 10480
f 10360 10361 10481
f 10361 10482 10481
f 10361 10362 10482
f 10362 10483 10482
f 10362 10363 10483
f 10363 10484 10483
f 10363 10364 10484
f 10364 10485 10484
f 10364 10365 10485
f 10365 10486 10485
f 10365 10366 10486
f 10366 10487 10486
f 10366 10367 10487
f 10367 10488 10487
f 10367 10368 10488
f 10368 10489 10488
f 10368 10369 10489
f 10369 10490 10489
f 10369 10370 10490
f 10370 10491 10490
f 10370 10371 10491
f 10371 10492 10491
f 10371 10372 10492
f 10372 10493 10492
f 10372 10373 10493
f 10373 10494 10493
f 10373 10374 10494
f 10374 10495 10494
f 10374 10375 10495
f 10375 10496 10495
f 10375 10376 10496
f 10376 10497 10496
f 10376 10377 10497
f 10377 10498 10497
f 10377 10378 10498
f 10378 10499 10498
f 10378 10379 10499
f 10379 10500 10499
f 10379 10380 10500
f 10380 10501 10500
f 10380 10381 10501
f 10381 10502 10501
f 10381 10382 10502
f 10382 10503 10502
f 10382 10383 10503
f 10383 10504 10503
f 10383 10384 10504
f 10384 10505 10504
f 10384 10385 10505
f 10385 10506 10505
f 10385 10386 10506
f 10386 10507 10506
f 10386 10387 10507
f 10387 10508 10507
f 10387 10388 10508
f 10388 10509 10508
f 10388 10389 10509
f 10389 10510 10509
f 10389 10390 10510
f 10390 10511 10510
f 10390 10391 10511
f 10391 10512 10511
f 10391 10392 10512
f 10392 10513 10512
f 10392 10393 10513
f 10393 10514 10513
f 10393 10394 10514
f 10394 10515 10514
f 10394 10395 10515
f 10395 10516 10515
f 10395 10396 10516
f 10396 10517 10516
f 10396 10397 10517
f 10397 10518 10517
f 10397 10398 10518
f 10398 10519 10518
f 10398 10399 10519
f 10399 10520 10519
f 10399 10400 10520
f 10400 10521 10520
f 10400 10401 10521
f 10401 10522 10521
f 10401 10402 10522
f 10402 10523 10522
f 10402 10403 10523
f 10403 10524 10523
f 10403 10404 10524
f 10404 10525 10524
f 10404 10405 10525
f 10405 10526 10525
f 10405 10406 10526
f 10406 10527 10526
f 10407 10408 10528
f 10408 10529 10528
f 10408 10409 10529
f 10409 10530 10529
f 10409 10410 10530
f 10410 10531 10530
f 10410 10411 10531
f 10411 10532 10531
f 10411 10412 10532
f 10412 10533 10532
f 10412 10413 10533
f 10413 10534 10533
f 10413 10414 10534
f 10414 10535 10534
f 10414 10415 10535
f 10415 10536 10535
f 10415 10416 10536
f 10416 10537 10536
f 10416 10417 10537
f 10417 10538 10537
f 10417 10418 10538
f 10418 10539 10538
f 10418 10419 10539
f 10419 10540 10539
f 10419 10420 10540
f 10420 10541 10540
f 10420 10421 10541
f 10421 10542 10541
f 10421 10422 10542
f 10422 10543 10542
f 10422 10423 10543
f 10423 10544 10543
f 10423 10424 10544
f 10424 10545 10544
f 10424 10425 10545
f 10425 10546 10545
f 10425 10426 10546
f 10426 10547 10546
f 10426 10427 10547
f 10427 10548 10547
f 10427 10428 10548
f 10428 10549 10548
f 10428 10429 10549
f 10429 10550 10549
f 10429 10430 10550
f 10430 10551 10550
f 10430 10431 10551
f 10431 10552 10551
f 10431 10432 10552
f 10432 10553 10552
f 10432 10433 10553
f 10433 10554 10553
f 10433 10434 10554
f 10434 10555 10554
f 10434 10435 10555
f 10435 10556 10555
f 10435 10436 10556
f 10436 10557 10556
f 10436 10437 10557
f 10437 10558 10557
f 10437 10438 10558
f 10438 10559 10558
f 10438 10439 10559
f 10439 10560 10559
f 10439 10440 10560
f 10440 10561 10560
f 10440 10441 10561
f 10441 10562 10561
f 10441 10442 10562
f 10442 10563 10562
f 10442 10443 10563
f 10443 10564 10563
f 10443 10444 10564
f 10444 10565 10564
f 10444 10445 10565
f 10445 10566 10565
f 10445 10446 10566
f 10446 10567 10566
f 10446 10447 10567
f 10447 10568 10567
f 10447 10448 10568
f 10448 10569 10568
f 10448 10449 10569
f 10449 10570 10569
f 10449 10450 10570
f 10450 10571 10570
f 10450 10451 10571
f 10451 10572 10571
f 10451 10452 10572
f 10452 10573 10572
f 10452 10453 10573
f 10453 10574 10573
f 10453 10454 10574
f 10454 10575 10574
f 10454 10455 10575
f 10455 10576 10575
f 10455 10456 10576
f 10456 10577 10576
f 10456 10457 10577
f 10457 10578 10577
f 10457 10458 10578
f 10458 10579 10578
f 10458 10459 10579
f 10459 10580 10579
f 10459 10460 10580
f 10460 10581 10580
f 10460 10461 10581
f 10461 10582 10581
f 10461 10462 10582
f 10462 10583 10582
f 10462 10463 10583
f 10463 10584 10583
f 10463 10464 10584
f 10464 10585 10584
f 10464 10465 10585
f 10465 10586 10585
f 10465 10466 10586
f 10466 10587 10586
f 10466 10467 10587
f 10467 10588 10587
f 10467 10468 10588
f 10468 10589 10588
f 10468 10469 10589
f 10469 10590 10589
f 10469 10470 10590
f 10470 10591 10590
f 10470 10471 10591
f 10471 10592 10591
f 10471 10472 10592
f 10472 10593 10592
f 10472 10473 10593
f 10473 10594 10593
f 10473 10474 10594
f 10474 10595 10594
f 10474 10475 10595
f 10475 10596 10595
f 10475 10476 10596
f 10476 10597 10596
f 10476 10477 10597
f 10477 10598 10597
f 10477 10478 10598
f 10478 10599 10598
f 10478 10479 10599
f 10479 10600 10599
f 10479 10480 10600
f 10480 10601 10600
f 10480 10481 10601
f 10481 10602 10601
f 10481 10482 10602
f 10482 10603 10602
f 10482 10483 10603
f 10483 10604 10603
f 10483 10484 10604
f 10484 10605 10604
f 10484 10485 10605
f 10485 10606 10605
f 10485 10486 10606
f 10486 10607 10606
f 10486 10487 10607
f 10487 10608 10607
f 10487 10488 10608
f 10488 10609 10608
f 10488 10489 10609
f 10489 10610 10609
f 10489 10490 10610
f 10490 10611 10610
f 10490 10491 10611
f 10491 10612 10611
f 10491 10492 10612
f 10492 10613 10612
f 10492 10493 10613
f 10493 10614 10613
f 10493 10494 10614
f 10494 10615 10614
f 10494 10495 10615
f 10495 10616 10615
f 10495 10496 10616
f 10496 10617 10616
f 10496 10497 10617
f 10497 10618 10617
f 10497 10498 10618
f 10498 10619 10618
f 10498 10499 10619
f 10499 10620 10619
f 10499 10500 10620
f 10500 10621 10620
f 10500 10501 10621
f 10501 10622 10621
f 10501 10502 10622
f 10502 10623 10622
f 10502 10503 10623
f 10503 10624 10623
f 10503 10504 10624
f 10504 10625 10624
f 10504 10505 10625
f 10505 10626 10625
f 10505 10506 10626
f 10506 10627 10626
f 10506 10507 10627
f 10507 10628 10627
f 10507 10508 10628
f 10508 10629 10628
f 10508 10509 10629
f 10509 10630 10629
f 10509 10510 10630
f 10510 10631 10630
f 10510 10511 10631
f 10511 10632 10631
f 10511 10512 10632
f 10512 10633 10632
f 10512 10513 10633
f 10513 10634 10633
f 10513 10514 10634
f 10514 10635 10634
f 10514 10515 10635
f 10515 10636 10635
f 10515 10516 10636
f 10516 10637 10636
f 10516 10517 10637
f 10517 10638 10637
f 10517 10518 10638
f 10518 10639 10638
f 10518 10519 10639
f 10519 10640 10639
f 10519 10520 10640
f 10520 10641 10640
f 10520 10521 10641
f 10521 10642 10641
f 10521 10522 10642
f 10522 10643 10642
f 10522 10523 10643
f 10523 10644 10643
f 10523 10524 10644
f 10524 10645 10644
f 10524 10525 10645
f 10525 10646 10645
f 10525 10526 10646
f 10526 10647 10646
f 10526 10527 10647
f 10527 10648 10647
f 10528 10529 10649
f 10529 10650 10649
f 10529 10530 10650
f 10530 10651 10650
f 10530 10531 10651
f 10531 10652 10651
f 10531 10532 10652
f 10532 10653 10652
f 10532 10533 10653
f 10533 10654 10653
f 10533 10534 10654
f 10534 10655 10654
f 10534 10535 10655
f 10535 10656 10655
f 10535 10536 10656
f 10536 10657 10656
f 10536 10537 10657
f 10537 10658 10657
f 10537 10538 10658
f 10538 10659 10658
f 10538 10539 10659
f 10539 10660 10659
f 10539 10540 10660
f 10540 10661 10660
f 10540 10541 10661
f 10541 10662 10661
f 10541 10542 10662
f 10542 10663 10662
f 10542 10543 10663
f 10543 10664 10663
f 10543 10544 10664
f 10544 10665 10664
f 10544 10545 10665
f 10545 10666 10665
f 10545 10546 10666
f 10546 10667 10666
f 10546 10547 10667
f 10547 10668 10667
f 10547 10548 10668
f 10548 10669 10668
f 10548 10549 10669
f 10549 10670 10669
f 10549 10550 10670
f 10550 10671 10670
f 10550 10551 10671
f 10551 10672 10671
f 10551 10552 10672
f 10552 10673 10672
f 10552 10553 10673
f 10553 10674 10673
f 10553 10554 10674
f 10554 10675 10674
f 10554 10555 10675
f 10555 10676 10675
f 10555 10556 10676
f 10556 10677 10676
f 10556 10557 10677
f 10557 10678 10677
f 10557 10558 10678
f 10558 10679 10678
f 10558 10559 10679
f 10559 10680 10679
f 10559 10560 10680
f 10560 10681 10680
f 10560 10561 10681
f 10561 10682 10681
f 10561 10562 10682
f 10562 10683 10682
f 10562 10563 10683
f 10563 10684 10683
f 10563 10564 10684
f 10564 10685 10684
f 10564 10565 10685
f 10565 10686 10685
f 10565 10566 10686
f 10566 10687 10686
f 10566 10567 10687
f 10567 10688 10687
f 10567 10568 10688
f 10568 10689 10688
f 10568 10569 10689
f 10569 10690 10689
f 10569 10570 10690
f 10570 10691 10690
f 10570 10571 10691
f 10571 10692 10691
f 10571 10572 10692
f 10572 10693 10692
f 10572 10573 10693
f 10573 10694 10693
f 10573 10574 10694
f 10574 10695 10694
f 10574 10575 10695
f 10575 10696 10695
f 10575 10576 10696
f 10576 10697 10696
f 10576 10577 10697
f 10577 10698 10697
f 10577 10578 10698
f 10578 10699 10698
f 10578 10579 10699
f 10579 10700 10699
f 10579 10580 10700
f 10580 10701 10700
f 10580 10581 10701
f 10581 10702 10701
f 10581 10582 10702
f 10582 10703 10702
f 10582 10583 10703
f 10583 10704 10703
f 10583 10584 10704
f 10584 10705 10704
f 10584 10585 10705
f 10585 10706 10705
f 10585 10586 10706
f 10586 10707 10706
f 10586 10587 10707
f 10587 10708 10707
f 10587 10588 10708
f 10588 10709 10708
f 10588 10589 10709
f 10589 10710 10709
f 10589 10590 10710
f 10590 10711 10710
f 10590 10591 10711
f 10591 10712 10711
f 10591 10592 10712
f 10592 10713 10712
f 10592 10593 10713
f 10593 10714 10713
f 10593 10594 10714
f 10594 10715 10714
f 10594 10595 10715
f 10595 10716 10715
f 10595 10596 10716
f 10596 10717 10716
f 10596 10597 10717
f 10597 10718 10717
f 10597 10598 10718
f 10598 10719 10718
f 10598 10599 10719
f 10599 10720 10719
f 10599 10600 10720
f 10600 10721 10720
f 10600 10601 10721
f 10601 10722 10721
f 10601 10602 10722
f 10602 10723 10722
f 10602 10603 10723
f 10603 10724 10723
f 10603 10604 10724
f 10604 10725 10724
f 10604 10605 10725
f 10605 10726 10725
f 10605 10606 10726
f 10606 10727 10726
f 10606 10607 10727
f 10607 10728 10727
f 10607 10608 10728
f 10608 10729 10728
f 10608 10609 10729
f 10609 10730 10729
f 10609 10610 10730
f 10610 10731 10730
f 10610 10611 10731
f 10611 10732 10731
f 10611 10612 10732
f 10612 10733 10732
f 10612 10613 10733
f 10613 10734 10733
f 10613 10614 10734
f 10614 10735 10734
f 10614 10615 10735
f 10615 10736 10735
f 10615 10616 10736
f 10616 10737 10736
f 10616 10617 10737
f 10617 10738 10737
f 10617 10618 10738
f 10618 10739 10738
f 10618 10619 10739
f 10619 10740 10739
f 10619 10620 10740
f 10620 10741 10740
f 10620 10621 10741
f 10621 10742 10741
f 10621 10622 10742
f 10622 10743 10742
f 10622 10623 10743
f 10623 10744 10743
f 10623 10624 10744
f 10624 10745 10744
f 10624 10625 10745
f 10625 10746 10745
f 10625 10626 10746
f 10626 10747 10746
f 10626 10627 10747
f 10627 10748 10747
f 10627 10628 10748
f 10628 10749 10748
f 10628 10629 10749
f 10629 10750 10749
f 10629 10630 10750
f 10630 10751 10750
f 10630 10631 10751
f 10631 10752 10751
f 10631 10632 10752
f 10632 10753 10752
f 10632 10633 10753
f 10633 10754 10753
f 10633 10634 10754
f 10634 10755 10754
f 10634 10635 10755
f 10635 10756 10755
f 10635 10636 10756
f 10636 10757 10756
f 10636 10637 10757
f 10637 10758 10757
f 10637 10638 10758
f 10638 10759 10758
f 10638 10639 10759
f 10639 10760 10759
f 10639 10640 10760
f 10640 10761 10760
f 10640 10641 10761
f 10641 10762 10761
f 10641 10642 10762
f 10642 10763 10762
f 10642 10643 10763
f 10643 10764 10763
f 10643 10644 10764
f 10644 10765 10764
f 10644 10645 10765
f 10645 10766 10765
f 10645 10646 10766
f 10646 10767 10766
f 10646 10647 10767
f 10647 10768 10767
f 10647 10648 10768
f 10648 10769 10768
f 10649 10650 10770
f 10650 10771 10770
f 10650 10651 10771
f 10651 10772 10771
f 10651 10652 10772
f 10652 10773 10772
f 10652 10653 10773
f 10653 10774 10773
f 10653 10654 10774
f 10654 10775 10774
f 10654 10655 10775
f 10655 10776 10775
f 10655 10656 10776
f 10656 10777 10776
f 10656 10657 10777
f 10657 10778 10777
f 10657 10658 10778
f 10658 10779 10778
f 10658 10659 10779
f 10659 10780 10779
f 10659 10660 10780
f 10660 10781 10780
f 10660 10661 10781
f 10661 10782 10781
f 10661 10662 10782
f 10662 10783 10782
f 10662 10663 10783
f 10663 10784 10783
f 10663 10664 10784
f 10664 10785 10784
f 10664 10665 10785
f 10665 10786 10785
f 10665 10666 10786
f 10666 10787 10786
f 10666 10667 10787
f 10667 10788 10787
f 10667 10668 10788
f 10668 10789 10788
f 10668 10669 10789
f 10669 10790 10789
f 10669 10670 10790
f 10670 10791 10790
f 10670 10671 10791
f 10671 10792 10791
f 10671 10672 10792
f 10672 10793 10792
f 10672 10673 10793
f 10673 10794 10793
f 10673 10674 10794
f 10674 10795 10794
f 10674 10675 10795
f 10675 10796 10795
f 10675 10676 10796
f 10676 10797 10796
f 10676 10677 10797
f 10677 10798 10797
f 10677 10678 10798
f 10678 10799 10798
f 10678 10679 10799
f 10679 10800 10799
f 10679 10680 10800
f 10680 10801 10800
f 10680 10681 10801
f 10681 10802 10801
f 10681 10682 10802
f 10682 10803 10802
f 10682 10683 10803
f 10683 10804 10803
f 10683 10684 10804
f 10684 10805 10804
f 10684 10685 10805
f 10685 10806 10805
f 10685 10686 10806
f 10686 10807 10806
f 10686 10687 10807
f 10687 10808 10807
f 10687 10688 10808
f 10688 10809 10808
f 10688 10689 10809
f 10689 10810 10809
f 10689 10690 10810
f 10690 10811 10810
f 10690 10691 10811
f 10691 10812 10811
f 10691 10692 10812
f 10692 10813 10812
f 10692 10693 10813
f 10693 10814 10813
f 10693 10694 10814
f 10694 10815 10814
f 10694 10695 10815
f 10695 10816 10815
f 10695 10696 10816
f 10696 10817 10816
f 10696 10697 10817
f 10697 10818 10817
f 10697 10698 10818
f 10698 10819 10818
f 10698 10699 10819
f 10699 10820 10819
f 10699 10700 10820
f 10700 10821 10820
f 10700 10701 10821
f 10701 10822 10821
f 10701 10702 10822
f 10702 10823 10822
f 10702 10703 10823
f 10703 10824 10823
f 10703 10704 10824
f 10704 10825 10824
f 10704 10705 10825
f 10705 10826 10825
f 10705 10706 10826
f 10706 10827 10826
f 10706 10707 10827
f 10707 10828 10827
f 10707 10708 10828
f 10708 10829 10828
f 10708 10709 10829
f 10709 10830 10829
f 10709 10710 10830
f 10710 10831 10830
f 10710 10711 10831
f 10711 10832 10831
f 10711 10712 10832
f 10712 10833 10832
f 10712 10713 10833
f 10713 10834 10833
f 10713 10714 10834
f 10714 10835 10834
f 10714 10715 10835
f 10715 10836 10835
f 10715 10716 10836
f 10716 10837 10836
f 10716 10717 10837
f 10717 10838 10837
f 10717 10718 10838
f 10718 10839 10838
f 10718 10719 10839
f 10719 10840 10839
f 10719 10720 10840
f 10720 10841 10840
f 10720 10721 10841
f 10721 10842 10841
f 10721 10722 10842
f 10722 10843 10842
f 10722 10723 10843
f 10723 10844 10843
f 10723 10724 10844
f 10724 10845 10844
f 10724 10725 10845
f 10725 10846 10845
f 10725 10726 10846
f 10726 10847 10846
f 10726 10727 10847
f 10727 10848 10847
f 10727 10728 10848
f 10728 10849 10848
f 10728 10729 10849
f 10729 10850 10849
f 10729 10730 10850
f 10730 10851 10850
f 10730 10731 10851
f 10731 10852 10851
f 10731 10732 10852
f 10732 10853 10852
f 10732 10733 10853
f 10733 10854 10853
f 10733 10734 10854
f 10734 10855 10854
f 10734 10735 10855
f 10735 10856 10855
f 10735 10736 10856
f 10736 10857 10856
f 10736 10737 10857
f 10737 10858 10857
f 10737 10738 10858
f 10738 10859 10858
f 10738 10739 10859
f 10739 10860 10859
f 10739 10740 10860
f 10740 10861 10860
f 10740 10741 10861
f 10741 10862 10861
f 10741 10742 10862
f 10742 10863 10862
f 10742 10743 10863
f 10743 10864 10863
f 10743 10744 10864
f 10744 10865 10864
f 10744 10745 10865
f 10745 10866 10865
f 10745 10746 10866
f 10746 10867 10866
f 10746 10747 10867
f 10747 10868 10867
f 10747 10748 10868
f 10748 10869 10868
f 10748 10749 10869
f 10749 10870 10869
f 10749 10750 10870
f 10750 10871 10870
f 10750 10751 10871
f 10751 10872 10871
f 10751 10752 10872
f 10752 10873 10872
f 10752 10753 10873
f 10753 10874 10873
f 10753 10754 10874
f 10754 10875 10874
f 10754 10755 10875
f 10755 10876 10875
f 10755 10756 10876
f 10756 10877 10876
f 10756 10757 10877
f 10757 10878 10877
f 10757 10758 10878
f 10758 10879 10878
f 10758 10759 10879
f 10759 10880 10879
f 10759 10760 10880
f 10760 10881 10880
f 10760 10761 10881
f 10761 10882 10881
f 10761 10762 10882
f 10762 10883 10882
f 10762 10763 10883
f 10763 10884 10883
f 10763 10764 10884
f 10764 10885 10884
f 10764 10765 10885
f 10765 10886 10885
f 10765 10766 10886
f 10766 10887 10886
f 10766 10767 10887
f 10767 10888 10887
f 10767 10768 10888
f 10768 10889 10888
f 10768 10769 10889
f 10769 10890 10889
f 10770 10771 10891
f 10771 10892 10891
f 10771 10772 10892
f 10772 10893 10892
f 10772 10773 10893
f 10773 10894 10893
f 10773 10774 10894
f 10774 10895 10894
f 10774 10775 10895
f 10775 10896 10895
f 10775 10776 10896
f 10776 10897 10896
f 10776 10777 10897
f 10777 10898 10897
f 10777 10778 10898
f 10778 10899 10898
f 10778 10779 10899
f 10779 10900 10899
f 10779 10780 10900
f 10780 10901 10900
f 10780 10781 10901
f 10781 10902 10901
f 10781 10782 10902
f 10782 10903 10902
f 10782 10783 10903
f 10783 10904 10903
f 10783 10784 10904
f 10784 10905 10904
f 10784 10785 10905
f 10785 10906 10905
f 10785 10786 10906
f 10786 10907 10906
f 10786 10787 10907
f 10787 10908 10907
f 10787 10788 10908
f 10788 10909 10908
f 10788 10789 10909
f 10789 10910 10909
f 10789 10790 10910
f 10790 10911 10910
f 10790 10791 10911
f 10791 10912 10911
f 10791 10792 10912
f 10792 10913 10912
f 10792 10793 10913
f 10793 10914 10913
f 10793 10794 10914
f 10794 10915 10914
f 10794 10795 10915
f 10795 10916 10915
f 10795 10796 10916
f 10796 10917 10916
f 10796 10797 10917
f 10797 10918 10917
f 10797 10798 10918
f 10798 10919 10918
f 10798 10799 10919
f 10799 10920 10919
f 10799 10800 10920
f 10800 10921 10920
f 10800 10801 10921
f 10801 10922 10921
f 10801 10802 10922
f 10802 10923 10922
f 10802 10803 10923
f 10803 10924 10923
f 10803 10804 10924
f 10804 10925 10924
f 10804 10805 10925
f 10805 10926 10925
f 10805 10806 10926
f 10806 10927 10926
f 10806 10807 10927
f 10807 10928 10927
f 10807 10808 10928
f 10808 10929 10928
f 10808 10809 10929
f 10809 10930 10929
f 10809 10810 10930
f 10810 10931 10930
f 10810 10811 10931
f 10811 10932 10931
f 10811 10812 10932
f 10812 10933 10932
f 10812 10813 10933
f 10813 10934 10933
f 10813 10814 10934
f 10814 10935 10934
f 10814 10815 10935
f 10815 10936 10935
f 10815 10816 10936
f 10816 10937 10936
f 10816 10817 10937
f 10817 10938 10937
f 10817 10818 10938
f 10818 10939 10938
f 10818 10819 10939
f 10819 10940 10939
f 10819 10820 10940
f 10820 10941 10940
f 10820 10821 10941
f 10821 10942 10941
f 10821 10822 10942
f 10822 10943 10942
f 10822 10823 10943
f 10823 10944 10943
f 10823 10824 10944
f 10824 10945 10944
f 10824 10825 10945
f 10825 10946 10945
f 10825 10826 10946
f 10826 10947 10946
f 10826 10827 10947
f 10827 10948 10947
f 10827 10828 10948
f 10828 10949 10948
f 10828 10829 10949
f 10829 10950 10949
f 10829 10830 10950
f 10830 10951 10950
f 10830 10831 10951
f 10831 10952 10951
f 10831 10832 10952
f 10832 10953 10952
f 10832 10833 10953
f 10833 10954 10953
f 10833 10834 10954
f 10834 10955 10954
f 10834 10835 10955
f 10835 10956 10955
f 10835 10836 10956
f 10836 10957 10956
f 10836 10837 10957
f 10837 10958 10957
f 10837 10838 10958
f 10838 10959 10958
f 10838 10839 10959
f 10839 10960 10959
f 10839 10840 10960
f 10840 10961 10960
f 10840 10841 10961
f 10841 10962 10961
f 10841 10842 10962
f 10842 10963 10962
f 10842 10843 10963
f 10843 10964 10963
f 10843 10844 10964
f 10844 10965 10964
f 10844 10845 10965
f 10845 10966 10965
f 10845 10846 10966
f 10846 10967 10966
f 10846 10847 10967
f 10847 10968 10967
f 10847 10848 10968
f 10848 10969 10968
f 10848 10849 10969
f 10849 10970 10969
f 10849 10850 10970
f 10850 10971 10970
f 10850 10851 10971
f 10851 10972 10971
f 10851 10852 10972
f 10852 10973 10972
f 10852 10853 10973
f 10853 10974 10973
f 10853 10854 10974
f 10854 10975 10974
f 10854 10855 10975
f 10855 10976 10975
f 10855 10856 10976
f 10856 10977 10976
f 10856 10857 10977
f 10857 10978 10977
f 10857 10858 10978
f 10858 10979 10978
f 10858 10859 10979
f 10859 10980 10979
f 10859 10860 10980
f 10860 10981 10980
f 10860 10861 10981
f 10861 10982 10981
f 10861 10862 10982
f 10862 10983 10982
f 10862 10863 10983
f 10863 10984 10983
f 10863 10864 10984
f 10864 10985 10984
f 10864 10865 10985
f 10865 10986 10985
f 10865 10866 10986
f 10866 10987 10986
f 10866 10867 10987
f 10867 10988 10987
f 10867 10868 10988
f 10868 10989 10988
f 10868 10869 10989
f 10869 10990 10989
f 10869 10870 10990
f 10870 10991 10990
f 10870 10871 10991
f 10871 10992 10991
f 10871 10872 10992
f 10872 10993 10992
f 10872 10873 10993
f 10873 10994 10993
f 10873 10874 10994
f 10874 10995 10994
f 10874 10875 10995
f 10875 10996 10995
f 10875 10876 10996
f 10876 10997 10996
f 10876 10877 10997
f 10877 10998 10997
f 10877 10878 10998
f 10878 10999 10998
f 10878 10879 10999
f 10879 11000 10999
f 10879 10880 11000
f 10880 11001 11000
f 10880 10881 11001
f 10881 11002 11001
f 10881 10882 11002
f 10882 11003 11002
f 10882 10883 11003
f 10883 11004 11003
f 10883 10884 11004
f 10884 11005 11004
f 10884 10885 11005
f 10885 11006 11005
f 10885 10886 11006
f 10886 11007 11006
f 10886 10887 11007
f 10887 11008 11007
f 10887 10888 11008
f 10888 11009 11008
f 10888 10889 11009
f 10889 11010 11009
f 10889 10890 11010
f 10890 11011 11010
f 10891 10892 11012
f 10892 11013 11012
f 10892 10893 11013
f 10893 11014 11013
f 10893 10894 11014
f 10894 11015 11014
f 10894 10895 11015
f 10895 11016 11015
f 10895 10896 11016
f 10896 11017 11016
f 10896 10897 11017
f 10897 11018 11017
f 10897 10898 11018
f 10898 11019 11018
f 10898 10899 11019
f 10899 11020 11019
f 10899 10900 11020
f 10900 11021 11020
f 10900 10901 11021
f 10901 11022 11021
f 10901 10902 11022
f 10902 11023 11022
f 10902 10903 11023
f 10903 11024 11023
f 10903 10904 11024
f 10904 11025 11024
f 10904 10905 11025
f 10905 11026 11025
f 10905 10906 11026
f 10906 11027 11026
f 10906 10907 11027
f 10907 11028 11027
f 10907 10908 11028
f 10908 11029 11028
f 10908 10909 11029
f 10909 11030 11029
f 10909 10910 11030
f 10910 11031 11030
f 10910 10911 11031
f 10911 11032 11031
f 10911 10912 11032
f 10912 11033 11032
f 10912 10913 11033
f 10913 11034 11033
f 10913 10914 11034
f 10914 11035 11034
f 10914 10915 11035
f 10915 11036 11035
f 10915 10916 11036
f 10916 11037 11036
f 10916 10917 11037
f 10917 11038 11037
f 10917 10918 11038
f 10918 11039 11038
f 10918 10919 11039
f 10919 11040 11039
f 10919 10920 11040
f 10920 11041 11040
f 10920 10921 11041
f 10921 11042 11041
f 10921 10922 11042
f 10922 11043 11042
f 10922 10923 11043
f 10923 11044 11043
f 10923 10924 11044
f 10924 11045 11044
f 10924 10925 11045
f 10925 11046 11045
f 10925 10926 11046
f 10926 11047 11046
f 10926 10927 11047
f 10927 11048 11047
f 10927 10928 11048
f 10928 11049 11048
f 10928 10929 11049
f 10929 11050 11049
f 10929 10930 11050
f 10930 11051 11050
f 10930 10931 11051
f 10931 11052 11051
f 10931 10932 11052
f 10932 11053 11052
f 10932 10933 11053
f 10933 11054 11053
f 10933 10934 11054
f 10934 11055 11054
f 10934 10935 11055
f 10935 11056 11055
f 10935 10936 11056
f 10936 11057 11056
f 10936 10937 11057
f 10937 11058 11057
f 10937 10938 11058
f 10938 11059 11058
f 10938 10939 11059
f 10939 11060 11059
f 10939 10940 11060
f 10940 11061 11060
f 10940 10941 11061
f 10941 11062 11061
f 10941 10942 11062
f 10942 11063 11062
f 10942 10943 11063
f 10943 11064 11063
f 10943 10944 11064
f 10944 11065 11064
f 10944 10945 11065
f 10945 11066 11065
f 10945 10946 11066
f 10946 11067 11066
f 10946 10947 11067
f 10947 11068 11067
f 10947 10948 11068
f 10948 11069 11068
f 10948 10949 11069
f 10949 11070 11069
f 10949 10950 11070
f 10950 11071 11070
f 10950 10951 11071
f 10951 11072 11071
f 10951 10952 11072
f 10952 11073 11072
f 10952 10953 11073
f 10953 11074 11073
f 10953 10954 11074
f 10954 11075 11074
f 10954 10955 11075
f 10955 11076 11075
f 10955 10956 11076
f 10956 11077 11076
f 10956 10957 11077
f 10957 11078 11077
f 10957 10958 11078
f 10958 11079 11078
f 10958 10959 11079
f 10959 11080 11079
f 10959 10960 11080
f 10960 11081 11080
f 10960 10961 11081
f 10961 11082 11081
f 10961 10962 11082
f 10962 11083 11082
f 10962 10963 11083
f 10963 11084 11083
f 10963 10964 11084
f 10964 11085 11084
f 10964 10965 11085
f 10965 11086 11085
f 10965 10966 11086
f 10966 11087 11086
f 10966 10967 11087
f 10967 11088 11087
f 10967 10968 11088
f 10968 11089 11088
f 10968 10969 11089
f 10969 11090 11089
f 10969 10970 11090
f 10970 11091 11090
f 10970 10971 11091
f 10971 11092 11091
f 10971 10972 11092
f 10972 11093 11092
f 10972 10973 11093
f 10973 11094 11093
f 10973 10974 11094
f 10974 11095 11094
f 10974 10975 11095
f 10975 11096 11095
f 10975 10976 11096
f 10976 11097 11096
f 10976 10977 11097
f 10977 11098 11097
f 10977 10978 11098
f 10978 11099 11098
f 10978 10979 11099
f 10979 11100 11099
f 10979 10980 11100
f 10980 11101 11100
f 10980 10981 11101
f 10981 11102 11101
f 10981 10982 11102
f 10982 11103 11102
f 10982 10983 11103
f 10983 11104 11103
f 10983 10984 11104
f 10984 11105 11104
f 10984 10985 11105
f 10985 11106 11105
f 10985 10986 11106
f 10986 11107 11106
f 10986 10987 11107
f 10987 11108 11107
f 10987 10988 11108
f 10988 11109 11108
f 10988 10989 11109
f 10989 11110 11109
f 10989 10990 11110
f 10990 11111 11110
f 10990 10991 11111
f 10991 11112 11111
f 10991 10992 11112
f 10992 11113 11112
f 10992 10993 11113
f 10993 11114 11113
f 10993 10994 11114
f 10994 11115 11114
f 10994 10995 11115
f 10995 11116 11115
f 10995 10996 11116
f 10996 11117 11116
f 10996 10997 11117
f 10997 11118 11117
f 10997 10998 11118
f 10998 11119 11118
f 10998 10999 11119
f 10999 11120 11119
f 10999 11000 11120
f 11000 11121 11120
f 11000 11001 11121
f 11001 11122 11121
f 11001 11002 11122
f 11002 11123 11122
f 11002 11003 11123
f 11003 11124 11123
f 11003 11004 11124
f 11004 11125 11124
f 11004 11005 11125
f 11005 11126 11125
f 11005 11006 11126
f 11006 11127 11126
f 11006 11007 11127
f 11007 11128 11127
f 11007 11008 11128
f 11008 11129 11128
f 11008 11009 11129
f 11009 11130 11129
f 11009 11010 11130
f 11010 11131 11130
f 11010 11011 11131
f 11011 11132 11131
f 11012 11013 11133
f 11013 11134 11133
f 11013 11014 11134
f 11014 11135 11134
f 11014 11015 11135
f 11015 11136 11135
f 11015 11016 11136
f 11016 11137 11136
f 11016 11017 11137
f 11017 11138 11137
f 11017 11018 11138
f 11018 11139 11138
f 11018 11019 11139
f 11019 11140 11139
f 11019 11020 11140
f 11020 11141 11140
f 11020 11021 11141
f 11021 11142 11141
f 11021 11022 11142
f 11022 11143 11142
f 11022 11023 11143
f 11023 11144 11143
f 11023 11024 11144
f 11024 11145 11144
f 11024 11025 11145
f 11025 11146 11145
f 11025 11026 11146
f 11026 11147 11146
f 11026 11027 11147
f 11027 11148 11147
f 11027 11028 11148
f 11028 11149 11148
f 11028 11029 11149
f 11029 11150 11149
f 11029 11030 11150
f 11030 11151 11150
f 11030 11031 11151
f 11031 11152 11151
f 11031 11032 11152
f 11032 11153 11152
f 11032 11033 11153
f 11033 11154 11153
f 11033 11034 11154
f 11034 11155 11154
f 11034 11035 11155
f 11035 11156 11155
f 11035 11036 11156
f 11036 11157 11156
f 11036 11037 11157
f 11037 11158 11157
f 11037 11038 11158
f 11038 11159 11158
f 11038 11039 11159
f 11039 11160 11159
f 11039 11040 11160
f 11040 11161 11160
f 11040 11041 11161
f 11041 11162 11161
f 11041 11042 11162
f 11042 11163 11162
f 11042 11043 11163
f 11043 11164 11163
f 11043 11044 11164
f 11044 11165 11164
f 11044 11045 11165
f 11045 11166 11165
f 11045 11046 11166
f 11046 11167 11166
f 11046 11047 11167
f 11047 11168 11167
f 11047 11048 11168
f 11048 11169 11168
f 11048 11049 11169
f 11049 11170 11169
f 11049 11050 11170
f 11050 11171 11170
f 11050 11051 11171
f 11051 11172 11171
f 11051 11052 11172
f 11052 11173 11172
f 11052 11053 11173
f 11053 11174 11173
f 11053 11054 11174
f 11054 11175 11174
f 11054 11055 11175
f 11055 11176 11175
f 11055 11056 11176
f 11056 11177 11176
f 11056 11057 11177
f 11057 11178 11177
f 11057 11058 11178
f 11058 11179 11178
f 11058 11059 11179
f 11059 11180 11179
f 11059 11060 11180
f 11060 11181 11180
f 11060 11061 11181
f 11061 11182 11181
f 11061 11062 11182
f 11062 11183 11182
f 11062 11063 11183
f 11063 11184 11183
f 11063 11064 11184
f 11064 11185 11184
f 11064 11065 11185
f 11065 11186 11185
f 11065 11066 11186
f 11066 11187 11186
f 11066 11067 11187
f 11067 11188 11187
f 11067 11068 11188
f 11068 11189 11188
f 11068 11069 11189
f 11069 11190 11189
f 11069 11070 11190
f 11070 11191 11190
f 11070 11071 11191
f 11071 11192 11191
f 11071 11072 11192
f 11072 11193 11192
f 11072 11073 11193
f 11073 11194 11193
f 11073 11074 11194
f 11074 11195 11194
f 11074 11075 11195
f 11075 11196 11195
f 11075 11076 11196
f 11076 11197 11196
f 11076 11077 11197
f 11077 11198 11197
f 11077 11078 11198
f 11078 11199 11198
f 11078 11079 11199
f 11079 11200 11199
f 11079 11080 11200
f 11080 11201 11200
f 11080 11081 11201
f 11081 11202 11201
f 11081 11082 11202
f 11082 11203 11202
f 11082 11083 11203
f 11083 11204 11203
f 11083 11084 11204
f 11084 11205 11204
f 11084 11085 11205
f 11085 11206 11205
f 11085 11086 11206
f 11086 11207 11206
f 11086 11087 11207
f 11087 11208 11207
f 11087 11088 11208
f 11088 11209 11208
f 11088 11089 11209
f 11089 11210 11209
f 11089 11090 11210
f 11090 11211 11210
f 11090 11091 11211
f 11091 11212 11211
f 11091 11092 11212
f 11092 11213 11212
f 11092 11093 11213
f 11093 11214 11213
f 11093 11094 11214
f 11094 11215 11214
f 11094 11095 11215
f 11095 11216 11215
f 11095 11096 11216
f 11096 11217 11216
f 11096 11097 11217
f 11097 11218 11217
f 11097 11098 11218
f 11098 11219 11218
f 11098 11099 11219
f 11099 11220 11219
f 11099 11100 11220
f 11100 11221 11220
f 11100 11101 11221
f 11101 11222 11221
f 11101 11102 11222
f 11102 11223 11222
f 11102 11103 11223
f 11103 11224 11223
f 11103 11104 11224
f 11104 11225 11224
f 11104 11105 11225
f 11105 11226 11225
f 11105 11106 11226
f 11106 11227 11226
f 11106 11107 11227
f 11107 11228 11227
f 11107 11108 11228
f 11108 11229 11228
f 11108 11109 11229
f 11109 11230 11229
f 11109 11110 11230
f 11110 11231 11230
f 11110 11111 11231
f 11111 11232 11231
f 11111 11112 11232
f 11112 11233 11232
f 11112 11113 11233
f 11113 11234 11233
f 11113 11114 11234
f 11114 11235 11234
f 11114 11115 11235
f 11115 11236 11235
f 11115 11116 11236
f 11116 11237 11236
f 11116 11117 11237
f 11117 11238 11237
f 11117 11118 11238
f 11118 11239 11238
f 11118 11119 11239
f 11119 11240 11239
f 11119 11120 11240
f 11120 11241 11240
f 11120 11121 11241
f 11121 11242 11241
f 11121 11122 11242
f 11122 11243 11242
f 11122 11123 11243
f 11123 11244 11243
f 11123 11124 11244
f 11124 11245 11244
f 11124 11125 11245
f 11125 11246 11245
f 11125 11126 11246
f 11126 11247 11246
f 11126 11127 11247
f 11127 11248 11247
f 11127 11128 11248
f 11128 11249 11248
f 11128 11129 11249
f 11129 11250 11249
f 11129 11130 11250
f 11130 11251 11250
f 11130 11131 11251
f 11131 11252 11251
f 11131 11132 11252
f 11132 11253 11252
f 11133 11134 11254
f 11134 11255 11254
f 11134 11135 11255
f 11135 11256 11255
f 11135 11136 11256
f 11136 11257 11256
f 11136 11137 11257
f 11137 11258 11257
f 11137 11138 11258
f 11138 11259 11258
f 11138 11139 11259
f 11139 11260 11259
f 11139 11140 11260
f 11140 11261 11260
f 11140 11141 11261
f 11141 11262 11261
f 11141 11142 11262
f 11142 11263 11262
f 11142 11143 11263
f 11143 11264 11263
f 11143 11144 11264
f 11144 11265 11264
f 11144 11145 11265
f 11145 11266 11265
f 11145 11146 11266
f 11146 11267 11266
f 11146 11147 11267
f 11147 11268 11267
f 11147 11148 11268
f 11148 11269 11268
f 11148 11149 11269
f 11149 11270 11269
f 11149 11150 11270
f 11150 11271 11270
f 11150 11151 11271
f 11151 11272 11271
f 11151 11152 11272
f 11152 11273 11272
f 11152 11153 11273
f 11153 11274 11273
f 11153 11154 11274
f 11154 11275 11274
f 11154 11155 11275
f 11155 11276 11275
f 11155 11156 11276
f 11156 11277 11276
f 11156 11157 11277
f 11157 11278 11277
f 11157 11158 11278
f 11158 11279 11278
f 11158 11159 11279
f 11159 11280 11279
f 11159 11160 11280
f 11160 11281 11280
f 11160 11161 11281
f 11161 11282 11281
f 11161 11162 11282
f 11162 11283 11282
f 11162 11163 11283
f 11163 11284 11283
f 11163 11164 11284
f 11164 11285 11284
f 11164 11165 11285
f 11165 11286 11285
f 11165 11166 11286
f 11166 11287 11286
f 11166 11167 11287
f 11167 11288 11287
f 11167 11168 11288
f 11168 11289 11288
f 11168 11169 11289
f 11169 11290 11289
f 11169 11170 11290
f 11170 11291 11290
f 11170 11171 11291
f 11171 11292 11291
f 11171 11172 11292
f 11172 11293 11292
f 11172 11173 11293
f 11173 11294 11293
f 11173 11174 11294
f 11174 11295 11294
f 11174 11175 11295
f 11175 11296 11295
f 11175 11176 11296
f 11176 11297 11296
f 11176 11177 11297
f 11177 11298 11297
f 11177 11178 11298
f 11178 11299 11298
f 11178 11179 11299
f 11179 11300 11299
f 11179 11180 11300
f 11180 11301 11300
f 11180 11181 11301
f 11181 11302 11301
f 11181 11182 11302
f 11182 11303 11302
f 11182 11183 11303
f 11183 11304 11303
f 11183 11184 11304
f 11184 11305 11304
f 11184 11185 11305
f 11185 11306 11305
f 11185 11186 11306
f 11186 11307 11306
f 11186 11187 11307
f 11187 11308 11307
f 11187 11188 11308
f 11188 11309 11308
f 11188 11189 11309
f 11189 11310 11309
f 11189 11190 11310
f 11190 11311 11310
f 11190 11191 11311
f 11191 11312 11311
f 11191 11192 11312
f 11192 11313 11312
f 11192 11193 11313
f 11193 11314 11313
f 11193 11194 11314
f 11194 11315 11314
f 11194 11195 11315
f 11195 11316 11315
f 11195 11196 11316
f 11196 11317 11316
f 11196 11197 11317
f 11197 11318 11317
f 11197 11198 11318
f 11198 11319 11318
f 11198 11199 11319
f 11199 11320 11319
f 11199 11200 11320
f 11200 11321 11320
f 11200 11201 11321
f 11201 11322 11321
f 11201 11202 11322
f 11202 11323 11322
f 11202 11203 11323
f 11203 11324 11323
f 11203 11204 11324
f 11204 11325 11324
f 11204 11205 11325
f 11205 11326 11325
f 11205 11206 11326
f 11206 11327 11326
f 11206 11207 11327
f 11207 11328 11327
f 11207 11208 11328
f 11208 11329 11328
f 11208 11209 11329
f 11209 11330 11329
f 11209 11210 11330
f 11210 11331 11330
f 11210 11211 11331
f 11211 11332 11331
f 11211 11212 11332
f 11212 11333 11332
f 11212 11213 11333
f 11213 11334 11333
f 11213 11214 11334
f 11214 11335 11334
f 11214 11215 11335
f 11215 11336 11335
f 11215 11216 11336
f 11216 11337 11336
f 11216 11217 11337
f 11217 11338 11337
f 11217 11218 11338
f 11218 11339 11338
f 11218 11219 11339
f 11219 11340 11339
f 11219 11220 11340
f 11220 11341 11340
f 11220 11221 11341
f 11221 11342 11341
f 11221 11222 11342
f 11222 11343 11342
f 11222 11223 11343
f 11223 11344 11343
f 11223 11224 11344
f 11224 11345 11344
f 11224 11225 11345
f 11225 11346 11345
f 11225 11226 11346
f 11226 11347 11346
f 11226 11227 11347
f 11227 11348 11347
f 11227 11228 11348
f 11228 11349 11348
f 11228 11229 11349
f 11229 11350 11349
f 11229 11230 11350
f 11230 11351 11350
f 11230 11231 11351
f 11231 11352 11351
f 11231 11232 11352
f 11232 11353 11352
f 11232 11233 11353
f 11233 11354 11353
f 11233 11234 11354
f 11234 11355 11354
f 11234 11235 11355
f 11235 11356 11355
f 11235 11236 11356
f 11236 11357 11356
f 11236 11237 11357
f 11237 11358 11357
f 11237 11238 11358
f 11238 11359 11358
f 11238 11239 11359
f 11239 11360 11359
f 11239 11240 11360
f 11240 11361 11360
f 11240 11241 11361
f 11241 11362 11361
f 11241 11242 11362
f 11242 11363 11362
f 11242 11243 11363
f 11243 11364 11363
f 11243 11244 11364
f 11244 11365 11364
f 11244 11245 11365
f 11245 11366 11365
f 11245 11246 11366
f 11246 11367 11366
f 11246 11247 11367
f 11247 11368 11367
f 11247 11248 11368
f 11248 11369 11368
f 11248 11249 11369
f 11249 11370 11369
f 11249 11250 11370
f 11250 11371 11370
f 11250 11251 11371
f 11251 11372 11371
f 11251 11252 11372
f 11252 11373 11372
f 11252 11253 11373
f 11253 11374 11373
f 11254 11255 11375
f 11255 11376 11375
f 11255 11256 11376
f 11256 11377 11376
f 11256 11257 11377
f 11257 11378 11377
f 11257 11258 11378
f 11258 11379 11378
f 11258 11259 11379
f 11259 11380 11379
f 11259 11260 11380
f 11260 11381 11380
f 11260 11261 11381
f 11261 11382 11381
f 11261 11262 11382
f 11262 11383 11382
f 11262 11263 11383
f 11263 11384 11383
f 11263 11264 11384
f 11264 11385 11384
f 11264 11265 11385
f 11265 11386 11385
f 11265 11266 11386
f 11266 11387 11386
f 11266 11267 11387
f 11267 11388 11387
f 11267 11268 11388
f 11268 11389 11388
f 11268 11269 11389
f 11269 11390 11389
f 11269 11270 11390
f 11270 11391 11390
f 11270 11271 11391
f 11271 11392 11391
f 11271 11272 11392
f 11272 11393 11392
f 11272 11273 11393
f 11273 11394 11393
f 11273 11274 11394
f 11274 11395 11394
f 11274 11275 11395
f 11275 11396 11395
f 11275 11276 11396
f 11276 11397 11396
f 11276 11277 11397
f 11277 11398 11397
f 11277 11278 11398
f 11278 11399 11398
f 11278 11279 11399
f 11279 11400 11399
f 11279 11280 11400
f 11280 11401 11400
f 11280 11281 11401
f 11281 11402 11401
f 11281 11282 11402
f 11282 11403 11402
f 11282 11283 11403
f 11283 11404 11403
f 11283 11284 11404
f 11284 11405 11404
f 11284 11285 11405
f 11285 11406 11405
f 11285 11286 11406
f 11286 11407 11406
f 11286 11287 11407
f 11287 11408 11407
f 11287 11288 11408
f 11288 11409 11408
f 11288 11289 11409
f 11289 11410 11409
f 11289 11290 11410
f 11290 11411 11410
f 11290 11291 11411
f 11291 11412 11411
f 11291 11292 11412
f 11292 11413 11412
f 11292 11293 11413
f 11293 11414 11413
f 11293 11294 11414
f 11294 11415 11414
f 11294 11295 11415
f 11295 11416 11415
f 11295 11296 11416
f 11296 11417 11416
f 11296 11297 11417
f 11297 11418 11417
f 11297 11298 11418
f 11298 11419 11418
f 11298 11299 11419
f 11299 11420 11419
f 11299 11300 11420
f 11300 11421 11420
f 11300 11301 11421
f 11301 11422 11421
f 11301 11302 11422
f 11302 11423 11422
f 11302 11303 11423
f 11303 11424 11423
f 11303 11304 11424
f 11304 11425 11424
f 11304 11305 11425
f 11305 11426 11425
f 11305 11306 11426
f 11306 11427 11426
f 11306 11307 11427
f 11307 11428 11427
f 11307 11308 11428
f 11308 11429 11428
f 11308 11309 11429
f 11309 11430 11429
f 11309 11310 11430
f 11310 11431 11430
f 11310 11311 11431
f 11311 11432 11431
f 11311 11312 11432
f 11312 11433 11432
f 11312 11313 11433
f 11313 11434 11433
f 11313 11314 11434
f 11314 11435 11434
f 11314 11315 11435
f 11315 11436 11435
f 11315 11316 11436
f 11316 11437 11436
f 11316 11317 11437
f 11317 11438 11437
f 11317 11318 11438
f 11318 11439 11438
f 11318 11319 11439
f 11319 11440 11439
f 11319 11320 11440
f 11320 11441 11440
f 11320 11321 11441
f 11321 11442 11441
f 11321 11322 11442
f 11322 11443 11442
f 11322 11323 11443
f 11323 11444 11443
f 11323 11324 11444
f 11324 11445 11444
f 11324 11325 11445
f 11325 11446 11445
f 11325 11326 11446
f 11326 11447 11446
f 11326 11327 11447
f 11327 11448 11447
f 11327 11328 11448
f 11328 11449 11448
f 11328 11329 11449
f 11329 11450 11449
f 11329 11330 11450
f 11330 11451 11450
f 11330 11331 11451
f 11331 11452 11451
f 11331 11332 11452
f 11332 11453 11452
f 11332 11333 11453
f 11333 11454 11453
f 11333 11334 11454
f 11334 11455 11454
f 11334 11335 11455
f 11335 11456 11455
f 11335 11336 11456
f 11336 11457 11456
f 11336 11337 11457
f 11337 11458 11457
f 11337 11338 11458
f 11338 11459 11458
f 11338 11339 11459
f 11339 11460 11459
f 11339 11340 11460
f 11340 11461 11460
f 11340 11341 11461
f 11341 11462 11461
f 11341 11342 11462
f 11342 11463 11462
f 11342 11343 11463
f 11343 11464 11463
f 11343 11344 11464
f 11344 11465 11464
f 11344 11345 11465
f 11345 11466 11465
f 11345 11346 11466
f 11346 11467 11466
f 11346 11347 11467
f 11347 11468 11467
f 11347 11348 11468
f 11348 11469 11468
f 11348 11349 11469
f 11349 11470 11469
f 11349 11350 11470
f 11350 11471 11470
f 11350 11351 11471
f 11351 11472 11471
f 11351 11352 11472
f 11352 11473 11472
f 11352 11353 11473
f 11353 11474 11473
f 11353 11354 11474
f 11354 11475 11474
f 11354 11355 11475
f 11355 11476 11475
f 11355 11356 11476
f 11356 11477 11476
f 11356 11357 11477
f 11357 11478 11477
f 11357 11358 11478
f 11358 11479 11478
f 11358 11359 11479
f 11359 11480 11479
f 11359 11360 11480
f 11360 11481 11480
f 11360 11361 11481
f 11361 11482 11481
f 11361 11362 11482
f 11362 11483 11482
f 11362 11363 11483
f 11363 11484 11483
f 11363 11364 11484
f 11364 11485 11484
f 11364 11365 11485
f 11365 11486 11485
f 11365 11366 11486
f 11366 11487 11486
f 11366 11367 11487
f 11367 11488 11487
f 11367 11368 11488
f 11368 11489 11488
f 11368 11369 11489
f 11369 11490 11489
f 11369 11370 11490
f 11370 11491 11490
f 11370 11371 11491
f 11371 11492 11491
f 11371 11372 11492
f 11372 11493 11492
f 11372 11373 11493
f 11373 11494 11493
f 11373 11374 11494
f 11374 11495 11494
f 11375 11376 11496
f 11376 11497 11496
f 11376 11377 11497
f 11377 11498 11497
f 11377 11378 11498
f 11378 11499 11498
f 11378 11379 11499
f 11379 11500 11499
f 11379 11380 11500
f 11380 11501 11500
f 11380 11381 11501
f 11381 11502 11501
f 11381 11382 11502
f 11382 11503 11502
f 11382 11383 11503
f 11383 11504 11503
f 11383 11384 11504
f 11384 11505 11504
f 11384 11385 11505
f 11385 11506 11505
f 11385 11386 11506
f 11386 11507 11506
f 11386 11387 11507
f 11387 11508 11507
f 11387 11388 11508
f 11388 11509 11508
f 11388 11389 11509
f 11389 11510 11509
f 11389 11390 11510
f 11390 11511 11510
f 11390 11391 11511
f 11391 11512 11511
f 11391 11392 11512
f 11392 11513 11512
f 11392 11393 11513
f 11393 11514 11513
f 11393 11394 11514
f 11394 11515 11514
f 11394 11395 11515
f 11395 11516 11515
f 11395 11396 11516
f 11396 11517 11516
f 11396 11397 11517
f 11397 11518 11517
f 11397 11398 11518
f 11398 11519 11518
f 11398 11399 11519
f 11399 11520 11519
f 11399 11400 11520
f 11400 11521 11520
f 11400 11401 11521
f 11401 11522 11521
f 11401 11402 11522
f 11402 11523 11522
f 11402 11403 11523
f 11403 11524 11523
f 11403 11404 11524
f 11404 11525 11524
f 11404 11405 11525
f 11405 11526 11525
f 11405 11406 11526
f 11406 11527 11526
f 11406 11407 11527
f 11407 11528 11527
f 11407 11408 11528
f 11408 11529 11528
f 11408 11409 11529
f 11409 11530 11529
f 11409 11410 11530
f 11410 11531 11530
f 11410 11411 11531
f 11411 11532 11531
f 11411 11412 11532
f 11412 11533 11532
f 11412 11413 11533
f 11413 11534 11533
f 11413 11414 11534
f 11414 11535 11534
f 11414 11415 11535
f 11415 11536 11535
f 11415 11416 11536
f 11416 11537 11536
f 11416 11417 11537
f 11417 11538 11537
f 11417 11418 11538
f 11418 11539 11538
f 11418 11419 11539
f 11419 11540 11539
f 11419 11420 11540
f 11420 11541 11540
f 11420 11421 11541
f 11421 11542 11541
f 11421 11422 11542
f 11422 11543 11542
f 11422 11423 11543
f 11423 11544 11543
f 11423 11424 11544
f 11424 11545 11544
f 11424 11425 11545
f 11425 11546 11545
f 11425 11426 11546
f 11426 11547 11546
f 11426 11427 11547
f 11427 11548 11547
f 11427 11428 11548
f 11428 11549 11548
f 11428 11429 11549
f 11429 11550 11549
f 11429 11430 11550
f 11430 11551 11550
f 11430 11431 11551
f 11431 11552 11551
f 11431 11432 11552
f 11432 11553 11552
f 11432 11433 11553
f 11433 11554 11553
f 11433 11434 11554
f 11434 11555 11554
f 11434 11435 11555
f 11435 11556 11555
f 11435 11436 11556
f 11436 11557 11556
f 11436 11437 11557
f 11437 11558 11557
f 11437 11438 11558
f 11438 11559 11558
f 11438 11439 11559
f 11439 11560 11559
f 11439 11440 11560
f 11440 11561 11560
f 11440 11441 11561
f 11441 11562 11561
f 11441 11442 11562
f 11442 11563 11562
f 11442 11443 11563
f 11443 11564 11563
f 11443 11444 11564
f 11444 11565 11564
f 11444 11445 11565
f 11445 11566 11565
f 11445 11446 11566
f 11446 11567 11566
f 11446 11447 11567
f 11447 11568 11567
f 11447 11448 11568
f 11448 11569 11568
f 11448 11449 11569
f 11449 11570 11569
f 11449 11450 11570
f 11450 11571 11570
f 11450 11451 11571
f 11451 11572 11571
f 11451 11452 11572
f 11452 11573 11572
f 11452 11453 11573
f 11453 11574 11573
f 11453 11454 11574
f 11454 11575 11574
f 11454 11455 11575
f 11455 11576 11575
f 11455 11456 11576
f 11456 11577 11576
f 11456 11457 11577
f 11457 11578 11577
f 11457 11458 11578
f 11458 11579 11578
f 11458 11459 11579
f 11459 11580 11579
f 11459 11460 11580
f 11460 11581 11580
f 11460 11461 11581
f 11461 11582 11581
f 11461 11462 11582
f 11462 11583 11582
f 11462 11463 11583
f 11463 11584 11583
f 11463 11464 11584
f 11464 11585 11584
f 11464 11465 11585
f 11465 11586 11585
f 11465 11466 11586
f 11466 11587 11586
f 11466 11467 11587
f 11467 11588 11587
f 11467 11468 11588
f 11468 11589 11588
f 11468 11469 11589
f 11469 11590 11589
f 11469 11470 11590
f 11470 11591 11590
f 11470 11471 11591
f 11471 11592 11591
f 11471 11472 11592
f 11472 11593 11592
f 11472 11473 11593
f 11473 11594 11593
f 11473 11474 11594
f 11474 11595 11594
f 11474 11475 11595
f 11475 11596 11595
f 11475 11476 11596
f 11476 11597 11596
f 11476 11477 11597
f 11477 11598 11597
f 11477 11478 11598
f 11478 11599 11598
f 11478 11479 11599
f 11479 11600 11599
f 11479 11480 11600
f 11480 11601 11600
f 11480 11481 11601
f 11481 11602 11601
f 11481 11482 11602
f 11482 11603 11602
f 11482 11483 11603
f 11483 11604 11603
f 11483 11484 11604
f 11484 11605 11604
f 11484 11485 11605
f 11485 11606 11605
f 11485 11486 11606
f 11486 11607 11606
f 11486 11487 11607
f 11487 11608 11607
f 11487 11488 11608
f 11488 11609 11608
f 11488 11489 11609
f 11489 11610 11609
f 11489 11490 11610
f 11490 11611 11610
f 11490 11491 11611
f 11491 11612 11611
f 11491 11492 11612
f 11492 11613 11612
f 11492 11493 11613
f 11493 11614 11613
f 11493 11494 11614
f 11494 11615 11614
f 11494 11495 11615
f 11495 11616 11615
f 11496 11497 11617
f 11497 11618 11617
f 11497 11498 11618
f 11498 11619 11618
f 11498 11499 11619
f 11499 11620 11619
f 11499 11500 11620
f 11500 11621 11620
f 11500 11501 11621
f 11501 11622 11621
f 11501 11502 11622
f 11502 11623 11622
f 11502 11503 11623
f 11503 11624 11623
f 11503 11504 11624
f 11504 11625 11624
f 11504 11505 11625
f 11505 11626 11625
f 11505 11506 11626
f 11506 11627 11626
f 11506 11507 11627
f 11507 11628 11627
f 11507 11508 11628
f 11508 11629 11628
f 11508 11509 11629
f 11509 11630 11629
f 11509 11510 11630
f 11510 11631 11630
f 11510 11511 11631
f 11511 11632 11631
f 11511 11512 11632
f 11512 11633 11632
f 11512 11513 11633
f 11513 11634 11633
f 11513 11514 11634
f 11514 11635 11634
f 11514 11515 11635
f 11515 11636 11635
f 11515 11516 11636
f 11516 11637 11636
f 11516 11517 11637
f 11517 11638 11637
f 11517 11518 11638
f 11518 11639 11638
f 11518 11519 11639
f 11519 11640 11639
f 11519 11520 11640
f 11520 11641 11640
f 11520 11521 11641
f 11521 11642 11641
f 11521 11522 11642
f 11522 11643 11642
f 11522 11523 11643
f 11523 11644 11643
f 11523 11524 11644
f 11524 11645 11644
f 11524 11525 11645
f 11525 11646 11645
f 11525 11526 11646
f 11526 11647 11646
f 11526 11527 11647
f 11527 11648 11647
f 11527 11528 11648
f 11528 11649 11648
f 11528 11529 11649
f 11529 11650 11649
f 11529 11530 11650
f 11530 11651 11650
f 11530 11531 11651
f 11531 11652 11651
f 11531 11532 11652
f 11532 11653 11652
f 11532 11533 11653
f 11533 11654 11653
f 11533 11534 11654
f 11534 11655 11654
f 11534 11535 11655
f 11535 11656 11655
f 11535 11536 11656
f 11536 11657 11656
f 11536 11537 11657
f 11537 11658 11657
f 11537 11538 11658
f 11538 11659 11658
f 11538 11539 11659
f 11539 11660 11659
f 11539 11540 11660
f 11540 11661 11660
f 11540 11541 11661
f 11541 11662 11661
f 11541 11542 11662
f 11542 11663 11662
f 11542 11543 11663
f 11543 11664 11663
f 11543 11544 11664
f 11544 11665 11664
f 11544 11545 11665
f 11545 11666 11665
f 11545 11546 11666
f 11546 11667 11666
f 11546 11547 11667
f 11547 11668 11667
f 11547 11548 11668
f 11548 11669 11668
f 11548 11549 11669
f 11549 11670 11669
f 11549 11550 11670
f 11550 11671 11670
f 11550 11551 11671
f 11551 11672 11671
f 11551 11552 11672
f 11552 11673 11672
f 11552 11553 11673
f 11553 11674 11673
f 11553 11554 11674
f 11554 11675 11674
f 11554 11555 11675
f 11555 11676 11675
f 11555 11556 11676
f 11556 11677 11676
f 11556 11557 11677
f 11557 11678 11677
f 11557 11558 11678
f 11558 11679 11678
f 11558 11559 11679
f 11559 11680 11679
f 11559 11560 11680
f 11560 11681 11680
f 11560 11561 11681
f 11561 11682 11681
f 11561 11562 11682
f 11562 11683 11682
f 11562 11563 11683
f 11563 11684 11683
f 11563 11564 11684
f 11564 11685 11684
f 11564 11565 11685
f 11565 11686 11685
f 11565 11566 11686
f 11566 11687 11686
f 11566 11567 11687
f 11567 11688 11687
f 11567 11568 11688
f 11568 11689 11688
f 11568 11569 11689
f 11569 11690 11689
f 11569 11570 11690
f 11570 11691 11690
f 11570 11571 11691
f 11571 11692 11691
f 11571 11572 11692
f 11572 11693 11692
f 11572 11573 11693
f 11573 11694 11693
f 11573 11574 11694
f 11574 11695 11694
f 11574 11575 11695
f 11575 11696 11695
f 11575 11576 11696
f 11576 11697 11696
f 11576 11577 11697
f 11577 11698 11697
f 11577 11578 11698
f 11578 11699 11698
f 11578 11579 11699
f 11579 11700 11699
f 11579 11580 11700
f 11580 11701 11700
f 11580 11581 11701
f 11581 11702 11701
f 11581 11582 11702
f 11582 11703 11702
f 11582 11583 11703
f 11583 11704 11703
f 11583 11584 11704
f 11584 11705 11704
f 11584 11585 11705
f 11585 11706 11705
f 11585 11586 11706
f 11586 11707 11706
f 11586 11587 11707
f 11587 11708 11707
f 11587 11588 11708
f 11588 11709 11708
f 11588 11589 11709
f 11589 11710 11709
f 11589 11590 11710
f 11590 11711 11710
f 11590 11591 11711
f 11591 11712 11711
f 11591 11592 11712
f 11592 11713 11712
f 11592 11593 11713
f 11593 11714 11713
f 11593 11594 11714
f 11594 11715 11714
f 11594 11595 11715
f 11595 11716 11715
f 11595 11596 11716
f 11596 11717 11716
f 11596 11597 11717
f 11597 11718 11717
f 11597 11598 11718
f 11598 11719 11718
f 11598 11599 11719
f 11599 11720 11719
f 11599 11600 11720
f 11600 11721 11720
f 11600 11601 11721
f 11601 11722 11721
f 11601 11602 11722
f 11602 11723 11722
f 11602 11603 11723
f 11603 11724 11723
f 11603 11604 11724
f 11604 11725 11724
f 11604 11605 11725
f 11605 11726 11725
f 11605 11606 11726
f 11606 11727 11726
f 11606 11607 11727
f 11607 11728 11727
f 11607 11608 11728
f 11608 11729 11728
f 11608 11609 11729
f 11609 11730 11729
f 11609 11610 11730
f 11610 11731 11730
f 11610 11611 11731
f 11611 11732 11731
f 11611 11612 11732
f 11612 11733 11732
f 11612 11613 11733
f 11613 11734 11733
f 11613 11614 11734
f 11614 11735 11734
f 11614 11615 11735
f 11615 11736 11735
f 11615 11616 11736
f 11616 11737 11736
f 11617 11618 11738
f 11618 11739 11738
f 11618 11619 11739
f 11619 11740 11739
f 11619 11620 11740
f 11620 11741 11740
f 11620 11621 11741
f 11621 11742 11741
f 11621 11622 11742
f 11622 11743 11742
f 11622 11623 11743
f 11623 11744 11743
f 11623 11624 11744
f 11624 11745 11744
f 11624 11625 11745
f 11625 11746 11745
f 11625 11626 11746
f 11626 11747 11746
f 11626 11627 11747
f 11627 11748 11747
f 11627 11628 11748
f 11628 11749 11748
f 11628 11629 11749
f 11629 11750 11749
f 11629 11630 11750
f 11630 11751 11750
f 11630 11631 11751
f 11631 11752 11751
f 11631 11632 11752
f 11632 11753 11752
f 11632 11633 11753
f 11633 11754 11753
f 11633 11634 11754
f 11634 11755 11754
f 11634 11635 11755
f 11635 11756 11755
f 11635 11636 11756
f 11636 11757 11756
f 11636 11637 11757
f 11637 11758 11757
f 11637 11638 11758
f 11638 11759 11758
f 11638 11639 11759
f 11639 11760 11759
f 11639 11640 11760
f 11640 11761 11760
f 11640 11641 11761
f 11641 11762 11761
f 11641 11642 11762
f 11642 11763 11762
f 11642 11643 11763
f 11643 11764 11763
f 11643 11644 11764
f 11644 11765 11764
f 11644 11645 11765
f 11645 11766 11765
f 11645 11646 11766
f 11646 11767 11766
f 11646 11647 11767
f 11647 11768 11767
f 11647 11648 11768
f 11648 11769 11768
f 11648 11649 11769
f 11649 11770 11769
f 11649 11650 11770
f 11650 11771 11770
f 11650 11651 11771
f 11651 11772 11771
f 11651 11652 11772
f 11652 11773 11772
f 11652 11653 11773
f 11653 11774 11773
f 11653 11654 11774
f 11654 11775 11774
f 11654 11655 11775
f 11655 11776 11775
f 11655 11656 11776
f 11656 11777 11776
f 11656 11657 11777
f 11657 11778 11777
f 11657 11658 11778
f 11658 11779 11778
f 11658 11659 11779
f 11659 11780 11779
f 11659 11660 11780
f 11660 11781 11780
f 11660 11661 11781
f 11661 11782 11781
f 11661 11662 11782
f 11662 11783 11782
f 11662 11663 11783
f 11663 11784 11783
f 11663 11664 11784
f 11664 11785 11784
f 11664 11665 11785
f 11665 11786 11785
f 11665 11666 11786
f 11666 11787 11786
f 11666 11667 11787
f 11667 11788 11787
f 11667 11668 11788
f 11668 11789 11788
f 11668 11669 11789
f 11669 11790 11789
f 11669 11670 11790
f 11670 11791 11790
f 11670 11671 11791
f 11671 11792 11791
f 11671 11672 11792
f 11672 11793 11792
f 11672 11673 11793
f 11673 11794 11793
f 11673 11674 11794
f 11674 11795 11794
f 11674 11675 11795
f 11675 11796 11795
f 11675 11676 11796
f 11676 11797 11796
f 11676 11677 11797
f 11677 11798 11797
f 11677 11678 11798
f 11678 11799 11798
f 11678 11679 11799
f 11679 11800 11799
f 11679 11680 11800
f 11680 11801 11800
f 11680 11681 11801
f 11681 11802 11801
f 11681 11682 11802
f 11682 11803 11802
f 11682 11683 11803
f 11683 11804 11803
f 11683 11684 11804
f 11684 11805 11804
f 11684 11685 11805
f 11685 11806 11805
f 11685 11686 11806
f 11686 11807 11806
f 11686 11687 11807
f 11687 11808 11807
f 11687 11688 11808
f 11688 11809 11808
f 11688 11689 11809
f 11689 11810 11809
f 11689 11690 11810
f 11690 11811 11810
f 11690 11691 11811
f 11691 11812 11811
f 11691 11692 11812
f 11692 11813 11812
f 11692 11693 11813
f 11693 11814 11813
f 11693 11694 11814
f 11694 11815 11814
f 11694 11695 11815
f 11695 11816 11815
f 11695 11696 11816
f 11696 11817 11816
f 11696 11697 11817
f 11697 11818 11817
f 11697 11698 11818
f 11698 11819 11818
f 11698 11699 11819
f 11699 11820 11819
f 11699 11700 11820
f 11700 11821 11820
f 11700 11701 11821
f 11701 11822 11821
f 11701 11702 11822
f 11702 11823 11822
f 11702 11703 11823
f 11703 11824 11823
f 11703 11704 11824
f 11704 11825 11824
f 11704 11705 11825
f 11705 11826 11825
f 11705 11706 11826
f 11706 11827 11826
f 11706 11707 11827
f 11707 11828 11827
f 11707 11708 11828
f 11708 11829 11828
f 11708 11709 11829
f 11709 11830 11829
f 11709 11710 11830
f 11710 11831 11830
f 11710 11711 11831
f 11711 11832 11831
f 11711 11712 11832
f 11712 11833 11832
f 11712 11713 11833
f 11713 11834 11833
f 11713 11714 11834
f 11714 11835 11834
f 11714 11715 11835
f 11715 11836 11835
f 11715 11716 11836
f 11716 11837 11836
f 11716 11717 11837
f 11717 11838 11837
f 11717 11718 11838
f 11718 11839 11838
f 11718 11719 11839
f 11719 11840 11839
f 11719 11720 11840
f 11720 11841 11840
f 11720 11721 11841
f 11721 11842 11841
f 11721 11722 11842
f 11722 11843 11842
f 11722 11723 11843
f 11723 11844 11843
f 11723 11724 11844
f 11724 11845 11844
f 11724 11725 11845
f 11725 11846 11845
f 11725 11726 11846
f 11726 11847 11846
f 11726 11727 11847
f 11727 11848 11847
f 11727 11728 11848
f 11728 11849 11848
f 11728 11729 11849
f 11729 11850 11849
f 11729 11730 11850
f 11730 11851 11850
f 11730 11731 11851
f 11731 11852 11851
f 11731 11732 11852
f 11732 11853 11852
f 11732 11733 11853
f 11733 11854 11853
f 11733 11734 11854
f 11734 11855 11854
f 11734 11735 11855
f 11735 11856 11855
f 11735 11736 11856
f 11736 11857 11856
f 11736 11737 11857
f 11737 11858 11857
f 11738 11739 11859
f 11739 11860 11859
f 11739 11740 11860
f 11740 11861 11860
f 11740 11741 11861
f 11741 11862 11861
f 11741 11742 11862
f 11742 11863 11862
f 11742 11743 11863
f 11743 11864 11863
f 11743 11744 11864
f 11744 11865 11864
f 11744 11745 11865
f 11745 11866 11865
f 11745 11746 11866
f 11746 11867 11866
f 11746 11747 11867
f 11747 11868 11867
f 11747 11748 11868
f 11748 11869 11868
f 11748 11749 11869
f 11749 11870 11869
f 11749 11750 11870
f 11750 11871 11870
f 11750 11751 11871
f 11751 11872 11871
f 11751 11752 11872
f 11752 11873 11872
f 11752 11753 11873
f 11753 11874 11873
f 11753 11754 11874
f 11754 11875 11874
f 11754 11755 11875
f 11755 11876 11875
f 11755 11756 11876
f 11756 11877 11876
f 11756 11757 11877
f 11757 11878 11877
f 11757 11758 11878
f 11758 11879 11878
f 11758 11759 11879
f 11759 11880 11879
f 11759 11760 11880
f 11760 11881 11880
f 11760 11761 11881
f 11761 11882 11881
f 11761 11762 11882
f 11762 11883 11882
f 11762 11763 11883
f 11763 11884 11883
f 11763 11764 11884
f 11764 11885 11884
f 11764 11765 11885
f 11765 11886 11885
f 11765 11766 11886
f 11766 11887 11886
f 11766 11767 11887
f 11767 11888 11887
f 11767 11768 11888
f 11768 11889 11888
f 11768 11769 11889
f 11769 11890 11889
f 11769 11770 11890
f 11770 11891 11890
f 11770 11771 11891
f 11771 11892 11891
f 11771 11772 11892
f 11772 11893 11892
f 11772 11773 11893
f 11773 11894 11893
f 11773 11774 11894
f 11774 11895 11894
f 11774 11775 11895
f 11775 11896 11895
f 11775 11776 11896
f 11776 11897 11896
f 11776 11777 11897
f 11777 11898 11897
f 11777 11778 11898
f 11778 11899 11898
f 11778 11779 11899
f 11779 11900 11899
f 11779 11780 11900
f 11780 11901 11900
f 11780 11781 11901
f 11781 11902 11901
f 11781 11782 11902
f 11782 11903 11902
f 11782 11783 11903
f 11783 11904 11903
f 11783 11784 11904
f 11784 11905 11904
f 11784 11785 11905
f 11785 11906 11905
f 11785 11786 11906
f 11786 11907 11906
f 11786 11787 11907
f 11787 11908 11907
f 11787 11788 11908
f 11788 11909 11908
f 11788 11789 11909
f 11789 11910 11909
f 11789 11790 11910
f 11790 11911 11910
f 11790 11791 11911
f 11791 11912 11911
f 11791 11792 11912
f 11792 11913 11912
f 11792 11793 11913
f 11793 11914 11913
f 11793 11794 11914
f 11794 11915 11914
f 11794 11795 11915
f 11795 11916 11915
f 11795 11796 11916
f 11796 11917 11916
f 11796 11797 11917
f 11797 11918 11917
f 11797 11798 11918
f 11798 11919 11918
f 11798 11799 11919
f 11799 11920 11919
f 11799 11800 11920
f 11800 11921 11920
f 11800 11801 11921
f 11801 11922 11921
f 11801 11802 11922
f 11802 11923 11922
f 11802 11803 11923
f 11803 11924 11923
f 11803 11804 11924
f 11804 11925 11924
f 11804 11805 11925
f 11805 11926 11925
f 11805 11806 11926
f 11806 11927 11926
f 11806 11807 11927
f 11807 11928 11927
f 11807 11808 11928
f 11808 11929 11928
f 11808 11809 11929
f 11809 11930 11929
f 11809 11810 11930
f 11810 11931 11930
f 11810 11811 11931
f 11811 11932 11931
f 11811 11812 11932
f 11812 11933 11932
f 11812 11813 11933
f 11813 11934 11933
f 11813 11814 11934
f 11814 11935 11934
f 11814 11815 11935
f 11815 11936 11935
f 11815 11816 11936
f 11816 11937 11936
f 11816 11817 11937
f 11817 11938 11937
f 11817 11818 11938
f 11818 11939 11938
f 11818 11819 11939
f 11819 11940 11939
f 11819 11820 11940
f 11820 11941 11940
f 11820 11821 11941
f 11821 11942 11941
f 11821 11822 11942
f 11822 11943 11942
f 11822 11823 11943
f 11823 11944 11943
f 11823 11824 11944
f 11824 11945 11944
f 11824 11825 11945
f 11825 11946 11945
f 11825 11826 11946
f 11826 11947 11946
f 11826 11827 11947
f 11827 11948 11947
f 11827 11828 11948
f 11828 11949 11948
f 11828 11829 11949
f 11829 11950 11949
f 11829 11830 11950
f 11830 11951 11950
f 11830 11831 11951
f 11831 11952 11951
f 11831 11832 11952
f 11832 11953 11952
f 11832 11833 11953
f 11833 11954 11953
f 11833 11834 11954
f 11834 11955 11954
f 11834 11835 11955
f 11835 11956 11955
f 11835 11836 11956
f 11836 11957 11956
f 11836 11837 11957
f 11837 11958 11957
f 11837 11838 11958
f 11838 11959 11958
f 11838 11839 11959
f 11839 11960 11959
f 11839 11840 11960
f 11840 11961 11960
f 11840 11841 11961
f 11841 11962 11961
f 11841 11842 11962
f 11842 11963 11962
f 11842 11843 11963
f 11843 11964 11963
f 11843 11844 11964
f 11844 11965 11964
f 11844 11845 11965
f 11845 11966 11965
f 11845 11846 11966
f 11846 11967 11966
f 11846 11847 11967
f 11847 11968 11967
f 11847 11848 11968
f 11848 11969 11968
f 11848 11849 11969
f 11849 11970 11969
f 11849 11850 11970
f 11850 11971 11970
f 11850 11851 11971
f 11851 11972 11971
f 11851 11852 11972
f 11852 11973 11972
f 11852 11853 11973
f 11853 11974 11973
f 11853 11854 11974
f 11854 11975 11974
f 11854 11855 11975
f 11855 11976 11975
f 11855 11856 11976
f 11856 11977 11976
f 11856 11857 11977
f 11857 11978 11977
f 11857 11858 11978
f 11858 11979 11978
f 11859 11860 11980
f 11860 11981 11980
f 11860 11861 11981
f 11861 11982 11981
f 11861 11862 11982
f 11862 11983 11982
f 11862 11863 11983
f 11863 11984 11983
f 11863 11864 11984
f 11864 11985 11984
f 11864 11865 11985
f 11865 11986 11985
f 11865 11866 11986
f 11866 11987 11986
f 11866 11867 11987
f 11867 11988 11987
f 11867 11868 11988
f 11868 11989 11988
f 11868 11869 11989
f 11869 11990 11989
f 11869 11870 11990
f 11870 11991 11990
f 11870 11871 11991
f 11871 11992 11991
f 11871 11872 11992
f 11872 11993 11992
f 11872 11873 11993
f 11873 11994 11993
f 11873 11874 11994
f 11874 11995 11994
f 11874 11875 11995
f 11875 11996 11995
f 11875 11876 11996
f 11876 11997 11996
f 11876 11877 11997
f 11877 11998 11997
f 11877 11878 11998
f 11878 11999 11998
f 11878 11879 11999
f 11879 12000 11999
f 11879 11880 12000
f 11880 12001 12000
f 11880 11881 12001
f 11881 12002 12001
f 11881 11882 12002
f 11882 12003 12002
f 11882 11883 12003
f 11883 12004 12003
f 11883 11884 12004
f 11884 12005 12004
f 11884 11885 12005
f 11885 12006 12005
f 11885 11886 12006
f 11886 12007 12006
f 11886 11887 12007
f 11887 12008 12007
f 11887 11888 12008
f 11888 12009 12008
f 11888 11889 12009
f 11889 12010 12009
f 11889 11890 12010
f 11890 12011 12010
f 11890 11891 12011
f 11891 12012 12011
f 11891 11892 12012
f 11892 12013 12012
f 11892 11893 12013
f 11893 12014 12013
f 11893 11894 12014
f 11894 12015 12014
f 11894 11895 12015
f 11895 12016 12015
f 11895 11896 12016
f 11896 12017 12016
f 11896 11897 12017
f 11897 12018 12017
f 11897 11898 12018
f 11898 12019 12018
f 11898 11899 12019
f 11899 12020 12019
f 11899 11900 12020
f 11900 12021 12020
f 11900 11901 12021
f 11901 12022 12021
f 11901 11902 12022
f 11902 12023 12022
f 11902 11903 12023
f 11903 12024 12023
f 11903 11904 12024
f 11904 12025 12024
f 11904 11905 12025
f 11905 12026 12025
f 11905 11906 12026
f 11906 12027 12026
f 11906 11907 12027
f 11907 12028 12027
f 11907 11908 12028
f 11908 12029 12028
f 11908 11909 12029
f 11909 12030 12029
f 11909 11910 12030
f 11910 12031 12030
f 11910 11911 12031
f 11911 12032 12031
f 11911 11912 12032
f 11912 12033 12032
f 11912 11913 12033
f 11913 12034 12033
f 11913 11914 12034
f 11914 12035 12034
f 11914 11915 12035
f 11915 12036 12035
f 11915 11916 12036
f 11916 12037 12036
f 11916 11917 12037
f 11917 12038 12037
f 11917 11918 12038
f 11918 12039 12038
f 11918 11919 12039
f 11919 12040 12039
f 11919 11920 12040
f 11920 12041 12040
f 11920 11921 12041
f 11921 12042 12041
f 11921 11922 12042
f 11922 12043 12042
f 11922 11923 12043
f 11923 12044 12043
f 11923 11924 12044
f 11924 12045 12044
f 11924 11925 12045
f 11925 12046 12045
f 11925 11926 12046
f 11926 12047 12046
f 11926 11927 12047
f 11927 12048 12047
f 11927 11928 12048
f 11928 12049 12048
f 11928 11929 12049
f 11929 12050 12049
f 11929 11930 12050
f 11930 12051 12050
f 11930 11931 12051
f 11931 12052 12051
f 11931 11932 12052
f 11932 12053 12052
f 11932 11933 12053
f 11933 12054 12053
f 11933 11934 12054
f 11934 12055 12054
f 11934 11935 12055
f 11935 12056 12055
f 11935 11936 12056
f 11936 12057 12056
f 11936 11937 12057
f 11937 12058 12057
f 11937 11938 12058
f 11938 12059 12058
f 11938 11939 12059
f 11939 12060 12059
f 11939 11940 12060
f 11940 12061 12060
f 11940 11941 12061
f 11941 12062 12061
f 11941 11942 12062
f 11942 12063 12062
f 11942 11943 12063
f 11943 12064 12063
f 11943 11944 12064
f 11944 12065 12064
f 11944 11945 12065
f 11945 12066 12065
f 11945 11946 12066
f 11946 12067 12066
f 11946 11947 12067
f 11947 12068 12067
f 11947 11948 12068
f 11948 12069 12068
f 11948 11949 12069
f 11949 12070 12069
f 11949 11950 12070
f 11950 12071 12070
f 11950 11951 12071
f 11951 12072 12071
f 11951 11952 12072
f 11952 12073 12072
f 11952 11953 12073
f 11953 12074 12073
f 11953 11954 12074
f 11954 12075 12074
f 11954 11955 12075
f 11955 12076 12075
f 11955 11956 12076
f 11956 12077 12076
f 11956 11957 12077
f 11957 12078 12077
f 11957 11958 12078
f 11958 12079 12078
f 11958 11959 12079
f 11959 12080 12079
f 11959 11960 12080
f 11960 12081 12080
f 11960 11961 12081
f 11961 12082 12081
f 11961 11962 12082
f 11962 12083 12082
f 11962 11963 12083
f 11963 12084 12083
f 11963 11964 12084
f 11964 12085 12084
f 11964 11965 12085
f 11965 12086 12085
f 11965 11966 12086
f 11966 12087 12086
f 11966 11967 12087
f 11967 12088 12087
f 11967 11968 12088
f 11968 12089 12088
f 11968 11969 12089
f 11969 12090 12089
f 11969 11970 12090
f 11970 12091 12090
f 11970 11971 12091
f 11971 12092 12091
f 11971 11972 12092
f 11972 12093 12092
f 11972 11973 12093
f 11973 12094 12093
f 11973 11974 12094
f 11974 12095 12094
f 11974 11975 12095
f 11975 12096 12095
f 11975 11976 12096
f 11976 12097 12096
f 11976 11977 12097
f 11977 12098 12097
f 11977 11978 12098
f 11978 12099 12098
f 11978 11979 12099
f 11979 12100 12099
f 11980 11981 12101
f 11981 12102 12101
f 11981 11982 12102
f 11982 12103 12102
f 11982 11983 12103
f 11983 12104 12103
f 11983 11984 12104
f 11984 12105 12104
f 11984 11985 12105
f 11985 12106 12105
f 11985 11986 12106
f 11986 12107 12106
f 11986 11987 12107
f 11987 12108 12107
f 11987 11988 12108
f 11988 12109 12108
f 11988 11989 12109
f 11989 12110 12109
f 11989 11990 12110
f 11990 12111 12110
f 11990 11991 12111
f 11991 12112 12111
f 11991 11992 12112
f 11992 12113 12112
f 11992 11993 12113
f 11993 12114 12113
f 11993 11994 12114
f 11994 12115 12114
f 11994 11995 12115
f 11995 12116 12115
f 11995 11996 12116
f 11996 12117 12116
f 11996 11997 12117
f 11997 12118 12117
f 11997 11998 12118
f 11998 12119 12118
f 11998 11999 12119
f 11999 12120 12119
f 11999 12000 12120
f 12000 12121 12120
f 12000 12001 12121
f 12001 12122 12121
f 12001 12002 12122
f 12002 12123 12122
f 12002 12003 12123
f 12003 12124 12123
f 12003 12004 12124
f 12004 12125 12124
f 12004 12005 12125
f 12005 12126 12125
f 12005 12006 12126
f 12006 12127 12126
f 12006 12007 12127
f 12007 12128 12127
f 12007 12008 12128
f 12008 12129 12128
f 12008 12009 12129
f 12009 12130 12129
f 12009 12010 12130
f 12010 12131 12130
f 12010 12011 12131
f 12011 12132 12131
f 12011 12012 12132
f 12012 12133 12132
f 12012 12013 12133
f 12013 12134 12133
f 12013 12014 12134
f 12014 12135 12134
f 12014 12015 12135
f 12015 12136 12135
f 12015 12016 12136
f 12016 12137 12136
f 12016 12017 12137
f 12017 12138 12137
f 12017 12018 12138
f 12018 12139 12138
f 12018 12019 12139
f 12019 12140 12139
f 12019 12020 12140
f 12020 12141 12140
f 12020 12021 12141
f 12021 12142 12141
f 12021 12022 12142
f 12022 12143 12142
f 12022 12023 12143
f 12023 12144 12143
f 12023 12024 12144
f 12024 12145 12144
f 12024 12025 12145
f 12025 12146 12145
f 12025 12026 12146
f 12026 12147 12146
f 12026 12027 12147
f 12027 12148 12147
f 12027 12028 12148
f 12028 12149 12148
f 12028 12029 12149
f 12029 12150 12149
f 12029 12030 12150
f 12030 12151 12150
f 12030 12031 12151
f 12031 12152 12151
f 12031 12032 12152
f 12032 12153 12152
f 12032 12033 12153
f 12033 12154 12153
f 12033 12034 12154
f 12034 12155 12154
f 12034 12035 12155
f 12035 12156 12155
f 12035 12036 12156
f 12036 12157 12156
f 12036 12037 12157
f 12037 12158 12157
f 12037 12038 12158
f 12038 12159 12158
f 12038 12039 12159
f 12039 12160 12159
f 12039 12040 12160
f 12040 12161 12160
f 12040 12041 12161
f 12041 12162 12161
f 12041 12042 12162
f 12042 12163 12162
f 12042 12043 12163
f 12043 12164 12163
f 12043 12044 12164
f 12044 12165 12164
f 12044 12045 12165
f 12045 12166 12165
f 12045 12046 12166
f 12046 12167 12166
f 12046 12047 12167
f 12047 12168 12167
f 12047 12048 12168
f 12048 12169 12168
f 12048 12049 12169
f 12049 12170 12169
f 12049 12050 12170
f 12050 12171 12170
f 12050 12051 12171
f 12051 12172 12171
f 12051 12052 12172
f 12052 12173 12172
f 12052 12053 12173
f 12053 12174 12173
f 12053 12054 12174
f 12054 12175 12174
f 12054 12055 12175
f 12055 12176 12175
f 12055 12056 12176
f 12056 12177 12176
f 12056 12057 12177
f 12057 12178 12177
f 12057 12058 12178
f 12058 12179 12178
f 12058 12059 12179
f 12059 12180 12179
f 12059 12060 12180
f 12060 12181 12180
f 12060 12061 12181
f 12061 12182 12181
f 12061 12062 12182
f 12062 12183 12182
f 12062 12063 12183
f 12063 12184 12183
f 12063 12064 12184
f 12064 12185 12184
f 12064 12065 12185
f 12065 12186 12185
f 12065 12066 12186
f 12066 12187 12186
f 12066 12067 12187
f 12067 12188 12187
f 12067 12068 12188
f 12068 12189 12188
f 12068 12069 12189
f 12069 12190 12189
f 12069 12070 12190
f 12070 12191 12190
f 12070 12071 12191
f 12071 12192 12191
f 12071 12072 12192
f 12072 12193 12192
f 12072 12073 12193
f 12073 12194 12193
f 12073 12074 12194
f 12074 12195 12194
f 12074 12075 12195
f 12075 12196 12195
f 12075 12076 12196
f 12076 12197 12196
f 12076 12077 12197
f 12077 12198 12197
f 12077 12078 12198
f 12078 12199 12198
f 12078 12079 12199
f 12079 12200 12199
f 12079 12080 12200
f 12080 12201 12200
f 12080 12081 12201
f 12081 12202 12201
f 12081 12082 12202
f 12082 12203 12202
f 12082 12083 12203
f 12083 12204 12203
f 12083 12084 12204
f 12084 12205 12204
f 12084 12085 12205
f 12085 12206 12205
f 12085 12086 12206
f 12086 12207 12206
f 12086 12087 12207
f 12087 12208 12207
f 12087 12088 12208
f 12088 12209 12208
f 12088 12089 12209
f 12089 12210 12209
f 12089 12090 12210
f 12090 12211 12210
f 12090 12091 12211
f 12091 12212 12211
f 12091 12092 12212
f 12092 12213 12212
f 12092 12093 12213
f 12093 12214 12213
f 12093 12094 12214
f 12094 12215 12214
f 12094 12095 12215
f 12095 12216 12215
f 12095 12096 12216
f 12096 12217 12216
f 12096 12097 12217
f 12097 12218 12217
f 12097 12098 12218
f 12098 12219 12218
f 12098 12099 12219
f 12099 12220 12219
f 12099 12100 12220
f 12100 12221 12220
f 12101 12102 12222
f 12102 12223 12222
f 12102 12103 12223
f 12103 12224 12223
f 12103 12104 12224
f 12104 12225 12224
f 12104 12105 12225
f 12105 12226 12225
f 12105 12106 12226
f 12106 12227 12226
f 12106 12107 12227
f 12107 12228 12227
f 12107 12108 12228
f 12108 12229 12228
f 12108 12109 12229
f 12109 12230 12229
f 12109 12110 12230
f 12110 12231 12230
f 12110 12111 12231
f 12111 12232 12231
f 12111 12112 12232
f 12112 12233 12232
f 12112 12113 12233
f 12113 12234 12233
f 12113 12114 12234
f 12114 12235 12234
f 12114 12115 12235
f 12115 12236 12235
f 12115 12116 12236
f 12116 12237 12236
f 12116 12117 12237
f 12117 12238 12237
f 12117 12118 12238
f 12118 12239 12238
f 12118 12119 12239
f 12119 12240 12239
f 12119 12120 12240
f 12120 12241 12240
f 12120 12121 12241
f 12121 12242 12241
f 12121 12122 12242
f 12122 12243 12242
f 12122 12123 12243
f 12123 12244 12243
f 12123 12124 12244
f 12124 12245 12244
f 12124 12125 12245
f 12125 12246 12245
f 12125 12126 12246
f 12126 12247 12246
f 12126 12127 12247
f 12127 12248 12247
f 12127 12128 12248
f 12128 12249 12248
f 12128 12129 12249
f 12129 12250 12249
f 12129 12130 12250
f 12130 12251 12250
f 12130 12131 12251
f 12131 12252 12251
f 12131 12132 12252
f 12132 12253 12252
f 12132 12133 12253
f 12133 12254 12253
f 12133 12134 12254
f 12134 12255 12254
f 12134 12135 12255
f 12135 12256 12255
f 12135 12136 12256
f 12136 12257 12256
f 12136 12137 12257
f 12137 12258 12257
f 12137 12138 12258
f 12138 12259 12258
f 12138 12139 12259
f 12139 12260 12259
f 12139 12140 12260
f 12140 12261 12260
f 12140 12141 12261
f 12141 12262 12261
f 12141 12142 12262
f 12142 12263 12262
f 12142 12143 12263
f 12143 12264 12263
f 12143 12144 12264
f 12144 12265 12264
f 12144 12145 12265
f 12145 12266 12265
f 12145 12146 12266
f 12146 12267 12266
f 12146 12147 12267
f 12147 12268 12267
f 12147 12148 12268
f 12148 12269 12268
f 12148 12149 12269
f 12149 12270 12269
f 12149 12150 12270
f 12150 12271 12270
f 12150 12151 12271
f 12151 12272 12271
f 12151 12152 12272
f 12152 12273 12272
f 12152 12153 12273
f 12153 12274 12273
f 12153 12154 12274
f 12154 12275 12274
f 12154 12155 12275
f 12155 12276 12275
f 12155 12156 12276
f 12156 12277 12276
f 12156 12157 12277
f 12157 12278 12277
f 12157 12158 12278
f 12158 12279 12278
f 12158 12159 12279
f 12159 12280 12279
f 12159 12160 12280
f 12160 12281 12280
f 12160 12161 12281
f 12161 12282 12281
f 12161 12162 12282
f 12162 12283 12282
f 12162 12163 12283
f 12163 12284 12283
f 12163 12164 12284
f 12164 12285 12284
f 12164 12165 12285
f 12165 12286 12285
f 12165 12166 12286
f 12166 12287 12286
f 12166 12167 12287
f 12167 12288 12287
f 12167 12168 12288
f 12168 12289 12288
f 12168 12169 12289
f 12169 12290 12289
f 12169 12170 12290
f 12170 12291 12290
f 12170 12171 12291
f 12171 12292 12291
f 12171 12172 12292
f 12172 12293 12292
f 12172 12173 12293
f 12173 12294 12293
f 12173 12174 12294
f 12174 12295 12294
f 12174 12175 12295
f 12175 12296 12295
f 12175 12176 12296
f 12176 12297 12296
f 12176 12177 12297
f 12177 12298 12297
f 12177 12178 12298
f 12178 12299 12298
f 12178 12179 12299
f 12179 12300 12299
f 12179 12180 12300
f 12180 12301 12300
f 12180 12181 12301
f 12181 12302 12301
f 12181 12182 12302
f 12182 12303 12302
f 12182 12183 12303
f 12183 12304 12303
f 12183 12184 12304
f 12184 12305 12304
f 12184 12185 12305
f 12185 12306 12305
f 12185 12186 12306
f 12186 12307 12306
f 12186 12187 12307
f 12187 12308 12307
f 12187 12188 12308
f 12188 12309 12308
f 12188 12189 12309
f 12189 12310 12309
f 12189 12190 12310
f 12190 12311 12310
f 12190 12191 12311
f 12191 12312 12311
f 12191 12192 12312
f 12192 12313 12312
f 12192 12193 12313
f 12193 12314 12313
f 12193 12194 12314
f 12194 12315 12314
f 12194 12195 12315
f 12195 12316 12315
f 12195 12196 12316
f 12196 12317 12316
f 12196 12197 12317
f 12197 12318 12317
f 12197 12198 12318
f 12198 12319 12318
f 12198 12199 12319
f 12199 12320 12319
f 12199 12200 12320
f 12200 12321 12320
f 12200 12201 12321
f 12201 12322 12321
f 12201 12202 12322
f 12202 12323 12322
f 12202 12203 12323
f 12203 12324 12323
f 12203 12204 12324
f 12204 12325 12324
f 12204 12205 12325
f 12205 12326 12325
f 12205 12206 12326
f 12206 12327 12326
f 12206 12207 12327
f 12207 12328 12327
f 12207 12208 12328
f 12208 12329 12328
f 12208 12209 12329
f 12209 12330 12329
f 12209 12210 12330
f 12210 12331 12330
f 12210 12211 12331
f 12211 12332 12331
f 12211 12212 12332
f 12212 12333 12332
f 12212 12213 12333
f 12213 12334 12333
f 12213 12214 12334
f 12214 12335 12334
f 12214 12215 12335
f 12215 12336 12335
f 12215 12216 12336
f 12216 12337 12336
f 12216 12217 12337
f 12217 12338 12337
f 12217 12218 12338
f 12218 12339 12338
f 12218 12219 12339
f 12219 12340 12339
f 12219 12220 12340
f 12220 12341 12340
f 12220 12221 12341
f 12221 12342 12341
f 12222 12223 12343
f 12223 12344 12343
f 12223 12224 12344
f 12224 12345 12344
f 12224 12225 12345
f 12225 12346 12345
f 12225 12226 12346
f 12226 12347 12346
f 12226 12227 12347
f 12227 12348 12347
f 12227 12228 12348
f 12228 12349 12348
f 12228 12229 12349
f 12229 12350 12349
f 12229 12230 12350
f 12230 12351 12350
f 12230 12231 12351
f 12231 12352 12351
f 12231 12232 12352
f 12232 12353 12352
f 12232 12233 12353
f 12233 12354 12353
f 12233 12234 12354
f 12234 12355 12354
f 12234 12235 12355
f 12235 12356 12355
f 12235 12236 12356
f 12236 12357 12356
f 12236 12237 12357
f 12237 12358 12357
f 12237 12238 12358
f 12238 12359 12358
f 12238 12239 12359
f 12239 12360 12359
f 12239 12240 12360
f 12240 12361 12360
f 12240 12241 12361
f 12241 12362 12361
f 12241 12242 12362
f 12242 12363 12362
f 12242 12243 12363
f 12243 12364 12363
f 12243 12244 12364
f 12244 12365 12364
f 12244 12245 12365
f 12245 12366 12365
f 12245 12246 12366
f 12246 12367 12366
f 12246 12247 12367
f 12247 12368 12367
f 12247 12248 12368
f 12248 12369 12368
f 12248 12249 12369
f 12249 12370 12369
f 12249 12250 12370
f 12250 12371 12370
f 12250 12251 12371
f 12251 12372 12371
f 12251 12252 12372
f 12252 12373 12372
f 12252 12253 12373
f 12253 12374 12373
f 12253 12254 12374
f 12254 12375 12374
f 12254 12255 12375
f 12255 12376 12375
f 12255 12256 12376
f 12256 12377 12376
f 12256 12257 12377
f 12257 12378 12377
f 12257 12258 12378
f 12258 12379 12378
f 12258 12259 12379
f 12259 12380 12379
f 12259 12260 12380
f 12260 12381 12380
f 12260 12261 12381
f 12261 12382 12381
f 12261 12262 12382
f 12262 12383 12382
f 12262 12263 12383
f 12263 12384 12383
f 12263 12264 12384
f 12264 12385 12384
f 12264 12265 12385
f 12265 12386 12385
f 12265 12266 12386
f 12266 12387 12386
f 12266 12267 12387
f 12267 12388 12387
f 12267 12268 12388
f 12268 12389 12388
f 12268 12269 12389
f 12269 12390 12389
f 12269 12270 12390
f 12270 12391 12390
f 12270 12271 12391
f 12271 12392 12391
f 12271 12272 12392
f 12272 12393 12392
f 12272 12273 12393
f 12273 12394 12393
f 12273 12274 12394
f 12274 12395 12394
f 12274 12275 12395
f 12275 12396 12395
f 12275 12276 12396
f 12276 12397 12396
f 12276 12277 12397
f 12277 12398 12397
f 12277 12278 12398
f 12278 12399 12398
f 12278 12279 12399
f 12279 12400 12399
f 12279 12280 12400
f 12280 12401 12400
f 12280 12281 12401
f 12281 12402 12401
f 12281 12282 12402
f 12282 12403 12402
f 12282 12283 12403
f 12283 12404 12403
f 12283 12284 12404
f 12284 12405 12404
f 12284 12285 12405
f 12285 12406 12405
f 12285 12286 12406
f 12286 12407 12406
f 12286 12287 12407
f 12287 12408 12407
f 12287 12288 12408
f 12288 12409 12408
f 12288 12289 12409
f 12289 12410 12409
f 12289 12290 12410
f 12290 12411 12410
f 12290 12291 12411
f 12291 12412 12411
f 12291 12292 12412
f 12292 12413 12412
f 12292 12293 12413
f 12293 12414 12413
f 12293 12294 12414
f 12294 12415 12414
f 12294 12295 12415
f 12295 12416 12415
f 12295 12296 12416
f 12296 12417 12416
f 12296 12297 12417
f 12297 12418 12417
f 12297 12298 12418
f 12298 12419 12418
f 12298 12299 12419
f 12299 12420 12419
f 12299 12300 12420
f 12300 12421 12420
f 12300 12301 12421
f 12301 12422 12421
f 12301 12302 12422
f 12302 12423 12422
f 12302 12303 12423
f 12303 12424 12423
f 12303 12304 12424
f 12304 12425 12424
f 12304 12305 12425
f 12305 12426 12425
f 12305 12306 12426
f 12306 12427 12426
f 12306 12307 12427
f 12307 12428 12427
f 12307 12308 12428
f 12308 12429 12428
f 12308 12309 12429
f 12309 12430 12429
f 12309 12310 12430
f 12310 12431 12430
f 12310 12311 12431
f 12311 12432 12431
f 12311 12312 12432
f 12312 12433 12432
f 12312 12313 12433
f 12313 12434 12433
f 12313 12314 12434
f 12314 12435 12434
f 12314 12315 12435
f 12315 12436 12435
f 12315 12316 12436
f 12316 12437 12436
f 12316 12317 12437
f 12317 12438 12437
f 12317 12318 12438
f 12318 12439 12438
f 12318 12319 12439
f 12319 12440 12439
f 12319 12320 12440
f 12320 12441 12440
f 12320 12321 12441
f 12321 12442 12441
f 12321 12322 12442
f 12322 12443 12442
f 12322 12323 12443
f 12323 12444 12443
f 12323 12324 12444
f 12324 12445 12444
f 12324 12325 12445
f 12325 12446 12445
f 12325 12326 12446
f 12326 12447 12446
f 12326 12327 12447
f 12327 12448 12447
f 12327 12328 12448
f 12328 12449 12448
f 12328 12329 12449
f 12329 12450 12449
f 12329 12330 12450
f 12330 12451 12450
f 12330 12331 12451
f 12331 12452 12451
f 12331 12332 12452
f 12332 12453 12452
f 12332 12333 12453
f 12333 12454 12453
f 12333 12334 12454
f 12334 12455 12454
f 12334 12335 12455
f 12335 12456 12455
f 12335 12336 12456
f 12336 12457 12456
f 12336 12337 12457
f 12337 12458 12457
f 12337 12338 12458
f 12338 12459 12458
f 12338 12339 12459
f 12339 12460 12459
f 12339 12340 12460
f 12340 12461 12460
f 12340 12341 12461
f 12341 12462 12461
f 12341 12342 12462
f 12342 12463 12462
f 12343 12344 12464
f 12344 12465 12464
f 12344 12345 12465
f 12345 12466 12465
f 12345 12346 12466
f 12346 12467 12466
f 12346 12347 12467
f 12347 12468 12467
f 12347 12348 12468
f 12348 12469 12468
f 12348 12349 12469
f 12349 12470 12469
f 12349 12350 12470
f 12350 12471 12470
f 12350 12351 12471
f 12351 12472 12471
f 12351 12352 12472
f 12352 12473 12472
f 12352 12353 12473
f 12353 12474 12473
f 12353 12354 12474
f 12354 12475 12474
f 12354 12355 12475
f 12355 12476 12475
f 12355 12356 12476
f 12356 12477 12476
f 12356 12357 12477
f 12357 12478 12477
f 12357 12358 12478
f 12358 12479 12478
f 12358 12359 12479
f 12359 12480 12479
f 12359 12360 12480
f 12360 12481 12480
f 12360 12361 12481
f 12361 12482 12481
f 12361 12362 12482
f 12362 12483 12482
f 12362 12363 12483
f 12363 12484 12483
f 12363 12364 12484
f 12364 12485 12484
f 12364 12365 12485
f 12365 12486 12485
f 12365 12366 12486
f 12366 12487 12486
f 12366 12367 12487
f 12367 12488 12487
f 12367 12368 12488
f 12368 12489 12488
f 12368 12369 12489
f 12369 12490 12489
f 12369 12370 12490
f 12370 12491 12490
f 12370 12371 12491
f 12371 12492 12491
f 12371 12372 12492
f 12372 12493 12492
f 12372 12373 12493
f 12373 12494 12493
f 12373 12374 12494
f 12374 12495 12494
f 12374 12375 12495
f 12375 12496 12495
f 12375 12376 12496
f 12376 12497 12496
f 12376 12377 12497
f 12377 12498 12497
f 12377 12378 12498
f 12378 12499 12498
f 12378 12379 12499
f 12379 12500 12499
f 12379 12380 12500
f 12380 12501 12500
f 12380 12381 12501
f 12381 12502 12501
f 12381 12382 12502
f 12382 12503 12502
f 12382 12383 12503
f 12383 12504 12503
f 12383 12384 12504
f 12384 12505 12504
f 12384 12385 12505
f 12385 12506 12505
f 12385 12386 12506
f 12386 12507 12506
f 12386 12387 12507
f 12387 12508 12507
f 12387 12388 12508
f 12388 12509 12508
f 12388 12389 12509
f 12389 12510 12509
f 12389 12390 12510
f 12390 12511 12510
f 12390 12391 12511
f 12391 12512 12511
f 12391 12392 12512
f 12392 12513 12512
f 12392 12393 12513
f 12393 12514 12513
f 12393 12394 12514
f 12394 12515 12514
f 12394 12395 12515
f 12395 12516 12515
f 12395 12396 12516
f 12396 12517 12516
f 12396 12397 12517
f 12397 12518 12517
f 12397 12398 12518
f 12398 12519 12518
f 12398 12399 12519
f 12399 12520 12519
f 12399 12400 12520
f 12400 12521 12520
f 12400 12401 12521
f 12401 12522 12521
f 12401 12402 12522
f 12402 12523 12522
f 12402 12403 12523
f 12403 12524 12523
f 12403 12404 12524
f 12404 12525 12524
f 12404 12405 12525
f 12405 12526 12525
f 12405 12406 12526
f 12406 12527 12526
f 12406 12407 12527
f 12407 12528 12527
f 12407 12408 12528
f 12408 12529 12528
f 12408 12409 12529
f 12409 12530 12529
f 12409 12410 12530
f 12410 12531 12530
f 12410 12411 12531
f 12411 12532 12531
f 12411 12412 12532
f 12412 12533 12532
f 12412 12413 12533
f 12413 12534 12533
f 12413 12414 12534
f 12414 12535 12534
f 12414 12415 12535
f 12415 12536 12535
f 12415 12416 12536
f 12416 12537 12536
f 12416 12417 12537
f 12417 12538 12537
f 12417 12418 12538
f 12418 12539 12538
f 12418 12419 12539
f 12419 12540 12539
f 12419 12420 12540
f 12420 12541 12540
f 12420 12421 12541
f 12421 12542 12541
f 12421 12422 12542
f 12422 12543 12542
f 12422 12423 12543
f 12423 12544 12543
f 12423 12424 12544
f 12424 12545 12544
f 12424 12425 12545
f 12425 12546 12545
f 12425 12426 12546
f 12426 12547 12546
f 12426 12427 12547
f 12427 12548 12547
f 12427 12428 12548
f 12428 12549 12548
f 12428 12429 12549
f 12429 12550 12549
f 12429 12430 12550
f 12430 12551 12550
f 12430 12431 12551
f 12431 12552 12551
f 12431 12432 12552
f 12432 12553 12552
f 12432 12433 12553
f 12433 12554 12553
f 12433 12434 12554
f 12434 12555 12554
f 12434 12435 12555
f 12435 12556 12555
f 12435 12436 12556
f 12436 12557 12556
f 12436 12437 12557
f 12437 12558 12557
f 12437 12438 12558
f 12438 12559 12558
f 12438 12439 12559
f 12439 12560 12559
f 12439 12440 12560
f 12440 12561 12560
f 12440 12441 12561
f 12441 12562 12561
f 12441 12442 12562
f 12442 12563 12562
f 12442 12443 12563
f 12443 12564 12563
f 12443 12444 12564
f 12444 12565 12564
f 12444 12445 12565
f 12445 12566 12565
f 12445 12446 12566
f 12446 12567 12566
f 12446 12447 12567
f 12447 12568 12567
f 12447 12448 12568
f 12448 12569 12568
f 12448 12449 12569
f 12449 12570 12569
f 12449 12450 12570
f 12450 12571 12570
f 12450 12451 12571
f 12451 12572 12571
f 12451 12452 12572
f 12452 12573 12572
f 12452 12453 12573
f 12453 12574 12573
f 12453 12454 12574
f 12454 12575 12574
f 12454 12455 12575
f 12455 12576 12575
f 12455 12456 12576
f 12456 12577 12576
f 12456 12457 12577
f 12457 12578 12577
f 12457 12458 12578
f 12458 12579 12578
f 12458 12459 12579
f 12459 12580 12579
f 12459 12460 12580
f 12460 12581 12580
f 12460 12461 12581
f 12461 12582 12581
f 12461 12462 12582
f 12462 12583 12582
f 12462 12463 12583
f 12463 12584 12583
f 12464 12465 12585
f 12465 12586 12585
f 12465 12466 12586
f 12466 12587 12586
f 12466 12467 12587
f 12467 12588 12587
f 12467 12468 12588
f 12468 12589 12588
f 12468 12469 12589
f 12469 12590 12589
f 12469 12470 12590
f 12470 12591 12590
f 12470 12471 12591
f 12471 12592 12591
f 12471 12472 12592
f 12472 12593 12592
f 12472 12473 12593
f 12473 12594 12593
f 12473 12474 12594
f 12474 12595 12594
f 12474 12475 12595
f 12475 12596 12595
f 12475 12476 12596
f 12476 12597 12596
f 12476 12477 12597
f 12477 12598 12597
f 12477 12478 12598
f 12478 12599 12598
f 12478 12479 12599
f 12479 12600 12599
f 12479 12480 12600
f 12480 12601 12600
f 12480 12481 12601
f 12481 12602 12601
f 12481 12482 12602
f 12482 12603 12602
f 12482 12483 12603
f 12483 12604 12603
f 12483 12484 12604
f 12484 12605 12604
f 12484 12485 12605
f 12485 12606 12605
f 12485 12486 12606
f 12486 12607 12606
f 12486 12487 12607
f 12487 12608 12607
f 12487 12488 12608
f 12488 12609 12608
f 12488 12489 12609
f 12489 12610 12609
f 12489 12490 12610
f 12490 12611 12610
f 12490 12491 12611
f 12491 12612 12611
f 12491 12492 12612
f 12492 12613 12612
f 12492 12493 12613
f 12493 12614 12613
f 12493 12494 12614
f 12494 12615 12614
f 12494 12495 12615
f 12495 12616 12615
f 12495 12496 12616
f 12496 12617 12616
f 12496 12497 12617
f 12497 12618 12617
f 12497 12498 12618
f 12498 12619 12618
f 12498 12499 12619
f 12499 12620 12619
f 12499 12500 12620
f 12500 12621 12620
f 12500 12501 12621
f 12501 12622 12621
f 12501 12502 12622
f 12502 12623 12622
f 12502 12503 12623
f 12503 12624 12623
f 12503 12504 12624
f 12504 12625 12624
f 12504 12505 12625
f 12505 12626 12625
f 12505 12506 12626
f 12506 12627 12626
f 12506 12507 12627
f 12507 12628 12627
f 12507 12508 12628
f 12508 12629 12628
f 12508 12509 12629
f 12509 12630 12629
f 12509 12510 12630
f 12510 12631 12630
f 12510 12511 12631
f 12511 12632 12631
f 12511 12512 12632
f 12512 12633 12632
f 12512 12513 12633
f 12513 12634 12633
f 12513 12514 12634
f 12514 12635 12634
f 12514 12515 12635
f 12515 12636 12635
f 12515 12516 12636
f 12516 12637 12636
f 12516 12517 12637
f 12517 12638 12637
f 12517 12518 12638
f 12518 12639 12638
f 12518 12519 12639
f 12519 12640 12639
f 12519 12520 12640
f 12520 12641 12640
f 12520 12521 12641
f 12521 12642 12641
f 12521 12522 12642
f 12522 12643 12642
f 12522 12523 12643
f 12523 12644 12643
f 12523 12524 12644
f 12524 12645 12644
f 12524 12525 12645
f 12525 12646 12645
f 12525 12526 12646
f 12526 12647 12646
f 12526 12527 12647
f 12527 12648 12647
f 12527 12528 12648
f 12528 12649 12648
f 12528 12529 12649
f 12529 12650 12649
f 12529 12530 12650
f 12530 12651 12650
f 12530 12531 12651
f 12531 12652 12651
f 12531 12532 12652
f 12532 12653 12652
f 12532 12533 12653
f 12533 12654 12653
f 12533 12534 12654
f 12534 12655 12654
f 12534 12535 12655
f 12535 12656 12655
f 12535 12536 12656
f 12536 12657 12656
f 12536 12537 12657
f 12537 12658 12657
f 12537 12538 12658
f 12538 12659 12658
f 12538 12539 12659
f 12539 12660 12659
f 12539 12540 12660
f 12540 12661 12660
f 12540 12541 12661
f 12541 12662 12661
f 12541 12542 12662
f 12542 12663 12662
f 12542 12543 12663
f 12543 12664 12663
f 12543 12544 12664
f 12544 12665 12664
f 12544 12545 12665
f 12545 12666 12665
f 12545 12546 12666
f 12546 12667 12666
f 12546 12547 12667
f 12547 12668 12667
f 12547 12548 12668
f 12548 12669 12668
f 12548 12549 12669
f 12549 12670 12669
f 12549 12550 12670
f 12550 12671 12670
f 12550 12551 12671
f 12551 12672 12671
f 12551 12552 12672
f 12552 12673 12672
f 12552 12553 12673
f 12553 12674 12673
f 12553 12554 12674
f 12554 12675 12674
f 12554 12555 12675
f 12555 12676 12675
f 12555 12556 12676
f 12556 12677 12676
f 12556 12557 12677
f 12557 12678 12677
f 12557 12558 12678
f 12558 12679 12678
f 12558 12559 12679
f 12559 12680 12679
f 12559 12560 12680
f 12560 12681 12680
f 12560 12561 12681
f 12561 12682 12681
f 12561 12562 12682
f 12562 12683 12682
f 12562 12563 12683
f 12563 12684 12683
f 12563 12564 12684
f 12564 12685 12684
f 12564 12565 12685
f 12565 12686 12685
f 12565 12566 12686
f 12566 12687 12686
f 12566 12567 12687
f 12567 12688 12687
f 12567 12568 12688
f 12568 12689 12688
f 12568 12569 12689
f 12569 12690 12689
f 12569 12570 12690
f 12570 12691 12690
f 12570 12571 12691
f 12571 12692 12691
f 12571 12572 12692
f 12572 12693 12692
f 12572 12573 12693
f 12573 12694 12693
f 12573 12574 12694
f 12574 12695 12694
f 12574 12575 12695
f 12575 12696 12695
f 12575 12576 12696
f 12576 12697 12696
f 12576 12577 12697
f 12577 12698 12697
f 12577 12578 12698
f 12578 12699 12698
f 12578 12579 12699
f 12579 12700 12699
f 12579 12580 12700
f 12580 12701 12700
f 12580 12581 12701
f 12581 12702 12701
f 12581 12582 12702
f 12582 12703 12702
f 12582 12583 12703
f 12583 12704 12703
f 12583 12584 12704
f 12584 12705 12704
f 12585 12586 12706
f 12586 12707 12706
f 12586 12587 12707
f 12587 12708 12707
f 12587 12588 12708
f 12588 12709 12708
f 12588 12589 12709
f 12589 12710 12709
f 12589 12590 12710
f 12590 12711 12710
f 12590 12591 12711
f 12591 12712 12711
f 12591 12592 12712
f 12592 12713 12712
f 12592 12593 12713
f 12593 12714 12713
f 12593 12594 12714
f 12594 12715 12714
f 12594 12595 12715
f 12595 12716 12715
f 12595 12596 12716
f 12596 12717 12716
f 12596 12597 12717
f 12597 12718 12717
f 12597 12598 12718
f 12598 12719 12718
f 12598 12599 12719
f 12599 12720 12719
f 12599 12600 12720
f 12600 12721 12720
f 12600 12601 12721
f 12601 12722 12721
f 12601 12602 12722
f 12602 12723 12722
f 12602 12603 12723
f 12603 12724 12723
f 12603 12604 12724
f 12604 12725 12724
f 12604 12605 12725
f 12605 12726 12725
f 12605 12606 12726
f 12606 12727 12726
f 12606 12607 12727
f 12607 12728 12727
f 12607 12608 12728
f 12608 12729 12728
f 12608 12609 12729
f 12609 12730 12729
f 12609 12610 12730
f 12610 12731 12730
f 12610 12611 12731
f 12611 12732 12731
f 12611 12612 12732
f 12612 12733 12732
f 12612 12613 12733
f 12613 12734 12733
f 12613 12614 12734
f 12614 12735 12734
f 12614 12615 12735
f 12615 12736 12735
f 12615 12616 12736
f 12616 12737 12736
f 12616 12617 12737
f 12617 12738 12737
f 12617 12618 12738
f 12618 12739 12738
f 12618 12619 12739
f 12619 12740 12739
f 12619 12620 12740
f 12620 12741 12740
f 12620 12621 12741
f 12621 12742 12741
f 12621 12622 12742
f 12622 12743 12742
f 12622 12623 12743
f 12623 12744 12743
f 12623 12624 12744
f 12624 12745 12744
f 12624 12625 12745
f 12625 12746 12745
f 12625 12626 12746
f 12626 12747 12746
f 12626 12627 12747
f 12627 12748 12747
f 12627 12628 12748
f 12628 12749 12748
f 12628 12629 12749
f 12629 12750 12749
f 12629 12630 12750
f 12630 12751 12750
f 12630 12631 12751
f 12631 12752 12751
f 12631 12632 12752
f 12632 12753 12752
f 12632 12633 12753
f 12633 12754 12753
f 12633 12634 12754
f 12634 12755 12754
f 12634 12635 12755
f 12635 12756 12755
f 12635 12636 12756
f 12636 12757 12756
f 12636 12637 12757
f 12637 12758 12757
f 12637 12638 12758
f 12638 12759 12758
f 12638 12639 12759
f 12639 12760 12759
f 12639 12640 12760
f 12640 12761 12760
f 12640 12641 12761
f 12641 12762 12761
f 12641 12642 12762
f 12642 12763 12762
f 12642 12643 12763
f 12643 12764 12763
f 12643 12644 12764
f 12644 12765 12764
f 12644 12645 12765
f 12645 12766 12765
f 12645 12646 12766
f 12646 12767 12766
f 12646 12647 12767
f 12647 12768 12767
f 12647 12648 12768
f 12648 12769 12768
f 12648 12649 12769
f 12649 12770 12769
f 12649 12650 12770
f 12650 12771 12770
f 12650 12651 12771
f 12651 12772 12771
f 12651 12652 12772
f 12652 12773 12772
f 12652 12653 12773
f 12653 12774 12773
f 12653 12654 12774
f 12654 12775 12774
f 12654 12655 12775
f 12655 12776 12775
f 12655 12656 12776
f 12656 12777 12776
f 12656 12657 12777
f 12657 12778 12777
f 12657 12658 12778
f 12658 12779 12778
f 12658 12659 12779
f 12659 12780 12779
f 12659 12660 12780
f 12660 12781 12780
f 12660 12661 12781
f 12661 12782 12781
f 12661 12662 12782
f 12662 12783 12782
f 12662 12663 12783
f 12663 12784 12783
f 12663 12664 12784
f 12664 12785 12784
f 12664 12665 12785
f 12665 12786 12785
f 12665 12666 12786
f 12666 12787 12786
f 12666 12667 12787
f 12667 12788 12787
f 12667 12668 12788
f 12668 12789 12788
f 12668 12669 12789
f 12669 12790 12789
f 12669 12670 12790
f 12670 12791 12790
f 12670 12671 12791
f 12671 12792 12791
f 12671 12672 12792
f 12672 12793 12792
f 12672 12673 12793
f 12673 12794 12793
f 12673 12674 12794
f 12674 12795 12794
f 12674 12675 12795
f 12675 12796 12795
f 12675 12676 12796
f 12676 12797 12796
f 12676 12677 12797
f 12677 12798 12797
f 12677 12678 12798
f 12678 12799 12798
f 12678 12679 12799
f 12679 12800 12799
f 12679 12680 12800
f 12680 12801 12800
f 12680 12681 12801
f 12681 12802 12801
f 12681 12682 12802
f 12682 12803 12802
f 12682 12683 12803
f 12683 12804 12803
f 12683 12684 12804
f 12684 12805 12804
f 12684 12685 12805
f 12685 12806 12805
f 12685 12686 12806
f 12686 12807 12806
f 12686 12687 12807
f 12687 12808 12807
f 12687 12688 12808
f 12688 12809 12808
f 12688 12689 12809
f 12689 12810 12809
f 12689 12690 12810
f 12690 12811 12810
f 12690 12691 12811
f 12691 12812 12811
f 12691 12692 12812
f 12692 12813 12812
f 12692 12693 12813
f 12693 12814 12813
f 12693 12694 12814
f 12694 12815 12814
f 12694 12695 12815
f 12695 12816 12815
f 12695 12696 12816
f 12696 12817 12816
f 12696 12697 12817
f 12697 12818 12817
f 12697 12698 12818
f 12698 12819 12818
f 12698 12699 12819
f 12699 12820 12819
f 12699 12700 12820
f 12700 12821 12820
f 12700 12701 12821
f 12701 12822 12821
f 12701 12702 12822
f 12702 12823 12822
f 12702 12703 12823
f 12703 12824 12823
f 12703 12704 12824
f 12704 12825 12824
f 12704 12705 12825
f 12705 12826 12825
f 12706 12707 12827
f 12707 12828 12827
f 12707 12708 12828
f 12708 12829 12828
f 12708 12709 12829
f 12709 12830 12829
f 12709 12710 12830
f 12710 12831 12830
f 12710 12711 12831
f 12711 12832 12831
f 12711 12712 12832
f 12712 12833 12832
f 12712 12713 12833
f 12713 12834 12833
f 12713 12714 12834
f 12714 12835 12834
f 12714 12715 12835
f 12715 12836 12835
f 12715 12716 12836
f 12716 12837 12836
f 12716 12717 12837
f 12717 12838 12837
f 12717 12718 12838
f 12718 12839 12838
f 12718 12719 12839
f 12719 12840 12839
f 12719 12720 12840
f 12720 12841 12840
f 12720 12721 12841
f 12721 12842 12841
f 12721 12722 12842
f 12722 12843 12842
f 12722 12723 12843
f 12723 12844 12843
f 12723 12724 12844
f 12724 12845 12844
f 12724 12725 12845
f 12725 12846 12845
f 12725 12726 12846
f 12726 12847 12846
f 12726 12727 12847
f 12727 12848 12847
f 12727 12728 12848
f 12728 12849 12848
f 12728 12729 12849
f 12729 12850 12849
f 12729 12730 12850
f 12730 12851 12850
f 12730 12731 12851
f 12731 12852 12851
f 12731 12732 12852
f 12732 12853 12852
f 12732 12733 12853
f 12733 12854 12853
f 12733 12734 12854
f 12734 12855 12854
f 12734 12735 12855
f 12735 12856 12855
f 12735 12736 12856
f 12736 12857 12856
f 12736 12737 12857
f 12737 12858 12857
f 12737 12738 12858
f 12738 12859 12858
f 12738 12739 12859
f 12739 12860 12859
f 12739 12740 12860
f 12740 12861 12860
f 12740 12741 12861
f 12741 12862 12861
f 12741 12742 12862
f 12742 12863 12862
f 12742 12743 12863
f 12743 12864 12863
f 12743 12744 12864
f 12744 12865 12864
f 12744 12745 12865
f 12745 12866 12865
f 12745 12746 12866
f 12746 12867 12866
f 12746 12747 12867
f 12747 12868 12867
f 12747 12748 12868
f 12748 12869 12868
f 12748 12749 12869
f 12749 12870 12869
f 12749 12750 12870
f 12750 12871 12870
f 12750 12751 12871
f 12751 12872 12871
f 12751 12752 12872
f 12752 12873 12872
f 12752 12753 12873
f 12753 12874 12873
f 12753 12754 12874
f 12754 12875 12874
f 12754 12755 12875
f 12755 12876 12875
f 12755 12756 12876
f 12756 12877 12876
f 12756 12757 12877
f 12757 12878 12877
f 12757 12758 12878
f 12758 12879 12878
f 12758 12759 12879
f 12759 12880 12879
f 12759 12760 12880
f 12760 12881 12880
f 12760 12761 12881
f 12761 12882 12881
f 12761 12762 12882
f 12762 12883 12882
f 12762 12763 12883
f 12763 12884 12883
f 12763 12764 12884
f 12764 12885 12884
f 12764 12765 12885
f 12765 12886 12885
f 12765 12766 12886
f 12766 12887 12886
f 12766 12767 12887
f 12767 12888 12887
f 12767 12768 12888
f 12768 12889 12888
f 12768 12769 12889
f 12769 12890 12889
f 12769 12770 12890
f 12770 12891 12890
f 12770 12771 12891
f 12771 12892 12891
f 12771 12772 12892
f 12772 12893 12892
f 12772 12773 12893
f 12773 12894 12893
f 12773 12774 12894
f 12774 12895 12894
f 12774 12775 12895
f 12775 12896 12895
f 12775 12776 12896
f 12776 12897 12896
f 12776 12777 12897
f 12777 12898 12897
f 12777 12778 12898
f 12778 12899 12898
f 12778 12779 12899
f 12779 12900 12899
f 12779 12780 12900
f 12780 12901 12900
f 12780 12781 12901
f 12781 12902 12901
f 12781 12782 12902
f 12782 12903 12902
f 12782 12783 12903
f 12783 12904 12903
f 12783 12784 12904
f 12784 12905 12904
f 12784 12785 12905
f 12785 12906 12905
f 12785 12786 12906
f 12786 12907 12906
f 12786 12787 12907
f 12787 12908 12907
f 12787 12788 12908
f 12788 12909 12908
f 12788 12789 12909
f 12789 12910 12909
f 12789 12790 12910
f 12790 12911 12910
f 12790 12791 12911
f 12791 12912 12911
f 12791 12792 12912
f 12792 12913 12912
f 12792 12793 12913
f 12793 12914 12913
f 12793 12794 12914
f 12794 12915 12914
f 12794 12795 12915
f 12795 12916 12915
f 12795 12796 12916
f 12796 12917 12916
f 12796 12797 12917
f 12797 12918 12917
f 12797 12798 12918
f 12798 12919 12918
f 12798 12799 12919
f 12799 12920 12919
f 12799 12800 12920
f 12800 12921 12920
f 12800 12801 12921
f 12801 12922 12921
f 12801 12802 12922
f 12802 12923 12922
f 12802 12803 12923
f 12803 12924 12923
f 12803 12804 12924
f 12804 12925 12924
f 12804 12805 12925
f 12805 12926 12925
f 12805 12806 12926
f 12806 12927 12926
f 12806 12807 12927
f 12807 12928 12927
f 12807 12808 12928
f 12808 12929 12928
f 12808 12809 12929
f 12809 12930 12929
f 12809 12810 12930
f 12810 12931 12930
f 12810 12811 12931
f 12811 12932 12931
f 12811 12812 12932
f 12812 12933 12932
f 12812 12813 12933
f 12813 12934 12933
f 12813 12814 12934
f 12814 12935 12934
f 12814 12815 12935
f 12815 12936 12935
f 12815 12816 12936
f 12816 12937 12936
f 12816 12817 12937
f 12817 12938 12937
f 12817 12818 12938
f 12818 12939 12938
f 12818 12819 12939
f 12819 12940 12939
f 12819 12820 12940
f 12820 12941 12940
f 12820 12821 12941
f 12821 12942 12941
f 12821 12822 12942
f 12822 12943 12942
f 12822 12823 12943
f 12823 12944 12943
f 12823 12824 12944
f 12824 12945 12944
f 12824 12825 12945
f 12825 12946 12945
f 12825 12826 12946
f 12826 12947 12946
f 12827 12828 12948
f 12828 12949 12948
f 12828 12829 12949
f 12829 12950 12949
f 12829 12830 12950
f 12830 12951 12950
f 12830 12831 12951
f 12831 12952 12951
f 12831 12832 12952
f 12832 12953 12952
f 12832 12833 12953
f 12833 12954 12953
f 12833 12834 12954
f 12834 12955 12954
f 12834 12835 12955
f 12835 12956 12955
f 12835 12836 12956
f 12836 12957 12956
f 12836 12837 12957
f 12837 12958 12957
f 12837 12838 12958
f 12838 12959 12958
f 12838 12839 12959
f 12839 12960 12959
f 12839 12840 12960
f 12840 12961 12960
f 12840 12841 12961
f 12841 12962 12961
f 12841 12842 12962
f 12842 12963 12962
f 12842 12843 12963
f 12843 12964 12963
f 12843 12844 12964
f 12844 12965 12964
f 12844 12845 12965
f 12845 12966 12965
f 12845 12846 12966
f 12846 12967 12966
f 12846 12847 12967
f 12847 12968 12967
f 12847 12848 12968
f 12848 12969 12968
f 12848 12849 12969
f 12849 12970 12969
f 12849 12850 12970
f 12850 12971 12970
f 12850 12851 12971
f 12851 12972 12971
f 12851 12852 12972
f 12852 12973 12972
f 12852 12853 12973
f 12853 12974 12973
f 12853 12854 12974
f 12854 12975 12974
f 12854 12855 12975
f 12855 12976 12975
f 12855 12856 12976
f 12856 12977 12976
f 12856 12857 12977
f 12857 12978 12977
f 12857 12858 12978
f 12858 12979 12978
f 12858 12859 12979
f 12859 12980 12979
f 12859 12860 12980
f 12860 12981 12980
f 12860 12861 12981
f 12861 12982 12981
f 12861 12862 12982
f 12862 12983 12982
f 12862 12863 12983
f 12863 12984 12983
f 12863 12864 12984
f 12864 12985 12984
f 12864 12865 12985
f 12865 12986 12985
f 12865 12866 12986
f 12866 12987 12986
f 12866 12867 12987
f 12867 12988 12987
f 12867 12868 12988
f 12868 12989 12988
f 12868 12869 12989
f 12869 12990 12989
f 12869 12870 12990
f 12870 12991 12990
f 12870 12871 12991
f 12871 12992 12991
f 12871 12872 12992
f 12872 12993 12992
f 12872 12873 12993
f 12873 12994 12993
f 12873 12874 12994
f 12874 12995 12994
f 12874 12875 12995
f 12875 12996 12995
f 12875 12876 12996
f 12876 12997 12996
f 12876 12877 12997
f 12877 12998 12997
f 12877 12878 12998
f 12878 12999 12998
f 12878 12879 12999
f 12879 13000 12999
f 12879 12880 13000
f 12880 13001 13000
f 12880 12881 13001
f 12881 13002 13001
f 12881 12882 13002
f 12882 13003 13002
f 12882 12883 13003
f 12883 13004 13003
f 12883 12884 13004
f 12884 13005 13004
f 12884 12885 13005
f 12885 13006 13005
f 12885 12886 13006
f 12886 13007 13006
f 12886 12887 13007
f 12887 13008 13007
f 12887 12888 13008
f 12888 13009 13008
f 12888 12889 13009
f 12889 13010 13009
f 12889 12890 13010
f 12890 13011 13010
f 12890 12891 13011
f 12891 13012 13011
f 12891 12892 13012
f 12892 13013 13012
f 12892 12893 13013
f 12893 13014 13013
f 12893 12894 13014
f 12894 13015 13014
f 12894 12895 13015
f 12895 13016 13015
f 12895 12896 13016
f 12896 13017 13016
f 12896 12897 13017
f 12897 13018 13017
f 12897 12898 13018
f 12898 13019 13018
f 12898 12899 13019
f 12899 13020 13019
f 12899 12900 13020
f 12900 13021 13020
f 12900 12901 13021
f 12901 13022 13021
f 12901 12902 13022
f 12902 13023 13022
f 12902 12903 13023
f 12903 13024 13023
f 12903 12904 13024
f 12904 13025 13024
f 12904 12905 13025
f 12905 13026 13025
f 12905 12906 13026
f 12906 13027 13026
f 12906 12907 13027
f 12907 13028 13027
f 12907 12908 13028
f 12908 13029 13028
f 12908 12909 13029
f 12909 13030 13029
f 12909 12910 13030
f 12910 13031 13030
f 12910 12911 13031
f 12911 13032 13031
f 12911 12912 13032
f 12912 13033 13032
f 12912 12913 13033
f 12913 13034 13033
f 12913 12914 13034
f 12914 13035 13034
f 12914 12915 13035
f 12915 13036 13035
f 12915 12916 13036
f 12916 13037 13036
f 12916 12917 13037
f 12917 13038 13037
f 12917 12918 13038
f 12918 13039 13038
f 12918 12919 13039
f 12919 13040 13039
f 12919 12920 13040
f 12920 13041 13040
f 12920 12921 13041
f 12921 13042 13041
f 12921 12922 13042
f 12922 13043 13042
f 12922 12923 13043
f 12923 13044 13043
f 12923 12924 13044
f 12924 13045 13044
f 12924 12925 13045
f 12925 13046 13045
f 12925 12926 13046
f 12926 13047 13046
f 12926 12927 13047
f 12927 13048 13047
f 12927 12928 13048
f 12928 13049 13048
f 12928 12929 13049
f 12929 13050 13049
f 12929 12930 13050
f 12930 13051 13050
f 12930 12931 13051
f 12931 13052 13051
f 12931 12932 13052
f 12932 13053 13052
f 12932 12933 13053
f 12933 13054 13053
f 12933 12934 13054
f 12934 13055 13054
f 12934 12935 13055
f 12935 13056 13055
f 12935 12936 13056
f 12936 13057 13056
f 12936 12937 13057
f 12937 13058 13057
f 12937 12938 13058
f 12938 13059 13058
f 12938 12939 13059
f 12939 13060 13059
f 12939 12940 13060
f 12940 13061 13060
f 12940 12941 13061
f 12941 13062 13061
f 12941 12942 13062
f 12942 13063 13062
f 12942 12943 13063
f 12943 13064 13063
f 12943 12944 13064
f 12944 13065 13064
f 12944 12945 13065
f 12945 13066 13065
f 12945 12946 13066
f 12946 13067 13066
f 12946 12947 13067
f 12947 13068 13067
f 12948 12949 13069
f 12949 13070 13069
f 12949 12950 13070
f 12950 13071 13070
f 12950 12951 13071
f 12951 13072 13071
f 12951 12952 13072
f 12952 13073 13072
f 12952 12953 13073
f 12953 13074 13073
f 12953 12954 13074
f 12954 13075 13074
f 12954 12955 13075
f 12955 13076 13075
f 12955 12956 13076
f 12956 13077 13076
f 12956 12957 13077
f 12957 13078 13077
f 12957 12958 13078
f 12958 13079 13078
f 12958 12959 13079
f 12959 13080 13079
f 12959 12960 13080
f 12960 13081 13080
f 12960 12961 13081
f 12961 13082 13081
f 12961 12962 13082
f 12962 13083 13082
f 12962 12963 13083
f 12963 13084 13083
f 12963 12964 13084
f 12964 13085 13084
f 12964 12965 13085
f 12965 13086 13085
f 12965 12966 13086
f 12966 13087 13086
f 12966 12967 13087
f 12967 13088 13087
f 12967 12968 13088
f 12968 13089 13088
f 12968 12969 13089
f 12969 13090 13089
f 12969 12970 13090
f 12970 13091 13090
f 12970 12971 13091
f 12971 13092 13091
f 12971 12972 13092
f 12972 13093 13092
f 12972 12973 13093
f 12973 13094 13093
f 12973 12974 13094
f 12974 13095 13094
f 12974 12975 13095
f 12975 13096 13095
f 12975 12976 13096
f 12976 13097 13096
f 12976 12977 13097
f 12977 13098 13097
f 12977 12978 13098
f 12978 13099 13098
f 12978 12979 13099
f 12979 13100 13099
f 12979 12980 13100
f 12980 13101 13100
f 12980 12981 13101
f 12981 13102 13101
f 12981 12982 13102
f 12982 13103 13102
f 12982 12983 13103
f 12983 13104 13103
f 12983 12984 13104
f 12984 13105 13104
f 12984 12985 13105
f 12985 13106 13105
f 12985 12986 13106
f 12986 13107 13106
f 12986 12987 13107
f 12987 13108 13107
f 12987 12988 13108
f 12988 13109 13108
f 12988 12989 13109
f 12989 13110 13109
f 12989 12990 13110
f 12990 13111 13110
f 12990 12991 13111
f 12991 13112 13111
f 12991 12992 13112
f 12992 13113 13112
f 12992 12993 13113
f 12993 13114 13113
f 12993 12994 13114
f 12994 13115 13114
f 12994 12995 13115
f 12995 13116 13115
f 12995 12996 13116
f 12996 13117 13116
f 12996 12997 13117
f 12997 13118 13117
f 12997 12998 13118
f 12998 13119 13118
f 12998 12999 13119
f 12999 13120 13119
f 12999 13000 13120
f 13000 13121 13120
f 13000 13001 13121
f 13001 13122 13121
f 13001 13002 13122
f 13002 13123 13122
f 13002 13003 13123
f 13003 13124 13123
f 13003 13004 13124
f 13004 13125 13124
f 13004 13005 13125
f 13005 13126 13125
f 13005 13006 13126
f 13006 13127 13126
f 13006 13007 13127
f 13007 13128 13127
f 13007 13008 13128
f 13008 13129 13128
f 13008 13009 13129
f 13009 13130 13129
f 13009 13010 13130
f 13010 13131 13130
f 13010 13011 13131
f 13011 13132 13131
f 13011 13012 13132
f 13012 13133 13132
f 13012 13013 13133
f 13013 13134 13133
f 13013 13014 13134
f 13014 13135 13134
f 13014 13015 13135
f 13015 13136 13135
f 13015 13016 13136
f 13016 13137 13136
f 13016 13017 13137
f 13017 13138 13137
f 13017 13018 13138
f 13018 13139 13138
f 13018 13019 13139
f 13019 13140 13139
f 13019 13020 13140
f 13020 13141 13140
f 13020 13021 13141
f 13021 13142 13141
f 13021 13022 13142
f 13022 13143 13142
f 13022 13023 13143
f 13023 13144 13143
f 13023 13024 13144
f 13024 13145 13144
f 13024 13025 13145
f 13025 13146 13145
f 13025 13026 13146
f 13026 13147 13146
f 13026 13027 13147
f 13027 13148 13147
f 13027 13028 13148
f 13028 13149 13148
f 13028 13029 13149
f 13029 13150 13149
f 13029 13030 13150
f 13030 13151 13150
f 13030 13031 13151
f 13031 13152 13151
f 13031 13032 13152
f 13032 13153 13152
f 13032 13033 13153
f 13033 13154 13153
f 13033 13034 13154
f 13034 13155 13154
f 13034 13035 13155
f 13035 13156 13155
f 13035 13036 13156
f 13036 13157 13156
f 13036 13037 13157
f 13037 13158 13157
f 13037 13038 13158
f 13038 13159 13158
f 13038 13039 13159
f 13039 13160 13159
f 13039 13040 13160
f 13040 13161 13160
f 13040 13041 13161
f 13041 13162 13161
f 13041 13042 13162
f 13042 13163 13162
f 13042 13043 13163
f 13043 13164 13163
f 13043 13044 13164
f 13044 13165 13164
f 13044 13045 13165
f 13045 13166 13165
f 13045 13046 13166
f 13046 13167 13166
f 13046 13047 13167
f 13047 13168 13167
f 13047 13048 13168
f 13048 13169 13168
f 13048 13049 13169
f 13049 13170 13169
f 13049 13050 13170
f 13050 13171 13170
f 13050 13051 13171
f 13051 13172 13171
f 13051 13052 13172
f 13052 13173 13172
f 13052 13053 13173
f 13053 13174 13173
f 13053 13054 13174
f 13054 13175 13174
f 13054 13055 13175
f 13055 13176 13175
f 13055 13056 13176
f 13056 13177 13176
f 13056 13057 13177
f 13057 13178 13177
f 13057 13058 13178
f 13058 13179 13178
f 13058 13059 13179
f 13059 13180 13179
f 13059 13060 13180
f 13060 13181 13180
f 13060 13061 13181
f 13061 13182 13181
f 13061 13062 13182
f 13062 13183 13182
f 13062 13063 13183
f 13063 13184 13183
f 13063 13064 13184
f 13064 13185 13184
f 13064 13065 13185
f 13065 13186 13185
f 13065 13066 13186
f 13066 13187 13186
f 13066 13067 13187
f 13067 13188 13187
f 13067 13068 13188
f 13068 13189 13188
f 13069 13070 13190
f 13070 13191 13190
f 13070 13071 13191
f 13071 13192 13191
f 13071 13072 13192
f 13072 13193 13192
f 13072 13073 13193
f 13073 13194 13193
f 13073 13074 13194
f 13074 13195 13194
f 13074 13075 13195
f 13075 13196 13195
f 13075 13076 13196
f 13076 13197 13196
f 13076 13077 13197
f 13077 13198 13197
f 13077 13078 13198
f 13078 13199 13198
f 13078 13079 13199
f 13079 13200 13199
f 13079 13080 13200
f 13080 13201 13200
f 13080 13081 13201
f 13081 13202 13201
f 13081 13082 13202
f 13082 13203 13202
f 13082 13083 13203
f 13083 13204 13203
f 13083 13084 13204
f 13084 13205 13204
f 13084 13085 13205
f 13085 13206 13205
f 13085 13086 13206
f 13086 13207 13206
f 13086 13087 13207
f 13087 13208 13207
f 13087 13088 13208
f 13088 13209 13208
f 13088 13089 13209
f 13089 13210 13209
f 13089 13090 13210
f 13090 13211 13210
f 13090 13091 13211
f 13091 13212 13211
f 13091 13092 13212
f 13092 13213 13212
f 13092 13093 13213
f 13093 13214 13213
f 13093 13094 13214
f 13094 13215 13214
f 13094 13095 13215
f 13095 13216 13215
f 13095 13096 13216
f 13096 13217 13216
f 13096 13097 13217
f 13097 13218 13217
f 13097 13098 13218
f 13098 13219 13218
f 13098 13099 13219
f 13099 13220 13219
f 13099 13100 13220
f 13100 13221 13220
f 13100 13101 13221
f 13101 13222 13221
f 13101 13102 13222
f 13102 13223 13222
f 13102 13103 13223
f 13103 13224 13223
f 13103 13104 13224
f 13104 13225 13224
f 13104 13105 13225
f 13105 13226 13225
f 13105 13106 13226
f 13106 13227 13226
f 13106 13107 13227
f 13107 13228 13227
f 13107 13108 13228
f 13108 13229 13228
f 13108 13109 13229
f 13109 13230 13229
f 13109 13110 13230
f 13110 13231 13230
f 13110 13111 13231
f 13111 13232 13231
f 13111 13112 13232
f 13112 13233 13232
f 13112 13113 13233
f 13113 13234 13233
f 13113 13114 13234
f 13114 13235 13234
f 13114 13115 13235
f 13115 13236 13235
f 13115 13116 13236
f 13116 13237 13236
f 13116 13117 13237
f 13117 13238 13237
f 13117 13118 13238
f 13118 13239 13238
f 13118 13119 13239
f 13119 13240 13239
f 13119 13120 13240
f 13120 13241 13240
f 13120 13121 13241
f 13121 13242 13241
f 13121 13122 13242
f 13122 13243 13242
f 13122 13123 13243
f 13123 13244 13243
f 13123 13124 13244
f 13124 13245 13244
f 13124 13125 13245
f 13125 13246 13245
f 13125 13126 13246
f 13126 13247 13246
f 13126 13127 13247
f 13127 13248 13247
f 13127 13128 13248
f 13128 13249 13248
f 13128 13129 13249
f 13129 13250 13249
f 13129 13130 13250
f 13130 13251 13250
f 13130 13131 13251
f 13131 13252 13251
f 13131 13132 13252
f 13132 13253 13252
f 13132 13133 13253
f 13133 13254 13253
f 13133 13134 13254
f 13134 13255 13254
f 13134 13135 13255
f 13135 13256 13255
f 13135 13136 13256
f 13136 13257 13256
f 13136 13137 13257
f 13137 13258 13257
f 13137 13138 13258
f 13138 13259 13258
f 13138 13139 13259
f 13139 13260 13259
f 13139 13140 13260
f 13140 13261 13260
f 13140 13141 13261
f 13141 13262 13261
f 13141 13142 13262
f 13142 13263 13262
f 13142 13143 13263
f 13143 13264 13263
f 13143 13144 13264
f 13144 13265 13264
f 13144 13145 13265
f 13145 13266 13265
f 13145 13146 13266
f 13146 13267 13266
f 13146 13147 13267
f 13147 13268 13267
f 13147 13148 13268
f 13148 13269 13268
f 13148 13149 13269
f 13149 13270 13269
f 13149 13150 13270
f 13150 13271 13270
f 13150 13151 13271
f 13151 13272 13271
f 13151 13152 13272
f 13152 13273 13272
f 13152 13153 13273
f 13153 13274 13273
f 13153 13154 13274
f 13154 13275 13274
f 13154 13155 13275
f 13155 13276 13275
f 13155 13156 13276
f 13156 13277 13276
f 13156 13157 13277
f 13157 13278 13277
f 13157 13158 13278
f 13158 13279 13278
f 13158 13159 13279
f 13159 13280 13279
f 13159 13160 13280
f 13160 13281 13280
f 13160 13161 13281
f 13161 13282 13281
f 13161 13162 13282
f 13162 13283 13282
f 13162 13163 13283
f 13163 13284 13283
f 13163 13164 13284
f 13164 13285 13284
f 13164 13165 13285
f 13165 13286 13285
f 13165 13166 13286
f 13166 13287 13286
f 13166 13167 13287
f 13167 13288 13287
f 13167 13168 13288
f 13168 13289 13288
f 13168 13169 13289
f 13169 13290 13289
f 13169 13170 13290
f 13170 13291 13290
f 13170 13171 13291
f 13171 13292 13291
f 13171 13172 13292
f 13172 13293 13292
f 13172 13173 13293
f 13173 13294 13293
f 13173 13174 13294
f 13174 13295 13294
f 13174 13175 13295
f 13175 13296 13295
f 13175 13176 13296
f 13176 13297 13296
f 13176 13177 13297
f 13177 13298 13297
f 13177 13178 13298
f 13178 13299 13298
f 13178 13179 13299
f 13179 13300 13299
f 13179 13180 13300
f 13180 13301 13300
f 13180 13181 13301
f 13181 13302 13301
f 13181 13182 13302
f 13182 13303 13302
f 13182 13183 13303
f 13183 13304 13303
f 13183 13184 13304
f 13184 13305 13304
f 13184 13185 13305
f 13185 13306 13305
f 13185 13186 13306
f 13186 13307 13306
f 13186 13187 13307
f 13187 13308 13307
f 13187 13188 13308
f 13188 13309 13308
f 13188 13189 13309
f 13189 13310 13309
f 13190 13191 13311
f 13191 13312 13311
f 13191 13192 13312
f 13192 13313 13312
f 13192 13193 13313
f 13193 13314 13313
f 13193 13194 13314
f 13194 13315 13314
f 13194 13195 13315
f 13195 13316 13315
f 13195 13196 13316
f 13196 13317 13316
f 13196 13197 13317
f 13197 13318 13317
f 13197 13198 13318
f 13198 13319 13318
f 13198 13199 13319
f 13199 13320 13319
f 13199 13200 13320
f 13200 13321 13320
f 13200 13201 13321
f 13201 13322 13321
f 13201 13202 13322
f 13202 13323 13322
f 13202 13203 13323
f 13203 13324 13323
f 13203 13204 13324
f 13204 13325 13324
f 13204 13205 13325
f 13205 13326 13325
f 13205 13206 13326
f 13206 13327 13326
f 13206 13207 13327
f 13207 13328 13327
f 13207 13208 13328
f 13208 13329 13328
f 13208 13209 13329
f 13209 13330 13329
f 13209 13210 13330
f 13210 13331 13330
f 13210 13211 13331
f 13211 13332 13331
f 13211 13212 13332
f 13212 13333 13332
f 13212 13213 13333
f 13213 13334 13333
f 13213 13214 13334
f 13214 13335 13334
f 13214 13215 13335
f 13215 13336 13335
f 13215 13216 13336
f 13216 13337 13336
f 13216 13217 13337
f 13217 13338 13337
f 13217 13218 13338
f 13218 13339 13338
f 13218 13219 13339
f 13219 13340 13339
f 13219 13220 13340
f 13220 13341 13340
f 13220 13221 13341
f 13221 13342 13341
f 13221 13222 13342
f 13222 13343 13342
f 13222 13223 13343
f 13223 13344 13343
f 13223 13224 13344
f 13224 13345 13344
f 13224 13225 13345
f 13225 13346 13345
f 13225 13226 13346
f 13226 13347 13346
f 13226 13227 13347
f 13227 13348 13347
f 13227 13228 13348
f 13228 13349 13348
f 13228 13229 13349
f 13229 13350 13349
f 13229 13230 13350
f 13230 13351 13350
f 13230 13231 13351
f 13231 13352 13351
f 13231 13232 13352
f 13232 13353 13352
f 13232 13233 13353
f 13233 13354 13353
f 13233 13234 13354
f 13234 13355 13354
f 13234 13235 13355
f 13235 13356 13355
f 13235 13236 13356
f 13236 13357 13356
f 13236 13237 13357
f 13237 13358 13357
f 13237 13238 13358
f 13238 13359 13358
f 13238 13239 13359
f 13239 13360 13359
f 13239 13240 13360
f 13240 13361 13360
f 13240 13241 13361
f 13241 13362 13361
f 13241 13242 13362
f 13242 13363 13362
f 13242 13243 13363
f 13243 13364 13363
f 13243 13244 13364
f 13244 13365 13364
f 13244 13245 13365
f 13245 13366 13365
f 13245 13246 13366
f 13246 13367 13366
f 13246 13247 13367
f 13247 13368 13367
f 13247 13248 13368
f 13248 13369 13368
f 13248 13249 13369
f 13249 13370 13369
f 13249 13250 13370
f 13250 13371 13370
f 13250 13251 13371
f 13251 13372 13371
f 13251 13252 13372
f 13252 13373 13372
f 13252 13253 13373
f 13253 13374 13373
f 13253 13254 13374
f 13254 13375 13374
f 13254 13255 13375
f 13255 13376 13375
f 13255 13256 13376
f 13256 13377 13376
f 13256 13257 13377
f 13257 13378 13377
f 13257 13258 13378
f 13258 13379 13378
f 13258 13259 13379
f 13259 13380 13379
f 13259 13260 13380
f 13260 13381 13380
f 13260 13261 13381
f 13261 13382 13381
f 13261 13262 13382
f 13262 13383 13382
f 13262 13263 13383
f 13263 13384 13383
f 13263 13264 13384
f 13264 13385 13384
f 13264 13265 13385
f 13265 13386 13385
f 13265 13266 13386
f 13266 13387 13386
f 13266 13267 13387
f 13267 13388 13387
f 13267 13268 13388
f 13268 13389 13388
f 13268 13269 13389
f 13269 13390 13389
f 13269 13270 13390
f 13270 13391 13390
f 13270 13271 13391
f 13271 13392 13391
f 13271 13272 13392
f 13272 13393 13392
f 13272 13273 13393
f 13273 13394 13393
f 13273 13274 13394
f 13274 13395 13394
f 13274 13275 13395
f 13275 13396 13395
f 13275 13276 13396
f 13276 13397 13396
f 13276 13277 13397
f 13277 13398 13397
f 13277 13278 13398
f 13278 13399 13398
f 13278 13279 13399
f 13279 13400 13399
f 13279 13280 13400
f 13280 13401 13400
f 13280 13281 13401
f 13281 13402 13401
f 13281 13282 13402
f 13282 13403 13402
f 13282 13283 13403
f 13283 13404 13403
f 13283 13284 13404
f 13284 13405 13404
f 13284 13285 13405
f 13285 13406 13405
f 13285 13286 13406
f 13286 13407 13406
f 13286 13287 13407
f 13287 13408 13407
f 13287 13288 13408
f 13288 13409 13408
f 13288 13289 13409
f 13289 13410 13409
f 13289 13290 13410
f 13290 13411 13410
f 13290 13291 13411
f 13291 13412 13411
f 13291 13292 13412
f 13292 13413 13412
f 13292 13293 13413
f 13293 13414 13413
f 13293 13294 13414
f 13294 13415 13414
f 13294 13295 13415
f 13295 13416 13415
f 13295 13296 13416
f 13296 13417 13416
f 13296 13297 13417
f 13297 13418 13417
f 13297 13298 13418
f 13298 13419 13418
f 13298 13299 13419
f 13299 13420 13419
f 13299 13300 13420
f 13300 13421 13420
f 13300 13301 13421
f 13301 13422 13421
f 13301 13302 13422
f 13302 13423 13422
f 13302 13303 13423
f 13303 13424 13423
f 13303 13304 13424
f 13304 13425 13424
f 13304 13305 13425
f 13305 13426 13425
f 13305 13306 13426
f 13306 13427 13426
f 13306 13307 13427
f 13307 13428 13427
f 13307 13308 13428
f 13308 13429 13428
f 13308 13309 13429
f 13309 13430 13429
f 13309 13310 13430
f 13310 13431 13430
f 13311 13312 13432
f 13312 13433 13432
f 13312 13313 13433
f 13313 13434 13433
f 13313 13314 13434
f 13314 13435 13434
f 13314 13315 13435
f 13315 13436 13435
f 13315 13316 13436
f 13316 13437 13436
f 13316 13317 13437
f 13317 13438 13437
f 13317 13318 13438
f 13318 13439 13438
f 13318 13319 13439
f 13319 13440 13439
f 13319 13320 13440
f 13320 13441 13440
f 13320 13321 13441
f 13321 13442 13441
f 13321 13322 13442
f 13322 13443 13442
f 13322 13323 13443
f 13323 13444 13443
f 13323 13324 13444
f 13324 13445 13444
f 13324 13325 13445
f 13325 13446 13445
f 13325 13326 13446
f 13326 13447 13446
f 13326 13327 13447
f 13327 13448 13447
f 13327 13328 13448
f 13328 13449 13448
f 13328 13329 13449
f 13329 13450 13449
f 13329 13330 13450
f 13330 13451 13450
f 13330 13331 13451
f 13331 13452 13451
f 13331 13332 13452
f 13332 13453 13452
f 13332 13333 13453
f 13333 13454 13453
f 13333 13334 13454
f 13334 13455 13454
f 13334 13335 13455
f 13335 13456 13455
f 13335 13336 13456
f 13336 13457 13456
f 13336 13337 13457
f 13337 13458 13457
f 13337 13338 13458
f 13338 13459 13458
f 13338 13339 13459
f 13339 13460 13459
f 13339 13340 13460
f 13340 13461 13460
f 13340 13341 13461
f 13341 13462 13461
f 13341 13342 13462
f 13342 13463 13462
f 13342 13343 13463
f 13343 13464 13463
f 13343 13344 13464
f 13344 13465 13464
f 13344 13345 13465
f 13345 13466 13465
f 13345 13346 13466
f 13346 13467 13466
f 13346 13347 13467
f 13347 13468 13467
f 13347 13348 13468
f 13348 13469 13468
f 13348 13349 13469
f 13349 13470 13469
f 13349 13350 13470
f 13350 13471 13470
f 13350 13351 13471
f 13351 13472 13471
f 13351 13352 13472
f 13352 13473 13472
f 13352 13353 13473
f 13353 13474 13473
f 13353 13354 13474
f 13354 13475 13474
f 13354 13355 13475
f 13355 13476 13475
f 13355 13356 13476
f 13356 13477 13476
f 13356 13357 13477
f 13357 13478 13477
f 13357 13358 13478
f 13358 13479 13478
f 13358 13359 13479
f 13359 13480 13479
f 13359 13360 13480
f 13360 13481 13480
f 13360 13361 13481
f 13361 13482 13481
f 13361 13362 13482
f 13362 13483 13482
f 13362 13363 13483
f 13363 13484 13483
f 13363 13364 13484
f 13364 13485 13484
f 13364 13365 13485
f 13365 13486 13485
f 13365 13366 13486
f 13366 13487 13486
f 13366 13367 13487
f 13367 13488 13487
f 13367 13368 13488
f 13368 13489 13488
f 13368 13369 13489
f 13369 13490 13489
f 13369 13370 13490
f 13370 13491 13490
f 13370 13371 13491
f 13371 13492 13491
f 13371 13372 13492
f 13372 13493 13492
f 13372 13373 13493
f 13373 13494 13493
f 13373 13374 13494
f 13374 13495 13494
f 13374 13375 13495
f 13375 13496 13495
f 13375 13376 13496
f 13376 13497 13496
f 13376 13377 13497
f 13377 13498 13497
f 13377 13378 13498
f 13378 13499 13498
f 13378 13379 13499
f 13379 13500 13499
f 13379 13380 13500
f 13380 13501 13500
f 13380 13381 13501
f 13381 13502 13501
f 13381 13382 13502
f 13382 13503 13502
f 13382 13383 13503
f 13383 13504 13503
f 13383 13384 13504
f 13384 13505 13504
f 13384 13385 13505
f 13385 13506 13505
f 13385 13386 13506
f 13386 13507 13506
f 13386 13387 13507
f 13387 13508 13507
f 13387 13388 13508
f 13388 13509 13508
f 13388 13389 13509
f 13389 13510 13509
f 13389 13390 13510
f 13390 13511 13510
f 13390 13391 13511
f 13391 13512 13511
f 13391 13392 13512
f 13392 13513 13512
f 13392 13393 13513
f 13393 13514 13513
f 13393 13394 13514
f 13394 13515 13514
f 13394 13395 13515
f 13395 13516 13515
f 13395 13396 13516
f 13396 13517 13516
f 13396 13397 13517
f 13397 13518 13517
f 13397 13398 13518
f 13398 13519 13518
f 13398 13399 13519
f 13399 13520 13519
f 13399 13400 13520
f 13400 13521 13520
f 13400 13401 13521
f 13401 13522 13521
f 13401 13402 13522
f 13402 13523 13522
f 13402 13403 13523
f 13403 13524 13523
f 13403 13404 13524
f 13404 13525 13524
f 13404 13405 13525
f 13405 13526 13525
f 13405 13406 13526
f 13406 13527 13526
f 13406 13407 13527
f 13407 13528 13527
f 13407 13408 13528
f 13408 13529 13528
f 13408 13409 13529
f 13409 13530 13529
f 13409 13410 13530
f 13410 13531 13530
f 13410 13411 13531
f 13411 13532 13531
f 13411 13412 13532
f 13412 13533 13532
f 13412 13413 13533
f 13413 13534 13533
f 13413 13414 13534
f 13414 13535 13534
f 13414 13415 13535
f 13415 13536 13535
f 13415 13416 13536
f 13416 13537 13536
f 13416 13417 13537
f 13417 13538 13537
f 13417 13418 13538
f 13418 13539 13538
f 13418 13419 13539
f 13419 13540 13539
f 13419 13420 13540
f 13420 13541 13540
f 13420 13421 13541
f 13421 13542 13541
f 13421 13422 13542
f 13422 13543 13542
f 13422 13423 13543
f 13423 13544 13543
f 13423 13424 13544
f 13424 13545 13544
f 13424 13425 13545
f 13425 13546 13545
f 13425 13426 13546
f 13426 13547 13546
f 13426 13427 13547
f 13427 13548 13547
f 13427 13428 13548
f 13428 13549 13548
f 13428 13429 13549
f 13429 13550 13549
f 13429 13430 13550
f 13430 13551 13550
f 13430 13431 13551
f 13431 13552 13551
f 13432 13433 13553
f 13433 13554 13553
f 13433 13434 13554
f 13434 13555 13554
f 13434 13435 13555
f 13435 13556 13555
f 13435 13436 13556
f 13436 13557 13556
f 13436 13437 13557
f 13437 13558 13557
f 13437 13438 13558
f 13438 13559 13558
f 13438 13439 13559
f 13439 13560 13559
f 13439 13440 13560
f 13440 13561 13560
f 13440 13441 13561
f 13441 13562 13561
f 13441 13442 13562
f 13442 13563 13562
f 13442 13443 13563
f 13443 13564 13563
f 13443 13444 13564
f 13444 13565 13564
f 13444 13445 13565
f 13445 13566 13565
f 13445 13446 13566
f 13446 13567 13566
f 13446 13447 13567
f 13447 13568 13567
f 13447 13448 13568
f 13448 13569 13568
f 13448 13449 13569
f 13449 13570 13569
f 13449 13450 13570
f 13450 13571 13570
f 13450 13451 13571
f 13451 13572 13571
f 13451 13452 13572
f 13452 13573 13572
f 13452 13453 13573
f 13453 13574 13573
f 13453 13454 13574
f 13454 13575 13574
f 13454 13455 13575
f 13455 13576 13575
f 13455 13456 13576
f 13456 13577 13576
f 13456 13457 13577
f 13457 13578 13577
f 13457 13458 13578
f 13458 13579 13578
f 13458 13459 13579
f 13459 13580 13579
f 13459 13460 13580
f 13460 13581 13580
f 13460 13461 13581
f 13461 13582 13581
f 13461 13462 13582
f 13462 13583 13582
f 13462 13463 13583
f 13463 13584 13583
f 13463 13464 13584
f 13464 13585 13584
f 13464 13465 13585
f 13465 13586 13585
f 13465 13466 13586
f 13466 13587 13586
f 13466 13467 13587
f 13467 13588 13587
f 13467 13468 13588
f 13468 13589 13588
f 13468 13469 13589
f 13469 13590 13589
f 13469 13470 13590
f 13470 13591 13590
f 13470 13471 13591
f 13471 13592 13591
f 13471 13472 13592
f 13472 13593 13592
f 13472 13473 13593
f 13473 13594 13593
f 13473 13474 13594
f 13474 13595 13594
f 13474 13475 13595
f 13475 13596 13595
f 13475 13476 13596
f 13476 13597 13596
f 13476 13477 13597
f 13477 13598 13597
f 13477 13478 13598
f 13478 13599 13598
f 13478 13479 13599
f 13479 13600 13599
f 13479 13480 13600
f 13480 13601 13600
f 13480 13481 13601
f 13481 13602 13601
f 13481 13482 13602
f 13482 13603 13602
f 13482 13483 13603
f 13483 13604 13603
f 13483 13484 13604
f 13484 13605 13604
f 13484 13485 13605
f 13485 13606 13605
f 13485 13486 13606
f 13486 13607 13606
f 13486 13487 13607
f 13487 13608 13607
f 13487 13488 13608
f 13488 13609 13608
f 13488 13489 13609
f 13489 13610 13609
f 13489 13490 13610
f 13490 13611 13610
f 13490 13491 13611
f 13491 13612 13611
f 13491 13492 13612
f 13492 13613 13612
f 13492 13493 13613
f 13493 13614 13613
f 13493 13494 13614
f 13494 13615 13614
f 13494 13495 13615
f 13495 13616 13615
f 13495 13496 13616
f 13496 13617 13616
f 13496 13497 13617
f 13497 13618 13617
f 13497 13498 13618
f 13498 13619 13618
f 13498 13499 13619
f 13499 13620 13619
f 13499 13500 13620
f 13500 13621 13620
f 13500 13501 13621
f 13501 13622 13621
f 13501 13502 13622
f 13502 13623 13622
f 13502 13503 13623
f 13503 13624 13623
f 13503 13504 13624
f 13504 13625 13624
f 13504 13505 13625
f 13505 13626 13625
f 13505 13506 13626
f 13506 13627 13626
f 13506 13507 13627
f 13507 13628 13627
f 13507 13508 13628
f 13508 13629 13628
f 13508 13509 13629
f 13509 13630 13629
f 13509 13510 13630
f 13510 13631 13630
f 13510 13511 13631
f 13511 13632 13631
f 13511 13512 13632
f 13512 13633 13632
f 13512 13513 13633
f 13513 13634 13633
f 13513 13514 13634
f 13514 13635 13634
f 13514 13515 13635
f 13515 13636 13635
f 13515 13516 13636
f 13516 13637 13636
f 13516 13517 13637
f 13517 13638 13637
f 13517 13518 13638
f 13518 13639 13638
f 13518 13519 13639
f 13519 13640 13639
f 13519 13520 13640
f 13520 13641 13640
f 13520 13521 13641
f 13521 13642 13641
f 13521 13522 13642
f 13522 13643 13642
f 13522 13523 13643
f 13523 13644 13643
f 13523 13524 13644
f 13524 13645 13644
f 13524 13525 13645
f 13525 13646 13645
f 13525 13526 13646
f 13526 13647 13646
f 13526 13527 13647
f 13527 13648 13647
f 13527 13528 13648
f 13528 13649 13648
f 13528 13529 13649
f 13529 13650 13649
f 13529 13530 13650
f 13530 13651 13650
f 13530 13531 13651
f 13531 13652 13651
f 13531 13532 13652
f 13532 13653 13652
f 13532 13533 13653
f 13533 13654 13653
f 13533 13534 13654
f 13534 13655 13654
f 13534 13535 13655
f 13535 13656 13655
f 13535 13536 13656
f 13536 13657 13656
f 13536 13537 13657
f 13537 13658 13657
f 13537 13538 13658
f 13538 13659 13658
f 13538 13539 13659
f 13539 13660 13659
f 13539 13540 13660
f 13540 13661 13660
f 13540 13541 13661
f 13541 13662 13661
f 13541 13542 13662
f 13542 13663 13662
f 13542 13543 13663
f 13543 13664 13663
f 13543 13544 13664
f 13544 13665 13664
f 13544 13545 13665
f 13545 13666 13665
f 13545 13546 13666
f 13546 13667 13666
f 13546 13547 13667
f 13547 13668 13667
f 13547 13548 13668
f 13548 13669 13668
f 13548 13549 13669
f 13549 13670 13669
f 13549 13550 13670
f 13550 13671 13670
f 13550 13551 13671
f 13551 13672 13671
f 13551 13552 13672
f 13552 13673 13672
f 13553 13554 13674
f 13554 13675 13674
f 13554 13555 13675
f 13555 13676 13675
f 13555 13556 13676
f 13556 13677 13676
f 13556 13557 13677
f 13557 13678 13677
f 13557 13558 13678
f 13558 13679 13678
f 13558 13559 13679
f 13559 13680 13679
f 13559 13560 13680
f 13560 13681 13680
f 13560 13561 13681
f 13561 13682 13681
f 13561 13562 13682
f 13562 13683 13682
f 13562 13563 13683
f 13563 13684 13683
f 13563 13564 13684
f 13564 13685 13684
f 13564 13565 13685
f 13565 13686 13685
f 13565 13566 13686
f 13566 13687 13686
f 13566 13567 13687
f 13567 13688 13687
f 13567 13568 13688
f 13568 13689 13688
f 13568 13569 13689
f 13569 13690 13689
f 13569 13570 13690
f 13570 13691 13690
f 13570 13571 13691
f 13571 13692 13691
f 13571 13572 13692
f 13572 13693 13692
f 13572 13573 13693
f 13573 13694 13693
f 13573 13574 13694
f 13574 13695 13694
f 13574 13575 13695
f 13575 13696 13695
f 13575 13576 13696
f 13576 13697 13696
f 13576 13577 13697
f 13577 13698 13697
f 13577 13578 13698
f 13578 13699 13698
f 13578 13579 13699
f 13579 13700 13699
f 13579 13580 13700
f 13580 13701 13700
f 13580 13581 13701
f 13581 13702 13701
f 13581 13582 13702
f 13582 13703 13702
f 13582 13583 13703
f 13583 13704 13703
f 13583 13584 13704
f 13584 13705 13704
f 13584 13585 13705
f 13585 13706 13705
f 13585 13586 13706
f 13586 13707 13706
f 13586 13587 13707
f 13587 13708 13707
f 13587 13588 13708
f 13588 13709 13708
f 13588 13589 13709
f 13589 13710 13709
f 13589 13590 13710
f 13590 13711 13710
f 13590 13591 13711
f 13591 13712 13711
f 13591 13592 13712
f 13592 13713 13712
f 13592 13593 13713
f 13593 13714 13713
f 13593 13594 13714
f 13594 13715 13714
f 13594 13595 13715
f 13595 13716 13715
f 13595 13596 13716
f 13596 13717 13716
f 13596 13597 13717
f 13597 13718 13717
f 13597 13598 13718
f 13598 13719 13718
f 13598 13599 13719
f 13599 13720 13719
f 13599 13600 13720
f 13600 13721 13720
f 13600 13601 13721
f 13601 13722 13721
f 13601 13602 13722
f 13602 13723 13722
f 13602 13603 13723
f 13603 13724 13723
f 13603 13604 13724
f 13604 13725 13724
f 13604 13605 13725
f 13605 13726 13725
f 13605 13606 13726
f 13606 13727 13726
f 13606 13607 13727
f 13607 13728 13727
f 13607 13608 13728
f 13608 13729 13728
f 13608 13609 13729
f 13609 13730 13729
f 13609 13610 13730
f 13610 13731 13730
f 13610 13611 13731
f 13611 13732 13731
f 13611 13612 13732
f 13612 13733 13732
f 13612 13613 13733
f 13613 13734 13733
f 13613 13614 13734
f 13614 13735 13734
f 13614 13615 13735
f 13615 13736 13735
f 13615 13616 13736
f 13616 13737 13736
f 13616 13617 13737
f 13617 13738 13737
f 13617 13618 13738
f 13618 13739 13738
f 13618 13619 13739
f 13619 13740 13739
f 13619 13620 13740
f 13620 13741 13740
f 13620 13621 13741
f 13621 13742 13741
f 13621 13622 13742
f 13622 13743 13742
f 13622 13623 13743
f 13623 13744 13743
f 13623 13624 13744
f 13624 13745 13744
f 13624 13625 13745
f 13625 13746 13745
f 13625 13626 13746
f 13626 13747 13746
f 13626 13627 13747
f 13627 13748 13747
f 13627 13628 13748
f 13628 13749 13748
f 13628 13629 13749
f 13629 13750 13749
f 13629 13630 13750
f 13630 13751 13750
f 13630 13631 13751
f 13631 13752 13751
f 13631 13632 13752
f 13632 13753 13752
f 13632 13633 13753
f 13633 13754 13753
f 13633 13634 13754
f 13634 13755 13754
f 13634 13635 13755
f 13635 13756 13755
f 13635 13636 13756
f 13636 13757 13756
f 13636 13637 13757
f 13637 13758 13757
f 13637 13638 13758
f 13638 13759 13758
f 13638 13639 13759
f 13639 13760 13759
f 13639 13640 13760
f 13640 13761 13760
f 13640 13641 13761
f 13641 13762 13761
f 13641 13642 13762
f 13642 13763 13762
f 13642 13643 13763
f 13643 13764 13763
f 13643 13644 13764
f 13644 13765 13764
f 13644 13645 13765
f 13645 13766 13765
f 13645 13646 13766
f 13646 13767 13766
f 13646 13647 13767
f 13647 13768 13767
f 13647 13648 13768
f 13648 13769 13768
f 13648 13649 13769
f 13649 13770 13769
f 13649 13650 13770
f 13650 13771 13770
f 13650 13651 13771
f 13651 13772 13771
f 13651 13652 13772
f 13652 13773 13772
f 13652 13653 13773
f 13653 13774 13773
f 13653 13654 13774
f 13654 13775 13774
f 13654 13655 13775
f 13655 13776 13775
f 13655 13656 13776
f 13656 13777 13776
f 13656 13657 13777
f 13657 13778 13777
f 13657 13658 13778
f 13658 13779 13778
f 13658 13659 13779
f 13659 13780 13779
f 13659 13660 13780
f 13660 13781 13780
f 13660 13661 13781
f 13661 13782 13781
f 13661 13662 13782
f 13662 13783 13782
f 13662 13663 13783
f 13663 13784 13783
f 13663 13664 13784
f 13664 13785 13784
f 13664 13665 13785
f 13665 13786 13785
f 13665 13666 13786
f 13666 13787 13786
f 13666 13667 13787
f 13667 13788 13787
f 13667 13668 13788
f 13668 13789 13788
f 13668 13669 13789
f 13669 13790 13789
f 13669 13670 13790
f 13670 13791 13790
f 13670 13671 13791
f 13671 13792 13791
f 13671 13672 13792
f 13672 13793 13792
f 13672 13673 13793
f 13673 13794 13793
f 13674 13675 13795
f 13675 13796 13795
f 13675 13676 13796
f 13676 13797 13796
f 13676 13677 13797
f 13677 13798 13797
f 13677 13678 13798
f 13678 13799 13798
f 13678 13679 13799
f 13679 13800 13799
f 13679 13680 13800
f 13680 13801 13800
f 13680 13681 13801
f 13681 13802 13801
f 13681 13682 13802
f 13682 13803 13802
f 13682 13683 13803
f 13683 13804 13803
f 13683 13684 13804
f 13684 13805 13804
f 13684 13685 13805
f 13685 13806 13805
f 13685 13686 13806
f 13686 13807 13806
f 13686 13687 13807
f 13687 13808 13807
f 13687 13688 13808
f 13688 13809 13808
f 13688 13689 13809
f 13689 13810 13809
f 13689 13690 13810
f 13690 13811 13810
f 13690 13691 13811
f 13691 13812 13811
f 13691 13692 13812
f 13692 13813 13812
f 13692 13693 13813
f 13693 13814 13813
f 13693 13694 13814
f 13694 13815 13814
f 13694 13695 13815
f 13695 13816 13815
f 13695 13696 13816
f 13696 13817 13816
f 13696 13697 13817
f 13697 13818 13817
f 13697 13698 13818
f 13698 13819 13818
f 13698 13699 13819
f 13699 13820 13819
f 13699 13700 13820
f 13700 13821 13820
f 13700 13701 13821
f 13701 13822 13821
f 13701 13702 13822
f 13702 13823 13822
f 13702 13703 13823
f 13703 13824 13823
f 13703 13704 13824
f 13704 13825 13824
f 13704 13705 13825
f 13705 13826 13825
f 13705 13706 13826
f 13706 13827 13826
f 13706 13707 13827
f 13707 13828 13827
f 13707 13708 13828
f 13708 13829 13828
f 13708 13709 13829
f 13709 13830 13829
f 13709 13710 13830
f 13710 13831 13830
f 13710 13711 13831
f 13711 13832 13831
f 13711 13712 13832
f 13712 13833 13832
f 13712 13713 13833
f 13713 13834 13833
f 13713 13714 13834
f 13714 13835 13834
f 13714 13715 13835
f 13715 13836 13835
f 13715 13716 13836
f 13716 13837 13836
f 13716 13717 13837
f 13717 13838 13837
f 13717 13718 13838
f 13718 13839 13838
f 13718 13719 13839
f 13719 13840 13839
f 13719 13720 13840
f 13720 13841 13840
f 13720 13721 13841
f 13721 13842 13841
f 13721 13722 13842
f 13722 13843 13842
f 13722 13723 13843
f 13723 13844 13843
f 13723 13724 13844
f 13724 13845 13844
f 13724 13725 13845
f 13725 13846 13845
f 13725 13726 13846
f 13726 13847 13846
f 13726 13727 13847
f 13727 13848 13847
f 13727 13728 13848
f 13728 13849 13848
f 13728 13729 13849
f 13729 13850 13849
f 13729 13730 13850
f 13730 13851 13850
f 13730 13731 13851
f 13731 13852 13851
f 13731 13732 13852
f 13732 13853 13852
f 13732 13733 13853
f 13733 13854 13853
f 13733 13734 13854
f 13734 13855 13854
f 13734 13735 13855
f 13735 13856 13855
f 13735 13736 13856
f 13736 13857 13856
f 13736 13737 13857
f 13737 13858 13857
f 13737 13738 13858
f 13738 13859 13858
f 13738 13739 13859
f 13739 13860 13859
f 13739 13740 13860
f 13740 13861 13860
f 13740 13741 13861
f 13741 13862 13861
f 13741 13742 13862
f 13742 13863 13862
f 13742 13743 13863
f 13743 13864 13863
f 13743 13744 13864
f 13744 13865 13864
f 13744 13745 13865
f 13745 13866 13865
f 13745 13746 13866
f 13746 13867 13866
f 13746 13747 13867
f 13747 13868 13867
f 13747 13748 13868
f 13748 13869 13868
f 13748 13749 13869
f 13749 13870 13869
f 13749 13750 13870
f 13750 13871 13870
f 13750 13751 13871
f 13751 13872 13871
f 13751 13752 13872
f 13752 13873 13872
f 13752 13753 13873
f 13753 13874 13873
f 13753 13754 13874
f 13754 13875 13874
f 13754 13755 13875
f 13755 13876 13875
f 13755 13756 13876
f 13756 13877 13876
f 13756 13757 13877
f 13757 13878 13877
f 13757 13758 13878
f 13758 13879 13878
f 13758 13759 13879
f 13759 13880 13879
f 13759 13760 13880
f 13760 13881 13880
f 13760 13761 13881
f 13761 13882 13881
f 13761 13762 13882
f 13762 13883 13882
f 13762 13763 13883
f 13763 13884 13883
f 13763 13764 13884
f 13764 13885 13884
f 13764 13765 13885
f 13765 13886 13885
f 13765 13766 13886
f 13766 13887 13886
f 13766 13767 13887
f 13767 13888 13887
f 13767 13768 13888
f 13768 13889 13888
f 13768 13769 13889
f 13769 13890 13889
f 13769 13770 13890
f 13770 13891 13890
f 13770 13771 13891
f 13771 13892 13891
f 13771 13772 13892
f 13772 13893 13892
f 13772 13773 13893
f 13773 13894 13893
f 13773 13774 13894
f 13774 13895 13894
f 13774 13775 13895
f 13775 13896 13895
f 13775 13776 13896
f 13776 13897 13896
f 13776 13777 13897
f 13777 13898 13897
f 13777 13778 13898
f 13778 13899 13898
f 13778 13779 13899
f 13779 13900 13899
f 13779 13780 13900
f 13780 13901 13900
f 13780 13781 13901
f 13781 13902 13901
f 13781 13782 13902
f 13782 13903 13902
f 13782 13783 13903
f 13783 13904 13903
f 13783 13784 13904
f 13784 13905 13904
f 13784 13785 13905
f 13785 13906 13905
f 13785 13786 13906
f 13786 13907 13906
f 13786 13787 13907
f 13787 13908 13907
f 13787 13788 13908
f 13788 13909 13908
f 13788 13789 13909
f 13789 13910 13909
f 13789 13790 13910
f 13790 13911 13910
f 13790 13791 13911
f 13791 13912 13911
f 13791 13792 13912
f 13792 13913 13912
f 13792 13793 13913
f 13793 13914 13913
f 13793 13794 13914
f 13794 13915 13914
f 13795 13796 13916
f 13796 13917 13916
f 13796 13797 13917
f 13797 13918 13917
f 13797 13798 13918
f 13798 13919 13918
f 13798 13799 13919
f 13799 13920 13919
f 13799 13800 13920
f 13800 13921 13920
f 13800 13801 13921
f 13801 13922 13921
f 13801 13802 13922
f 13802 13923 13922
f 13802 13803 13923
f 13803 13924 13923
f 13803 13804 13924
f 13804 13925 13924
f 13804 13805 13925
f 13805 13926 13925
f 13805 13806 13926
f 13806 13927 13926
f 13806 13807 13927
f 13807 13928 13927
f 13807 13808 13928
f 13808 13929 13928
f 13808 13809 13929
f 13809 13930 13929
f 13809 13810 13930
f 13810 13931 13930
f 13810 13811 13931
f 13811 13932 13931
f 13811 13812 13932
f 13812 13933 13932
f 13812 13813 13933
f 13813 13934 13933
f 13813 13814 13934
f 13814 13935 13934
f 13814 13815 13935
f 13815 13936 13935
f 13815 13816 13936
f 13816 13937 13936
f 13816 13817 13937
f 13817 13938 13937
f 13817 13818 13938
f 13818 13939 13938
f 13818 13819 13939
f 13819 13940 13939
f 13819 13820 13940
f 13820 13941 13940
f 13820 13821 13941
f 13821 13942 13941
f 13821 13822 13942
f 13822 13943 13942
f 13822 13823 13943
f 13823 13944 13943
f 13823 13824 13944
f 13824 13945 13944
f 13824 13825 13945
f 13825 13946 13945
f 13825 13826 13946
f 13826 13947 13946
f 13826 13827 13947
f 13827 13948 13947
f 13827 13828 13948
f 13828 13949 13948
f 13828 13829 13949
f 13829 13950 13949
f 13829 13830 13950
f 13830 13951 13950
f 13830 13831 13951
f 13831 13952 13951
f 13831 13832 13952
f 13832 13953 13952
f 13832 13833 13953
f 13833 13954 13953
f 13833 13834 13954
f 13834 13955 13954
f 13834 13835 13955
f 13835 13956 13955
f 13835 13836 13956
f 13836 13957 13956
f 13836 13837 13957
f 13837 13958 13957
f 13837 13838 13958
f 13838 13959 13958
f 13838 13839 13959
f 13839 13960 13959
f 13839 13840 13960
f 13840 13961 13960
f 13840 13841 13961
f 13841 13962 13961
f 13841 13842 13962
f 13842 13963 13962
f 13842 13843 13963
f 13843 13964 13963
f 13843 13844 13964
f 13844 13965 13964
f 13844 13845 13965
f 13845 13966 13965
f 13845 13846 13966
f 13846 13967 13966
f 13846 13847 13967
f 13847 13968 13967
f 13847 13848 13968
f 13848 13969 13968
f 13848 13849 13969
f 13849 13970 13969
f 13849 13850 13970
f 13850 13971 13970
f 13850 13851 13971
f 13851 13972 13971
f 13851 13852 13972
f 13852 13973 13972
f 13852 13853 13973
f 13853 13974 13973
f 13853 13854 13974
f 13854 13975 13974
f 13854 13855 13975
f 13855 13976 13975
f 13855 13856 13976
f 13856 13977 13976
f 13856 13857 13977
f 13857 13978 13977
f 13857 13858 13978
f 13858 13979 13978
f 13858 13859 13979
f 13859 13980 13979
f 13859 13860 13980
f 13860 13981 13980
f 13860 13861 13981
f 13861 13982 13981
f 13861 13862 13982
f 13862 13983 13982
f 13862 13863 13983
f 13863 13984 13983
f 13863 13864 13984
f 13864 13985 13984
f 13864 13865 13985
f 13865 13986 13985
f 13865 13866 13986
f 13866 13987 13986
f 13866 13867 13987
f 13867 13988 13987
f 13867 13868 13988
f 13868 13989 13988
f 13868 13869 13989
f 13869 13990 13989
f 13869 13870 13990
f 13870 13991 13990
f 13870 13871 13991
f 13871 13992 13991
f 13871 13872 13992
f 13872 13993 13992
f 13872 13873 13993
f 13873 13994 13993
f 13873 13874 13994
f 13874 13995 13994
f 13874 13875 13995
f 13875 13996 13995
f 13875 13876 13996
f 13876 13997 13996
f 13876 13877 13997
f 13877 13998 13997
f 13877 13878 13998
f 13878 13999 13998
f 13878 13879 13999
f 13879 14000 13999
f 13879 13880 14000
f 13880 14001 14000
f 13880 13881 14001
f 13881 14002 14001
f 13881 13882 14002
f 13882 14003 14002
f 13882 13883 14003
f 13883 14004 14003
f 13883 13884 14004
f 13884 14005 14004
f 13884 13885 14005
f 13885 14006 14005
f 13885 13886 14006
f 13886 14007 14006
f 13886 13887 14007
f 13887 14008 14007
f 13887 13888 14008
f 13888 14009 14008
f 13888 13889 14009
f 13889 14010 14009
f 13889 13890 14010
f 13890 14011 14010
f 13890 13891 14011
f 13891 14012 14011
f 13891 13892 14012
f 13892 14013 14012
f 13892 13893 14013
f 13893 14014 14013
f 13893 13894 14014
f 13894 14015 14014
f 13894 13895 14015
f 13895 14016 14015
f 13895 13896 14016
f 13896 14017 14016
f 13896 13897 14017
f 13897 14018 14017
f 13897 13898 14018
f 13898 14019 14018
f 13898 13899 14019
f 13899 14020 14019
f 13899 13900 14020
f 13900 14021 14020
f 13900 13901 14021
f 13901 14022 14021
f 13901 13902 14022
f 13902 14023 14022
f 13902 13903 14023
f 13903 14024 14023
f 13903 13904 14024
f 13904 14025 14024
f 13904 13905 14025
f 13905 14026 14025
f 13905 13906 14026
f 13906 14027 14026
f 13906 13907 14027
f 13907 14028 14027
f 13907 13908 14028
f 13908 14029 14028
f 13908 13909 14029
f 13909 14030 14029
f 13909 13910 14030
f 13910 14031 14030
f 13910 13911 14031
f 13911 14032 14031
f 13911 13912 14032
f 13912 14033 14032
f 13912 13913 14033
f 13913 14034 14033
f 13913 13914 14034
f 13914 14035 14034
f 13914 13915 14035
f 13915 14036 14035
f 13916 13917 14037
f 13917 14038 14037
f 13917 13918 14038
f 13918 14039 14038
f 13918 13919 14039
f 13919 14040 14039
f 13919 13920 14040
f 13920 14041 14040
f 13920 13921 14041
f 13921 14042 14041
f 13921 13922 14042
f 13922 14043 14042
f 13922 13923 14043
f 13923 14044 14043
f 13923 13924 14044
f 13924 14045 14044
f 13924 13925 14045
f 13925 14046 14045
f 13925 13926 14046
f 13926 14047 14046
f 13926 13927 14047
f 13927 14048 14047
f 13927 13928 14048
f 13928 14049 14048
f 13928 13929 14049
f 13929 14050 14049
f 13929 13930 14050
f 13930 14051 14050
f 13930 13931 14051
f 13931 14052 14051
f 13931 13932 14052
f 13932 14053 14052
f 13932 13933 14053
f 13933 14054 14053
f 13933 13934 14054
f 13934 14055 14054
f 13934 13935 14055
f 13935 14056 14055
f 13935 13936 14056
f 13936 14057 14056
f 13936 13937 14057
f 13937 14058 14057
f 13937 13938 14058
f 13938 14059 14058
f 13938 13939 14059
f 13939 14060 14059
f 13939 13940 14060
f 13940 14061 14060
f 13940 13941 14061
f 13941 14062 14061
f 13941 13942 14062
f 13942 14063 14062
f 13942 13943 14063
f 13943 14064 14063
f 13943 13944 14064
f 13944 14065 14064
f 13944 13945 14065
f 13945 14066 14065
f 13945 13946 14066
f 13946 14067 14066
f 13946 13947 14067
f 13947 14068 14067
f 13947 13948 14068
f 13948 14069 14068
f 13948 13949 14069
f 13949 14070 14069
f 13949 13950 14070
f 13950 14071 14070
f 13950 13951 14071
f 13951 14072 14071
f 13951 13952 14072
f 13952 14073 14072
f 13952 13953 14073
f 13953 14074 14073
f 13953 13954 14074
f 13954 14075 14074
f 13954 13955 14075
f 13955 14076 14075
f 13955 13956 14076
f 13956 14077 14076
f 13956 13957 14077
f 13957 14078 14077
f 13957 13958 14078
f 13958 14079 14078
f 13958 13959 14079
f 13959 14080 14079
f 13959 13960 14080
f 13960 14081 14080
f 13960 13961 14081
f 13961 14082 14081
f 13961 13962 14082
f 13962 14083 14082
f 13962 13963 14083
f 13963 14084 14083
f 13963 13964 14084
f 13964 14085 14084
f 13964 13965 14085
f 13965 14086 14085
f 13965 13966 14086
f 13966 14087 14086
f 13966 13967 14087
f 13967 14088 14087
f 13967 13968 14088
f 13968 14089 14088
f 13968 13969 14089
f 13969 14090 14089
f 13969 13970 14090
f 13970 14091 14090
f 13970 13971 14091
f 13971 14092 14091
f 13971 13972 14092
f 13972 14093 14092
f 13972 13973 14093
f 13973 14094 14093
f 13973 13974 14094
f 13974 14095 14094
f 13974 13975 14095
f 13975 14096 14095
f 13975 13976 14096
f 13976 14097 14096
f 13976 13977 14097
f 13977 14098 14097
f 13977 13978 14098
f 13978 14099 14098
f 13978 13979 14099
f 13979 14100 14099
f 13979 13980 14100
f 13980 14101 14100
f 13980 13981 14101
f 13981 14102 14101
f 13981 13982 14102
f 13982 14103 14102
f 13982 13983 14103
f 13983 14104 14103
f 13983 13984 14104
f 13984 14105 14104
f 13984 13985 14105
f 13985 14106 14105
f 13985 13986 14106
f 13986 14107 14106
f 13986 13987 14107
f 13987 14108 14107
f 13987 13988 14108
f 13988 14109 14108
f 13988 13989 14109
f 13989 14110 14109
f 13989 13990 14110
f 13990 14111 14110
f 13990 13991 14111
f 13991 14112 14111
f 13991 13992 14112
f 13992 14113 14112
f 13992 13993 14113
f 13993 14114 14113
f 13993 13994 14114
f 13994 14115 14114
f 13994 13995 14115
f 13995 14116 14115
f 13995 13996 14116
f 13996 14117 14116
f 13996 13997 14117
f 13997 14118 14117
f 13997 13998 14118
f 13998 14119 14118
f 13998 13999 14119
f 13999 14120 14119
f 13999 14000 14120
f 14000 14121 14120
f 14000 14001 14121
f 14001 14122 14121
f 14001 14002 14122
f 14002 14123 14122
f 14002 14003 14123
f 14003 14124 14123
f 14003 14004 14124
f 14004 14125 14124
f 14004 14005 14125
f 14005 14126 14125
f 14005 14006 14126
f 14006 14127 14126
f 14006 14007 14127
f 14007 14128 14127
f 14007 14008 14128
f 14008 14129 14128
f 14008 14009 14129
f 14009 14130 14129
f 14009 14010 14130
f 14010 14131 14130
f 14010 14011 14131
f 14011 14132 14131
f 14011 14012 14132
f 14012 14133 14132
f 14012 14013 14133
f 14013 14134 14133
f 14013 14014 14134
f 14014 14135 14134
f 14014 14015 14135
f 14015 14136 14135
f 14015 14016 14136
f 14016 14137 14136
f 14016 14017 14137
f 14017 14138 14137
f 14017 14018 14138
f 14018 14139 14138
f 14018 14019 14139
f 14019 14140 14139
f 14019 14020 14140
f 14020 14141 14140
f 14020 14021 14141
f 14021 14142 14141
f 14021 14022 14142
f 14022 14143 14142
f 14022 14023 14143
f 14023 14144 14143
f 14023 14024 14144
f 14024 14145 14144
f 14024 14025 14145
f 14025 14146 14145
f 14025 14026 14146
f 14026 14147 14146
f 14026 14027 14147
f 14027 14148 14147
f 14027 14028 14148
f 14028 14149 14148
f 14028 14029 14149
f 14029 14150 14149
f 14029 14030 14150
f 14030 14151 14150
f 14030 14031 14151
f 14031 14152 14151
f 14031 14032 14152
f 14032 14153 14152
f 14032 14033 14153
f 14033 14154 14153
f 14033 14034 14154
f 14034 14155 14154
f 14034 14035 14155
f 14035 14156 14155
f 14035 14036 14156
f 14036 14157 14156
f 14037 14038 14158
f 14038 14159 14158
f 14038 14039 14159
f 14039 14160 14159
f 14039 14040 14160
f 14040 14161 14160
f 14040 14041 14161
f 14041 14162 14161
f 14041 14042 14162
f 14042 14163 14162
f 14042 14043 14163
f 14043 14164 14163
f 14043 14044 14164
f 14044 14165 14164
f 14044 14045 14165
f 14045 14166 14165
f 14045 14046 14166
f 14046 14167 14166
f 14046 14047 14167
f 14047 14168 14167
f 14047 14048 14168
f 14048 14169 14168
f 14048 14049 14169
f 14049 14170 14169
f 14049 14050 14170
f 14050 14171 14170
f 14050 14051 14171
f 14051 14172 14171
f 14051 14052 14172
f 14052 14173 14172
f 14052 14053 14173
f 14053 14174 14173
f 14053 14054 14174
f 14054 14175 14174
f 14054 14055 14175
f 14055 14176 14175
f 14055 14056 14176
f 14056 14177 14176
f 14056 14057 14177
f 14057 14178 14177
f 14057 14058 14178
f 14058 14179 14178
f 14058 14059 14179
f 14059 14180 14179
f 14059 14060 14180
f 14060 14181 14180
f 14060 14061 14181
f 14061 14182 14181
f 14061 14062 14182
f 14062 14183 14182
f 14062 14063 14183
f 14063 14184 14183
f 14063 14064 14184
f 14064 14185 14184
f 14064 14065 14185
f 14065 14186 14185
f 14065 14066 14186
f 14066 14187 14186
f 14066 14067 14187
f 14067 14188 14187
f 14067 14068 14188
f 14068 14189 14188
f 14068 14069 14189
f 14069 14190 14189
f 14069 14070 14190
f 14070 14191 14190
f 14070 14071 14191
f 14071 14192 14191
f 14071 14072 14192
f 14072 14193 14192
f 14072 14073 14193
f 14073 14194 14193
f 14073 14074 14194
f 14074 14195 14194
f 14074 14075 14195
f 14075 14196 14195
f 14075 14076 14196
f 14076 14197 14196
f 14076 14077 14197
f 14077 14198 14197
f 14077 14078 14198
f 14078 14199 14198
f 14078 14079 14199
f 14079 14200 14199
f 14079 14080 14200
f 14080 14201 14200
f 14080 14081 14201
f 14081 14202 14201
f 14081 14082 14202
f 14082 14203 14202
f 14082 14083 14203
f 14083 14204 14203
f 14083 14084 14204
f 14084 14205 14204
f 14084 14085 14205
f 14085 14206 14205
f 14085 14086 14206
f 14086 14207 14206
f 14086 14087 14207
f 14087 14208 14207
f 14087 14088 14208
f 14088 14209 14208
f 14088 14089 14209
f 14089 14210 14209
f 14089 14090 14210
f 14090 14211 14210
f 14090 14091 14211
f 14091 14212 14211
f 14091 14092 14212
f 14092 14213 14212
f 14092 14093 14213
f 14093 14214 14213
f 14093 14094 14214
f 14094 14215 14214
f 14094 14095 14215
f 14095 14216 14215
f 14095 14096 14216
f 14096 14217 14216
f 14096 14097 14217
f 14097 14218 14217
f 14097 14098 14218
f 14098 14219 14218
f 14098 14099 14219
f 14099 14220 14219
f 14099 14100 14220
f 14100 14221 14220
f 14100 14101 14221
f 14101 14222 14221
f 14101 14102 14222
f 14102 14223 14222
f 14102 14103 14223
f 14103 14224 14223
f 14103 14104 14224
f 14104 14225 14224
f 14104 14105 14225
f 14105 14226 14225
f 14105 14106 14226
f 14106 14227 14226
f 14106 14107 14227
f 14107 14228 14227
f 14107 14108 14228
f 14108 14229 14228
f 14108 14109 14229
f 14109 14230 14229
f 14109 14110 14230
f 14110 14231 14230
f 14110 14111 14231
f 14111 14232 14231
f 14111 14112 14232
f 14112 14233 14232
f 14112 14113 14233
f 14113 14234 14233
f 14113 14114 14234
f 14114 14235 14234
f 14114 14115 14235
f 14115 14236 14235
f 14115 14116 14236
f 14116 14237 14236
f 14116 14117 14237
f 14117 14238 14237
f 14117 14118 14238
f 14118 14239 14238
f 14118 14119 14239
f 14119 14240 14239
f 14119 14120 14240
f 14120 14241 14240
f 14120 14121 14241
f 14121 14242 14241
f 14121 14122 14242
f 14122 14243 14242
f 14122 14123 14243
f 14123 14244 14243
f 14123 14124 14244
f 14124 14245 14244
f 14124 14125 14245
f 14125 14246 14245
f 14125 14126 14246
f 14126 14247 14246
f 14126 14127 14247
f 14127 14248 14247
f 14127 14128 14248
f 14128 14249 14248
f 14128 14129 14249
f 14129 14250 14249
f 14129 14130 14250
f 14130 14251 14250
f 14130 14131 14251
f 14131 14252 14251
f 14131 14132 14252
f 14132 14253 14252
f 14132 14133 14253
f 14133 14254 14253
f 14133 14134 14254
f 14134 14255 14254
f 14134 14135 14255
f 14135 14256 14255
f 14135 14136 14256
f 14136 14257 14256
f 14136 14137 14257
f 14137 14258 14257
f 14137 14138 14258
f 14138 14259 14258
f 14138 14139 14259
f 14139 14260 14259
f 14139 14140 14260
f 14140 14261 14260
f 14140 14141 14261
f 14141 14262 14261
f 14141 14142 14262
f 14142 14263 14262
f 14142 14143 14263
f 14143 14264 14263
f 14143 14144 14264
f 14144 14265 14264
f 14144 14145 14265
f 14145 14266 14265
f 14145 14146 14266
f 14146 14267 14266
f 14146 14147 14267
f 14147 14268 14267
f 14147 14148 14268
f 14148 14269 14268
f 14148 14149 14269
f 14149 14270 14269
f 14149 14150 14270
f 14150 14271 14270
f 14150 14151 14271
f 14151 14272 14271
f 14151 14152 14272
f 14152 14273 14272
f 14152 14153 14273
f 14153 14274 14273
f 14153 14154 14274
f 14154 14275 14274
f 14154 14155 14275
f 14155 14276 14275
f 14155 14156 14276
f 14156 14277 14276
f 14156 14157 14277
f 14157 14278 14277
f 14158 14159 14279
f 14159 14280 14279
f 14159 14160 14280
f 14160 14281 14280
f 14160 14161 14281
f 14161 14282 14281
f 14161 14162 14282
f 14162 14283 14282
f 14162 14163 14283
f 14163 14284 14283
f 14163 14164 14284
f 14164 14285 14284
f 14164 14165 14285
f 14165 14286 14285
f 14165 14166 14286
f 14166 14287 14286
f 14166 14167 14287
f 14167 14288 14287
f 14167 14168 14288
f 14168 14289 14288
f 14168 14169 14289
f 14169 14290 14289
f 14169 14170 14290
f 14170 14291 14290
f 14170 14171 14291
f 14171 14292 14291
f 14171 14172 14292
f 14172 14293 14292
f 14172 14173 14293
f 14173 14294 14293
f 14173 14174 14294
f 14174 14295 14294
f 14174 14175 14295
f 14175 14296 14295
f 14175 14176 14296
f 14176 14297 14296
f 14176 14177 14297
f 14177 14298 14297
f 14177 14178 14298
f 14178 14299 14298
f 14178 14179 14299
f 14179 14300 14299
f 14179 14180 14300
f 14180 14301 14300
f 14180 14181 14301
f 14181 14302 14301
f 14181 14182 14302
f 14182 14303 14302
f 14182 14183 14303
f 14183 14304 14303
f 14183 14184 14304
f 14184 14305 14304
f 14184 14185 14305
f 14185 14306 14305
f 14185 14186 14306
f 14186 14307 14306
f 14186 14187 14307
f 14187 14308 14307
f 14187 14188 14308
f 14188 14309 14308
f 14188 14189 14309
f 14189 14310 14309
f 14189 14190 14310
f 14190 14311 14310
f 14190 14191 14311
f 14191 14312 14311
f 14191 14192 14312
f 14192 14313 14312
f 14192 14193 14313
f 14193 14314 14313
f 14193 14194 14314
f 14194 14315 14314
f 14194 14195 14315
f 14195 14316 14315
f 14195 14196 14316
f 14196 14317 14316
f 14196 14197 14317
f 14197 14318 14317
f 14197 14198 14318
f 14198 14319 14318
f 14198 14199 14319
f 14199 14320 14319
f 14199 14200 14320
f 14200 14321 14320
f 14200 14201 14321
f 14201 14322 14321
f 14201 14202 14322
f 14202 14323 14322
f 14202 14203 14323
f 14203 14324 14323
f 14203 14204 14324
f 14204 14325 14324
f 14204 14205 14325
f 14205 14326 14325
f 14205 14206 14326
f 14206 14327 14326
f 14206 14207 14327
f 14207 14328 14327
f 14207 14208 14328
f 14208 14329 14328
f 14208 14209 14329
f 14209 14330 14329
f 14209 14210 14330
f 14210 14331 14330
f 14210 14211 14331
f 14211 14332 14331
f 14211 14212 14332
f 14212 14333 14332
f 14212 14213 14333
f 14213 14334 14333
f 14213 14214 14334
f 14214 14335 14334
f 14214 14215 14335
f 14215 14336 14335
f 14215 14216 14336
f 14216 14337 14336
f 14216 14217 14337
f 14217 14338 14337
f 14217 14218 14338
f 14218 14339 14338
f 14218 14219 14339
f 14219 14340 14339
f 14219 14220 14340
f 14220 14341 14340
f 14220 14221 14341
f 14221 14342 14341
f 14221 14222 14342
f 14222 14343 14342
f 14222 14223 14343
f 14223 14344 14343
f 14223 14224 14344
f 14224 14345 14344
f 14224 14225 14345
f 14225 14346 14345
f 14225 14226 14346
f 14226 14347 14346
f 14226 14227 14347
f 14227 14348 14347
f 14227 14228 14348
f 14228 14349 14348
f 14228 14229 14349
f 14229 14350 14349
f 14229 14230 14350
f 14230 14351 14350
f 14230 14231 14351
f 14231 14352 14351
f 14231 14232 14352
f 14232 14353 14352
f 14232 14233 14353
f 14233 14354 14353
f 14233 14234 14354
f 14234 14355 14354
f 14234 14235 14355
f 14235 14356 14355
f 14235 14236 14356
f 14236 14357 14356
f 14236 14237 14357
f 14237 14358 14357
f 14237 14238 14358
f 14238 14359 14358
f 14238 14239 14359
f 14239 14360 14359
f 14239 14240 14360
f 14240 14361 14360
f 14240 14241 14361
f 14241 14362 14361
f 14241 14242 14362
f 14242 14363 14362
f 14242 14243 14363
f 14243 14364 14363
f 14243 14244 14364
f 14244 14365 14364
f 14244 14245 14365
f 14245 14366 14365
f 14245 14246 14366
f 14246 14367 14366
f 14246 14247 14367
f 14247 14368 14367
f 14247 14248 14368
f 14248 14369 14368
f 14248 14249 14369
f 14249 14370 14369
f 14249 14250 14370
f 14250 14371 14370
f 14250 14251 14371
f 14251 14372 14371
f 14251 14252 14372
f 14252 14373 14372
f 14252 14253 14373
f 14253 14374 14373
f 14253 14254 14374
f 14254 14375 14374
f 14254 14255 14375
f 14255 14376 14375
f 14255 14256 14376
f 14256 14377 14376
f 14256 14257 14377
f 14257 14378 14377
f 14257 14258 14378
f 14258 14379 14378
f 14258 14259 14379
f 14259 14380 14379
f 14259 14260 14380
f 14260 14381 14380
f 14260 14261 14381
f 14261 14382 14381
f 14261 14262 14382
f 14262 14383 14382
f 14262 14263 14383
f 14263 14384 14383
f 14263 14264 14384
f 14264 14385 14384
f 14264 14265 14385
f 14265 14386 14385
f 14265 14266 14386
f 14266 14387 14386
f 14266 14267 14387
f 14267 14388 14387
f 14267 14268 14388
f 14268 14389 14388
f 14268 14269 14389
f 14269 14390 14389
f 14269 14270 14390
f 14270 14391 14390
f 14270 14271 14391
f 14271 14392 14391
f 14271 14272 14392
f 14272 14393 14392
f 14272 14273 14393
f 14273 14394 14393
f 14273 14274 14394
f 14274 14395 14394
f 14274 14275 14395
f 14275 14396 14395
f 14275 14276 14396
f 14276 14397 14396
f 14276 14277 14397
f 14277 14398 14397
f 14277 14278 14398
f 14278 14399 14398
f 14279 14280 14400
f 14280 14401 14400
f 14280 14281 14401
f 14281 14402 14401
f 14281 14282 14402
f 14282 14403 14402
f 14282 14283 14403
f 14283 14404 14403
f 14283 14284 14404
f 14284 14405 14404
f 14284 14285 14405
f 14285 14406 14405
f 14285 14286 14406
f 14286 14407 14406
f 14286 14287 14407
f 14287 14408 14407
f 14287 14288 14408
f 14288 14409 14408
f 14288 14289 14409
f 14289 14410 14409
f 14289 14290 14410
f 14290 14411 14410
f 14290 14291 14411
f 14291 14412 14411
f 14291 14292 14412
f 14292 14413 14412
f 14292 14293 14413
f 14293 14414 14413
f 14293 14294 14414
f 14294 14415 14414
f 14294 14295 14415
f 14295 14416 14415
f 14295 14296 14416
f 14296 14417 14416
f 14296 14297 14417
f 14297 14418 14417
f 14297 14298 14418
f 14298 14419 14418
f 14298 14299 14419
f 14299 14420 14419
f 14299 14300 14420
f 14300 14421 14420
f 14300 14301 14421
f 14301 14422 14421
f 14301 14302 14422
f 14302 14423 14422
f 14302 14303 14423
f 14303 14424 14423
f 14303 14304 14424
f 14304 14425 14424
f 14304 14305 14425
f 14305 14426 14425
f 14305 14306 14426
f 14306 14427 14426
f 14306 14307 14427
f 14307 14428 14427
f 14307 14308 14428
f 14308 14429 14428
f 14308 14309 14429
f 14309 14430 14429
f 14309 14310 14430
f 14310 14431 14430
f 14310 14311 14431
f 14311 14432 14431
f 14311 14312 14432
f 14312 14433 14432
f 14312 14313 14433
f 14313 14434 14433
f 14313 14314 14434
f 14314 14435 14434
f 14314 14315 14435
f 14315 14436 14435
f 14315 14316 14436
f 14316 14437 14436
f 14316 14317 14437
f 14317 14438 14437
f 14317 14318 14438
f 14318 14439 14438
f 14318 14319 14439
f 14319 14440 14439
f 14319 14320 14440
f 14320 14441 14440
f 14320 14321 14441
f 14321 14442 14441
f 14321 14322 14442
f 14322 14443 14442
f 14322 14323 14443
f 14323 14444 14443
f 14323 14324 14444
f 14324 14445 14444
f 14324 14325 14445
f 14325 14446 14445
f 14325 14326 14446
f 14326 14447 14446
f 14326 14327 14447
f 14327 14448 14447
f 14327 14328 14448
f 14328 14449 14448
f 14328 14329 14449
f 14329 14450 14449
f 14329 14330 14450
f 14330 14451 14450
f 14330 14331 14451
f 14331 14452 14451
f 14331 14332 14452
f 14332 14453 14452
f 14332 14333 14453
f 14333 14454 14453
f 14333 14334 14454
f 14334 14455 14454
f 14334 14335 14455
f 14335 14456 14455
f 14335 14336 14456
f 14336 14457 14456
f 14336 14337 14457
f 14337 14458 14457
f 14337 14338 14458
f 14338 14459 14458
f 14338 14339 14459
f 14339 14460 14459
f 14339 14340 14460
f 14340 14461 14460
f 14340 14341 14461
f 14341 14462 14461
f 14341 14342 14462
f 14342 14463 14462
f 14342 14343 14463
f 14343 14464 14463
f 14343 14344 14464
f 14344 14465 14464
f 14344 14345 14465
f 14345 14466 14465
f 14345 14346 14466
f 14346 14467 14466
f 14346 14347 14467
f 14347 14468 14467
f 14347 14348 14468
f 14348 14469 14468
f 14348 14349 14469
f 14349 14470 14469
f 14349 14350 14470
f 14350 14471 14470
f 14350 14351 14471
f 14351 14472 14471
f 14351 14352 14472
f 14352 14473 14472
f 14352 14353 14473
f 14353 14474 14473
f 14353 14354 14474
f 14354 14475 14474
f 14354 14355 14475
f 14355 14476 14475
f 14355 14356 14476
f 14356 14477 14476
f 14356 14357 14477
f 14357 14478 14477
f 14357 14358 14478
f 14358 14479 14478
f 14358 14359 14479
f 14359 14480 14479
f 14359 14360 14480
f 14360 14481 14480
f 14360 14361 14481
f 14361 14482 14481
f 14361 14362 14482
f 14362 14483 14482
f 14362 14363 14483
f 14363 14484 14483
f 14363 14364 14484
f 14364 14485 14484
f 14364 14365 14485
f 14365 14486 14485
f 14365 14366 14486
f 14366 14487 14486
f 14366 14367 14487
f 14367 14488 14487
f 14367 14368 14488
f 14368 14489 14488
f 14368 14369 14489
f 14369 14490 14489
f 14369 14370 14490
f 14370 14491 14490
f 14370 14371 14491
f 14371 14492 14491
f 14371 14372 14492
f 14372 14493 14492
f 14372 14373 14493
f 14373 14494 14493
f 14373 14374 14494
f 14374 14495 14494
f 14374 14375 14495
f 14375 14496 14495
f 14375 14376 14496
f 14376 14497 14496
f 14376 14377 14497
f 14377 14498 14497
f 14377 14378 14498
f 14378 14499 14498
f 14378 14379 14499
f 14379 14500 14499
f 14379 14380 14500
f 14380 14501 14500
f 14380 14381 14501
f 14381 14502 14501
f 14381 14382 14502
f 14382 14503 14502
f 14382 14383 14503
f 14383 14504 14503
f 14383 14384 14504
f 14384 14505 14504
f 14384 14385 14505
f 14385 14506 14505
f 14385 14386 14506
f 14386 14507 14506
f 14386 14387 14507
f 14387 14508 14507
f 14387 14388 14508
f 14388 14509 14508
f 14388 14389 14509
f 14389 14510 14509
f 14389 14390 14510
f 14390 14511 14510
f 14390 14391 14511
f 14391 14512 14511
f 14391 14392 14512
f 14392 14513 14512
f 14392 14393 14513
f 14393 14514 14513
f 14393 14394 14514
f 14394 14515 14514
f 14394 14395 14515
f 14395 14516 14515
f 14395 14396 14516
f 14396 14517 14516
f 14396 14397 14517
f 14397 14518 14517
f 14397 14398 14518
f 14398 14519 14518
f 14398 14399 14519
f 14399 14520 14519
f 14400 14401 14521
f 14401 14522 14521
f 14401 14402 14522
f 14402 14523 14522
f 14402 14403 14523
f 14403 14524 14523
f 14403 14404 14524
f 14404 14525 14524
f 14404 14405 14525
f 14405 14526 14525
f 14405 14406 14526
f 14406 14527 14526
f 14406 14407 14527
f 14407 14528 14527
f 14407 14408 14528
f 14408 14529 14528
f 14408 14409 14529
f 14409 14530 14529
f 14409 14410 14530
f 14410 14531 14530
f 14410 14411 14531
f 14411 14532 14531
f 14411 14412 14532
f 14412 14533 14532
f 14412 14413 14533
f 14413 14534 14533
f 14413 14414 14534
f 14414 14535 14534
f 14414 14415 14535
f 14415 14536 14535
f 14415 14416 14536
f 14416 14537 14536
f 14416 14417 14537
f 14417 14538 14537
f 14417 14418 14538
f 14418 14539 14538
f 14418 14419 14539
f 14419 14540 14539
f 14419 14420 14540
f 14420 14541 14540
f 14420 14421 14541
f 14421 14542 14541
f 14421 14422 14542
f 14422 14543 14542
f 14422 14423 14543
f 14423 14544 14543
f 14423 14424 14544
f 14424 14545 14544
f 14424 14425 14545
f 14425 14546 14545
f 14425 14426 14546
f 14426 14547 14546
f 14426 14427 14547
f 14427 14548 14547
f 14427 14428 14548
f 14428 14549 14548
f 14428 14429 14549
f 14429 14550 14549
f 14429 14430 14550
f 14430 14551 14550
f 14430 14431 14551
f 14431 14552 14551
f 14431 14432 14552
f 14432 14553 14552
f 14432 14433 14553
f 14433 14554 14553
f 14433 14434 14554
f 14434 14555 14554
f 14434 14435 14555
f 14435 14556 14555
f 14435 14436 14556
f 14436 14557 14556
f 14436 14437 14557
f 14437 14558 14557
f 14437 14438 14558
f 14438 14559 14558
f 14438 14439 14559
f 14439 14560 14559
f 14439 14440 14560
f 14440 14561 14560
f 14440 14441 14561
f 14441 14562 14561
f 14441 14442 14562
f 14442 14563 14562
f 14442 14443 14563
f 14443 14564 14563
f 14443 14444 14564
f 14444 14565 14564
f 14444 14445 14565
f 14445 14566 14565
f 14445 14446 14566
f 14446 14567 14566
f 14446 14447 14567
f 14447 14568 14567
f 14447 14448 14568
f 14448 14569 14568
f 14448 14449 14569
f 14449 14570 14569
f 14449 14450 14570
f 14450 14571 14570
f 14450 14451 14571
f 14451 14572 14571
f 14451 14452 14572
f 14452 14573 14572
f 14452 14453 14573
f 14453 14574 14573
f 14453 14454 14574
f 14454 14575 14574
f 14454 14455 14575
f 14455 14576 14575
f 14455 14456 14576
f 14456 14577 14576
f 14456 14457 14577
f 14457 14578 14577
f 14457 14458 14578
f 14458 14579 14578
f 14458 14459 14579
f 14459 14580 14579
f 14459 14460 14580
f 14460 14581 14580
f 14460 14461 14581
f 14461 14582 14581
f 14461 14462 14582
f 14462 14583 14582
f 14462 14463 14583
f 14463 14584 14583
f 14463 14464 14584
f 14464 14585 14584
f 14464 14465 14585
f 14465 14586 14585
f 14465 14466 14586
f 14466 14587 14586
f 14466 14467 14587
f 14467 14588 14587
f 14467 14468 14588
f 14468 14589 14588
f 14468 14469 14589
f 14469 14590 14589
f 14469 14470 14590
f 14470 14591 14590
f 14470 14471 14591
f 14471 14592 14591
f 14471 14472 14592
f 14472 14593 14592
f 14472 14473 14593
f 14473 14594 14593
f 14473 14474 14594
f 14474 14595 14594
f 14474 14475 14595
f 14475 14596 14595
f 14475 14476 14596
f 14476 14597 14596
f 14476 14477 14597
f 14477 14598 14597
f 14477 14478 14598
f 14478 14599 14598
f 14478 14479 14599
f 14479 14600 14599
f 14479 14480 14600
f 14480 14601 14600
f 14480 14481 14601
f 14481 14602 14601
f 14481 14482 14602
f 14482 14603 14602
f 14482 14483 14603
f 14483 14604 14603
f 14483 14484 14604
f 14484 14605 14604
f 14484 14485 14605
f 14485 14606 14605
f 14485 14486 14606
f 14486 14607 14606
f 14486 14487 14607
f 14487 14608 14607
f 14487 14488 14608
f 14488 14609 14608
f 14488 14489 14609
f 14489 14610 14609
f 14489 14490 14610
f 14490 14611 14610
f 14490 14491 14611
f 14491 14612 14611
f 14491 14492 14612
f 14492 14613 14612
f 14492 14493 14613
f 14493 14614 14613
f 14493 14494 14614
f 14494 14615 14614
f 14494 14495 14615
f 14495 14616 14615
f 14495 14496 14616
f 14496 14617 14616
f 14496 14497 14617
f 14497 14618 14617
f 14497 14498 14618
f 14498 14619 14618
f 14498 14499 14619
f 14499 14620 14619
f 14499 14500 14620
f 14500 14621 14620
f 14500 14501 14621
f 14501 14622 14621
f 14501 14502 14622
f 14502 14623 14622
f 14502 14503 14623
f 14503 14624 14623
f 14503 14504 14624
f 14504 14625 14624
f 14504 14505 14625
f 14505 14626 14625
f 14505 14506 14626
f 14506 14627 14626
f 14506 14507 14627
f 14507 14628 14627
f 14507 14508 14628
f 14508 14629 14628
f 14508 14509 14629
f 14509 14630 14629
f 14509 14510 14630
f 14510 14631 14630
f 14510 14511 14631
f 14511 14632 14631
f 14511 14512 14632
f 14512 14633 14632
f 14512 14513 14633
f 14513 14634 14633
f 14513 14514 14634
f 14514 14635 14634
f 14514 14515 14635
f 14515 14636 14635
f 14515 14516 14636
f 14516 14637 14636
f 14516 14517 14637
f 14517 14638 14637
f 14517 14518 14638
f 14518 14639 14638
f 14518 14519 14639
f 14519 14640 14639
f 14519 14520 14640
f 14520 14641 14640
